customer_id,customer_name,gender,age,city,state,country,signup_date
10001,Kavya Sharma,Male,34,Delhi,Delhi,India,2024-01-12
10002,Rahul Malhotra,Male,28,Chandigarh,Chandigarh,India,2023-10-27
10003,Priya Verma,Female,42,Jaipur,Rajasthan,India,2022-04-16
10004,Karan Gupta,Male,49,Pune,Maharashtra,India,2022-06-23
10005,Priya Joshi,Female,30,Pune,Maharashtra,India,2024-05-19
10006,Ananya Kapoor,Male,54,Lucknow,Uttar Pradesh,India,2024-04-10
10007,Arjun Chopra,Male,48,Delhi,Delhi,India,2024-03-21
10008,Isha Mehta,Female,25,Ahmedabad,Gujarat,India,2022-08-17
10009,Karan Bansal,Female,63,Bengaluru,Karnataka,India,2024-01-15
10010,Riya Malhotra,Male,20,Delhi,Delhi,India,2022-03-30
10011,Ishaan Joshi,Female,49,Kolkata,West Bengal,India,2022-07-30
10012,Meera Khan,Male,39,Kochi,Kerala,India,2023-12-30
10013,Vivaan Patel,Male,49,Ahmedabad,Gujarat,India,2024-06-19
10014,Isha Reddy,Male,55,Chandigarh,Chandigarh,India,2024-08-14
10015,Aanya Kapoor,Female,50,Ahmedabad,Gujarat,India,2025-12-04
10016,Diya Gupta,Male,49,Chandigarh,Chandigarh,India,2025-06-01
10017,Vivaan Bansal,Male,58,Kolkata,West Bengal,India,2023-07-09
10018,Neha Sethi,Female,51,Delhi,Delhi,India,2025-02-16
10019,Diya Sharma,Female,57,Lucknow,Uttar Pradesh,India,2022-05-20
10020,Neha Malhotra,Female,37,Pune,Maharashtra,India,2025-06-05
10021,Rohan Chopra,Female,27,Kolkata,West Bengal,India,2023-07-19
10022,Riya Agarwal,Male,29,Chennai,Tamil Nadu,India,2025-01-14
10023,Rohan Reddy,Female,47,Bengaluru,Karnataka,India,2025-11-18
10024,Ananya Patel,Male,43,Kochi,Kerala,India,2024-10-23
10025,Priya Joshi,Female,21,Chandigarh,Chandigarh,India,2025-09-05
10026,Arjun Mehta,Female,27,Jaipur,Rajasthan,India,2022-01-15
10027,Rahul Reddy,Female,64,Chennai,Tamil Nadu,India,2022-09-07
10028,Riya Kapoor,Male,52,Chandigarh,Chandigarh,India,2024-07-03
10029,Riya Agarwal,Male,54,Kolkata,West Bengal,India,2024-02-29
10030,Rahul Malhotra,Female,27,Pune,Maharashtra,India,2022-06-25
10031,Kavya Khan,Male,21,Pune,Maharashtra,India,2024-11-14
10032,Aditya Bansal,Female,31,Bengaluru,Karnataka,India,2022-03-27
10033,Diya Patel,Female,59,Delhi,Delhi,India,2025-12-17
10034,Riya Chopra,Female,42,Kolkata,West Bengal,India,2022-08-17
10035,Ishaan Malhotra,Other,55,Lucknow,Uttar Pradesh,India,2023-10-13
10036,Arjun Joshi,Male,41,Mumbai,Maharashtra,India,2025-04-17
10037,Karan Kapoor,Male,41,Lucknow,Uttar Pradesh,India,2024-01-21
10038,Meera Malhotra,Female,46,Chandigarh,Chandigarh,India,2024-12-22
10039,Ananya Malhotra,Female,64,Hyderabad,Telangana,India,2024-10-24
10040,Rohan Verma,Male,38,Jaipur,Rajasthan,India,2025-10-17
10041,Nisha Verma,Female,46,Delhi,Delhi,India,2023-11-09
10042,Ishaan Bansal,Male,62,Chandigarh,Chandigarh,India,2025-11-30
10043,Aditya Joshi,Male,35,Ahmedabad,Gujarat,India,2024-01-25
10044,Riya Joshi,Female,58,Chennai,Tamil Nadu,India,2025-07-28
10045,Ishaan Sharma,Male,43,Mumbai,Maharashtra,India,2024-12-05
10046,Kavya Mehta,Other,60,Kochi,Kerala,India,2022-07-14
10047,Nisha Gupta,Female,40,Pune,Maharashtra,India,2024-07-28
10048,Arjun Agarwal,Male,48,Lucknow,Uttar Pradesh,India,2025-07-06
10049,Sara Sethi,Male,33,Ahmedabad,Gujarat,India,2022-07-07
10050,Priya Singh,Female,48,Chandigarh,Chandigarh,India,2025-05-09
10051,Sara Bansal,Male,33,Chandigarh,Chandigarh,India,2022-06-03
10052,Arjun Verma,Female,47,Bengaluru,Karnataka,India,2025-06-25
10053,Kavya Mehta,Male,55,Chennai,Tamil Nadu,India,2025-02-25
10054,Priya Gupta,Male,38,Pune,Maharashtra,India,2022-08-10
10055,Rohan Mehta,Male,38,Pune,Maharashtra,India,2024-11-26
10056,Rohan Bansal,Male,33,Mumbai,Maharashtra,India,2022-06-20
10057,Sara Chopra,Male,53,Kolkata,West Bengal,India,2024-04-09
10058,Riya Singh,Female,46,Delhi,Delhi,India,2025-09-10
10059,Neha Khan,Female,42,Ahmedabad,Gujarat,India,2022-10-28
10060,Aanya Bansal,Female,19,Ahmedabad,Gujarat,India,2022-09-11
10061,Priya Reddy,Male,23,Kochi,Kerala,India,2023-09-10
10062,Diya Joshi,Female,18,Ahmedabad,Gujarat,India,2023-06-23
10063,Riya Singh,Female,58,Chennai,Tamil Nadu,India,2022-03-12
10064,Ishaan Joshi,Male,58,Kochi,Kerala,India,2023-10-28
10065,Vivaan Mehta,Female,21,Chennai,Tamil Nadu,India,2023-01-14
10066,Riya Reddy,Female,20,Hyderabad,Telangana,India,2022-07-01
10067,Aanya Kapoor,Female,55,Lucknow,Uttar Pradesh,India,2023-02-08
10068,Karan Bansal,Female,43,Chennai,Tamil Nadu,India,2022-01-31
10069,Aanya Sharma,Male,32,Mumbai,Maharashtra,India,2025-08-28
10070,Aanya Malhotra,Female,47,Pune,Maharashtra,India,2025-12-22
10071,Riya Chopra,Female,29,Chandigarh,Chandigarh,India,2023-06-21
10072,Neha Joshi,Male,27,Bengaluru,Karnataka,India,2025-07-03
10073,Rahul Malhotra,Male,35,Pune,Maharashtra,India,2023-11-05
10074,Arjun Reddy,Male,60,Delhi,Delhi,India,2025-08-25
10075,Nisha Sethi,Male,54,Ahmedabad,Gujarat,India,2022-09-10
10076,Ishaan Mehta,Male,27,Pune,Maharashtra,India,2023-02-20
10077,Kavya Khan,Female,44,Hyderabad,Telangana,India,2024-12-16
10078,Riya Patel,Male,60,Bengaluru,Karnataka,India,2022-11-18
10079,Karan Joshi,Male,63,Kolkata,West Bengal,India,2025-04-17
10080,Nisha Kapoor,Female,54,Ahmedabad,Gujarat,India,2023-09-14
10081,Nisha Singh,Female,24,Kochi,Kerala,India,2023-08-13
10082,Karan Chopra,Female,29,Pune,Maharashtra,India,2023-10-24
10083,Neha Chopra,Male,28,Delhi,Delhi,India,2025-03-10
10084,Ishaan Sethi,Male,25,Chandigarh,Chandigarh,India,2022-01-09
10085,Sara Reddy,Male,26,Jaipur,Rajasthan,India,2025-01-01
10086,Aarav Agarwal,Female,33,Ahmedabad,Gujarat,India,2025-02-11
10087,Neha Agarwal,Female,44,Delhi,Delhi,India,2025-04-13
10088,Kabir Agarwal,Female,37,Hyderabad,Telangana,India,2025-12-26
10089,Aditya Patel,Male,38,Chandigarh,Chandigarh,India,2025-02-16
10090,Isha Malhotra,Male,29,Chandigarh,Chandigarh,India,2024-02-11
10091,Meera Singh,Male,25,Pune,Maharashtra,India,2023-11-12
10092,Isha Joshi,Male,65,Chandigarh,Chandigarh,India,2023-07-21
10093,Isha Mehta,Male,46,Lucknow,Uttar Pradesh,India,2025-04-22
10094,Ishaan Singh,Male,29,Chennai,Tamil Nadu,India,2023-07-28
10095,Ananya Khan,Female,56,Lucknow,Uttar Pradesh,India,2024-04-16
10096,Rahul Malhotra,Female,57,Hyderabad,Telangana,India,2022-05-21
10097,Rohan Singh,Female,64,Bengaluru,Karnataka,India,2023-04-09
10098,Meera Sethi,Female,25,Ahmedabad,Gujarat,India,2023-01-24
10099,Rohan Sethi,Female,48,Jaipur,Rajasthan,India,2023-09-28
10100,Diya Gupta,Female,65,Delhi,Delhi,India,2024-01-04
10101,Rahul Sharma,Male,56,Chandigarh,Chandigarh,India,2024-11-12
10102,Aarav Kapoor,Female,28,Bengaluru,Karnataka,India,2023-09-23
10103,Ananya Agarwal,Male,60,Chandigarh,Chandigarh,India,2022-08-08
10104,Aditya Sethi,Male,38,Mumbai,Maharashtra,India,2024-03-06
10105,Kabir Gupta,Male,41,Chandigarh,Chandigarh,India,2022-03-21
10106,Meera Agarwal,Male,44,Chandigarh,Chandigarh,India,2025-05-24
10107,Isha Verma,Female,55,Chandigarh,Chandigarh,India,2025-01-30
10108,Aditya Kapoor,Male,23,Jaipur,Rajasthan,India,2022-11-25
10109,Ananya Reddy,Female,43,Pune,Maharashtra,India,2023-01-20
10110,Rohan Gupta,Male,57,Ahmedabad,Gujarat,India,2022-02-10
10111,Sara Gupta,Female,44,Hyderabad,Telangana,India,2023-06-17
10112,Aarav Malhotra,Female,31,Chandigarh,Chandigarh,India,2022-02-25
10113,Karan Joshi,Male,20,Kolkata,West Bengal,India,2025-09-29
10114,Kavya Chopra,Male,44,Pune,Maharashtra,India,2022-07-15
10115,Rohan Reddy,Female,51,Kolkata,West Bengal,India,2024-08-20
10116,Isha Verma,Male,44,Kolkata,West Bengal,India,2024-04-12
10117,Sara Gupta,Female,65,Mumbai,Maharashtra,India,2022-12-12
10118,Diya Agarwal,Male,46,Delhi,Delhi,India,2025-03-25
10119,Kabir Mehta,Female,42,Bengaluru,Karnataka,India,2022-06-08
10120,Ananya Chopra,Female,20,Delhi,Delhi,India,2025-07-18
10121,Kabir Joshi,Female,44,Pune,Maharashtra,India,2024-12-16
10122,Ananya Verma,Female,26,Ahmedabad,Gujarat,India,2024-07-16
10123,Riya Sethi,Female,52,Jaipur,Rajasthan,India,2025-07-08
10124,Diya Gupta,Female,25,Pune,Maharashtra,India,2023-08-12
10125,Arjun Malhotra,Female,61,Lucknow,Uttar Pradesh,India,2023-02-16
10126,Aanya Khan,Female,32,Kolkata,West Bengal,India,2022-08-14
10127,Kabir Patel,Male,38,Mumbai,Maharashtra,India,2025-09-11
10128,Rohan Bansal,Female,24,Chandigarh,Chandigarh,India,2023-08-10
10129,Priya Joshi,Male,28,Kolkata,West Bengal,India,2025-04-25
10130,Aarav Reddy,Male,62,Jaipur,Rajasthan,India,2023-05-01
10131,Aarav Reddy,Female,31,Kolkata,West Bengal,India,2025-10-26
10132,Aarav Patel,Male,42,Kolkata,West Bengal,India,2025-06-24
10133,Aditya Verma,Female,65,Delhi,Delhi,India,2023-03-26
10134,Meera Bansal,Female,47,Kolkata,West Bengal,India,2023-12-12
10135,Aditya Reddy,Male,19,Chandigarh,Chandigarh,India,2025-03-05
10136,Ishaan Mehta,Male,35,Hyderabad,Telangana,India,2022-11-27
10137,Rohan Malhotra,Male,36,Jaipur,Rajasthan,India,2022-02-04
10138,Arjun Malhotra,Female,31,Mumbai,Maharashtra,India,2023-02-26
10139,Kabir Sharma,Male,29,Chennai,Tamil Nadu,India,2024-05-12
10140,Rahul Bansal,Female,42,Pune,Maharashtra,India,2022-07-19
10141,Priya Kapoor,Female,36,Kochi,Kerala,India,2023-05-02
10142,Ishaan Agarwal,Female,32,Bengaluru,Karnataka,India,2025-09-03
10143,Meera Sethi,Other,37,Hyderabad,Telangana,India,2022-04-20
10144,Sara Sethi,Female,34,Chennai,Tamil Nadu,India,2022-03-15
10145,Sara Malhotra,Male,28,Kochi,Kerala,India,2023-09-11
10146,Rahul Mehta,Male,39,Lucknow,Uttar Pradesh,India,2022-01-19
10147,Kabir Agarwal,Male,63,Mumbai,Maharashtra,India,2022-02-10
10148,Riya Sethi,Male,42,Bengaluru,Karnataka,India,2022-09-25
10149,Arjun Patel,Male,46,Chandigarh,Chandigarh,India,2022-05-30
10150,Kabir Chopra,Female,65,Mumbai,Maharashtra,India,2025-03-29
10151,Rohan Gupta,Female,47,Lucknow,Uttar Pradesh,India,2022-06-29
10152,Diya Chopra,Male,28,Hyderabad,Telangana,India,2024-02-04
10153,Sara Verma,Female,37,Kochi,Kerala,India,2024-10-26
10154,Ishaan Gupta,Female,41,Hyderabad,Telangana,India,2024-07-02
10155,Ishaan Khan,Female,40,Pune,Maharashtra,India,2024-08-12
10156,Rohan Verma,Female,25,Jaipur,Rajasthan,India,2023-06-07
10157,Aanya Sharma,Female,23,Delhi,Delhi,India,2025-07-21
10158,Kabir Sharma,Female,34,Kolkata,West Bengal,India,2022-04-11
10159,Vivaan Malhotra,Male,61,Kolkata,West Bengal,India,2022-06-06
10160,Kavya Agarwal,Female,52,Chandigarh,Chandigarh,India,2025-06-03
10161,Vivaan Sharma,Other,58,Kochi,Kerala,India,2022-04-10
10162,Ishaan Joshi,Male,26,Jaipur,Rajasthan,India,2022-10-08
10163,Riya Sethi,Female,37,Chennai,Tamil Nadu,India,2022-09-10
10164,Ishaan Gupta,Male,45,Chennai,Tamil Nadu,India,2022-02-18
10165,Aarav Gupta,Male,38,Pune,Maharashtra,India,2022-06-20
10166,Vivaan Sethi,Male,38,Chandigarh,Chandigarh,India,2024-04-16
10167,Rohan Sethi,Female,35,Hyderabad,Telangana,India,2024-08-23
10168,Diya Khan,Female,20,Bengaluru,Karnataka,India,2022-05-02
10169,Ananya Sethi,Female,59,Chennai,Tamil Nadu,India,2025-10-07
10170,Aarav Verma,Male,62,Mumbai,Maharashtra,India,2022-05-20
10171,Karan Kapoor,Other,21,Delhi,Delhi,India,2024-09-30
10172,Aanya Agarwal,Male,37,Delhi,Delhi,India,2025-03-14
10173,Diya Singh,Male,42,Chandigarh,Chandigarh,India,2024-01-31
10174,Ishaan Agarwal,Other,55,Ahmedabad,Gujarat,India,2023-12-19
10175,Kabir Patel,Male,65,Ahmedabad,Gujarat,India,2022-06-09
10176,Aanya Agarwal,Female,37,Pune,Maharashtra,India,2022-12-19
10177,Riya Malhotra,Male,53,Ahmedabad,Gujarat,India,2025-05-26
10178,Ishaan Kapoor,Female,62,Delhi,Delhi,India,2023-05-24
10179,Karan Singh,Female,57,Lucknow,Uttar Pradesh,India,2022-02-20
10180,Isha Singh,Male,31,Kolkata,West Bengal,India,2024-11-30
10181,Isha Agarwal,Male,57,Kochi,Kerala,India,2024-09-25
10182,Neha Verma,Female,37,Delhi,Delhi,India,2022-04-07
10183,Priya Verma,Male,18,Pune,Maharashtra,India,2022-03-16
10184,Ishaan Gupta,Female,54,Ahmedabad,Gujarat,India,2022-06-20
10185,Arjun Gupta,Female,58,Pune,Maharashtra,India,2022-03-16
10186,Aarav Sethi,Female,34,Pune,Maharashtra,India,2024-06-18
10187,Vivaan Kapoor,Male,39,Delhi,Delhi,India,2022-07-13
10188,Meera Reddy,Male,35,Chennai,Tamil Nadu,India,2024-06-05
10189,Kavya Gupta,Female,23,Bengaluru,Karnataka,India,2022-09-15
10190,Neha Joshi,Female,65,Hyderabad,Telangana,India,2025-11-20
10191,Arjun Malhotra,Female,19,Ahmedabad,Gujarat,India,2024-11-25
10192,Sara Kapoor,Female,44,Jaipur,Rajasthan,India,2023-07-01
10193,Arjun Chopra,Male,18,Jaipur,Rajasthan,India,2023-09-18
10194,Neha Reddy,Male,51,Chennai,Tamil Nadu,India,2022-04-06
10195,Neha Chopra,Male,61,Kochi,Kerala,India,2022-03-22
10196,Ananya Gupta,Female,48,Delhi,Delhi,India,2024-02-24
10197,Isha Singh,Male,47,Chennai,Tamil Nadu,India,2022-02-03
10198,Ananya Joshi,Female,57,Delhi,Delhi,India,2024-07-20
10199,Sara Mehta,Female,64,Chennai,Tamil Nadu,India,2023-07-13
10200,Rohan Agarwal,Male,59,Kochi,Kerala,India,2022-07-23
10201,Aarav Khan,Male,29,Chennai,Tamil Nadu,India,2024-02-22
10202,Riya Khan,Male,45,Lucknow,Uttar Pradesh,India,2024-03-18
10203,Rahul Sethi,Male,57,Pune,Maharashtra,India,2024-12-25
10204,Rahul Bansal,Male,32,Ahmedabad,Gujarat,India,2022-10-16
10205,Ananya Sharma,Male,50,Pune,Maharashtra,India,2024-03-10
10206,Aanya Sharma,Female,19,Hyderabad,Telangana,India,2025-05-18
10207,Sara Joshi,Female,60,Chandigarh,Chandigarh,India,2023-01-30
10208,Rahul Patel,Female,47,Kochi,Kerala,India,2025-05-04
10209,Isha Singh,Female,53,Hyderabad,Telangana,India,2024-11-22
10210,Rohan Malhotra,Female,57,Chandigarh,Chandigarh,India,2023-09-20
10211,Rohan Agarwal,Female,28,Hyderabad,Telangana,India,2025-07-13
10212,Aditya Sethi,Male,39,Ahmedabad,Gujarat,India,2025-11-12
10213,Ishaan Khan,Male,59,Chandigarh,Chandigarh,India,2022-12-12
10214,Arjun Kapoor,Male,25,Pune,Maharashtra,India,2025-12-01
10215,Priya Mehta,Female,57,Ahmedabad,Gujarat,India,2022-01-04
10216,Aditya Patel,Male,31,Hyderabad,Telangana,India,2022-07-08
10217,Arjun Mehta,Female,45,Mumbai,Maharashtra,India,2022-03-05
10218,Ananya Khan,Female,42,Delhi,Delhi,India,2023-06-21
10219,Isha Bansal,Female,50,Pune,Maharashtra,India,2025-09-29
10220,Nisha Sharma,Female,58,Lucknow,Uttar Pradesh,India,2024-05-26
10221,Rahul Sharma,Female,34,Delhi,Delhi,India,2024-06-19
10222,Aarav Singh,Male,26,Pune,Maharashtra,India,2022-05-04
10223,Diya Chopra,Male,38,Ahmedabad,Gujarat,India,2024-01-24
10224,Priya Joshi,Male,47,Bengaluru,Karnataka,India,2023-07-13
10225,Priya Gupta,Female,54,Ahmedabad,Gujarat,India,2023-12-01
10226,Nisha Chopra,Male,54,Hyderabad,Telangana,India,2023-01-17
10227,Vivaan Patel,Male,34,Chandigarh,Chandigarh,India,2022-10-22
10228,Nisha Patel,Female,62,Kolkata,West Bengal,India,2025-10-21
10229,Nisha Reddy,Male,21,Kolkata,West Bengal,India,2024-03-26
10230,Ananya Sharma,Male,23,Bengaluru,Karnataka,India,2023-08-24
10231,Ishaan Singh,Female,19,Pune,Maharashtra,India,2022-04-18
10232,Ananya Khan,Female,62,Lucknow,Uttar Pradesh,India,2025-01-18
10233,Ananya Gupta,Male,26,Mumbai,Maharashtra,India,2023-11-21
10234,Ishaan Bansal,Female,46,Chandigarh,Chandigarh,India,2023-07-19
10235,Aarav Singh,Female,57,Pune,Maharashtra,India,2024-08-31
10236,Kavya Verma,Female,54,Ahmedabad,Gujarat,India,2022-07-12
10237,Karan Singh,Male,63,Jaipur,Rajasthan,India,2024-02-18
10238,Aditya Malhotra,Female,20,Pune,Maharashtra,India,2025-06-14
10239,Aanya Gupta,Female,37,Hyderabad,Telangana,India,2023-11-09
10240,Vivaan Gupta,Female,42,Jaipur,Rajasthan,India,2022-01-01
10241,Meera Sethi,Male,51,Delhi,Delhi,India,2022-12-02
10242,Arjun Mehta,Male,47,Jaipur,Rajasthan,India,2022-03-23
10243,Ishaan Kapoor,Male,44,Delhi,Delhi,India,2024-01-01
10244,Kabir Sharma,Female,32,Jaipur,Rajasthan,India,2023-06-17
10245,Aanya Kapoor,Female,23,Jaipur,Rajasthan,India,2022-07-13
10246,Ishaan Singh,Male,38,Delhi,Delhi,India,2024-09-29
10247,Sara Joshi,Female,30,Chandigarh,Chandigarh,India,2022-09-15
10248,Karan Singh,Male,44,Chennai,Tamil Nadu,India,2023-05-14
10249,Nisha Chopra,Male,56,Chandigarh,Chandigarh,India,2025-12-13
10250,Aarav Chopra,Female,44,Mumbai,Maharashtra,India,2022-04-07
10251,Meera Verma,Other,45,Bengaluru,Karnataka,India,2022-12-28
10252,Priya Verma,Male,20,Pune,Maharashtra,India,2023-04-10
10253,Vivaan Verma,Female,48,Bengaluru,Karnataka,India,2024-01-13
10254,Ananya Joshi,Male,39,Hyderabad,Telangana,India,2022-12-24
10255,Karan Verma,Female,23,Jaipur,Rajasthan,India,2025-11-17
10256,Arjun Sethi,Male,28,Delhi,Delhi,India,2022-01-08
10257,Neha Agarwal,Female,55,Ahmedabad,Gujarat,India,2025-10-16
10258,Aditya Sethi,Female,62,Delhi,Delhi,India,2024-02-20
10259,Meera Patel,Male,42,Bengaluru,Karnataka,India,2022-02-25
10260,Aditya Reddy,Female,64,Jaipur,Rajasthan,India,2022-06-20
10261,Karan Sharma,Female,26,Chandigarh,Chandigarh,India,2022-05-31
10262,Kabir Malhotra,Male,32,Bengaluru,Karnataka,India,2023-02-24
10263,Vivaan Mehta,Female,62,Hyderabad,Telangana,India,2023-05-02
10264,Ananya Reddy,Female,26,Kochi,Kerala,India,2024-07-25
10265,Vivaan Khan,Female,49,Kochi,Kerala,India,2023-03-31
10266,Sara Sethi,Female,28,Kolkata,West Bengal,India,2024-11-24
10267,Sara Gupta,Female,33,Pune,Maharashtra,India,2023-03-05
10268,Nisha Reddy,Male,40,Chennai,Tamil Nadu,India,2023-01-20
10269,Ishaan Patel,Male,35,Jaipur,Rajasthan,India,2023-02-07
10270,Aanya Patel,Female,59,Jaipur,Rajasthan,India,2023-04-26
10271,Rohan Reddy,Male,64,Hyderabad,Telangana,India,2025-05-08
10272,Neha Kapoor,Male,42,Mumbai,Maharashtra,India,2022-12-27
10273,Nisha Kapoor,Male,43,Delhi,Delhi,India,2023-02-03
10274,Priya Khan,Male,20,Kochi,Kerala,India,2025-10-29
10275,Ananya Verma,Male,29,Pune,Maharashtra,India,2024-08-12
10276,Meera Mehta,Male,19,Pune,Maharashtra,India,2022-10-06
10277,Kabir Gupta,Male,59,Pune,Maharashtra,India,2025-06-21
10278,Neha Verma,Male,28,Chandigarh,Chandigarh,India,2022-09-25
10279,Priya Sethi,Female,34,Mumbai,Maharashtra,India,2022-08-25
10280,Aarav Khan,Female,58,Mumbai,Maharashtra,India,2023-10-12
10281,Diya Kapoor,Male,52,Hyderabad,Telangana,India,2024-10-06
10282,Meera Malhotra,Female,47,Pune,Maharashtra,India,2022-10-04
10283,Karan Malhotra,Female,19,Ahmedabad,Gujarat,India,2025-01-04
10284,Nisha Joshi,Female,45,Pune,Maharashtra,India,2022-08-17
10285,Rahul Chopra,Female,44,Pune,Maharashtra,India,2025-02-15
10286,Nisha Chopra,Male,33,Kochi,Kerala,India,2022-05-20
10287,Riya Kapoor,Male,53,Delhi,Delhi,India,2023-11-10
10288,Priya Mehta,Female,62,Kolkata,West Bengal,India,2024-07-23
10289,Rohan Malhotra,Female,30,Kolkata,West Bengal,India,2023-01-23
10290,Neha Khan,Female,33,Pune,Maharashtra,India,2024-06-12
10291,Rahul Malhotra,Female,33,Chandigarh,Chandigarh,India,2024-10-02
10292,Rohan Joshi,Male,58,Hyderabad,Telangana,India,2024-08-07
10293,Rahul Khan,Male,21,Kochi,Kerala,India,2023-08-03
10294,Rahul Mehta,Male,61,Hyderabad,Telangana,India,2025-02-03
10295,Neha Kapoor,Male,55,Kolkata,West Bengal,India,2024-12-04
10296,Vivaan Kapoor,Male,41,Kolkata,West Bengal,India,2023-04-22
10297,Aanya Verma,Male,46,Lucknow,Uttar Pradesh,India,2024-12-06
10298,Ishaan Gupta,Male,60,Pune,Maharashtra,India,2025-09-02
10299,Aanya Bansal,Female,54,Hyderabad,Telangana,India,2025-04-07
10300,Neha Kapoor,Female,31,Mumbai,Maharashtra,India,2024-12-06
10301,Kavya Singh,Male,20,Chennai,Tamil Nadu,India,2025-01-24
10302,Priya Khan,Female,49,Chandigarh,Chandigarh,India,2025-03-20
10303,Priya Agarwal,Female,24,Mumbai,Maharashtra,India,2023-02-27
10304,Aanya Singh,Other,22,Lucknow,Uttar Pradesh,India,2024-11-18
10305,Aanya Sethi,Male,65,Kolkata,West Bengal,India,2022-10-19
10306,Neha Chopra,Female,40,Delhi,Delhi,India,2023-06-08
10307,Arjun Khan,Female,49,Hyderabad,Telangana,India,2025-09-26
10308,Aditya Bansal,Female,28,Kolkata,West Bengal,India,2023-02-18
10309,Neha Sharma,Male,22,Hyderabad,Telangana,India,2025-05-16
10310,Meera Reddy,Female,21,Delhi,Delhi,India,2023-09-09
10311,Nisha Kapoor,Male,35,Jaipur,Rajasthan,India,2022-11-03
10312,Aditya Chopra,Male,18,Ahmedabad,Gujarat,India,2022-05-22
10313,Sara Khan,Male,38,Delhi,Delhi,India,2024-03-11
10314,Neha Sharma,Male,33,Hyderabad,Telangana,India,2023-10-21
10315,Isha Sharma,Female,43,Bengaluru,Karnataka,India,2024-01-17
10316,Sara Bansal,Female,46,Jaipur,Rajasthan,India,2022-03-04
10317,Sara Khan,Male,32,Ahmedabad,Gujarat,India,2023-01-27
10318,Vivaan Sharma,Female,39,Ahmedabad,Gujarat,India,2022-01-06
10319,Ishaan Agarwal,Female,21,Kochi,Kerala,India,2023-03-18
10320,Arjun Sethi,Female,32,Chandigarh,Chandigarh,India,2025-09-21
10321,Kabir Patel,Female,64,Hyderabad,Telangana,India,2022-08-11
10322,Kabir Malhotra,Female,65,Delhi,Delhi,India,2024-10-03
10323,Ananya Sharma,Male,41,Jaipur,Rajasthan,India,2022-01-09
10324,Diya Agarwal,Male,63,Lucknow,Uttar Pradesh,India,2024-03-31
10325,Sara Mehta,Male,42,Kochi,Kerala,India,2025-09-06
10326,Kavya Chopra,Male,24,Bengaluru,Karnataka,India,2023-05-14
10327,Neha Kapoor,Female,59,Bengaluru,Karnataka,India,2022-10-15
10328,Kavya Khan,Male,37,Mumbai,Maharashtra,India,2024-04-12
10329,Vivaan Mehta,Male,47,Delhi,Delhi,India,2023-02-12
10330,Meera Gupta,Female,49,Kolkata,West Bengal,India,2025-07-25
10331,Karan Agarwal,Male,32,Kolkata,West Bengal,India,2025-05-24
10332,Aditya Patel,Female,53,Chennai,Tamil Nadu,India,2024-08-10
10333,Kabir Khan,Female,42,Hyderabad,Telangana,India,2024-07-21
10334,Kabir Reddy,Female,35,Chandigarh,Chandigarh,India,2024-05-29
10335,Vivaan Reddy,Female,32,Pune,Maharashtra,India,2024-12-09
10336,Priya Sethi,Female,53,Chandigarh,Chandigarh,India,2023-11-03
10337,Kavya Gupta,Male,29,Kochi,Kerala,India,2025-11-16
10338,Sara Khan,Male,23,Hyderabad,Telangana,India,2023-05-20
10339,Neha Chopra,Female,60,Bengaluru,Karnataka,India,2022-01-14
10340,Diya Kapoor,Male,33,Kochi,Kerala,India,2024-10-16
10341,Aditya Verma,Female,48,Jaipur,Rajasthan,India,2024-08-24
10342,Rahul Sethi,Male,52,Hyderabad,Telangana,India,2025-12-03
10343,Aanya Patel,Female,58,Jaipur,Rajasthan,India,2023-08-01
10344,Kabir Khan,Female,48,Kolkata,West Bengal,India,2023-09-13
10345,Isha Reddy,Male,51,Lucknow,Uttar Pradesh,India,2024-03-31
10346,Riya Joshi,Male,58,Hyderabad,Telangana,India,2023-07-27
10347,Sara Malhotra,Male,63,Kochi,Kerala,India,2025-02-19
10348,Sara Kapoor,Male,20,Kochi,Kerala,India,2023-09-18
10349,Aditya Malhotra,Male,53,Bengaluru,Karnataka,India,2025-02-18
10350,Aditya Verma,Female,26,Delhi,Delhi,India,2023-09-14
10351,Kavya Agarwal,Female,60,Kolkata,West Bengal,India,2022-11-25
10352,Kabir Sethi,Female,20,Mumbai,Maharashtra,India,2025-12-17
10353,Vivaan Mehta,Female,29,Hyderabad,Telangana,India,2024-02-08
10354,Riya Mehta,Female,27,Pune,Maharashtra,India,2024-10-28
10355,Riya Chopra,Male,46,Kochi,Kerala,India,2024-05-13
10356,Vivaan Sharma,Female,18,Kochi,Kerala,India,2023-06-09
10357,Sara Patel,Male,18,Delhi,Delhi,India,2025-11-20
10358,Aanya Malhotra,Male,42,Lucknow,Uttar Pradesh,India,2023-06-27
10359,Karan Bansal,Male,64,Delhi,Delhi,India,2025-12-20
10360,Diya Gupta,Male,43,Ahmedabad,Gujarat,India,2023-09-21
10361,Isha Bansal,Female,39,Lucknow,Uttar Pradesh,India,2022-02-03
10362,Aditya Kapoor,Female,49,Lucknow,Uttar Pradesh,India,2022-02-23
10363,Priya Joshi,Male,44,Bengaluru,Karnataka,India,2025-11-22
10364,Aditya Sharma,Male,36,Lucknow,Uttar Pradesh,India,2024-02-10
10365,Diya Malhotra,Female,46,Delhi,Delhi,India,2023-07-20
10366,Neha Patel,Female,18,Kolkata,West Bengal,India,2025-03-30
10367,Sara Singh,Male,29,Pune,Maharashtra,India,2024-06-20
10368,Karan Gupta,Male,50,Hyderabad,Telangana,India,2024-08-22
10369,Diya Gupta,Female,34,Mumbai,Maharashtra,India,2024-09-27
10370,Ananya Kapoor,Female,20,Chandigarh,Chandigarh,India,2022-10-17
10371,Arjun Verma,Male,23,Chennai,Tamil Nadu,India,2022-05-09
10372,Aanya Reddy,Female,59,Jaipur,Rajasthan,India,2024-11-28
10373,Arjun Malhotra,Male,33,Chennai,Tamil Nadu,India,2022-02-01
10374,Kabir Sethi,Female,19,Chennai,Tamil Nadu,India,2024-11-16
10375,Karan Reddy,Male,52,Lucknow,Uttar Pradesh,India,2022-07-09
10376,Kabir Verma,Female,43,Delhi,Delhi,India,2023-01-19
10377,Diya Joshi,Female,39,Ahmedabad,Gujarat,India,2024-10-30
10378,Neha Chopra,Male,60,Ahmedabad,Gujarat,India,2024-06-28
10379,Kavya Joshi,Female,33,Chennai,Tamil Nadu,India,2025-02-15
10380,Rahul Malhotra,Male,45,Hyderabad,Telangana,India,2024-06-10
10381,Aditya Malhotra,Female,53,Mumbai,Maharashtra,India,2022-03-11
10382,Rahul Sharma,Male,47,Kochi,Kerala,India,2025-05-11
10383,Kabir Khan,Male,27,Kochi,Kerala,India,2022-11-11
10384,Rahul Reddy,Male,50,Bengaluru,Karnataka,India,2022-07-18
10385,Ananya Reddy,Female,53,Mumbai,Maharashtra,India,2025-07-06
10386,Meera Sharma,Male,23,Delhi,Delhi,India,2022-10-12
10387,Kabir Bansal,Male,25,Mumbai,Maharashtra,India,2024-02-22
10388,Aanya Mehta,Male,50,Chandigarh,Chandigarh,India,2023-12-11
10389,Aanya Chopra,Female,23,Lucknow,Uttar Pradesh,India,2025-01-28
10390,Rahul Sharma,Female,60,Delhi,Delhi,India,2022-03-06
10391,Ishaan Reddy,Female,23,Ahmedabad,Gujarat,India,2022-06-05
10392,Priya Sethi,Male,64,Bengaluru,Karnataka,India,2023-08-30
10393,Sara Verma,Other,50,Chennai,Tamil Nadu,India,2023-11-22
10394,Rohan Sharma,Female,39,Jaipur,Rajasthan,India,2025-02-24
10395,Aarav Sethi,Male,30,Ahmedabad,Gujarat,India,2024-06-03
10396,Sara Gupta,Male,34,Lucknow,Uttar Pradesh,India,2022-08-06
10397,Riya Khan,Female,53,Mumbai,Maharashtra,India,2025-11-30
10398,Vivaan Chopra,Female,54,Bengaluru,Karnataka,India,2023-11-03
10399,Kavya Khan,Male,28,Hyderabad,Telangana,India,2025-11-09
10400,Riya Kapoor,Male,44,Hyderabad,Telangana,India,2025-12-16
10401,Priya Malhotra,Female,65,Kochi,Kerala,India,2022-03-17
10402,Neha Sharma,Male,30,Chandigarh,Chandigarh,India,2024-01-09
10403,Arjun Reddy,Male,51,Hyderabad,Telangana,India,2023-09-09
10404,Rohan Mehta,Male,26,Kochi,Kerala,India,2023-12-29
10405,Priya Gupta,Male,58,Pune,Maharashtra,India,2023-03-29
10406,Aanya Mehta,Male,26,Kolkata,West Bengal,India,2024-03-26
10407,Arjun Reddy,Male,32,Pune,Maharashtra,India,2023-12-20
10408,Arjun Verma,Female,40,Delhi,Delhi,India,2022-09-29
10409,Meera Chopra,Male,35,Kochi,Kerala,India,2023-02-26
10410,Aditya Bansal,Female,26,Mumbai,Maharashtra,India,2022-08-03
10411,Aanya Sethi,Male,48,Bengaluru,Karnataka,India,2025-05-16
10412,Aditya Reddy,Female,18,Bengaluru,Karnataka,India,2024-09-15
10413,Isha Sethi,Male,65,Hyderabad,Telangana,India,2023-07-20
10414,Rahul Reddy,Female,20,Delhi,Delhi,India,2023-08-01
10415,Isha Verma,Female,34,Mumbai,Maharashtra,India,2022-04-26
10416,Sara Agarwal,Female,62,Ahmedabad,Gujarat,India,2023-02-28
10417,Ishaan Khan,Male,25,Kochi,Kerala,India,2025-09-11
10418,Rahul Khan,Male,21,Delhi,Delhi,India,2022-02-15
10419,Neha Chopra,Female,53,Hyderabad,Telangana,India,2022-08-02
10420,Kabir Reddy,Male,21,Kolkata,West Bengal,India,2025-05-20
10421,Karan Bansal,Male,61,Kochi,Kerala,India,2024-01-30
10422,Priya Patel,Female,39,Ahmedabad,Gujarat,India,2022-02-17
10423,Ananya Malhotra,Male,59,Chandigarh,Chandigarh,India,2023-12-17
10424,Kavya Kapoor,Female,29,Kolkata,West Bengal,India,2024-12-30
10425,Rohan Kapoor,Female,24,Pune,Maharashtra,India,2023-05-19
10426,Arjun Kapoor,Male,64,Bengaluru,Karnataka,India,2023-07-12
10427,Aditya Verma,Female,54,Lucknow,Uttar Pradesh,India,2024-07-10
10428,Riya Verma,Male,61,Chandigarh,Chandigarh,India,2024-05-24
10429,Diya Agarwal,Male,33,Mumbai,Maharashtra,India,2025-08-11
10430,Riya Malhotra,Male,37,Ahmedabad,Gujarat,India,2022-12-28
10431,Arjun Chopra,Male,45,Delhi,Delhi,India,2023-02-08
10432,Nisha Joshi,Male,39,Ahmedabad,Gujarat,India,2022-08-15
10433,Vivaan Sharma,Other,29,Chandigarh,Chandigarh,India,2024-08-28
10434,Ishaan Gupta,Female,36,Delhi,Delhi,India,2024-02-18
10435,Kavya Singh,Female,47,Pune,Maharashtra,India,2023-05-22
10436,Rohan Reddy,Male,19,Delhi,Delhi,India,2024-10-12
10437,Nisha Singh,Female,34,Kolkata,West Bengal,India,2023-07-04
10438,Rahul Patel,Female,32,Kochi,Kerala,India,2022-10-13
10439,Meera Reddy,Female,21,Mumbai,Maharashtra,India,2024-02-28
10440,Kavya Reddy,Male,23,Chennai,Tamil Nadu,India,2023-09-30
10441,Aarav Singh,Female,41,Kochi,Kerala,India,2023-08-15
10442,Diya Sharma,Female,22,Hyderabad,Telangana,India,2023-10-12
10443,Rahul Gupta,Female,34,Delhi,Delhi,India,2025-08-27
10444,Sara Sharma,Female,44,Pune,Maharashtra,India,2022-11-12
10445,Aditya Gupta,Male,59,Kolkata,West Bengal,India,2023-02-07
10446,Aditya Khan,Female,22,Jaipur,Rajasthan,India,2024-04-04
10447,Rahul Chopra,Male,38,Hyderabad,Telangana,India,2022-03-10
10448,Rohan Khan,Male,22,Kochi,Kerala,India,2022-08-02
10449,Meera Joshi,Female,38,Kolkata,West Bengal,India,2024-04-06
10450,Priya Singh,Male,41,Hyderabad,Telangana,India,2024-01-15
10451,Aanya Sethi,Male,56,Kochi,Kerala,India,2024-08-11
10452,Kavya Joshi,Male,39,Kochi,Kerala,India,2022-06-15
10453,Meera Sethi,Female,62,Pune,Maharashtra,India,2025-05-31
10454,Isha Reddy,Female,24,Mumbai,Maharashtra,India,2023-12-10
10455,Aditya Kapoor,Other,20,Jaipur,Rajasthan,India,2022-08-15
10456,Aditya Verma,Male,18,Kolkata,West Bengal,India,2023-03-31
10457,Ananya Singh,Male,35,Delhi,Delhi,India,2022-11-29
10458,Karan Malhotra,Male,27,Jaipur,Rajasthan,India,2023-10-23
10459,Isha Reddy,Female,22,Lucknow,Uttar Pradesh,India,2023-11-17
10460,Nisha Kapoor,Male,29,Delhi,Delhi,India,2023-09-26
10461,Ishaan Agarwal,Female,64,Ahmedabad,Gujarat,India,2023-11-05
10462,Aditya Khan,Male,56,Delhi,Delhi,India,2025-08-18
10463,Karan Gupta,Female,18,Ahmedabad,Gujarat,India,2025-11-01
10464,Isha Mehta,Female,61,Pune,Maharashtra,India,2023-12-17
10465,Arjun Joshi,Male,27,Mumbai,Maharashtra,India,2025-11-07
10466,Arjun Bansal,Male,37,Kochi,Kerala,India,2025-04-10
10467,Arjun Malhotra,Male,33,Delhi,Delhi,India,2025-04-12
10468,Nisha Singh,Female,37,Jaipur,Rajasthan,India,2022-11-26
10469,Priya Bansal,Female,54,Bengaluru,Karnataka,India,2023-10-03
10470,Sara Gupta,Male,52,Kochi,Kerala,India,2023-05-30
10471,Riya Reddy,Female,46,Ahmedabad,Gujarat,India,2022-05-21
10472,Priya Gupta,Female,48,Chandigarh,Chandigarh,India,2022-04-20
10473,Nisha Verma,Male,52,Pune,Maharashtra,India,2024-06-27
10474,Diya Patel,Female,26,Pune,Maharashtra,India,2023-09-07
10475,Aanya Patel,Male,36,Jaipur,Rajasthan,India,2025-04-20
10476,Aarav Patel,Female,23,Chandigarh,Chandigarh,India,2024-09-03
10477,Sara Malhotra,Male,51,Lucknow,Uttar Pradesh,India,2022-05-05
10478,Rohan Reddy,Male,39,Mumbai,Maharashtra,India,2025-05-08
10479,Vivaan Patel,Male,48,Jaipur,Rajasthan,India,2023-12-26
10480,Aanya Patel,Male,45,Delhi,Delhi,India,2024-04-06
10481,Sara Malhotra,Female,31,Hyderabad,Telangana,India,2025-11-10
10482,Neha Verma,Male,24,Chandigarh,Chandigarh,India,2024-07-23
10483,Riya Khan,Male,64,Hyderabad,Telangana,India,2022-02-02
10484,Kabir Singh,Male,32,Chandigarh,Chandigarh,India,2022-09-16
10485,Riya Joshi,Male,23,Pune,Maharashtra,India,2023-09-15
10486,Isha Sharma,Male,32,Bengaluru,Karnataka,India,2022-02-24
10487,Diya Reddy,Male,61,Chennai,Tamil Nadu,India,2022-09-02
10488,Aarav Patel,Male,30,Kolkata,West Bengal,India,2025-03-01
10489,Ananya Chopra,Female,65,Chandigarh,Chandigarh,India,2022-07-28
10490,Rohan Patel,Male,40,Jaipur,Rajasthan,India,2022-09-01
10491,Riya Sharma,Male,59,Kochi,Kerala,India,2024-01-07
10492,Nisha Sethi,Female,49,Lucknow,Uttar Pradesh,India,2022-05-14
10493,Riya Joshi,Male,20,Chandigarh,Chandigarh,India,2023-01-09
10494,Riya Agarwal,Male,42,Jaipur,Rajasthan,India,2025-09-30
10495,Sara Malhotra,Female,38,Hyderabad,Telangana,India,2024-07-10
10496,Ananya Joshi,Male,27,Chennai,Tamil Nadu,India,2025-11-07
10497,Arjun Sethi,Male,44,Delhi,Delhi,India,2023-06-02
10498,Priya Joshi,Male,22,Chennai,Tamil Nadu,India,2024-06-18
10499,Ishaan Kapoor,Female,51,Kochi,Kerala,India,2022-12-15
10500,Karan Joshi,Male,57,Pune,Maharashtra,India,2023-07-07
10501,Priya Bansal,Female,22,Delhi,Delhi,India,2022-09-12
10502,Sara Reddy,Male,41,Jaipur,Rajasthan,India,2025-05-01
10503,Riya Kapoor,Female,49,Kochi,Kerala,India,2022-09-26
10504,Diya Malhotra,Male,20,Lucknow,Uttar Pradesh,India,2022-10-26
10505,Isha Sethi,Male,36,Hyderabad,Telangana,India,2023-11-09
10506,Rahul Patel,Male,30,Pune,Maharashtra,India,2023-09-19
10507,Aarav Agarwal,Male,19,Kolkata,West Bengal,India,2023-04-04
10508,Ananya Malhotra,Male,56,Bengaluru,Karnataka,India,2023-06-06
10509,Aanya Singh,Male,39,Hyderabad,Telangana,India,2023-03-07
10510,Diya Agarwal,Female,54,Bengaluru,Karnataka,India,2025-08-25
10511,Ishaan Verma,Male,46,Kochi,Kerala,India,2024-04-27
10512,Rahul Gupta,Male,60,Ahmedabad,Gujarat,India,2025-09-04
10513,Rahul Joshi,Other,65,Lucknow,Uttar Pradesh,India,2025-12-11
10514,Aditya Agarwal,Other,46,Chandigarh,Chandigarh,India,2024-08-08
10515,Kabir Chopra,Male,34,Kochi,Kerala,India,2025-04-20
10516,Riya Mehta,Male,38,Delhi,Delhi,India,2022-06-11
10517,Diya Verma,Male,57,Lucknow,Uttar Pradesh,India,2025-10-18
10518,Vivaan Reddy,Female,38,Mumbai,Maharashtra,India,2023-12-06
10519,Nisha Gupta,Male,42,Pune,Maharashtra,India,2024-11-07
10520,Rohan Gupta,Male,27,Jaipur,Rajasthan,India,2022-12-25
10521,Rahul Mehta,Male,65,Chennai,Tamil Nadu,India,2022-05-20
10522,Ishaan Patel,Male,49,Delhi,Delhi,India,2025-07-15
10523,Arjun Chopra,Female,33,Bengaluru,Karnataka,India,2023-10-19
10524,Riya Agarwal,Female,46,Chandigarh,Chandigarh,India,2022-07-22
10525,Arjun Bansal,Male,37,Hyderabad,Telangana,India,2024-08-19
10526,Nisha Gupta,Female,25,Hyderabad,Telangana,India,2022-03-21
10527,Priya Kapoor,Female,59,Kochi,Kerala,India,2023-10-20
10528,Priya Patel,Female,60,Delhi,Delhi,India,2024-10-25
10529,Nisha Gupta,Male,58,Lucknow,Uttar Pradesh,India,2024-11-17
10530,Rahul Mehta,Male,35,Kochi,Kerala,India,2023-10-24
10531,Kabir Mehta,Female,30,Jaipur,Rajasthan,India,2023-06-25
10532,Rahul Verma,Female,20,Delhi,Delhi,India,2025-05-09
10533,Riya Khan,Female,53,Delhi,Delhi,India,2022-09-27
10534,Nisha Bansal,Female,33,Hyderabad,Telangana,India,2022-04-19
10535,Aditya Verma,Male,60,Kolkata,West Bengal,India,2022-08-17
10536,Karan Patel,Male,59,Delhi,Delhi,India,2025-03-15
10537,Kabir Agarwal,Female,24,Pune,Maharashtra,India,2023-11-18
10538,Diya Agarwal,Male,62,Delhi,Delhi,India,2022-02-24
10539,Aditya Sethi,Female,24,Kolkata,West Bengal,India,2022-09-04
10540,Kabir Malhotra,Female,41,Mumbai,Maharashtra,India,2022-02-10
10541,Karan Sethi,Male,40,Ahmedabad,Gujarat,India,2025-04-04
10542,Rohan Singh,Male,63,Mumbai,Maharashtra,India,2023-11-05
10543,Ishaan Kapoor,Male,49,Bengaluru,Karnataka,India,2022-04-10
10544,Arjun Gupta,Female,60,Bengaluru,Karnataka,India,2022-11-20
10545,Kabir Patel,Female,46,Chandigarh,Chandigarh,India,2024-06-19
10546,Ishaan Kapoor,Female,57,Mumbai,Maharashtra,India,2024-05-16
10547,Riya Singh,Male,58,Pune,Maharashtra,India,2025-04-11
10548,Sara Agarwal,Other,59,Jaipur,Rajasthan,India,2022-02-07
10549,Arjun Mehta,Female,37,Kolkata,West Bengal,India,2022-04-12
10550,Arjun Mehta,Male,36,Ahmedabad,Gujarat,India,2022-02-21
10551,Rahul Verma,Male,65,Chandigarh,Chandigarh,India,2023-07-30
10552,Aarav Malhotra,Male,54,Chennai,Tamil Nadu,India,2024-11-27
10553,Riya Mehta,Female,62,Chandigarh,Chandigarh,India,2024-08-25
10554,Kavya Kapoor,Male,45,Hyderabad,Telangana,India,2022-11-03
10555,Sara Singh,Female,62,Kochi,Kerala,India,2024-08-17
10556,Aanya Agarwal,Male,52,Kolkata,West Bengal,India,2024-08-16
10557,Vivaan Chopra,Male,53,Ahmedabad,Gujarat,India,2022-10-07
10558,Rahul Patel,Male,26,Lucknow,Uttar Pradesh,India,2024-12-30
10559,Isha Joshi,Male,45,Chandigarh,Chandigarh,India,2023-09-09
10560,Aarav Chopra,Male,53,Lucknow,Uttar Pradesh,India,2022-03-28
10561,Isha Reddy,Male,54,Kolkata,West Bengal,India,2023-07-25
10562,Ananya Joshi,Male,63,Mumbai,Maharashtra,India,2025-01-28
10563,Karan Chopra,Male,33,Pune,Maharashtra,India,2024-10-13
10564,Nisha Chopra,Female,32,Bengaluru,Karnataka,India,2023-01-27
10565,Aanya Agarwal,Other,64,Lucknow,Uttar Pradesh,India,2025-01-10
10566,Rahul Malhotra,Male,65,Bengaluru,Karnataka,India,2023-07-23
10567,Priya Verma,Male,26,Bengaluru,Karnataka,India,2023-11-03
10568,Riya Sharma,Male,36,Bengaluru,Karnataka,India,2022-05-07
10569,Diya Patel,Male,63,Jaipur,Rajasthan,India,2025-12-26
10570,Ananya Patel,Female,27,Kolkata,West Bengal,India,2025-05-09
10571,Ananya Malhotra,Male,55,Kochi,Kerala,India,2022-10-12
10572,Ananya Khan,Female,23,Chennai,Tamil Nadu,India,2024-03-29
10573,Priya Khan,Female,26,Hyderabad,Telangana,India,2025-02-13
10574,Isha Sethi,Female,55,Mumbai,Maharashtra,India,2024-01-07
10575,Neha Verma,Female,47,Mumbai,Maharashtra,India,2022-11-04
10576,Riya Singh,Female,44,Chennai,Tamil Nadu,India,2025-11-15
10577,Arjun Agarwal,Male,59,Kochi,Kerala,India,2023-01-28
10578,Vivaan Sethi,Female,32,Kolkata,West Bengal,India,2023-05-04
10579,Priya Reddy,Male,42,Lucknow,Uttar Pradesh,India,2023-06-27
10580,Meera Chopra,Female,47,Delhi,Delhi,India,2025-07-24
10581,Aditya Chopra,Male,53,Delhi,Delhi,India,2024-01-01
10582,Arjun Mehta,Male,33,Lucknow,Uttar Pradesh,India,2024-11-16
10583,Aditya Malhotra,Female,48,Delhi,Delhi,India,2025-08-08
10584,Riya Mehta,Male,39,Mumbai,Maharashtra,India,2025-09-17
10585,Nisha Joshi,Male,44,Chennai,Tamil Nadu,India,2025-06-04
10586,Isha Reddy,Male,59,Kochi,Kerala,India,2025-08-18
10587,Karan Kapoor,Female,36,Ahmedabad,Gujarat,India,2025-10-16
10588,Neha Khan,Male,50,Delhi,Delhi,India,2025-12-17
10589,Isha Mehta,Male,63,Lucknow,Uttar Pradesh,India,2024-07-27
10590,Kabir Gupta,Female,54,Lucknow,Uttar Pradesh,India,2022-07-12
10591,Kabir Gupta,Male,65,Chandigarh,Chandigarh,India,2022-06-15
10592,Riya Sharma,Female,46,Lucknow,Uttar Pradesh,India,2025-03-08
10593,Isha Reddy,Male,31,Bengaluru,Karnataka,India,2023-04-07
10594,Priya Malhotra,Female,65,Kochi,Kerala,India,2025-03-20
10595,Vivaan Sethi,Female,48,Hyderabad,Telangana,India,2025-09-26
10596,Aarav Bansal,Other,29,Chandigarh,Chandigarh,India,2024-07-29
10597,Meera Gupta,Male,33,Kolkata,West Bengal,India,2025-01-20
10598,Riya Gupta,Male,30,Chandigarh,Chandigarh,India,2023-02-12
10599,Kabir Sethi,Male,58,Jaipur,Rajasthan,India,2023-09-27
10600,Neha Singh,Female,22,Jaipur,Rajasthan,India,2025-11-10
10601,Sara Chopra,Female,53,Jaipur,Rajasthan,India,2025-04-07
10602,Priya Gupta,Female,44,Chandigarh,Chandigarh,India,2022-10-26
10603,Rohan Bansal,Male,21,Ahmedabad,Gujarat,India,2025-09-29
10604,Neha Sethi,Female,47,Delhi,Delhi,India,2023-12-31
10605,Karan Singh,Male,54,Chandigarh,Chandigarh,India,2025-05-17
10606,Neha Mehta,Female,52,Kolkata,West Bengal,India,2024-02-01
10607,Ishaan Reddy,Female,43,Hyderabad,Telangana,India,2024-05-31
10608,Diya Singh,Female,34,Kolkata,West Bengal,India,2022-08-25
10609,Aarav Malhotra,Female,25,Kochi,Kerala,India,2023-05-10
10610,Neha Malhotra,Female,18,Lucknow,Uttar Pradesh,India,2024-11-20
10611,Meera Singh,Male,35,Lucknow,Uttar Pradesh,India,2025-05-14
10612,Priya Agarwal,Female,48,Pune,Maharashtra,India,2022-05-10
10613,Isha Agarwal,Male,19,Chandigarh,Chandigarh,India,2022-04-23
10614,Diya Kapoor,Male,65,Chennai,Tamil Nadu,India,2024-10-08
10615,Riya Sethi,Male,46,Ahmedabad,Gujarat,India,2023-10-15
10616,Nisha Singh,Male,32,Jaipur,Rajasthan,India,2025-05-23
10617,Meera Sharma,Female,64,Bengaluru,Karnataka,India,2022-04-10
10618,Diya Khan,Female,26,Hyderabad,Telangana,India,2023-05-26
10619,Rahul Reddy,Female,63,Mumbai,Maharashtra,India,2022-02-21
10620,Kavya Sharma,Male,31,Delhi,Delhi,India,2024-11-01
10621,Kabir Singh,Male,36,Pune,Maharashtra,India,2025-06-06
10622,Kavya Patel,Female,38,Pune,Maharashtra,India,2022-08-17
10623,Riya Sethi,Female,65,Delhi,Delhi,India,2023-04-18
10624,Priya Verma,Male,30,Pune,Maharashtra,India,2025-05-20
10625,Aditya Kapoor,Male,64,Jaipur,Rajasthan,India,2022-03-02
10626,Ishaan Agarwal,Male,34,Bengaluru,Karnataka,India,2025-10-21
10627,Arjun Kapoor,Male,31,Chennai,Tamil Nadu,India,2025-07-19
10628,Kabir Gupta,Male,48,Chennai,Tamil Nadu,India,2022-08-11
10629,Arjun Gupta,Male,51,Kolkata,West Bengal,India,2022-07-22
10630,Diya Malhotra,Female,34,Chennai,Tamil Nadu,India,2024-10-07
10631,Karan Patel,Female,24,Ahmedabad,Gujarat,India,2022-01-15
10632,Riya Sethi,Male,37,Hyderabad,Telangana,India,2024-01-09
10633,Aanya Joshi,Male,43,Pune,Maharashtra,India,2022-04-07
10634,Riya Bansal,Female,19,Chennai,Tamil Nadu,India,2024-02-15
10635,Aditya Reddy,Male,21,Bengaluru,Karnataka,India,2023-05-27
10636,Arjun Malhotra,Female,62,Ahmedabad,Gujarat,India,2024-10-28
10637,Meera Malhotra,Male,19,Bengaluru,Karnataka,India,2025-07-09
10638,Kabir Chopra,Female,37,Hyderabad,Telangana,India,2023-12-15
10639,Vivaan Singh,Male,54,Chandigarh,Chandigarh,India,2024-07-25
10640,Neha Bansal,Male,33,Kochi,Kerala,India,2024-05-26
10641,Vivaan Agarwal,Female,41,Ahmedabad,Gujarat,India,2025-12-08
10642,Neha Verma,Female,22,Lucknow,Uttar Pradesh,India,2022-12-04
10643,Karan Patel,Male,56,Lucknow,Uttar Pradesh,India,2022-12-15
10644,Aditya Singh,Female,48,Pune,Maharashtra,India,2023-07-07
10645,Arjun Gupta,Female,58,Chandigarh,Chandigarh,India,2024-12-11
10646,Karan Malhotra,Male,59,Hyderabad,Telangana,India,2025-06-17
10647,Kabir Mehta,Female,34,Pune,Maharashtra,India,2023-02-10
10648,Arjun Agarwal,Female,19,Kolkata,West Bengal,India,2022-06-10
10649,Kabir Chopra,Female,34,Kochi,Kerala,India,2024-06-07
10650,Aanya Sethi,Male,24,Lucknow,Uttar Pradesh,India,2024-05-22
10651,Isha Singh,Female,43,Pune,Maharashtra,India,2023-07-02
10652,Isha Mehta,Female,25,Jaipur,Rajasthan,India,2022-09-27
10653,Aditya Singh,Female,62,Bengaluru,Karnataka,India,2025-05-25
10654,Rohan Gupta,Female,46,Chandigarh,Chandigarh,India,2025-05-20
10655,Aarav Reddy,Female,30,Kolkata,West Bengal,India,2024-12-27
10656,Aanya Malhotra,Female,62,Kolkata,West Bengal,India,2024-04-25
10657,Sara Singh,Female,54,Chandigarh,Chandigarh,India,2023-01-17
10658,Karan Sethi,Female,39,Jaipur,Rajasthan,India,2023-08-12
10659,Isha Kapoor,Male,25,Mumbai,Maharashtra,India,2022-04-10
10660,Rohan Sharma,Female,34,Hyderabad,Telangana,India,2022-12-31
10661,Vivaan Gupta,Female,46,Bengaluru,Karnataka,India,2023-10-20
10662,Priya Joshi,Male,54,Ahmedabad,Gujarat,India,2023-09-30
10663,Karan Agarwal,Male,30,Mumbai,Maharashtra,India,2022-04-28
10664,Arjun Singh,Male,53,Bengaluru,Karnataka,India,2025-10-30
10665,Rahul Chopra,Female,31,Jaipur,Rajasthan,India,2023-01-27
10666,Isha Sethi,Female,29,Ahmedabad,Gujarat,India,2024-01-14
10667,Kabir Sethi,Female,39,Kolkata,West Bengal,India,2023-11-11
10668,Vivaan Singh,Female,25,Lucknow,Uttar Pradesh,India,2023-11-17
10669,Aanya Sharma,Female,37,Kochi,Kerala,India,2025-05-18
10670,Kavya Chopra,Male,35,Delhi,Delhi,India,2024-12-25
10671,Aanya Mehta,Female,31,Kochi,Kerala,India,2025-06-20
10672,Vivaan Joshi,Male,55,Jaipur,Rajasthan,India,2023-07-08
10673,Aanya Agarwal,Female,33,Jaipur,Rajasthan,India,2023-01-23
10674,Isha Verma,Female,51,Delhi,Delhi,India,2023-09-17
10675,Aditya Agarwal,Male,52,Jaipur,Rajasthan,India,2024-03-30
10676,Arjun Reddy,Male,49,Ahmedabad,Gujarat,India,2023-05-07
10677,Aditya Bansal,Female,30,Kolkata,West Bengal,India,2023-11-03
10678,Neha Malhotra,Male,57,Delhi,Delhi,India,2022-08-09
10679,Vivaan Chopra,Female,29,Kolkata,West Bengal,India,2024-05-02
10680,Arjun Patel,Female,31,Kochi,Kerala,India,2024-11-08
10681,Neha Agarwal,Male,59,Ahmedabad,Gujarat,India,2024-02-09
10682,Aarav Sethi,Female,34,Delhi,Delhi,India,2025-06-28
10683,Arjun Agarwal,Female,51,Kochi,Kerala,India,2025-12-24
10684,Isha Mehta,Male,20,Kochi,Kerala,India,2025-08-15
10685,Karan Verma,Female,47,Bengaluru,Karnataka,India,2022-05-16
10686,Neha Singh,Female,59,Chandigarh,Chandigarh,India,2025-07-09
10687,Ishaan Patel,Female,52,Chennai,Tamil Nadu,India,2023-05-03
10688,Meera Patel,Male,45,Jaipur,Rajasthan,India,2023-10-22
10689,Aanya Khan,Male,58,Pune,Maharashtra,India,2023-08-25
10690,Kavya Kapoor,Female,32,Chandigarh,Chandigarh,India,2023-02-19
10691,Nisha Agarwal,Female,36,Kochi,Kerala,India,2025-07-04
10692,Neha Chopra,Male,21,Chandigarh,Chandigarh,India,2024-07-20
10693,Priya Singh,Female,51,Kochi,Kerala,India,2025-11-12
10694,Priya Agarwal,Male,52,Kochi,Kerala,India,2025-10-25
10695,Rohan Bansal,Male,54,Delhi,Delhi,India,2023-09-05
10696,Rohan Patel,Female,53,Hyderabad,Telangana,India,2024-11-27
10697,Priya Gupta,Female,24,Ahmedabad,Gujarat,India,2024-01-04
10698,Ishaan Agarwal,Female,49,Jaipur,Rajasthan,India,2023-12-24
10699,Ananya Reddy,Female,54,Mumbai,Maharashtra,India,2024-12-15
10700,Aarav Bansal,Female,27,Delhi,Delhi,India,2024-10-02
10701,Nisha Chopra,Male,40,Kolkata,West Bengal,India,2025-08-24
10702,Arjun Reddy,Female,61,Jaipur,Rajasthan,India,2025-02-01
10703,Rahul Kapoor,Male,37,Bengaluru,Karnataka,India,2024-06-27
10704,Rahul Joshi,Male,54,Bengaluru,Karnataka,India,2025-09-04
10705,Meera Patel,Female,43,Delhi,Delhi,India,2022-05-30
10706,Vivaan Reddy,Female,49,Kolkata,West Bengal,India,2025-01-19
10707,Kabir Verma,Female,48,Mumbai,Maharashtra,India,2023-07-27
10708,Diya Malhotra,Male,49,Kolkata,West Bengal,India,2023-09-25
10709,Isha Chopra,Female,55,Pune,Maharashtra,India,2025-02-15
10710,Vivaan Mehta,Male,61,Pune,Maharashtra,India,2023-02-04
10711,Aanya Agarwal,Male,32,Ahmedabad,Gujarat,India,2025-07-14
10712,Isha Kapoor,Male,62,Kolkata,West Bengal,India,2023-12-31
10713,Isha Reddy,Other,48,Ahmedabad,Gujarat,India,2023-05-25
10714,Ananya Chopra,Male,46,Chandigarh,Chandigarh,India,2023-04-25
10715,Priya Mehta,Male,33,Kochi,Kerala,India,2023-09-07
10716,Kabir Agarwal,Male,38,Chandigarh,Chandigarh,India,2025-10-08
10717,Kabir Kapoor,Male,49,Kolkata,West Bengal,India,2022-05-30
10718,Kabir Joshi,Male,35,Pune,Maharashtra,India,2024-01-12
10719,Rohan Joshi,Male,31,Bengaluru,Karnataka,India,2025-05-04
10720,Sara Sethi,Female,57,Jaipur,Rajasthan,India,2023-11-21
10721,Sara Sharma,Male,37,Delhi,Delhi,India,2024-04-06
10722,Ananya Singh,Male,48,Kochi,Kerala,India,2023-05-24
10723,Sara Bansal,Male,19,Lucknow,Uttar Pradesh,India,2022-07-18
10724,Ishaan Khan,Female,21,Delhi,Delhi,India,2024-07-22
10725,Isha Patel,Male,58,Chandigarh,Chandigarh,India,2025-09-05
10726,Ananya Sharma,Male,24,Delhi,Delhi,India,2024-01-30
10727,Ananya Kapoor,Male,56,Ahmedabad,Gujarat,India,2023-09-23
10728,Nisha Sethi,Female,61,Delhi,Delhi,India,2022-07-08
10729,Priya Sharma,Male,41,Pune,Maharashtra,India,2025-10-11
10730,Nisha Kapoor,Male,60,Jaipur,Rajasthan,India,2025-06-23
10731,Karan Reddy,Male,38,Ahmedabad,Gujarat,India,2025-08-09
10732,Kavya Sharma,Male,63,Pune,Maharashtra,India,2023-06-09
10733,Rahul Agarwal,Male,29,Kochi,Kerala,India,2024-07-01
10734,Aanya Singh,Male,38,Chandigarh,Chandigarh,India,2023-09-24
10735,Aanya Sethi,Female,36,Bengaluru,Karnataka,India,2022-12-09
10736,Kabir Agarwal,Other,55,Ahmedabad,Gujarat,India,2022-10-28
10737,Riya Chopra,Female,20,Ahmedabad,Gujarat,India,2023-07-15
10738,Rohan Singh,Male,57,Chennai,Tamil Nadu,India,2024-03-18
10739,Aanya Patel,Male,19,Ahmedabad,Gujarat,India,2022-06-28
10740,Karan Agarwal,Female,33,Lucknow,Uttar Pradesh,India,2024-10-22
10741,Priya Singh,Female,46,Chandigarh,Chandigarh,India,2023-10-31
10742,Priya Singh,Female,24,Chandigarh,Chandigarh,India,2025-07-10
10743,Karan Sharma,Male,41,Jaipur,Rajasthan,India,2023-02-12
10744,Ishaan Reddy,Male,65,Hyderabad,Telangana,India,2022-03-17
10745,Karan Bansal,Female,57,Chandigarh,Chandigarh,India,2023-04-01
10746,Aditya Joshi,Male,19,Chennai,Tamil Nadu,India,2025-11-22
10747,Rahul Agarwal,Female,46,Kolkata,West Bengal,India,2023-04-16
10748,Sara Patel,Male,46,Hyderabad,Telangana,India,2024-10-24
10749,Aditya Patel,Female,21,Hyderabad,Telangana,India,2025-05-16
10750,Aditya Malhotra,Female,49,Delhi,Delhi,India,2023-02-20
10751,Vivaan Joshi,Female,43,Kochi,Kerala,India,2024-07-27
10752,Ishaan Singh,Male,50,Delhi,Delhi,India,2022-10-26
10753,Aarav Chopra,Female,32,Delhi,Delhi,India,2023-06-13
10754,Nisha Sethi,Male,30,Kochi,Kerala,India,2023-03-09
10755,Vivaan Kapoor,Female,53,Kolkata,West Bengal,India,2024-09-08
10756,Neha Khan,Female,52,Pune,Maharashtra,India,2025-07-02
10757,Aditya Gupta,Female,25,Ahmedabad,Gujarat,India,2023-01-04
10758,Rohan Reddy,Female,28,Chennai,Tamil Nadu,India,2023-03-02
10759,Arjun Chopra,Male,46,Delhi,Delhi,India,2025-04-13
10760,Meera Chopra,Female,57,Ahmedabad,Gujarat,India,2023-11-07
10761,Nisha Mehta,Other,27,Bengaluru,Karnataka,India,2024-01-20
10762,Nisha Gupta,Female,28,Kolkata,West Bengal,India,2024-10-27
10763,Rohan Singh,Female,56,Kochi,Kerala,India,2022-07-20
10764,Aditya Verma,Female,51,Kochi,Kerala,India,2025-06-27
10765,Arjun Verma,Female,61,Chennai,Tamil Nadu,India,2023-06-18
10766,Rahul Verma,Male,55,Chandigarh,Chandigarh,India,2024-08-19
10767,Vivaan Reddy,Male,63,Jaipur,Rajasthan,India,2023-09-23
10768,Vivaan Verma,Female,27,Pune,Maharashtra,India,2025-01-04
10769,Aarav Verma,Male,31,Delhi,Delhi,India,2024-06-11
10770,Aanya Sethi,Male,29,Chennai,Tamil Nadu,India,2022-09-11
10771,Riya Khan,Male,20,Jaipur,Rajasthan,India,2022-10-02
10772,Vivaan Agarwal,Male,55,Kochi,Kerala,India,2025-07-05
10773,Aarav Joshi,Male,49,Mumbai,Maharashtra,India,2024-01-29
10774,Karan Chopra,Male,22,Ahmedabad,Gujarat,India,2023-02-07
10775,Ishaan Joshi,Male,27,Lucknow,Uttar Pradesh,India,2022-07-29
10776,Karan Patel,Male,27,Kochi,Kerala,India,2022-07-07
10777,Sara Bansal,Male,37,Pune,Maharashtra,India,2025-09-05
10778,Karan Malhotra,Female,39,Delhi,Delhi,India,2025-11-26
10779,Riya Kapoor,Male,31,Hyderabad,Telangana,India,2023-07-29
10780,Arjun Patel,Male,62,Lucknow,Uttar Pradesh,India,2022-10-22
10781,Vivaan Gupta,Female,28,Lucknow,Uttar Pradesh,India,2023-09-04
10782,Karan Agarwal,Male,44,Jaipur,Rajasthan,India,2022-07-19
10783,Priya Singh,Male,39,Delhi,Delhi,India,2024-03-13
10784,Karan Gupta,Female,36,Delhi,Delhi,India,2024-07-02
10785,Priya Singh,Male,57,Pune,Maharashtra,India,2025-12-09
10786,Priya Sethi,Male,64,Jaipur,Rajasthan,India,2023-04-11
10787,Meera Mehta,Male,18,Mumbai,Maharashtra,India,2022-10-16
10788,Neha Bansal,Female,40,Ahmedabad,Gujarat,India,2022-07-14
10789,Isha Sethi,Female,23,Kolkata,West Bengal,India,2023-07-05
10790,Kavya Verma,Male,38,Mumbai,Maharashtra,India,2024-05-27
10791,Kavya Agarwal,Female,47,Delhi,Delhi,India,2022-04-08
10792,Kabir Mehta,Female,37,Pune,Maharashtra,India,2025-01-13
10793,Priya Singh,Female,32,Ahmedabad,Gujarat,India,2023-11-03
10794,Ananya Bansal,Female,32,Chandigarh,Chandigarh,India,2025-03-04
10795,Meera Chopra,Male,32,Pune,Maharashtra,India,2023-11-08
10796,Aditya Mehta,Male,33,Hyderabad,Telangana,India,2022-08-16
10797,Neha Khan,Male,35,Kochi,Kerala,India,2022-02-01
10798,Kabir Mehta,Male,51,Pune,Maharashtra,India,2024-03-24
10799,Ishaan Khan,Female,22,Hyderabad,Telangana,India,2024-02-27
10800,Rohan Joshi,Female,19,Pune,Maharashtra,India,2025-04-02
10801,Karan Joshi,Female,42,Mumbai,Maharashtra,India,2025-07-04
10802,Arjun Joshi,Female,50,Hyderabad,Telangana,India,2022-08-24
10803,Sara Gupta,Female,30,Kolkata,West Bengal,India,2023-04-05
10804,Ishaan Bansal,Female,27,Kochi,Kerala,India,2022-10-31
10805,Isha Bansal,Female,47,Ahmedabad,Gujarat,India,2022-06-05
10806,Diya Bansal,Female,36,Chandigarh,Chandigarh,India,2022-01-04
10807,Isha Verma,Male,53,Kolkata,West Bengal,India,2022-05-01
10808,Priya Malhotra,Male,25,Delhi,Delhi,India,2024-02-05
10809,Vivaan Malhotra,Male,23,Chennai,Tamil Nadu,India,2022-08-10
10810,Karan Verma,Male,44,Kochi,Kerala,India,2022-10-12
10811,Neha Singh,Male,36,Mumbai,Maharashtra,India,2022-06-22
10812,Ishaan Malhotra,Female,53,Lucknow,Uttar Pradesh,India,2024-11-23
10813,Nisha Agarwal,Male,42,Ahmedabad,Gujarat,India,2024-07-17
10814,Priya Singh,Female,35,Hyderabad,Telangana,India,2025-11-05
10815,Nisha Sethi,Female,25,Chandigarh,Chandigarh,India,2022-06-12
10816,Ananya Khan,Female,25,Lucknow,Uttar Pradesh,India,2022-11-01
10817,Aarav Agarwal,Female,54,Mumbai,Maharashtra,India,2023-10-28
10818,Neha Patel,Female,28,Delhi,Delhi,India,2024-08-05
10819,Aanya Patel,Male,42,Jaipur,Rajasthan,India,2022-07-09
10820,Vivaan Joshi,Male,57,Kochi,Kerala,India,2022-11-06
10821,Riya Chopra,Male,61,Mumbai,Maharashtra,India,2023-09-08
10822,Sara Patel,Male,30,Jaipur,Rajasthan,India,2022-01-27
10823,Neha Patel,Male,23,Delhi,Delhi,India,2023-08-01
10824,Isha Joshi,Female,55,Jaipur,Rajasthan,India,2025-01-12
10825,Neha Agarwal,Male,50,Jaipur,Rajasthan,India,2024-02-08
10826,Aditya Verma,Male,33,Delhi,Delhi,India,2023-09-26
10827,Karan Patel,Female,46,Ahmedabad,Gujarat,India,2023-12-14
10828,Meera Patel,Female,27,Lucknow,Uttar Pradesh,India,2025-10-14
10829,Aanya Chopra,Male,51,Lucknow,Uttar Pradesh,India,2024-01-30
10830,Ishaan Patel,Male,52,Mumbai,Maharashtra,India,2024-02-20
10831,Diya Patel,Female,32,Bengaluru,Karnataka,India,2025-09-20
10832,Neha Reddy,Male,40,Bengaluru,Karnataka,India,2022-08-18
10833,Aanya Malhotra,Female,34,Pune,Maharashtra,India,2022-05-21
10834,Diya Gupta,Female,19,Delhi,Delhi,India,2023-10-19
10835,Karan Singh,Female,24,Lucknow,Uttar Pradesh,India,2023-04-11
10836,Aditya Verma,Female,64,Chandigarh,Chandigarh,India,2022-10-24
10837,Diya Sharma,Male,39,Chandigarh,Chandigarh,India,2022-06-24
10838,Isha Malhotra,Female,25,Bengaluru,Karnataka,India,2025-07-05
10839,Rahul Agarwal,Male,20,Mumbai,Maharashtra,India,2024-06-15
10840,Aanya Agarwal,Female,34,Lucknow,Uttar Pradesh,India,2024-10-05
10841,Riya Sharma,Male,65,Hyderabad,Telangana,India,2022-06-22
10842,Kabir Khan,Male,36,Jaipur,Rajasthan,India,2023-05-14
10843,Neha Gupta,Male,65,Lucknow,Uttar Pradesh,India,2024-06-25
10844,Aditya Reddy,Male,41,Mumbai,Maharashtra,India,2024-02-10
10845,Neha Gupta,Male,54,Mumbai,Maharashtra,India,2024-10-11
10846,Karan Joshi,Male,55,Mumbai,Maharashtra,India,2024-09-04
10847,Arjun Mehta,Male,19,Delhi,Delhi,India,2023-08-27
10848,Rahul Joshi,Male,18,Mumbai,Maharashtra,India,2025-02-16
10849,Ishaan Malhotra,Female,62,Chandigarh,Chandigarh,India,2023-01-15
10850,Rohan Agarwal,Female,62,Jaipur,Rajasthan,India,2022-04-28
10851,Arjun Singh,Female,24,Kochi,Kerala,India,2025-08-26
10852,Kabir Chopra,Female,49,Chandigarh,Chandigarh,India,2022-02-02
10853,Sara Patel,Female,62,Kochi,Kerala,India,2023-02-19
10854,Arjun Agarwal,Female,63,Bengaluru,Karnataka,India,2022-06-17
10855,Ananya Sethi,Male,32,Hyderabad,Telangana,India,2022-12-05
10856,Rahul Reddy,Female,57,Lucknow,Uttar Pradesh,India,2023-07-31
10857,Nisha Singh,Male,49,Bengaluru,Karnataka,India,2022-07-09
10858,Riya Mehta,Female,62,Mumbai,Maharashtra,India,2023-11-13
10859,Ishaan Singh,Male,25,Ahmedabad,Gujarat,India,2025-09-15
10860,Meera Singh,Female,46,Chandigarh,Chandigarh,India,2022-07-19
10861,Isha Khan,Female,19,Kochi,Kerala,India,2025-09-14
10862,Priya Reddy,Female,35,Kochi,Kerala,India,2023-08-24
10863,Aarav Reddy,Male,18,Delhi,Delhi,India,2024-05-14
10864,Aditya Patel,Female,39,Chandigarh,Chandigarh,India,2023-10-07
10865,Ishaan Joshi,Male,56,Lucknow,Uttar Pradesh,India,2023-04-08
10866,Riya Sethi,Female,49,Ahmedabad,Gujarat,India,2022-06-09
10867,Karan Chopra,Male,33,Chandigarh,Chandigarh,India,2024-05-16
10868,Ishaan Singh,Female,38,Lucknow,Uttar Pradesh,India,2025-08-31
10869,Rahul Patel,Male,35,Pune,Maharashtra,India,2024-01-31
10870,Meera Sethi,Female,53,Mumbai,Maharashtra,India,2024-05-24
10871,Kabir Mehta,Female,30,Pune,Maharashtra,India,2024-07-28
10872,Sara Malhotra,Female,22,Bengaluru,Karnataka,India,2023-07-22
10873,Kabir Reddy,Female,42,Delhi,Delhi,India,2022-06-26
10874,Karan Reddy,Female,57,Delhi,Delhi,India,2024-01-11
10875,Sara Chopra,Other,40,Ahmedabad,Gujarat,India,2025-06-22
10876,Diya Agarwal,Female,27,Kolkata,West Bengal,India,2023-04-04
10877,Neha Mehta,Female,20,Kolkata,West Bengal,India,2025-06-26
10878,Aarav Mehta,Male,63,Ahmedabad,Gujarat,India,2025-06-01
10879,Isha Khan,Female,54,Kolkata,West Bengal,India,2022-12-24
10880,Vivaan Khan,Female,25,Jaipur,Rajasthan,India,2024-04-19
10881,Arjun Patel,Male,21,Delhi,Delhi,India,2024-12-27
10882,Diya Joshi,Male,24,Lucknow,Uttar Pradesh,India,2023-12-24
10883,Karan Malhotra,Male,36,Pune,Maharashtra,India,2024-10-18
10884,Meera Agarwal,Female,56,Delhi,Delhi,India,2025-08-22
10885,Nisha Kapoor,Other,25,Chandigarh,Chandigarh,India,2024-07-04
10886,Karan Mehta,Female,57,Ahmedabad,Gujarat,India,2025-05-08
10887,Aanya Verma,Other,18,Mumbai,Maharashtra,India,2025-03-15
10888,Karan Gupta,Male,53,Bengaluru,Karnataka,India,2025-04-01
10889,Aanya Sethi,Male,31,Mumbai,Maharashtra,India,2025-05-29
10890,Neha Malhotra,Female,64,Hyderabad,Telangana,India,2022-11-26
10891,Vivaan Singh,Female,40,Delhi,Delhi,India,2022-01-27
10892,Aditya Agarwal,Male,30,Ahmedabad,Gujarat,India,2022-08-12
10893,Neha Khan,Male,29,Kolkata,West Bengal,India,2022-12-31
10894,Arjun Sharma,Male,57,Kochi,Kerala,India,2024-10-04
10895,Neha Mehta,Male,37,Ahmedabad,Gujarat,India,2024-01-15
10896,Aditya Gupta,Male,34,Jaipur,Rajasthan,India,2023-11-16
10897,Rohan Joshi,Female,53,Kolkata,West Bengal,India,2022-01-14
10898,Kavya Mehta,Female,43,Mumbai,Maharashtra,India,2024-09-25
10899,Meera Sharma,Female,49,Mumbai,Maharashtra,India,2023-06-16
10900,Aarav Sharma,Female,39,Jaipur,Rajasthan,India,2025-01-15
10901,Sara Khan,Female,21,Mumbai,Maharashtra,India,2022-06-14
10902,Nisha Sharma,Male,18,Mumbai,Maharashtra,India,2023-03-08
10903,Aarav Sethi,Male,19,Bengaluru,Karnataka,India,2022-03-21
10904,Aditya Gupta,Male,45,Lucknow,Uttar Pradesh,India,2023-02-20
10905,Aanya Joshi,Female,42,Pune,Maharashtra,India,2025-09-10
10906,Kabir Malhotra,Male,53,Ahmedabad,Gujarat,India,2023-12-18
10907,Meera Malhotra,Male,60,Chennai,Tamil Nadu,India,2023-10-04
10908,Rahul Verma,Male,26,Bengaluru,Karnataka,India,2023-02-04
10909,Ananya Sethi,Male,63,Chennai,Tamil Nadu,India,2023-01-22
10910,Isha Chopra,Male,62,Delhi,Delhi,India,2024-09-01
10911,Aditya Sharma,Male,47,Chandigarh,Chandigarh,India,2025-12-09
10912,Aanya Gupta,Female,43,Bengaluru,Karnataka,India,2024-12-26
10913,Diya Chopra,Male,26,Chennai,Tamil Nadu,India,2024-12-12
10914,Ishaan Khan,Female,26,Kochi,Kerala,India,2023-11-21
10915,Meera Gupta,Female,18,Jaipur,Rajasthan,India,2022-05-25
10916,Kavya Singh,Female,49,Pune,Maharashtra,India,2024-11-22
10917,Nisha Joshi,Male,38,Kolkata,West Bengal,India,2025-03-26
10918,Aditya Bansal,Male,27,Chandigarh,Chandigarh,India,2024-01-16
10919,Arjun Khan,Male,24,Hyderabad,Telangana,India,2022-05-14
10920,Neha Reddy,Female,21,Jaipur,Rajasthan,India,2024-11-06
10921,Kavya Patel,Female,48,Lucknow,Uttar Pradesh,India,2025-09-06
10922,Diya Mehta,Male,50,Kolkata,West Bengal,India,2022-11-25
10923,Sara Patel,Female,48,Pune,Maharashtra,India,2022-08-21
10924,Priya Kapoor,Male,23,Delhi,Delhi,India,2024-12-14
10925,Riya Singh,Female,19,Bengaluru,Karnataka,India,2023-04-30
10926,Riya Sharma,Male,23,Kochi,Kerala,India,2024-11-10
10927,Aditya Kapoor,Male,54,Kolkata,West Bengal,India,2024-10-23
10928,Ananya Bansal,Male,53,Hyderabad,Telangana,India,2023-01-25
10929,Rahul Sharma,Female,32,Pune,Maharashtra,India,2022-03-03
10930,Ishaan Malhotra,Male,20,Kolkata,West Bengal,India,2024-03-22
10931,Aanya Joshi,Male,33,Kolkata,West Bengal,India,2023-08-19
10932,Kabir Joshi,Male,56,Ahmedabad,Gujarat,India,2025-06-02
10933,Isha Agarwal,Male,24,Hyderabad,Telangana,India,2023-06-07
10934,Aanya Sethi,Female,56,Jaipur,Rajasthan,India,2022-12-31
10935,Kabir Bansal,Male,40,Pune,Maharashtra,India,2025-06-09
10936,Aarav Verma,Female,24,Kochi,Kerala,India,2024-12-10
10937,Kavya Patel,Female,62,Delhi,Delhi,India,2024-06-21
10938,Isha Joshi,Male,42,Delhi,Delhi,India,2025-10-24
10939,Meera Singh,Male,50,Pune,Maharashtra,India,2025-02-17
10940,Arjun Sharma,Female,22,Kolkata,West Bengal,India,2025-06-18
10941,Kavya Singh,Female,35,Ahmedabad,Gujarat,India,2025-03-12
10942,Diya Malhotra,Female,48,Chennai,Tamil Nadu,India,2023-08-10
10943,Arjun Malhotra,Female,48,Lucknow,Uttar Pradesh,India,2022-04-02
10944,Vivaan Gupta,Male,21,Pune,Maharashtra,India,2024-06-05
10945,Aditya Sethi,Female,47,Delhi,Delhi,India,2025-01-21
10946,Diya Chopra,Male,63,Delhi,Delhi,India,2025-12-18
10947,Karan Singh,Female,55,Kochi,Kerala,India,2024-09-22
10948,Isha Chopra,Female,27,Delhi,Delhi,India,2024-04-09
10949,Aanya Sharma,Male,61,Kochi,Kerala,India,2024-04-20
10950,Ishaan Chopra,Female,50,Hyderabad,Telangana,India,2022-06-17
10951,Aanya Reddy,Female,20,Delhi,Delhi,India,2022-01-11
10952,Aanya Sharma,Male,24,Hyderabad,Telangana,India,2022-03-08
10953,Kavya Agarwal,Male,62,Jaipur,Rajasthan,India,2025-08-14
10954,Riya Reddy,Male,28,Pune,Maharashtra,India,2025-02-27
10955,Arjun Chopra,Female,22,Chandigarh,Chandigarh,India,2023-01-15
10956,Kabir Reddy,Male,39,Jaipur,Rajasthan,India,2023-09-11
10957,Arjun Khan,Other,43,Chennai,Tamil Nadu,India,2023-12-08
10958,Priya Verma,Male,45,Jaipur,Rajasthan,India,2022-12-27
10959,Vivaan Sethi,Female,49,Kochi,Kerala,India,2023-09-10
10960,Vivaan Joshi,Female,65,Chennai,Tamil Nadu,India,2023-05-23
10961,Sara Joshi,Female,54,Delhi,Delhi,India,2024-10-11
10962,Ananya Malhotra,Female,19,Chennai,Tamil Nadu,India,2025-01-10
10963,Isha Khan,Male,22,Lucknow,Uttar Pradesh,India,2022-05-24
10964,Aanya Gupta,Female,18,Bengaluru,Karnataka,India,2023-11-11
10965,Meera Agarwal,Female,36,Kochi,Kerala,India,2025-12-18
10966,Riya Verma,Female,34,Jaipur,Rajasthan,India,2025-06-22
10967,Riya Bansal,Male,62,Jaipur,Rajasthan,India,2025-03-04
10968,Arjun Sethi,Female,35,Hyderabad,Telangana,India,2024-12-08
10969,Aanya Patel,Female,19,Kochi,Kerala,India,2022-01-07
10970,Riya Patel,Female,60,Mumbai,Maharashtra,India,2025-11-23
10971,Aanya Mehta,Male,30,Hyderabad,Telangana,India,2024-12-09
10972,Sara Reddy,Female,61,Pune,Maharashtra,India,2025-07-21
10973,Aditya Bansal,Male,55,Pune,Maharashtra,India,2025-08-19
10974,Aarav Kapoor,Female,60,Pune,Maharashtra,India,2023-01-07
10975,Neha Gupta,Female,57,Delhi,Delhi,India,2022-01-21
10976,Rahul Singh,Female,24,Bengaluru,Karnataka,India,2024-08-20
10977,Riya Malhotra,Female,48,Delhi,Delhi,India,2023-11-02
10978,Diya Reddy,Female,37,Kolkata,West Bengal,India,2022-01-30
10979,Aanya Agarwal,Male,48,Chennai,Tamil Nadu,India,2023-01-31
10980,Vivaan Singh,Male,53,Kolkata,West Bengal,India,2025-12-18
10981,Sara Sethi,Female,42,Jaipur,Rajasthan,India,2023-06-15
10982,Meera Kapoor,Female,33,Ahmedabad,Gujarat,India,2023-01-17
10983,Arjun Sethi,Male,61,Kolkata,West Bengal,India,2024-08-13
10984,Priya Singh,Female,49,Jaipur,Rajasthan,India,2024-08-28
10985,Diya Joshi,Female,60,Jaipur,Rajasthan,India,2023-04-30
10986,Ananya Chopra,Female,29,Jaipur,Rajasthan,India,2025-05-24
10987,Aditya Singh,Female,58,Jaipur,Rajasthan,India,2024-04-27
10988,Vivaan Bansal,Female,33,Hyderabad,Telangana,India,2022-08-23
10989,Isha Reddy,Other,40,Bengaluru,Karnataka,India,2023-04-20
10990,Aanya Gupta,Other,59,Chandigarh,Chandigarh,India,2025-05-22
10991,Ananya Verma,Other,35,Chennai,Tamil Nadu,India,2022-05-11
10992,Meera Bansal,Female,30,Kolkata,West Bengal,India,2022-01-18
10993,Kavya Kapoor,Female,61,Bengaluru,Karnataka,India,2024-08-16
10994,Ishaan Verma,Female,64,Pune,Maharashtra,India,2023-10-08
10995,Karan Patel,Female,32,Kolkata,West Bengal,India,2023-01-05
10996,Priya Agarwal,Female,32,Jaipur,Rajasthan,India,2023-11-21
10997,Aditya Mehta,Female,28,Kolkata,West Bengal,India,2022-09-26
10998,Aanya Kapoor,Female,19,Chennai,Tamil Nadu,India,2023-07-01
10999,Aarav Sethi,Female,44,Kochi,Kerala,India,2022-12-08
11000,Riya Patel,Female,30,Kolkata,West Bengal,India,2024-05-06
11001,Ishaan Sethi,Male,58,Chandigarh,Chandigarh,India,2024-09-10
11002,Aarav Malhotra,Female,26,Ahmedabad,Gujarat,India,2025-08-28
11003,Nisha Reddy,Male,48,Kolkata,West Bengal,India,2022-04-09
11004,Rohan Joshi,Female,42,Lucknow,Uttar Pradesh,India,2023-04-23
11005,Arjun Verma,Male,47,Delhi,Delhi,India,2023-01-22
11006,Rahul Chopra,Female,23,Kochi,Kerala,India,2024-04-25
11007,Meera Patel,Male,40,Lucknow,Uttar Pradesh,India,2024-02-18
11008,Rohan Gupta,Female,48,Kolkata,West Bengal,India,2025-07-05
11009,Rohan Gupta,Female,34,Ahmedabad,Gujarat,India,2025-09-03
11010,Arjun Bansal,Male,59,Kolkata,West Bengal,India,2025-02-02
11011,Aditya Sharma,Female,43,Hyderabad,Telangana,India,2022-10-18
11012,Aanya Mehta,Female,35,Chandigarh,Chandigarh,India,2022-03-01
11013,Ananya Gupta,Male,19,Bengaluru,Karnataka,India,2025-08-05
11014,Kabir Malhotra,Female,26,Hyderabad,Telangana,India,2025-10-08
11015,Meera Malhotra,Male,40,Kolkata,West Bengal,India,2023-01-01
11016,Aanya Patel,Male,37,Lucknow,Uttar Pradesh,India,2022-03-10
11017,Rohan Mehta,Female,59,Chennai,Tamil Nadu,India,2024-09-20
11018,Karan Sharma,Female,55,Pune,Maharashtra,India,2024-05-09
11019,Meera Joshi,Female,25,Mumbai,Maharashtra,India,2025-07-21
11020,Ishaan Kapoor,Male,46,Delhi,Delhi,India,2024-04-20
11021,Ishaan Joshi,Female,39,Mumbai,Maharashtra,India,2025-01-15
11022,Priya Verma,Female,22,Mumbai,Maharashtra,India,2025-02-22
11023,Karan Sharma,Female,49,Lucknow,Uttar Pradesh,India,2022-01-15
11024,Ananya Singh,Male,43,Lucknow,Uttar Pradesh,India,2022-08-05
11025,Ishaan Malhotra,Male,22,Chandigarh,Chandigarh,India,2025-02-12
11026,Ishaan Kapoor,Male,40,Mumbai,Maharashtra,India,2022-09-19
11027,Priya Sethi,Male,53,Mumbai,Maharashtra,India,2022-10-28
11028,Aarav Kapoor,Male,33,Hyderabad,Telangana,India,2025-01-03
11029,Nisha Patel,Male,35,Kolkata,West Bengal,India,2022-10-26
11030,Kabir Khan,Male,23,Chennai,Tamil Nadu,India,2022-08-07
11031,Aditya Sharma,Male,27,Pune,Maharashtra,India,2022-01-20
11032,Isha Patel,Female,65,Bengaluru,Karnataka,India,2023-11-17
11033,Priya Kapoor,Male,47,Ahmedabad,Gujarat,India,2024-07-18
11034,Kavya Malhotra,Male,26,Hyderabad,Telangana,India,2024-12-04
11035,Riya Verma,Female,41,Mumbai,Maharashtra,India,2025-08-15
11036,Vivaan Agarwal,Female,27,Ahmedabad,Gujarat,India,2024-08-08
11037,Nisha Reddy,Female,39,Lucknow,Uttar Pradesh,India,2025-01-09
11038,Ishaan Sharma,Male,24,Mumbai,Maharashtra,India,2022-11-04
11039,Neha Joshi,Female,47,Pune,Maharashtra,India,2023-05-13
11040,Kabir Agarwal,Male,45,Chandigarh,Chandigarh,India,2023-03-20
11041,Sara Mehta,Female,48,Ahmedabad,Gujarat,India,2022-04-05
11042,Priya Agarwal,Male,39,Lucknow,Uttar Pradesh,India,2025-11-15
11043,Aanya Joshi,Female,31,Chennai,Tamil Nadu,India,2022-12-19
11044,Rohan Chopra,Male,29,Chennai,Tamil Nadu,India,2023-10-18
11045,Neha Reddy,Male,28,Ahmedabad,Gujarat,India,2023-06-06
11046,Riya Sharma,Female,38,Delhi,Delhi,India,2022-03-06
11047,Rahul Malhotra,Female,39,Bengaluru,Karnataka,India,2025-08-11
11048,Neha Khan,Female,50,Jaipur,Rajasthan,India,2022-11-17
11049,Aanya Gupta,Female,20,Ahmedabad,Gujarat,India,2022-05-27
11050,Priya Kapoor,Male,31,Delhi,Delhi,India,2023-05-15
11051,Vivaan Reddy,Male,58,Kolkata,West Bengal,India,2022-07-29
11052,Arjun Sharma,Male,61,Chennai,Tamil Nadu,India,2025-12-30
11053,Vivaan Malhotra,Male,62,Kolkata,West Bengal,India,2022-10-03
11054,Aditya Sethi,Female,32,Kochi,Kerala,India,2023-03-18
11055,Aanya Mehta,Male,24,Mumbai,Maharashtra,India,2023-01-31
11056,Aarav Patel,Male,27,Kochi,Kerala,India,2022-02-08
11057,Arjun Reddy,Female,24,Pune,Maharashtra,India,2022-01-19
11058,Rohan Patel,Male,63,Chandigarh,Chandigarh,India,2024-01-19
11059,Aarav Verma,Female,60,Pune,Maharashtra,India,2022-12-06
11060,Kabir Sharma,Male,56,Hyderabad,Telangana,India,2022-05-03
11061,Riya Reddy,Male,53,Chandigarh,Chandigarh,India,2023-03-02
11062,Neha Singh,Male,34,Ahmedabad,Gujarat,India,2023-02-05
11063,Priya Patel,Female,40,Delhi,Delhi,India,2023-09-12
11064,Aarav Verma,Male,58,Ahmedabad,Gujarat,India,2025-12-19
11065,Aanya Malhotra,Female,57,Chandigarh,Chandigarh,India,2023-03-25
11066,Aarav Chopra,Male,42,Chennai,Tamil Nadu,India,2024-10-25
11067,Riya Patel,Female,58,Kochi,Kerala,India,2025-01-26
11068,Neha Reddy,Male,34,Jaipur,Rajasthan,India,2022-03-15
11069,Neha Singh,Male,37,Chennai,Tamil Nadu,India,2024-01-02
11070,Kavya Patel,Female,58,Mumbai,Maharashtra,India,2023-10-18
11071,Riya Sethi,Female,36,Ahmedabad,Gujarat,India,2024-01-12
11072,Arjun Malhotra,Male,54,Bengaluru,Karnataka,India,2022-09-08
11073,Aditya Mehta,Female,39,Chandigarh,Chandigarh,India,2023-11-10
11074,Karan Sethi,Female,32,Kolkata,West Bengal,India,2022-06-29
11075,Kavya Kapoor,Female,28,Pune,Maharashtra,India,2025-10-12
11076,Ishaan Patel,Female,47,Delhi,Delhi,India,2024-05-07
11077,Sara Reddy,Male,41,Ahmedabad,Gujarat,India,2022-02-20
11078,Kabir Gupta,Male,35,Delhi,Delhi,India,2024-01-09
11079,Riya Mehta,Female,53,Pune,Maharashtra,India,2025-09-14
11080,Arjun Sharma,Female,18,Lucknow,Uttar Pradesh,India,2024-12-20
11081,Karan Kapoor,Female,22,Kochi,Kerala,India,2023-02-03
11082,Diya Singh,Female,64,Kochi,Kerala,India,2025-07-26
11083,Riya Bansal,Male,49,Kochi,Kerala,India,2022-09-28
11084,Ananya Gupta,Female,44,Kolkata,West Bengal,India,2022-12-27
11085,Aanya Bansal,Male,18,Bengaluru,Karnataka,India,2022-08-15
11086,Rahul Singh,Male,46,Lucknow,Uttar Pradesh,India,2025-09-09
11087,Aanya Kapoor,Male,38,Chandigarh,Chandigarh,India,2024-11-12
11088,Karan Kapoor,Male,46,Kochi,Kerala,India,2024-01-27
11089,Ishaan Bansal,Female,19,Jaipur,Rajasthan,India,2024-09-02
11090,Ananya Malhotra,Female,44,Delhi,Delhi,India,2023-01-13
11091,Meera Kapoor,Female,45,Kolkata,West Bengal,India,2022-04-14
11092,Aditya Sethi,Male,31,Pune,Maharashtra,India,2025-05-19
11093,Vivaan Khan,Male,20,Lucknow,Uttar Pradesh,India,2025-11-08
11094,Rohan Singh,Female,64,Chennai,Tamil Nadu,India,2022-02-21
11095,Aarav Chopra,Female,52,Hyderabad,Telangana,India,2022-03-17
11096,Karan Kapoor,Female,47,Mumbai,Maharashtra,India,2024-03-27
11097,Riya Sharma,Male,54,Lucknow,Uttar Pradesh,India,2022-03-04
11098,Diya Patel,Male,50,Chandigarh,Chandigarh,India,2024-11-19
11099,Diya Verma,Male,24,Mumbai,Maharashtra,India,2025-10-12
11100,Neha Singh,Male,39,Pune,Maharashtra,India,2023-02-13
11101,Meera Agarwal,Female,60,Pune,Maharashtra,India,2023-03-06
11102,Ishaan Verma,Male,31,Pune,Maharashtra,India,2025-06-14
11103,Rohan Sethi,Male,64,Kochi,Kerala,India,2023-06-05
11104,Sara Reddy,Female,21,Delhi,Delhi,India,2022-12-17
11105,Kabir Joshi,Male,33,Hyderabad,Telangana,India,2022-05-04
11106,Arjun Bansal,Female,34,Bengaluru,Karnataka,India,2025-05-11
11107,Karan Bansal,Male,47,Bengaluru,Karnataka,India,2025-09-13
11108,Meera Reddy,Male,26,Lucknow,Uttar Pradesh,India,2022-04-25
11109,Ananya Kapoor,Male,28,Kochi,Kerala,India,2025-03-18
11110,Aanya Gupta,Male,49,Mumbai,Maharashtra,India,2022-08-22
11111,Aditya Patel,Female,31,Jaipur,Rajasthan,India,2022-07-22
11112,Nisha Patel,Male,60,Bengaluru,Karnataka,India,2023-07-11
11113,Priya Gupta,Male,59,Bengaluru,Karnataka,India,2023-09-30
11114,Karan Joshi,Male,32,Hyderabad,Telangana,India,2025-05-31
11115,Ishaan Sharma,Male,44,Bengaluru,Karnataka,India,2024-10-18
11116,Vivaan Chopra,Female,33,Pune,Maharashtra,India,2022-07-31
11117,Isha Singh,Male,34,Kochi,Kerala,India,2024-05-02
11118,Rohan Sharma,Male,50,Jaipur,Rajasthan,India,2025-07-02
11119,Sara Verma,Female,32,Ahmedabad,Gujarat,India,2024-08-24
11120,Priya Singh,Male,25,Pune,Maharashtra,India,2022-12-02
11121,Ishaan Mehta,Male,30,Mumbai,Maharashtra,India,2022-07-08
11122,Nisha Sharma,Male,62,Delhi,Delhi,India,2023-10-23
11123,Rahul Mehta,Male,30,Hyderabad,Telangana,India,2023-11-21
11124,Rohan Gupta,Female,35,Bengaluru,Karnataka,India,2023-05-30
11125,Sara Kapoor,Other,48,Lucknow,Uttar Pradesh,India,2022-06-09
11126,Karan Kapoor,Female,22,Lucknow,Uttar Pradesh,India,2022-06-22
11127,Neha Kapoor,Male,30,Lucknow,Uttar Pradesh,India,2024-02-12
11128,Ishaan Mehta,Female,26,Jaipur,Rajasthan,India,2025-10-10
11129,Ishaan Verma,Male,62,Kolkata,West Bengal,India,2024-05-22
11130,Isha Sharma,Male,62,Jaipur,Rajasthan,India,2023-10-02
11131,Kabir Singh,Male,54,Chennai,Tamil Nadu,India,2025-09-21
11132,Rohan Agarwal,Male,29,Ahmedabad,Gujarat,India,2024-10-04
11133,Diya Reddy,Female,47,Chandigarh,Chandigarh,India,2024-11-14
11134,Rahul Chopra,Male,49,Chandigarh,Chandigarh,India,2024-04-19
11135,Aarav Patel,Male,59,Jaipur,Rajasthan,India,2025-01-18
11136,Priya Patel,Female,25,Mumbai,Maharashtra,India,2024-01-03
11137,Sara Mehta,Male,53,Ahmedabad,Gujarat,India,2024-06-27
11138,Aarav Agarwal,Male,27,Chennai,Tamil Nadu,India,2024-06-19
11139,Vivaan Agarwal,Male,45,Ahmedabad,Gujarat,India,2025-01-03
11140,Riya Sethi,Male,60,Kolkata,West Bengal,India,2025-08-04
11141,Ananya Chopra,Female,20,Lucknow,Uttar Pradesh,India,2023-03-06
11142,Arjun Malhotra,Male,25,Chennai,Tamil Nadu,India,2024-10-17
11143,Aditya Agarwal,Female,57,Kochi,Kerala,India,2022-02-16
11144,Riya Sethi,Female,18,Lucknow,Uttar Pradesh,India,2024-02-17
11145,Priya Mehta,Female,50,Hyderabad,Telangana,India,2025-08-05
11146,Vivaan Chopra,Female,42,Pune,Maharashtra,India,2024-07-30
11147,Ananya Verma,Female,34,Kolkata,West Bengal,India,2023-01-26
11148,Sara Reddy,Male,59,Chandigarh,Chandigarh,India,2024-06-04
11149,Karan Agarwal,Female,58,Ahmedabad,Gujarat,India,2023-06-07
11150,Aarav Verma,Female,33,Lucknow,Uttar Pradesh,India,2023-09-25
11151,Rohan Joshi,Female,18,Chennai,Tamil Nadu,India,2022-11-30
11152,Aditya Sharma,Male,24,Kolkata,West Bengal,India,2024-07-01
11153,Meera Agarwal,Female,23,Pune,Maharashtra,India,2022-10-17
11154,Riya Agarwal,Female,65,Lucknow,Uttar Pradesh,India,2023-10-10
11155,Nisha Joshi,Male,46,Hyderabad,Telangana,India,2025-10-03
11156,Aanya Sethi,Female,50,Jaipur,Rajasthan,India,2025-01-11
11157,Ishaan Verma,Male,29,Delhi,Delhi,India,2023-08-28
11158,Priya Mehta,Female,58,Lucknow,Uttar Pradesh,India,2025-11-15
11159,Neha Malhotra,Female,52,Chennai,Tamil Nadu,India,2022-01-21
11160,Kavya Sharma,Female,54,Chennai,Tamil Nadu,India,2025-11-02
11161,Meera Malhotra,Male,40,Kolkata,West Bengal,India,2023-05-30
11162,Ananya Singh,Female,51,Pune,Maharashtra,India,2025-04-13
11163,Neha Kapoor,Male,44,Lucknow,Uttar Pradesh,India,2025-10-15
11164,Kavya Malhotra,Female,36,Kolkata,West Bengal,India,2024-05-28
11165,Aarav Chopra,Male,46,Kolkata,West Bengal,India,2024-06-10
11166,Arjun Mehta,Female,33,Delhi,Delhi,India,2024-12-30
11167,Kavya Chopra,Female,63,Mumbai,Maharashtra,India,2022-12-17
11168,Sara Malhotra,Female,52,Chennai,Tamil Nadu,India,2022-09-17
11169,Priya Mehta,Male,53,Kochi,Kerala,India,2023-05-17
11170,Riya Patel,Female,52,Kochi,Kerala,India,2023-12-01
11171,Vivaan Malhotra,Male,39,Jaipur,Rajasthan,India,2024-12-20
11172,Ananya Singh,Male,63,Jaipur,Rajasthan,India,2023-01-11
11173,Rahul Patel,Other,27,Chennai,Tamil Nadu,India,2024-04-04
11174,Aarav Gupta,Female,45,Bengaluru,Karnataka,India,2022-01-06
11175,Priya Kapoor,Male,21,Mumbai,Maharashtra,India,2022-02-15
11176,Isha Khan,Male,32,Chennai,Tamil Nadu,India,2025-11-12
11177,Diya Malhotra,Male,45,Hyderabad,Telangana,India,2025-05-26
11178,Ananya Sethi,Other,41,Bengaluru,Karnataka,India,2025-06-15
11179,Neha Singh,Male,63,Hyderabad,Telangana,India,2023-04-25
11180,Meera Reddy,Male,47,Mumbai,Maharashtra,India,2024-01-20
11181,Aarav Agarwal,Male,37,Jaipur,Rajasthan,India,2024-09-12
11182,Ananya Reddy,Female,38,Kochi,Kerala,India,2023-01-07
11183,Diya Sethi,Male,47,Ahmedabad,Gujarat,India,2024-12-22
11184,Arjun Gupta,Male,55,Pune,Maharashtra,India,2024-10-08
11185,Sara Patel,Male,31,Pune,Maharashtra,India,2023-08-18
11186,Diya Gupta,Male,46,Hyderabad,Telangana,India,2023-09-27
11187,Kabir Sethi,Female,45,Delhi,Delhi,India,2023-03-25
11188,Ishaan Khan,Female,18,Jaipur,Rajasthan,India,2025-03-18
11189,Ishaan Singh,Female,61,Kolkata,West Bengal,India,2025-12-11
11190,Arjun Chopra,Male,45,Mumbai,Maharashtra,India,2025-12-30
11191,Sara Verma,Female,29,Chennai,Tamil Nadu,India,2025-01-31
11192,Rahul Khan,Male,48,Hyderabad,Telangana,India,2023-05-25
11193,Rahul Bansal,Male,50,Bengaluru,Karnataka,India,2025-02-14
11194,Rohan Sharma,Male,61,Ahmedabad,Gujarat,India,2022-12-23
11195,Ishaan Khan,Female,19,Kolkata,West Bengal,India,2025-08-01
11196,Arjun Sethi,Male,37,Jaipur,Rajasthan,India,2023-01-26
11197,Aarav Verma,Female,26,Ahmedabad,Gujarat,India,2023-08-12
11198,Aanya Patel,Male,45,Kochi,Kerala,India,2022-05-17
11199,Rohan Singh,Female,42,Chandigarh,Chandigarh,India,2022-04-29
11200,Vivaan Joshi,Female,40,Jaipur,Rajasthan,India,2023-07-30
11201,Rahul Verma,Female,65,Lucknow,Uttar Pradesh,India,2024-03-14
11202,Rahul Reddy,Male,43,Pune,Maharashtra,India,2022-01-26
11203,Rohan Chopra,Female,37,Kochi,Kerala,India,2025-05-20
11204,Rohan Gupta,Male,21,Chandigarh,Chandigarh,India,2022-06-17
11205,Rohan Mehta,Male,31,Jaipur,Rajasthan,India,2025-12-28
11206,Aditya Khan,Male,61,Lucknow,Uttar Pradesh,India,2023-02-01
11207,Ishaan Bansal,Female,39,Kolkata,West Bengal,India,2023-07-08
11208,Ananya Malhotra,Female,61,Ahmedabad,Gujarat,India,2022-08-22
11209,Ananya Gupta,Female,43,Hyderabad,Telangana,India,2025-04-18
11210,Riya Verma,Female,44,Kochi,Kerala,India,2024-12-04
11211,Riya Reddy,Male,38,Jaipur,Rajasthan,India,2022-04-25
11212,Priya Malhotra,Female,44,Chandigarh,Chandigarh,India,2022-06-04
11213,Ishaan Chopra,Female,21,Pune,Maharashtra,India,2024-06-08
11214,Rohan Patel,Female,20,Lucknow,Uttar Pradesh,India,2025-06-18
11215,Priya Chopra,Male,40,Mumbai,Maharashtra,India,2022-06-10
11216,Sara Verma,Female,46,Delhi,Delhi,India,2022-11-19
11217,Kavya Verma,Male,44,Kolkata,West Bengal,India,2024-03-07
11218,Diya Chopra,Female,38,Ahmedabad,Gujarat,India,2022-06-08
11219,Meera Reddy,Other,32,Chandigarh,Chandigarh,India,2023-03-21
11220,Ishaan Mehta,Male,52,Pune,Maharashtra,India,2022-01-15
11221,Ishaan Kapoor,Female,47,Jaipur,Rajasthan,India,2023-12-30
11222,Meera Malhotra,Female,20,Kolkata,West Bengal,India,2024-11-10
11223,Riya Malhotra,Female,39,Kochi,Kerala,India,2023-08-25
11224,Ishaan Gupta,Female,52,Jaipur,Rajasthan,India,2023-01-10
11225,Diya Chopra,Female,55,Pune,Maharashtra,India,2023-09-12
11226,Kavya Singh,Male,31,Kochi,Kerala,India,2024-01-14
11227,Ananya Bansal,Male,62,Delhi,Delhi,India,2022-08-30
11228,Isha Verma,Female,49,Kochi,Kerala,India,2022-06-12
11229,Diya Sharma,Male,39,Delhi,Delhi,India,2022-09-23
11230,Aditya Joshi,Female,48,Hyderabad,Telangana,India,2025-12-09
11231,Aditya Kapoor,Other,59,Chandigarh,Chandigarh,India,2024-11-21
11232,Diya Joshi,Female,28,Ahmedabad,Gujarat,India,2022-07-03
11233,Karan Verma,Male,25,Kochi,Kerala,India,2023-03-16
11234,Priya Reddy,Male,39,Ahmedabad,Gujarat,India,2023-08-25
11235,Kavya Agarwal,Female,22,Jaipur,Rajasthan,India,2022-09-22
11236,Karan Chopra,Female,58,Chennai,Tamil Nadu,India,2025-05-28
11237,Ananya Gupta,Female,64,Mumbai,Maharashtra,India,2025-10-05
11238,Kavya Mehta,Male,47,Delhi,Delhi,India,2022-12-24
11239,Sara Kapoor,Male,65,Hyderabad,Telangana,India,2022-01-25
11240,Kavya Khan,Male,21,Mumbai,Maharashtra,India,2023-01-25
11241,Ananya Mehta,Male,48,Kolkata,West Bengal,India,2024-04-30
11242,Nisha Sharma,Male,39,Chandigarh,Chandigarh,India,2025-03-26
11243,Ananya Kapoor,Female,31,Kochi,Kerala,India,2023-05-11
11244,Aanya Singh,Male,32,Pune,Maharashtra,India,2023-02-04
11245,Meera Kapoor,Male,44,Lucknow,Uttar Pradesh,India,2022-12-30
11246,Arjun Gupta,Female,48,Kochi,Kerala,India,2022-01-05
11247,Meera Singh,Male,25,Lucknow,Uttar Pradesh,India,2022-01-21
11248,Ishaan Joshi,Female,47,Pune,Maharashtra,India,2023-09-17
11249,Ishaan Kapoor,Female,62,Hyderabad,Telangana,India,2024-06-20
11250,Kabir Kapoor,Male,18,Kochi,Kerala,India,2022-01-19
11251,Meera Khan,Female,60,Bengaluru,Karnataka,India,2022-10-20
11252,Neha Agarwal,Female,47,Chennai,Tamil Nadu,India,2025-08-21
11253,Aarav Kapoor,Female,34,Mumbai,Maharashtra,India,2025-12-16
11254,Rohan Khan,Male,53,Chandigarh,Chandigarh,India,2024-07-26
11255,Rohan Reddy,Male,47,Jaipur,Rajasthan,India,2024-02-01
11256,Rohan Patel,Female,54,Delhi,Delhi,India,2024-05-01
11257,Aditya Chopra,Female,21,Bengaluru,Karnataka,India,2023-06-25
11258,Sara Agarwal,Female,20,Kolkata,West Bengal,India,2022-10-22
11259,Rahul Sharma,Male,48,Kolkata,West Bengal,India,2023-07-03
11260,Riya Malhotra,Female,32,Chandigarh,Chandigarh,India,2024-10-18
11261,Neha Bansal,Male,29,Hyderabad,Telangana,India,2024-08-25
11262,Aanya Reddy,Male,38,Kochi,Kerala,India,2024-09-15
11263,Nisha Malhotra,Female,52,Pune,Maharashtra,India,2024-06-07
11264,Aarav Verma,Male,26,Chandigarh,Chandigarh,India,2022-03-30
11265,Karan Khan,Male,64,Bengaluru,Karnataka,India,2024-07-03
11266,Aarav Verma,Male,38,Mumbai,Maharashtra,India,2025-07-10
11267,Riya Agarwal,Female,25,Mumbai,Maharashtra,India,2024-08-05
11268,Aarav Patel,Male,21,Chennai,Tamil Nadu,India,2024-04-25
11269,Vivaan Bansal,Male,59,Kochi,Kerala,India,2022-11-23
11270,Nisha Chopra,Male,23,Mumbai,Maharashtra,India,2025-03-03
11271,Diya Joshi,Other,38,Chennai,Tamil Nadu,India,2023-10-22
11272,Sara Joshi,Female,50,Delhi,Delhi,India,2023-01-19
11273,Karan Agarwal,Male,42,Kochi,Kerala,India,2023-12-17
11274,Diya Sethi,Male,30,Ahmedabad,Gujarat,India,2022-06-28
11275,Aanya Chopra,Female,23,Chandigarh,Chandigarh,India,2025-09-14
11276,Aarav Sharma,Female,52,Ahmedabad,Gujarat,India,2024-10-22
11277,Vivaan Khan,Female,41,Jaipur,Rajasthan,India,2023-04-22
11278,Riya Singh,Male,20,Chandigarh,Chandigarh,India,2025-03-05
11279,Arjun Sethi,Female,26,Mumbai,Maharashtra,India,2022-03-21
11280,Priya Joshi,Male,45,Lucknow,Uttar Pradesh,India,2023-07-18
11281,Ananya Malhotra,Female,26,Ahmedabad,Gujarat,India,2024-08-09
11282,Aarav Gupta,Female,36,Ahmedabad,Gujarat,India,2022-02-04
11283,Kavya Kapoor,Male,23,Chennai,Tamil Nadu,India,2024-10-31
11284,Riya Bansal,Female,56,Chandigarh,Chandigarh,India,2025-04-09
11285,Ishaan Singh,Male,48,Chennai,Tamil Nadu,India,2024-05-17
11286,Meera Verma,Female,55,Mumbai,Maharashtra,India,2022-10-28
11287,Ananya Chopra,Male,20,Lucknow,Uttar Pradesh,India,2024-12-29
11288,Riya Agarwal,Female,36,Bengaluru,Karnataka,India,2023-05-10
11289,Vivaan Gupta,Other,30,Delhi,Delhi,India,2024-12-10
11290,Rohan Mehta,Male,47,Jaipur,Rajasthan,India,2024-07-06
11291,Arjun Reddy,Female,57,Bengaluru,Karnataka,India,2022-05-17
11292,Arjun Bansal,Female,28,Lucknow,Uttar Pradesh,India,2022-05-26
11293,Diya Joshi,Female,54,Pune,Maharashtra,India,2022-01-23
11294,Kabir Mehta,Male,45,Mumbai,Maharashtra,India,2022-04-16
11295,Isha Mehta,Male,57,Kochi,Kerala,India,2023-03-14
11296,Meera Sharma,Female,21,Kolkata,West Bengal,India,2022-02-07
11297,Vivaan Bansal,Female,65,Hyderabad,Telangana,India,2025-10-02
11298,Isha Sharma,Male,38,Ahmedabad,Gujarat,India,2025-08-31
11299,Kavya Sharma,Male,31,Kolkata,West Bengal,India,2022-09-10
11300,Neha Bansal,Male,26,Mumbai,Maharashtra,India,2023-03-31
11301,Neha Reddy,Female,65,Chandigarh,Chandigarh,India,2024-12-19
11302,Ishaan Agarwal,Male,60,Chennai,Tamil Nadu,India,2024-08-22
11303,Kabir Patel,Other,24,Ahmedabad,Gujarat,India,2024-04-29
11304,Kabir Patel,Female,39,Lucknow,Uttar Pradesh,India,2025-12-15
11305,Kavya Malhotra,Female,53,Jaipur,Rajasthan,India,2024-07-08
11306,Vivaan Mehta,Female,46,Ahmedabad,Gujarat,India,2024-09-04
11307,Priya Patel,Male,27,Hyderabad,Telangana,India,2024-01-04
11308,Diya Malhotra,Female,35,Bengaluru,Karnataka,India,2024-02-06
11309,Rohan Khan,Male,35,Chennai,Tamil Nadu,India,2023-03-01
11310,Isha Chopra,Male,31,Lucknow,Uttar Pradesh,India,2024-01-31
11311,Isha Reddy,Male,64,Kolkata,West Bengal,India,2025-09-02
11312,Nisha Verma,Male,27,Chennai,Tamil Nadu,India,2023-07-05
11313,Rahul Kapoor,Female,51,Chandigarh,Chandigarh,India,2022-07-14
11314,Aarav Gupta,Male,61,Lucknow,Uttar Pradesh,India,2024-05-25
11315,Priya Kapoor,Female,56,Lucknow,Uttar Pradesh,India,2025-02-20
11316,Aditya Mehta,Male,56,Hyderabad,Telangana,India,2025-10-31
11317,Rohan Gupta,Male,25,Ahmedabad,Gujarat,India,2024-03-02
11318,Aditya Agarwal,Male,24,Jaipur,Rajasthan,India,2025-02-24
11319,Nisha Patel,Male,55,Pune,Maharashtra,India,2023-01-01
11320,Isha Chopra,Female,53,Chennai,Tamil Nadu,India,2023-09-12
11321,Nisha Sharma,Male,53,Delhi,Delhi,India,2023-09-04
11322,Neha Verma,Male,38,Hyderabad,Telangana,India,2023-05-01
11323,Aarav Malhotra,Male,43,Kolkata,West Bengal,India,2024-11-11
11324,Riya Verma,Female,18,Lucknow,Uttar Pradesh,India,2025-07-13
11325,Rohan Singh,Female,31,Lucknow,Uttar Pradesh,India,2023-04-22
11326,Rahul Reddy,Male,43,Bengaluru,Karnataka,India,2022-07-18
11327,Ishaan Singh,Female,24,Ahmedabad,Gujarat,India,2025-04-20
11328,Aditya Gupta,Male,24,Delhi,Delhi,India,2025-05-25
11329,Aditya Khan,Male,20,Ahmedabad,Gujarat,India,2025-09-26
11330,Karan Patel,Male,28,Chennai,Tamil Nadu,India,2023-01-08
11331,Nisha Khan,Female,65,Pune,Maharashtra,India,2024-11-15
11332,Arjun Kapoor,Male,51,Ahmedabad,Gujarat,India,2024-11-10
11333,Ishaan Sethi,Female,63,Pune,Maharashtra,India,2025-02-27
11334,Ishaan Gupta,Female,30,Chandigarh,Chandigarh,India,2025-03-23
11335,Riya Malhotra,Male,46,Kolkata,West Bengal,India,2025-10-22
11336,Vivaan Bansal,Female,60,Kochi,Kerala,India,2023-11-28
11337,Kabir Chopra,Female,34,Jaipur,Rajasthan,India,2022-04-21
11338,Nisha Kapoor,Female,49,Hyderabad,Telangana,India,2022-10-08
11339,Diya Khan,Male,51,Chandigarh,Chandigarh,India,2025-07-18
11340,Meera Verma,Male,57,Chennai,Tamil Nadu,India,2025-05-18
11341,Ishaan Gupta,Female,64,Kolkata,West Bengal,India,2022-01-17
11342,Meera Verma,Female,47,Delhi,Delhi,India,2023-06-21
11343,Aanya Bansal,Male,45,Delhi,Delhi,India,2022-12-24
11344,Sara Mehta,Female,59,Kolkata,West Bengal,India,2023-04-14
11345,Aarav Bansal,Male,50,Bengaluru,Karnataka,India,2024-07-21
11346,Aarav Sharma,Male,35,Kochi,Kerala,India,2024-01-15
11347,Neha Sethi,Male,48,Lucknow,Uttar Pradesh,India,2023-12-04
11348,Riya Sethi,Male,44,Ahmedabad,Gujarat,India,2023-09-28
11349,Vivaan Verma,Male,28,Ahmedabad,Gujarat,India,2024-07-25
11350,Ishaan Sharma,Male,42,Jaipur,Rajasthan,India,2024-09-24
11351,Kavya Sharma,Female,47,Mumbai,Maharashtra,India,2022-03-05
11352,Aanya Sethi,Female,61,Chennai,Tamil Nadu,India,2022-07-20
11353,Riya Singh,Male,45,Pune,Maharashtra,India,2023-05-14
11354,Ananya Khan,Female,25,Lucknow,Uttar Pradesh,India,2023-09-29
11355,Priya Malhotra,Male,65,Bengaluru,Karnataka,India,2025-12-25
11356,Rohan Agarwal,Male,45,Pune,Maharashtra,India,2025-07-25
11357,Kavya Patel,Male,31,Chennai,Tamil Nadu,India,2024-08-05
11358,Aarav Patel,Female,54,Delhi,Delhi,India,2022-02-22
11359,Kavya Reddy,Male,36,Delhi,Delhi,India,2022-05-28
11360,Karan Gupta,Male,35,Chennai,Tamil Nadu,India,2023-10-30
11361,Diya Sethi,Female,58,Mumbai,Maharashtra,India,2024-05-07
11362,Sara Sharma,Male,59,Mumbai,Maharashtra,India,2024-08-22
11363,Rohan Patel,Male,43,Chennai,Tamil Nadu,India,2022-07-27
11364,Vivaan Chopra,Other,35,Bengaluru,Karnataka,India,2025-07-20
11365,Aditya Joshi,Male,59,Kolkata,West Bengal,India,2023-12-22
11366,Sara Bansal,Female,26,Mumbai,Maharashtra,India,2024-05-16
11367,Priya Singh,Female,53,Hyderabad,Telangana,India,2022-02-27
11368,Nisha Malhotra,Male,46,Pune,Maharashtra,India,2025-04-18
11369,Vivaan Kapoor,Female,58,Kochi,Kerala,India,2024-03-03
11370,Ishaan Patel,Female,38,Jaipur,Rajasthan,India,2022-11-22
11371,Rohan Malhotra,Female,57,Lucknow,Uttar Pradesh,India,2023-04-11
11372,Karan Mehta,Female,18,Chennai,Tamil Nadu,India,2023-05-31
11373,Meera Mehta,Male,54,Pune,Maharashtra,India,2022-02-09
11374,Priya Singh,Female,21,Pune,Maharashtra,India,2025-10-07
11375,Kavya Kapoor,Male,48,Lucknow,Uttar Pradesh,India,2025-03-18
11376,Aarav Gupta,Female,27,Kochi,Kerala,India,2025-07-17
11377,Nisha Chopra,Male,64,Kochi,Kerala,India,2023-06-01
11378,Kabir Joshi,Female,54,Chandigarh,Chandigarh,India,2024-03-25
11379,Diya Gupta,Male,23,Kolkata,West Bengal,India,2023-11-01
11380,Ananya Bansal,Female,60,Kolkata,West Bengal,India,2023-11-26
11381,Neha Sethi,Male,30,Kochi,Kerala,India,2024-05-09
11382,Vivaan Singh,Female,44,Hyderabad,Telangana,India,2023-10-21
11383,Karan Gupta,Female,22,Chennai,Tamil Nadu,India,2025-02-02
11384,Diya Sharma,Female,23,Lucknow,Uttar Pradesh,India,2022-03-27
11385,Aditya Sharma,Male,29,Chennai,Tamil Nadu,India,2022-10-09
11386,Rohan Agarwal,Male,43,Bengaluru,Karnataka,India,2025-07-26
11387,Arjun Reddy,Female,44,Kolkata,West Bengal,India,2025-07-12
11388,Rohan Sharma,Female,59,Hyderabad,Telangana,India,2025-04-09
11389,Ishaan Agarwal,Male,25,Lucknow,Uttar Pradesh,India,2023-06-23
11390,Aditya Verma,Male,53,Lucknow,Uttar Pradesh,India,2023-10-29
11391,Nisha Khan,Female,18,Hyderabad,Telangana,India,2022-02-06
11392,Ishaan Agarwal,Male,31,Kolkata,West Bengal,India,2023-02-12
11393,Nisha Kapoor,Male,26,Kochi,Kerala,India,2024-11-26
11394,Diya Sharma,Male,23,Ahmedabad,Gujarat,India,2023-05-16
11395,Ishaan Khan,Female,46,Bengaluru,Karnataka,India,2023-12-03
11396,Arjun Reddy,Female,61,Jaipur,Rajasthan,India,2022-06-29
11397,Neha Singh,Female,50,Jaipur,Rajasthan,India,2023-12-26
11398,Rahul Gupta,Male,58,Jaipur,Rajasthan,India,2024-11-19
11399,Aanya Verma,Female,46,Mumbai,Maharashtra,India,2024-04-15
11400,Rahul Khan,Male,20,Hyderabad,Telangana,India,2024-03-23
11401,Isha Khan,Male,34,Lucknow,Uttar Pradesh,India,2025-08-28
11402,Kabir Agarwal,Male,57,Bengaluru,Karnataka,India,2022-12-08
11403,Meera Agarwal,Female,20,Hyderabad,Telangana,India,2023-03-14
11404,Ananya Chopra,Female,22,Hyderabad,Telangana,India,2024-06-28
11405,Rahul Sethi,Female,58,Bengaluru,Karnataka,India,2023-12-03
11406,Kabir Singh,Male,21,Delhi,Delhi,India,2025-11-30
11407,Aanya Khan,Male,64,Chennai,Tamil Nadu,India,2022-03-29
11408,Riya Mehta,Female,54,Lucknow,Uttar Pradesh,India,2022-06-28
11409,Kavya Mehta,Male,49,Mumbai,Maharashtra,India,2023-05-15
11410,Aanya Chopra,Female,43,Hyderabad,Telangana,India,2023-11-01
11411,Aanya Bansal,Female,22,Mumbai,Maharashtra,India,2025-07-24
11412,Sara Reddy,Female,37,Kolkata,West Bengal,India,2023-12-23
11413,Ananya Malhotra,Male,56,Hyderabad,Telangana,India,2023-10-01
11414,Arjun Khan,Female,61,Chandigarh,Chandigarh,India,2022-09-01
11415,Sara Patel,Female,39,Jaipur,Rajasthan,India,2023-09-27
11416,Ishaan Verma,Male,58,Chandigarh,Chandigarh,India,2024-02-16
11417,Rahul Singh,Male,55,Jaipur,Rajasthan,India,2024-05-02
11418,Neha Patel,Female,20,Pune,Maharashtra,India,2024-06-03
11419,Aditya Verma,Female,47,Lucknow,Uttar Pradesh,India,2023-09-20
11420,Kavya Chopra,Male,47,Pune,Maharashtra,India,2022-08-18
11421,Priya Verma,Female,44,Kochi,Kerala,India,2022-08-11
11422,Vivaan Gupta,Female,55,Kochi,Kerala,India,2022-08-14
11423,Priya Agarwal,Male,60,Jaipur,Rajasthan,India,2024-06-22
11424,Nisha Verma,Female,44,Ahmedabad,Gujarat,India,2025-06-04
11425,Arjun Chopra,Male,33,Hyderabad,Telangana,India,2025-07-13
11426,Sara Bansal,Female,65,Chandigarh,Chandigarh,India,2023-03-31
11427,Aditya Verma,Female,64,Ahmedabad,Gujarat,India,2022-04-27
11428,Vivaan Bansal,Female,50,Lucknow,Uttar Pradesh,India,2024-07-09
11429,Nisha Joshi,Female,48,Hyderabad,Telangana,India,2022-02-26
11430,Rohan Agarwal,Female,22,Chandigarh,Chandigarh,India,2024-07-04
11431,Vivaan Sethi,Female,37,Pune,Maharashtra,India,2023-07-14
11432,Kavya Bansal,Male,27,Bengaluru,Karnataka,India,2025-05-10
11433,Kavya Khan,Male,42,Bengaluru,Karnataka,India,2024-07-02
11434,Ananya Mehta,Female,57,Kolkata,West Bengal,India,2024-12-16
11435,Sara Bansal,Male,28,Hyderabad,Telangana,India,2023-08-16
11436,Arjun Reddy,Male,65,Delhi,Delhi,India,2025-05-12
11437,Vivaan Khan,Male,24,Pune,Maharashtra,India,2024-02-06
11438,Arjun Joshi,Female,22,Jaipur,Rajasthan,India,2024-07-01
11439,Karan Malhotra,Female,64,Hyderabad,Telangana,India,2023-06-11
11440,Meera Agarwal,Female,22,Kochi,Kerala,India,2023-10-19
11441,Rahul Reddy,Female,53,Chandigarh,Chandigarh,India,2025-05-11
11442,Ananya Gupta,Female,54,Kolkata,West Bengal,India,2023-07-29
11443,Aarav Singh,Male,33,Kochi,Kerala,India,2022-02-01
11444,Meera Khan,Male,21,Pune,Maharashtra,India,2023-07-08
11445,Ishaan Patel,Female,32,Delhi,Delhi,India,2023-07-27
11446,Nisha Khan,Female,21,Mumbai,Maharashtra,India,2023-09-03
11447,Vivaan Sharma,Female,50,Kochi,Kerala,India,2022-04-14
11448,Ananya Malhotra,Male,60,Kochi,Kerala,India,2022-07-08
11449,Kavya Khan,Male,65,Ahmedabad,Gujarat,India,2023-04-19
11450,Priya Khan,Female,56,Delhi,Delhi,India,2023-09-11
11451,Ishaan Joshi,Male,55,Hyderabad,Telangana,India,2022-02-12
11452,Isha Bansal,Other,60,Mumbai,Maharashtra,India,2023-07-23
11453,Arjun Joshi,Male,54,Mumbai,Maharashtra,India,2023-04-13
11454,Rohan Agarwal,Male,49,Bengaluru,Karnataka,India,2022-02-20
11455,Priya Joshi,Male,65,Kolkata,West Bengal,India,2023-01-01
11456,Sara Khan,Female,33,Mumbai,Maharashtra,India,2023-02-06
11457,Aarav Joshi,Female,37,Kochi,Kerala,India,2022-07-29
11458,Priya Verma,Male,61,Pune,Maharashtra,India,2025-01-02
11459,Aditya Mehta,Female,32,Hyderabad,Telangana,India,2022-04-16
11460,Nisha Patel,Male,32,Kolkata,West Bengal,India,2024-04-23
11461,Neha Chopra,Female,25,Chandigarh,Chandigarh,India,2024-08-29
11462,Diya Bansal,Female,31,Hyderabad,Telangana,India,2025-03-23
11463,Ishaan Verma,Female,46,Mumbai,Maharashtra,India,2024-03-07
11464,Rahul Khan,Male,60,Mumbai,Maharashtra,India,2024-03-03
11465,Arjun Singh,Female,24,Lucknow,Uttar Pradesh,India,2025-01-15
11466,Aarav Agarwal,Female,50,Delhi,Delhi,India,2025-05-31
11467,Kavya Sethi,Female,54,Jaipur,Rajasthan,India,2022-11-04
11468,Rahul Khan,Male,60,Chennai,Tamil Nadu,India,2025-03-08
11469,Neha Khan,Other,54,Chandigarh,Chandigarh,India,2023-11-07
11470,Rohan Kapoor,Female,25,Mumbai,Maharashtra,India,2022-05-24
11471,Riya Malhotra,Male,41,Lucknow,Uttar Pradesh,India,2024-06-13
11472,Nisha Sethi,Female,63,Ahmedabad,Gujarat,India,2025-11-27
11473,Aarav Bansal,Male,61,Pune,Maharashtra,India,2022-07-25
11474,Rahul Patel,Female,47,Bengaluru,Karnataka,India,2022-01-22
11475,Rohan Kapoor,Male,64,Kochi,Kerala,India,2025-08-31
11476,Ishaan Sharma,Male,50,Hyderabad,Telangana,India,2024-05-21
11477,Priya Gupta,Male,21,Pune,Maharashtra,India,2022-11-16
11478,Rahul Gupta,Female,61,Chennai,Tamil Nadu,India,2025-03-03
11479,Arjun Kapoor,Male,26,Bengaluru,Karnataka,India,2023-07-29
11480,Sara Reddy,Other,36,Chennai,Tamil Nadu,India,2023-04-30
11481,Rahul Patel,Female,29,Delhi,Delhi,India,2023-02-28
11482,Neha Singh,Male,52,Mumbai,Maharashtra,India,2024-05-23
11483,Sara Verma,Male,19,Hyderabad,Telangana,India,2022-07-16
11484,Kabir Kapoor,Female,48,Delhi,Delhi,India,2023-06-13
11485,Aarav Sethi,Male,59,Chennai,Tamil Nadu,India,2023-03-22
11486,Kavya Kapoor,Female,55,Lucknow,Uttar Pradesh,India,2022-03-30
11487,Nisha Agarwal,Male,32,Delhi,Delhi,India,2025-01-19
11488,Nisha Sethi,Female,61,Mumbai,Maharashtra,India,2022-01-13
11489,Diya Verma,Female,35,Delhi,Delhi,India,2025-11-02
11490,Sara Joshi,Male,50,Kolkata,West Bengal,India,2022-05-19
11491,Sara Reddy,Male,42,Hyderabad,Telangana,India,2023-06-08
11492,Arjun Malhotra,Male,21,Pune,Maharashtra,India,2022-05-24
11493,Arjun Sharma,Other,18,Mumbai,Maharashtra,India,2023-06-20
11494,Neha Chopra,Female,26,Hyderabad,Telangana,India,2024-06-10
11495,Sara Chopra,Female,62,Chennai,Tamil Nadu,India,2022-05-08
11496,Isha Patel,Female,63,Pune,Maharashtra,India,2024-02-07
11497,Neha Khan,Female,37,Kolkata,West Bengal,India,2025-01-31
11498,Isha Singh,Male,64,Chandigarh,Chandigarh,India,2023-10-27
11499,Riya Sethi,Male,20,Pune,Maharashtra,India,2022-06-14
11500,Meera Patel,Male,64,Lucknow,Uttar Pradesh,India,2024-10-07
11501,Arjun Sharma,Female,29,Kolkata,West Bengal,India,2022-09-30
11502,Isha Bansal,Female,19,Hyderabad,Telangana,India,2022-01-25
11503,Priya Reddy,Male,54,Bengaluru,Karnataka,India,2023-09-30
11504,Ananya Sethi,Female,36,Hyderabad,Telangana,India,2023-01-31
11505,Riya Mehta,Female,32,Jaipur,Rajasthan,India,2022-02-11
11506,Nisha Sharma,Female,54,Bengaluru,Karnataka,India,2025-02-08
11507,Diya Reddy,Female,33,Lucknow,Uttar Pradesh,India,2024-05-25
11508,Meera Reddy,Female,54,Pune,Maharashtra,India,2025-08-21
11509,Vivaan Patel,Male,27,Lucknow,Uttar Pradesh,India,2023-12-03
11510,Priya Joshi,Female,22,Ahmedabad,Gujarat,India,2023-10-02
11511,Kavya Malhotra,Male,33,Chennai,Tamil Nadu,India,2025-05-15
11512,Meera Malhotra,Male,47,Bengaluru,Karnataka,India,2022-04-29
11513,Kavya Verma,Male,28,Ahmedabad,Gujarat,India,2023-06-13
11514,Rohan Verma,Female,24,Hyderabad,Telangana,India,2025-03-12
11515,Riya Singh,Female,53,Bengaluru,Karnataka,India,2023-03-04
11516,Ishaan Sethi,Female,41,Kochi,Kerala,India,2025-07-16
11517,Rahul Gupta,Female,38,Pune,Maharashtra,India,2023-02-19
11518,Aarav Singh,Female,29,Mumbai,Maharashtra,India,2023-08-27
11519,Sara Khan,Male,18,Pune,Maharashtra,India,2025-08-03
11520,Neha Singh,Female,20,Pune,Maharashtra,India,2022-12-22
11521,Rahul Gupta,Female,50,Lucknow,Uttar Pradesh,India,2025-11-14
11522,Rahul Khan,Female,21,Ahmedabad,Gujarat,India,2022-03-06
11523,Nisha Kapoor,Male,29,Bengaluru,Karnataka,India,2023-01-24
11524,Priya Joshi,Male,61,Delhi,Delhi,India,2024-05-12
11525,Rohan Chopra,Male,34,Jaipur,Rajasthan,India,2024-05-17
11526,Karan Gupta,Male,53,Mumbai,Maharashtra,India,2025-08-21
11527,Neha Chopra,Male,34,Hyderabad,Telangana,India,2025-11-02
11528,Aarav Chopra,Male,62,Delhi,Delhi,India,2024-09-16
11529,Sara Sethi,Female,57,Mumbai,Maharashtra,India,2024-08-21
11530,Rohan Joshi,Male,40,Kochi,Kerala,India,2023-04-09
11531,Aanya Joshi,Male,50,Delhi,Delhi,India,2025-03-22
11532,Isha Joshi,Female,37,Mumbai,Maharashtra,India,2024-07-27
11533,Aanya Bansal,Male,63,Kochi,Kerala,India,2022-02-05
11534,Aanya Sharma,Male,35,Bengaluru,Karnataka,India,2025-04-29
11535,Aarav Reddy,Male,58,Chandigarh,Chandigarh,India,2023-06-10
11536,Sara Khan,Female,47,Mumbai,Maharashtra,India,2023-11-26
11537,Arjun Agarwal,Male,48,Delhi,Delhi,India,2023-12-11
11538,Aditya Kapoor,Male,34,Delhi,Delhi,India,2025-04-11
11539,Ishaan Sharma,Female,57,Ahmedabad,Gujarat,India,2023-01-27
11540,Nisha Patel,Female,53,Jaipur,Rajasthan,India,2023-07-27
11541,Ishaan Patel,Female,57,Pune,Maharashtra,India,2022-02-27
11542,Aarav Malhotra,Female,56,Bengaluru,Karnataka,India,2023-05-24
11543,Aanya Kapoor,Other,25,Delhi,Delhi,India,2022-05-10
11544,Nisha Singh,Male,60,Kolkata,West Bengal,India,2024-05-01
11545,Aditya Patel,Female,58,Bengaluru,Karnataka,India,2025-07-28
11546,Kavya Kapoor,Female,29,Jaipur,Rajasthan,India,2023-11-10
11547,Aarav Reddy,Other,65,Ahmedabad,Gujarat,India,2025-08-24
11548,Karan Gupta,Female,43,Lucknow,Uttar Pradesh,India,2025-11-27
11549,Isha Mehta,Male,33,Pune,Maharashtra,India,2022-03-20
11550,Sara Mehta,Female,28,Mumbai,Maharashtra,India,2024-01-24
11551,Diya Khan,Female,35,Hyderabad,Telangana,India,2024-02-11
11552,Kabir Patel,Male,19,Lucknow,Uttar Pradesh,India,2023-07-17
11553,Aditya Joshi,Female,51,Kolkata,West Bengal,India,2025-04-27
11554,Priya Reddy,Male,51,Jaipur,Rajasthan,India,2023-07-31
11555,Ishaan Mehta,Female,50,Pune,Maharashtra,India,2022-03-22
11556,Aanya Bansal,Male,44,Delhi,Delhi,India,2024-03-10
11557,Neha Sharma,Male,35,Lucknow,Uttar Pradesh,India,2022-10-22
11558,Kabir Singh,Male,52,Chandigarh,Chandigarh,India,2023-06-03
11559,Rohan Malhotra,Female,59,Kochi,Kerala,India,2024-01-03
11560,Kavya Sharma,Male,22,Lucknow,Uttar Pradesh,India,2024-11-21
11561,Nisha Joshi,Other,36,Hyderabad,Telangana,India,2023-02-11
11562,Isha Bansal,Female,65,Hyderabad,Telangana,India,2023-07-10
11563,Aditya Agarwal,Female,59,Bengaluru,Karnataka,India,2022-04-10
11564,Kabir Patel,Male,65,Kochi,Kerala,India,2023-07-15
11565,Meera Joshi,Female,26,Kolkata,West Bengal,India,2024-04-27
11566,Ishaan Kapoor,Male,40,Pune,Maharashtra,India,2024-06-19
11567,Ananya Sharma,Male,24,Kochi,Kerala,India,2023-03-05
11568,Riya Verma,Female,59,Jaipur,Rajasthan,India,2022-03-30
11569,Ananya Joshi,Male,42,Lucknow,Uttar Pradesh,India,2024-04-22
11570,Vivaan Reddy,Male,29,Kochi,Kerala,India,2024-08-14
11571,Rahul Sharma,Female,22,Mumbai,Maharashtra,India,2022-05-05
11572,Meera Khan,Male,53,Chennai,Tamil Nadu,India,2024-01-08
11573,Isha Agarwal,Female,56,Ahmedabad,Gujarat,India,2022-05-19
11574,Ananya Sethi,Female,60,Chandigarh,Chandigarh,India,2023-10-24
11575,Rahul Khan,Male,64,Delhi,Delhi,India,2024-07-24
11576,Arjun Joshi,Female,57,Hyderabad,Telangana,India,2024-11-16
11577,Rohan Bansal,Male,55,Kolkata,West Bengal,India,2024-11-08
11578,Nisha Sethi,Female,56,Chandigarh,Chandigarh,India,2025-01-12
11579,Sara Verma,Male,65,Delhi,Delhi,India,2022-12-19
11580,Aditya Chopra,Female,40,Jaipur,Rajasthan,India,2025-05-20
11581,Rahul Sharma,Male,54,Hyderabad,Telangana,India,2023-05-26
11582,Rohan Sethi,Male,57,Bengaluru,Karnataka,India,2023-07-02
11583,Rahul Verma,Male,23,Kolkata,West Bengal,India,2025-02-23
11584,Riya Gupta,Other,51,Chennai,Tamil Nadu,India,2023-04-23
11585,Rahul Sharma,Male,34,Jaipur,Rajasthan,India,2022-04-20
11586,Isha Malhotra,Male,24,Hyderabad,Telangana,India,2024-11-08
11587,Kavya Kapoor,Male,26,Chandigarh,Chandigarh,India,2024-08-24
11588,Kabir Gupta,Male,23,Mumbai,Maharashtra,India,2024-04-29
11589,Kabir Malhotra,Male,61,Lucknow,Uttar Pradesh,India,2022-07-29
11590,Vivaan Malhotra,Male,55,Mumbai,Maharashtra,India,2024-07-11
11591,Kavya Agarwal,Female,22,Ahmedabad,Gujarat,India,2022-10-17
11592,Isha Chopra,Male,48,Chennai,Tamil Nadu,India,2024-03-22
11593,Priya Joshi,Male,49,Chennai,Tamil Nadu,India,2024-01-12
11594,Kavya Verma,Female,42,Mumbai,Maharashtra,India,2025-02-02
11595,Nisha Mehta,Female,47,Ahmedabad,Gujarat,India,2025-11-26
11596,Riya Chopra,Other,61,Delhi,Delhi,India,2022-10-05
11597,Ananya Verma,Female,42,Jaipur,Rajasthan,India,2022-06-17
11598,Rahul Malhotra,Female,49,Ahmedabad,Gujarat,India,2024-03-22
11599,Sara Reddy,Female,45,Lucknow,Uttar Pradesh,India,2025-10-21
11600,Diya Reddy,Female,37,Ahmedabad,Gujarat,India,2022-08-19
11601,Karan Malhotra,Male,60,Hyderabad,Telangana,India,2023-12-13
11602,Nisha Bansal,Male,37,Ahmedabad,Gujarat,India,2023-08-18
11603,Aanya Malhotra,Other,56,Chandigarh,Chandigarh,India,2023-04-10
11604,Riya Agarwal,Male,47,Hyderabad,Telangana,India,2024-08-27
11605,Ananya Sharma,Male,50,Delhi,Delhi,India,2023-03-08
11606,Aditya Gupta,Female,54,Lucknow,Uttar Pradesh,India,2023-12-21
11607,Ananya Joshi,Male,53,Delhi,Delhi,India,2025-05-19
11608,Nisha Singh,Female,45,Jaipur,Rajasthan,India,2023-07-09
11609,Priya Joshi,Female,47,Bengaluru,Karnataka,India,2022-01-31
11610,Vivaan Kapoor,Other,42,Delhi,Delhi,India,2025-07-16
11611,Ishaan Chopra,Male,34,Chandigarh,Chandigarh,India,2023-02-05
11612,Sara Sethi,Female,52,Delhi,Delhi,India,2025-02-02
11613,Aanya Patel,Male,60,Ahmedabad,Gujarat,India,2025-01-18
11614,Ishaan Agarwal,Female,51,Ahmedabad,Gujarat,India,2024-02-08
11615,Vivaan Mehta,Female,55,Mumbai,Maharashtra,India,2022-05-09
11616,Aditya Patel,Female,57,Bengaluru,Karnataka,India,2025-10-19
11617,Rohan Gupta,Female,35,Chandigarh,Chandigarh,India,2024-09-21
11618,Rahul Sethi,Male,21,Kolkata,West Bengal,India,2023-09-12
11619,Diya Sethi,Female,34,Delhi,Delhi,India,2025-05-31
11620,Sara Chopra,Male,54,Kochi,Kerala,India,2025-02-24
11621,Rahul Chopra,Female,57,Hyderabad,Telangana,India,2025-01-15
11622,Sara Reddy,Male,42,Mumbai,Maharashtra,India,2022-09-03
11623,Rahul Singh,Male,55,Kochi,Kerala,India,2024-07-12
11624,Diya Chopra,Male,21,Mumbai,Maharashtra,India,2023-02-22
11625,Sara Khan,Female,48,Kolkata,West Bengal,India,2022-04-25
11626,Aditya Malhotra,Male,50,Kochi,Kerala,India,2023-05-09
11627,Riya Khan,Male,42,Kolkata,West Bengal,India,2022-06-01
11628,Ishaan Kapoor,Female,52,Jaipur,Rajasthan,India,2022-06-04
11629,Vivaan Mehta,Female,41,Chennai,Tamil Nadu,India,2024-11-27
11630,Meera Singh,Female,43,Delhi,Delhi,India,2024-01-03
11631,Neha Verma,Female,46,Kolkata,West Bengal,India,2023-08-04
11632,Diya Patel,Female,56,Lucknow,Uttar Pradesh,India,2022-10-08
11633,Nisha Chopra,Female,29,Delhi,Delhi,India,2025-01-30
11634,Aanya Joshi,Female,32,Lucknow,Uttar Pradesh,India,2024-07-14
11635,Meera Patel,Male,38,Chennai,Tamil Nadu,India,2024-05-04
11636,Arjun Malhotra,Female,27,Kolkata,West Bengal,India,2022-10-05
11637,Kabir Malhotra,Female,34,Delhi,Delhi,India,2022-06-30
11638,Isha Singh,Male,34,Jaipur,Rajasthan,India,2022-06-30
11639,Kabir Sethi,Female,33,Bengaluru,Karnataka,India,2022-02-06
11640,Rahul Gupta,Female,37,Hyderabad,Telangana,India,2025-11-15
11641,Riya Bansal,Female,42,Ahmedabad,Gujarat,India,2023-06-21
11642,Nisha Agarwal,Female,51,Mumbai,Maharashtra,India,2024-08-19
11643,Neha Khan,Female,32,Pune,Maharashtra,India,2025-12-05
11644,Rohan Sethi,Female,58,Jaipur,Rajasthan,India,2025-09-29
11645,Rohan Mehta,Female,41,Delhi,Delhi,India,2023-04-14
11646,Nisha Chopra,Other,52,Hyderabad,Telangana,India,2023-12-17
11647,Ishaan Bansal,Male,23,Chennai,Tamil Nadu,India,2023-11-08
11648,Sara Agarwal,Female,26,Jaipur,Rajasthan,India,2022-02-18
11649,Aarav Joshi,Female,39,Kochi,Kerala,India,2025-01-26
11650,Arjun Sethi,Female,35,Lucknow,Uttar Pradesh,India,2024-04-18
11651,Vivaan Reddy,Male,41,Bengaluru,Karnataka,India,2023-06-27
11652,Arjun Malhotra,Male,25,Mumbai,Maharashtra,India,2024-03-26
11653,Kabir Sethi,Female,40,Mumbai,Maharashtra,India,2024-12-09
11654,Rahul Agarwal,Female,50,Jaipur,Rajasthan,India,2022-01-22
11655,Vivaan Malhotra,Female,52,Delhi,Delhi,India,2024-08-01
11656,Sara Chopra,Male,29,Bengaluru,Karnataka,India,2025-06-11
11657,Kabir Kapoor,Male,34,Lucknow,Uttar Pradesh,India,2024-11-26
11658,Karan Khan,Female,43,Lucknow,Uttar Pradesh,India,2024-06-24
11659,Aanya Verma,Male,42,Lucknow,Uttar Pradesh,India,2022-05-13
11660,Priya Singh,Female,56,Hyderabad,Telangana,India,2024-12-23
11661,Ishaan Sethi,Male,36,Jaipur,Rajasthan,India,2024-12-31
11662,Meera Kapoor,Male,50,Jaipur,Rajasthan,India,2023-12-23
11663,Sara Kapoor,Female,60,Bengaluru,Karnataka,India,2024-04-30
11664,Diya Singh,Female,32,Kolkata,West Bengal,India,2024-06-21
11665,Arjun Patel,Male,57,Kolkata,West Bengal,India,2022-06-26
11666,Diya Sethi,Female,33,Chennai,Tamil Nadu,India,2023-01-11
11667,Rahul Chopra,Male,34,Chandigarh,Chandigarh,India,2025-03-02
11668,Isha Verma,Female,49,Ahmedabad,Gujarat,India,2025-11-22
11669,Riya Khan,Male,47,Kolkata,West Bengal,India,2023-01-30
11670,Rahul Patel,Female,44,Ahmedabad,Gujarat,India,2023-08-09
11671,Ishaan Joshi,Female,29,Chandigarh,Chandigarh,India,2025-08-29
11672,Diya Malhotra,Female,22,Kolkata,West Bengal,India,2022-08-25
11673,Rohan Kapoor,Female,61,Hyderabad,Telangana,India,2023-01-17
11674,Ananya Patel,Female,59,Chandigarh,Chandigarh,India,2022-03-23
11675,Ishaan Khan,Male,60,Ahmedabad,Gujarat,India,2022-12-09
11676,Kabir Patel,Female,42,Kochi,Kerala,India,2024-07-17
11677,Aditya Patel,Female,60,Delhi,Delhi,India,2023-05-24
11678,Priya Sethi,Female,40,Pune,Maharashtra,India,2025-12-06
11679,Meera Agarwal,Female,21,Kochi,Kerala,India,2025-07-25
11680,Vivaan Kapoor,Male,27,Kolkata,West Bengal,India,2025-07-31
11681,Meera Sethi,Male,31,Kochi,Kerala,India,2024-11-26
11682,Diya Sethi,Female,36,Mumbai,Maharashtra,India,2024-10-22
11683,Rohan Gupta,Male,63,Mumbai,Maharashtra,India,2024-01-15
11684,Vivaan Khan,Male,33,Chandigarh,Chandigarh,India,2025-12-17
11685,Meera Mehta,Other,47,Chennai,Tamil Nadu,India,2022-05-20
11686,Priya Agarwal,Female,30,Kolkata,West Bengal,India,2024-11-21
11687,Rahul Singh,Female,48,Pune,Maharashtra,India,2022-07-24
11688,Riya Bansal,Female,45,Chennai,Tamil Nadu,India,2023-05-11
11689,Arjun Singh,Male,25,Kochi,Kerala,India,2023-01-09
11690,Ananya Patel,Male,40,Delhi,Delhi,India,2024-05-27
11691,Arjun Reddy,Female,23,Chandigarh,Chandigarh,India,2025-02-23
11692,Rahul Kapoor,Female,60,Lucknow,Uttar Pradesh,India,2022-04-27
11693,Vivaan Chopra,Male,51,Jaipur,Rajasthan,India,2024-05-28
11694,Kabir Reddy,Male,63,Chennai,Tamil Nadu,India,2022-11-20
11695,Ananya Chopra,Female,60,Delhi,Delhi,India,2022-04-23
11696,Arjun Gupta,Male,28,Ahmedabad,Gujarat,India,2023-09-02
11697,Nisha Sethi,Female,51,Pune,Maharashtra,India,2024-04-28
11698,Aanya Sharma,Female,22,Delhi,Delhi,India,2022-10-22
11699,Sara Kapoor,Male,64,Chennai,Tamil Nadu,India,2023-07-24
11700,Sara Chopra,Male,55,Kochi,Kerala,India,2025-10-24
11701,Kavya Bansal,Other,50,Hyderabad,Telangana,India,2023-05-22
11702,Meera Patel,Female,65,Bengaluru,Karnataka,India,2025-12-24
11703,Aarav Kapoor,Female,58,Ahmedabad,Gujarat,India,2025-05-02
11704,Riya Sethi,Female,59,Bengaluru,Karnataka,India,2023-06-26
11705,Diya Bansal,Female,22,Kochi,Kerala,India,2024-04-22
11706,Aarav Patel,Female,19,Lucknow,Uttar Pradesh,India,2024-11-01
11707,Aanya Chopra,Female,64,Kochi,Kerala,India,2023-11-10
11708,Ishaan Singh,Female,30,Lucknow,Uttar Pradesh,India,2023-08-19
11709,Rahul Gupta,Female,38,Bengaluru,Karnataka,India,2023-04-27
11710,Diya Joshi,Female,20,Bengaluru,Karnataka,India,2022-07-23
11711,Nisha Reddy,Male,47,Chennai,Tamil Nadu,India,2022-02-06
11712,Vivaan Singh,Female,57,Pune,Maharashtra,India,2023-05-07
11713,Ishaan Singh,Male,58,Lucknow,Uttar Pradesh,India,2025-03-07
11714,Nisha Gupta,Male,45,Ahmedabad,Gujarat,India,2022-12-07
11715,Aarav Sethi,Male,49,Jaipur,Rajasthan,India,2022-09-20
11716,Neha Singh,Female,42,Lucknow,Uttar Pradesh,India,2023-04-24
11717,Ishaan Patel,Female,39,Jaipur,Rajasthan,India,2024-05-24
11718,Aanya Reddy,Male,44,Chennai,Tamil Nadu,India,2022-11-10
11719,Karan Sharma,Male,62,Chennai,Tamil Nadu,India,2022-11-18
11720,Karan Khan,Female,30,Kolkata,West Bengal,India,2022-06-14
11721,Aanya Patel,Female,40,Delhi,Delhi,India,2023-05-01
11722,Sara Sethi,Male,46,Ahmedabad,Gujarat,India,2022-11-14
11723,Rohan Kapoor,Female,45,Jaipur,Rajasthan,India,2025-04-28
11724,Meera Malhotra,Male,19,Ahmedabad,Gujarat,India,2025-08-15
11725,Karan Gupta,Female,31,Kolkata,West Bengal,India,2023-06-25
11726,Rohan Agarwal,Female,49,Chandigarh,Chandigarh,India,2022-05-05
11727,Nisha Agarwal,Male,51,Kochi,Kerala,India,2022-05-08
11728,Ishaan Gupta,Female,53,Kolkata,West Bengal,India,2023-04-20
11729,Arjun Kapoor,Male,65,Pune,Maharashtra,India,2023-11-08
11730,Aanya Chopra,Female,50,Delhi,Delhi,India,2024-02-11
11731,Kavya Sharma,Female,45,Chandigarh,Chandigarh,India,2023-03-21
11732,Riya Mehta,Male,33,Lucknow,Uttar Pradesh,India,2023-06-02
11733,Arjun Khan,Female,35,Ahmedabad,Gujarat,India,2023-02-19
11734,Aarav Kapoor,Female,57,Lucknow,Uttar Pradesh,India,2024-01-26
11735,Diya Mehta,Male,40,Lucknow,Uttar Pradesh,India,2024-10-14
11736,Diya Malhotra,Male,52,Chandigarh,Chandigarh,India,2022-03-05
11737,Priya Gupta,Male,23,Kolkata,West Bengal,India,2023-11-30
11738,Vivaan Patel,Female,24,Delhi,Delhi,India,2024-08-04
11739,Rohan Bansal,Female,28,Mumbai,Maharashtra,India,2024-09-08
11740,Vivaan Khan,Male,27,Bengaluru,Karnataka,India,2024-04-02
11741,Neha Verma,Female,47,Pune,Maharashtra,India,2024-02-06
11742,Ishaan Sethi,Female,48,Ahmedabad,Gujarat,India,2024-09-21
11743,Aanya Gupta,Male,44,Pune,Maharashtra,India,2023-07-07
11744,Kabir Agarwal,Female,31,Mumbai,Maharashtra,India,2024-04-08
11745,Kavya Kapoor,Female,45,Bengaluru,Karnataka,India,2023-04-12
11746,Ananya Agarwal,Female,23,Kochi,Kerala,India,2023-10-02
11747,Arjun Singh,Female,40,Kochi,Kerala,India,2022-07-01
11748,Priya Gupta,Male,25,Chennai,Tamil Nadu,India,2023-05-27
11749,Priya Patel,Male,21,Chandigarh,Chandigarh,India,2022-07-27
11750,Neha Sharma,Female,25,Ahmedabad,Gujarat,India,2022-11-27
11751,Sara Singh,Female,23,Kochi,Kerala,India,2023-09-05
11752,Aarav Bansal,Male,40,Lucknow,Uttar Pradesh,India,2024-01-01
11753,Aanya Sethi,Female,44,Jaipur,Rajasthan,India,2025-10-07
11754,Aditya Verma,Male,47,Chennai,Tamil Nadu,India,2022-02-08
11755,Diya Chopra,Male,39,Jaipur,Rajasthan,India,2025-08-04
11756,Karan Agarwal,Male,26,Hyderabad,Telangana,India,2023-04-25
11757,Sara Chopra,Female,19,Chennai,Tamil Nadu,India,2024-11-23
11758,Aanya Bansal,Other,52,Jaipur,Rajasthan,India,2024-09-16
11759,Aanya Bansal,Female,65,Kolkata,West Bengal,India,2025-11-18
11760,Diya Patel,Male,31,Kolkata,West Bengal,India,2022-06-08
11761,Karan Joshi,Male,27,Chennai,Tamil Nadu,India,2025-11-13
11762,Priya Chopra,Male,32,Chennai,Tamil Nadu,India,2022-04-02
11763,Isha Verma,Male,28,Mumbai,Maharashtra,India,2025-07-04
11764,Diya Mehta,Male,28,Jaipur,Rajasthan,India,2024-08-10
11765,Aarav Verma,Female,41,Kolkata,West Bengal,India,2023-12-05
11766,Diya Reddy,Female,55,Kochi,Kerala,India,2023-08-04
11767,Aanya Malhotra,Male,52,Kolkata,West Bengal,India,2022-05-17
11768,Vivaan Bansal,Male,64,Pune,Maharashtra,India,2025-03-16
11769,Vivaan Sethi,Female,35,Mumbai,Maharashtra,India,2024-11-28
11770,Nisha Reddy,Male,41,Bengaluru,Karnataka,India,2025-09-30
11771,Rohan Gupta,Male,36,Chennai,Tamil Nadu,India,2024-12-02
11772,Rohan Agarwal,Female,20,Chennai,Tamil Nadu,India,2025-10-29
11773,Kabir Chopra,Female,36,Chennai,Tamil Nadu,India,2025-07-18
11774,Arjun Sharma,Female,30,Chennai,Tamil Nadu,India,2023-09-14
11775,Kabir Agarwal,Female,40,Chandigarh,Chandigarh,India,2024-10-24
11776,Isha Kapoor,Female,25,Delhi,Delhi,India,2023-01-21
11777,Meera Joshi,Female,53,Hyderabad,Telangana,India,2025-03-07
11778,Diya Patel,Female,58,Delhi,Delhi,India,2024-06-07
11779,Aditya Singh,Female,64,Hyderabad,Telangana,India,2023-10-05
11780,Aanya Gupta,Male,22,Ahmedabad,Gujarat,India,2024-07-06
11781,Ananya Verma,Female,23,Mumbai,Maharashtra,India,2023-02-09
11782,Priya Verma,Other,64,Chennai,Tamil Nadu,India,2024-06-27
11783,Vivaan Joshi,Male,58,Mumbai,Maharashtra,India,2023-11-25
11784,Kabir Kapoor,Male,46,Kochi,Kerala,India,2023-04-15
11785,Ishaan Singh,Male,33,Ahmedabad,Gujarat,India,2025-11-25
11786,Priya Bansal,Male,42,Bengaluru,Karnataka,India,2022-04-04
11787,Kabir Bansal,Female,43,Bengaluru,Karnataka,India,2025-01-11
11788,Riya Khan,Male,58,Delhi,Delhi,India,2022-11-03
11789,Diya Reddy,Female,43,Pune,Maharashtra,India,2022-11-21
11790,Ananya Kapoor,Male,19,Chandigarh,Chandigarh,India,2022-08-14
11791,Aanya Sethi,Male,51,Jaipur,Rajasthan,India,2022-05-30
11792,Riya Verma,Female,55,Lucknow,Uttar Pradesh,India,2022-06-30
11793,Ananya Agarwal,Female,32,Chennai,Tamil Nadu,India,2025-04-30
11794,Kabir Reddy,Male,23,Hyderabad,Telangana,India,2025-09-14
11795,Nisha Sethi,Female,24,Pune,Maharashtra,India,2024-05-03
11796,Vivaan Khan,Female,58,Bengaluru,Karnataka,India,2022-01-21
11797,Aanya Joshi,Female,39,Kochi,Kerala,India,2025-06-16
11798,Kavya Kapoor,Female,43,Bengaluru,Karnataka,India,2024-05-28
11799,Aanya Bansal,Male,64,Pune,Maharashtra,India,2024-01-31
11800,Priya Agarwal,Male,20,Kolkata,West Bengal,India,2025-10-15
11801,Ishaan Reddy,Female,27,Mumbai,Maharashtra,India,2023-08-22
11802,Aarav Patel,Female,57,Pune,Maharashtra,India,2023-06-10
11803,Isha Sharma,Female,43,Pune,Maharashtra,India,2025-02-12
11804,Ananya Khan,Female,19,Hyderabad,Telangana,India,2024-02-09
11805,Isha Verma,Male,51,Delhi,Delhi,India,2024-11-12
11806,Rohan Singh,Male,24,Mumbai,Maharashtra,India,2024-10-12
11807,Isha Mehta,Female,55,Mumbai,Maharashtra,India,2025-05-10
11808,Diya Bansal,Male,56,Pune,Maharashtra,India,2023-04-09
11809,Priya Gupta,Female,57,Delhi,Delhi,India,2022-04-16
11810,Sara Gupta,Male,40,Kochi,Kerala,India,2023-11-29
11811,Aarav Sharma,Male,30,Bengaluru,Karnataka,India,2024-08-03
11812,Kabir Chopra,Male,60,Jaipur,Rajasthan,India,2025-04-07
11813,Kabir Bansal,Male,44,Ahmedabad,Gujarat,India,2023-01-25
11814,Karan Sharma,Male,48,Pune,Maharashtra,India,2024-12-24
11815,Karan Sharma,Female,24,Lucknow,Uttar Pradesh,India,2025-04-30
11816,Ananya Khan,Female,47,Delhi,Delhi,India,2025-03-26
11817,Aanya Mehta,Female,45,Bengaluru,Karnataka,India,2025-03-25
11818,Priya Khan,Male,32,Hyderabad,Telangana,India,2025-12-12
11819,Rohan Malhotra,Male,54,Delhi,Delhi,India,2024-08-23
11820,Aditya Chopra,Male,24,Hyderabad,Telangana,India,2023-06-25
11821,Priya Mehta,Male,52,Hyderabad,Telangana,India,2023-09-30
11822,Meera Bansal,Female,64,Chandigarh,Chandigarh,India,2024-12-26
11823,Isha Sharma,Male,45,Hyderabad,Telangana,India,2022-12-12
11824,Kavya Reddy,Male,23,Lucknow,Uttar Pradesh,India,2024-05-30
11825,Neha Reddy,Female,44,Chandigarh,Chandigarh,India,2024-04-16
11826,Sara Agarwal,Female,43,Lucknow,Uttar Pradesh,India,2024-08-31
11827,Vivaan Malhotra,Female,44,Delhi,Delhi,India,2023-09-08
11828,Kabir Singh,Female,31,Kochi,Kerala,India,2024-12-16
11829,Nisha Sethi,Male,48,Jaipur,Rajasthan,India,2022-04-15
11830,Aanya Agarwal,Male,30,Kochi,Kerala,India,2024-12-30
11831,Aditya Singh,Male,44,Chennai,Tamil Nadu,India,2025-03-31
11832,Kavya Malhotra,Female,46,Kochi,Kerala,India,2025-07-17
11833,Aanya Malhotra,Male,49,Jaipur,Rajasthan,India,2025-09-09
11834,Kabir Sethi,Male,56,Mumbai,Maharashtra,India,2023-05-26
11835,Priya Bansal,Female,60,Chennai,Tamil Nadu,India,2022-03-09
11836,Rahul Joshi,Male,55,Delhi,Delhi,India,2024-08-12
11837,Neha Joshi,Female,56,Kochi,Kerala,India,2022-05-12
11838,Ananya Mehta,Female,59,Hyderabad,Telangana,India,2023-02-14
11839,Aanya Kapoor,Female,29,Bengaluru,Karnataka,India,2024-10-22
11840,Isha Sharma,Female,32,Kolkata,West Bengal,India,2024-05-18
11841,Arjun Agarwal,Male,43,Pune,Maharashtra,India,2024-06-04
11842,Rahul Malhotra,Female,40,Delhi,Delhi,India,2025-01-01
11843,Aanya Malhotra,Female,51,Chandigarh,Chandigarh,India,2022-08-29
11844,Priya Singh,Female,18,Lucknow,Uttar Pradesh,India,2025-02-28
11845,Priya Singh,Female,24,Ahmedabad,Gujarat,India,2024-05-06
11846,Rahul Khan,Female,53,Jaipur,Rajasthan,India,2023-09-06
11847,Kavya Singh,Female,57,Chennai,Tamil Nadu,India,2023-11-08
11848,Diya Sharma,Male,32,Kolkata,West Bengal,India,2024-01-13
11849,Vivaan Agarwal,Female,32,Kolkata,West Bengal,India,2024-03-14
11850,Riya Kapoor,Male,44,Delhi,Delhi,India,2023-05-03
11851,Isha Kapoor,Female,40,Mumbai,Maharashtra,India,2022-11-22
11852,Rohan Malhotra,Male,26,Hyderabad,Telangana,India,2022-09-04
11853,Ishaan Sethi,Male,42,Pune,Maharashtra,India,2023-05-13
11854,Karan Mehta,Female,57,Delhi,Delhi,India,2023-01-16
11855,Aanya Agarwal,Female,53,Delhi,Delhi,India,2024-01-24
11856,Rohan Reddy,Male,57,Lucknow,Uttar Pradesh,India,2025-08-24
11857,Ananya Joshi,Female,48,Chennai,Tamil Nadu,India,2022-06-07
11858,Neha Malhotra,Male,60,Jaipur,Rajasthan,India,2023-03-28
11859,Arjun Agarwal,Female,29,Kolkata,West Bengal,India,2022-03-13
11860,Aarav Malhotra,Female,20,Ahmedabad,Gujarat,India,2025-11-24
11861,Neha Malhotra,Male,23,Ahmedabad,Gujarat,India,2024-10-20
11862,Meera Patel,Male,65,Hyderabad,Telangana,India,2022-12-19
11863,Kabir Mehta,Female,48,Lucknow,Uttar Pradesh,India,2023-08-28
11864,Aanya Verma,Male,29,Chennai,Tamil Nadu,India,2024-11-21
11865,Karan Malhotra,Male,58,Lucknow,Uttar Pradesh,India,2025-10-30
11866,Nisha Verma,Female,32,Chennai,Tamil Nadu,India,2024-04-17
11867,Nisha Malhotra,Female,46,Delhi,Delhi,India,2023-01-31
11868,Meera Khan,Female,29,Chandigarh,Chandigarh,India,2024-10-14
11869,Rohan Chopra,Female,22,Mumbai,Maharashtra,India,2024-09-28
11870,Kabir Sharma,Male,30,Chandigarh,Chandigarh,India,2024-07-29
11871,Priya Joshi,Female,28,Mumbai,Maharashtra,India,2022-03-09
11872,Kavya Malhotra,Female,44,Bengaluru,Karnataka,India,2024-10-28
11873,Aarav Sharma,Male,18,Jaipur,Rajasthan,India,2022-01-29
11874,Karan Singh,Male,29,Kochi,Kerala,India,2025-08-15
11875,Sara Verma,Male,45,Chennai,Tamil Nadu,India,2025-07-11
11876,Kavya Singh,Male,36,Delhi,Delhi,India,2024-04-02
11877,Aditya Mehta,Female,48,Bengaluru,Karnataka,India,2024-08-01
11878,Aditya Malhotra,Male,49,Lucknow,Uttar Pradesh,India,2022-04-10
11879,Ishaan Patel,Female,64,Ahmedabad,Gujarat,India,2025-06-30
11880,Aanya Sharma,Female,58,Delhi,Delhi,India,2023-01-31
11881,Aditya Gupta,Female,28,Chennai,Tamil Nadu,India,2023-01-18
11882,Arjun Verma,Male,51,Hyderabad,Telangana,India,2024-10-30
11883,Ishaan Khan,Male,48,Bengaluru,Karnataka,India,2025-10-02
11884,Ishaan Mehta,Female,46,Lucknow,Uttar Pradesh,India,2023-12-23
11885,Ananya Khan,Male,56,Jaipur,Rajasthan,India,2024-01-11
11886,Ishaan Singh,Male,25,Bengaluru,Karnataka,India,2024-03-11
11887,Karan Sharma,Female,36,Jaipur,Rajasthan,India,2023-03-02
11888,Ananya Reddy,Male,57,Chennai,Tamil Nadu,India,2024-05-21
11889,Rahul Verma,Female,60,Mumbai,Maharashtra,India,2025-11-04
11890,Riya Verma,Other,19,Pune,Maharashtra,India,2023-07-13
11891,Arjun Gupta,Female,40,Bengaluru,Karnataka,India,2025-02-02
11892,Kavya Reddy,Female,30,Bengaluru,Karnataka,India,2025-02-03
11893,Diya Joshi,Female,26,Lucknow,Uttar Pradesh,India,2025-05-27
11894,Isha Joshi,Female,20,Ahmedabad,Gujarat,India,2024-11-22
11895,Aanya Reddy,Male,43,Delhi,Delhi,India,2025-09-07
11896,Riya Verma,Male,50,Lucknow,Uttar Pradesh,India,2024-11-08
11897,Rahul Reddy,Female,43,Kolkata,West Bengal,India,2025-11-26
11898,Karan Singh,Male,35,Lucknow,Uttar Pradesh,India,2024-11-10
11899,Kavya Joshi,Male,55,Ahmedabad,Gujarat,India,2025-05-06
11900,Diya Malhotra,Male,49,Chennai,Tamil Nadu,India,2025-07-23
11901,Aditya Kapoor,Male,61,Kolkata,West Bengal,India,2025-12-06
11902,Karan Chopra,Female,34,Kolkata,West Bengal,India,2024-05-19
11903,Ishaan Gupta,Female,29,Ahmedabad,Gujarat,India,2024-11-02
11904,Karan Reddy,Male,39,Bengaluru,Karnataka,India,2025-11-12
11905,Ananya Kapoor,Male,42,Hyderabad,Telangana,India,2023-07-10
11906,Meera Joshi,Male,39,Bengaluru,Karnataka,India,2022-06-24
11907,Rohan Reddy,Male,57,Hyderabad,Telangana,India,2025-07-15
11908,Diya Sharma,Female,20,Delhi,Delhi,India,2024-07-11
11909,Karan Chopra,Male,43,Mumbai,Maharashtra,India,2023-09-18
11910,Rahul Khan,Female,38,Kochi,Kerala,India,2024-11-12
11911,Isha Bansal,Female,28,Mumbai,Maharashtra,India,2022-02-17
11912,Kavya Gupta,Female,48,Lucknow,Uttar Pradesh,India,2023-11-28
11913,Aanya Khan,Female,56,Mumbai,Maharashtra,India,2023-01-23
11914,Arjun Bansal,Male,44,Chandigarh,Chandigarh,India,2023-02-25
11915,Aditya Malhotra,Female,22,Hyderabad,Telangana,India,2025-11-16
11916,Ishaan Gupta,Male,21,Kolkata,West Bengal,India,2024-03-14
11917,Nisha Singh,Male,38,Hyderabad,Telangana,India,2022-07-25
11918,Rohan Sethi,Male,50,Pune,Maharashtra,India,2023-06-17
11919,Kavya Sharma,Male,33,Pune,Maharashtra,India,2022-12-21
11920,Rohan Bansal,Female,32,Kolkata,West Bengal,India,2025-08-20
11921,Priya Reddy,Female,59,Chennai,Tamil Nadu,India,2023-03-02
11922,Diya Sharma,Female,18,Kolkata,West Bengal,India,2023-06-05
11923,Kavya Gupta,Female,21,Chandigarh,Chandigarh,India,2023-05-03
11924,Aditya Bansal,Male,25,Pune,Maharashtra,India,2022-09-14
11925,Isha Sharma,Female,65,Chennai,Tamil Nadu,India,2025-02-13
11926,Arjun Khan,Female,41,Delhi,Delhi,India,2024-04-21
11927,Rohan Bansal,Female,25,Chennai,Tamil Nadu,India,2023-09-30
11928,Karan Khan,Male,32,Delhi,Delhi,India,2023-08-02
11929,Ananya Kapoor,Male,64,Bengaluru,Karnataka,India,2024-08-31
11930,Ishaan Bansal,Female,51,Kochi,Kerala,India,2022-05-21
11931,Aanya Khan,Male,28,Delhi,Delhi,India,2025-09-22
11932,Diya Singh,Male,29,Pune,Maharashtra,India,2024-04-04
11933,Sara Khan,Male,21,Lucknow,Uttar Pradesh,India,2022-11-29
11934,Riya Chopra,Female,55,Kochi,Kerala,India,2024-02-25
11935,Sara Bansal,Male,24,Delhi,Delhi,India,2025-05-28
11936,Priya Patel,Female,31,Delhi,Delhi,India,2022-09-10
11937,Riya Mehta,Female,34,Chennai,Tamil Nadu,India,2024-02-04
11938,Riya Verma,Male,47,Kolkata,West Bengal,India,2024-05-22
11939,Sara Singh,Male,47,Kochi,Kerala,India,2025-03-28
11940,Meera Sharma,Female,56,Bengaluru,Karnataka,India,2024-04-08
11941,Arjun Reddy,Male,32,Delhi,Delhi,India,2024-12-11
11942,Nisha Singh,Female,36,Hyderabad,Telangana,India,2025-02-03
11943,Aditya Sethi,Male,36,Lucknow,Uttar Pradesh,India,2025-07-25
11944,Neha Gupta,Other,20,Mumbai,Maharashtra,India,2023-06-12
11945,Meera Mehta,Male,53,Chennai,Tamil Nadu,India,2024-10-24
11946,Riya Malhotra,Male,43,Delhi,Delhi,India,2022-12-30
11947,Aditya Mehta,Male,40,Delhi,Delhi,India,2025-05-17
11948,Aanya Agarwal,Male,65,Kochi,Kerala,India,2025-10-20
11949,Aarav Reddy,Male,26,Mumbai,Maharashtra,India,2023-03-06
11950,Isha Chopra,Male,64,Hyderabad,Telangana,India,2024-03-30
11951,Sara Gupta,Female,50,Lucknow,Uttar Pradesh,India,2025-04-15
11952,Vivaan Agarwal,Male,28,Jaipur,Rajasthan,India,2022-02-09
11953,Arjun Gupta,Female,50,Mumbai,Maharashtra,India,2024-10-26
11954,Ananya Chopra,Other,54,Pune,Maharashtra,India,2025-04-13
11955,Priya Patel,Female,35,Kochi,Kerala,India,2025-06-25
11956,Arjun Kapoor,Female,34,Chennai,Tamil Nadu,India,2022-10-15
11957,Meera Gupta,Male,58,Kolkata,West Bengal,India,2025-01-10
11958,Aanya Sharma,Female,25,Kolkata,West Bengal,India,2025-02-21
11959,Ishaan Singh,Female,18,Jaipur,Rajasthan,India,2022-01-05
11960,Meera Chopra,Male,49,Bengaluru,Karnataka,India,2024-10-26
11961,Aditya Agarwal,Female,61,Lucknow,Uttar Pradesh,India,2024-07-03
11962,Meera Reddy,Female,42,Kochi,Kerala,India,2025-11-15
11963,Sara Verma,Male,24,Delhi,Delhi,India,2022-03-04
11964,Riya Khan,Female,43,Chandigarh,Chandigarh,India,2025-11-10
11965,Aditya Singh,Female,30,Chandigarh,Chandigarh,India,2024-04-14
11966,Sara Khan,Female,57,Ahmedabad,Gujarat,India,2023-02-05
11967,Ishaan Mehta,Female,47,Chennai,Tamil Nadu,India,2023-07-20
11968,Nisha Mehta,Female,34,Pune,Maharashtra,India,2025-01-24
11969,Arjun Khan,Female,47,Lucknow,Uttar Pradesh,India,2025-12-25
11970,Neha Gupta,Male,50,Delhi,Delhi,India,2023-04-08
11971,Rohan Patel,Male,50,Chandigarh,Chandigarh,India,2025-12-07
11972,Arjun Joshi,Female,35,Kochi,Kerala,India,2024-07-07
11973,Rohan Verma,Female,45,Ahmedabad,Gujarat,India,2022-10-08
11974,Rohan Chopra,Male,20,Chennai,Tamil Nadu,India,2024-05-22
11975,Sara Patel,Male,37,Kolkata,West Bengal,India,2025-03-16
11976,Karan Sethi,Female,36,Mumbai,Maharashtra,India,2022-03-21
11977,Arjun Joshi,Female,43,Kochi,Kerala,India,2022-04-26
11978,Meera Bansal,Female,63,Chennai,Tamil Nadu,India,2022-01-08
11979,Kabir Bansal,Male,63,Mumbai,Maharashtra,India,2024-04-12
11980,Isha Chopra,Male,41,Chandigarh,Chandigarh,India,2022-03-26
11981,Arjun Joshi,Male,49,Jaipur,Rajasthan,India,2025-09-22
11982,Nisha Mehta,Female,23,Jaipur,Rajasthan,India,2022-07-06
11983,Riya Verma,Female,41,Mumbai,Maharashtra,India,2022-04-15
11984,Riya Joshi,Female,51,Chandigarh,Chandigarh,India,2023-01-12
11985,Arjun Sharma,Female,50,Jaipur,Rajasthan,India,2025-01-19
11986,Riya Singh,Female,64,Chandigarh,Chandigarh,India,2025-08-17
11987,Ananya Sharma,Male,40,Chandigarh,Chandigarh,India,2023-01-02
11988,Neha Khan,Female,61,Bengaluru,Karnataka,India,2024-01-28
11989,Sara Gupta,Male,64,Bengaluru,Karnataka,India,2025-02-03
11990,Kabir Joshi,Female,45,Kochi,Kerala,India,2025-03-09
11991,Isha Agarwal,Female,22,Kolkata,West Bengal,India,2022-08-12
11992,Sara Sethi,Male,36,Pune,Maharashtra,India,2025-05-08
11993,Aditya Mehta,Male,54,Hyderabad,Telangana,India,2025-06-20
11994,Sara Khan,Female,45,Jaipur,Rajasthan,India,2024-12-09
11995,Kavya Khan,Male,62,Chandigarh,Chandigarh,India,2024-02-09
11996,Aarav Patel,Female,57,Mumbai,Maharashtra,India,2023-07-26
11997,Nisha Joshi,Female,21,Kolkata,West Bengal,India,2025-07-22
11998,Aditya Singh,Female,59,Kochi,Kerala,India,2025-06-15
11999,Kavya Reddy,Female,35,Hyderabad,Telangana,India,2024-01-27
12000,Priya Verma,Male,57,Hyderabad,Telangana,India,2024-12-19
