order_id,customer_id,order_date,order_status,payment_method
500001,10072,2024-10-12,Delivered,UPI
500002,11997,2025-11-04,Delivered,Net Banking
500003,10205,2026-05-21,Delivered,Debit Card
500004,11970,2026-04-12,Delivered,Credit Card
500005,10071,2024-05-15,Delivered,Net Banking
500006,11026,2026-04-19,Delivered,UPI
500007,10836,2025-12-21,Processing,UPI
500008,11148,2024-05-23,Delivered,UPI
500009,10868,2024-01-06,Shipped,UPI
500010,11795,2024-07-05,Delivered,UPI
500011,10034,2026-04-28,Delivered,Credit Card
500012,11972,2025-11-20,Delivered,UPI
500013,11379,2025-06-09,Delivered,UPI
500014,11558,2025-07-30,Delivered,UPI
500015,10280,2025-01-12,Delivered,Cash on Delivery
500016,10131,2026-04-06,Delivered,UPI
500017,10795,2024-05-22,Cancelled,Net Banking
500018,10646,2024-10-13,Delivered,UPI
500019,11566,2024-07-02,Cancelled,UPI
500020,11794,2026-02-13,Delivered,Credit Card
500021,10855,2025-05-08,Delivered,Credit Card
500022,11537,2025-09-16,Delivered,Debit Card
500023,10120,2026-04-19,Processing,Net Banking
500024,11485,2024-06-27,Shipped,Credit Card
500025,10199,2026-05-30,Returned,UPI
500026,11336,2024-04-25,Shipped,Cash on Delivery
500027,10765,2025-11-19,Delivered,UPI
500028,10831,2025-10-03,Cancelled,Net Banking
500029,10553,2026-01-23,Returned,Debit Card
500030,10807,2024-05-24,Processing,Credit Card
500031,11749,2026-05-26,Delivered,Credit Card
500032,11618,2025-12-26,Processing,Credit Card
500033,10681,2024-04-11,Delivered,Debit Card
500034,10588,2025-05-23,Cancelled,Wallet
500035,11019,2026-01-16,Returned,Credit Card
500036,11370,2025-03-11,Delivered,Wallet
500037,10365,2024-12-13,Delivered,UPI
500038,11453,2024-09-08,Delivered,UPI
500039,11898,2025-04-16,Returned,Debit Card
500040,11690,2026-06-17,Processing,Wallet
500041,11097,2025-07-08,Shipped,Credit Card
500042,10640,2025-10-21,Cancelled,Net Banking
500043,10647,2025-12-12,Delivered,Credit Card
500044,11484,2025-12-11,Processing,Cash on Delivery
500045,10910,2024-12-31,Delivered,Net Banking
500046,10213,2025-12-02,Delivered,Debit Card
500047,11356,2024-10-26,Delivered,Debit Card
500048,10277,2025-06-17,Delivered,Credit Card
500049,11974,2024-10-03,Delivered,Wallet
500050,10835,2026-05-07,Processing,Debit Card
500051,10684,2025-10-28,Delivered,Credit Card
500052,10111,2025-06-17,Shipped,Cash on Delivery
500053,10336,2025-02-16,Delivered,Debit Card
500054,11896,2025-04-19,Processing,Debit Card
500055,11075,2025-12-13,Delivered,Debit Card
500056,11804,2024-09-06,Shipped,Credit Card
500057,11912,2026-01-26,Delivered,Credit Card
500058,10098,2024-09-14,Delivered,UPI
500059,10762,2024-05-09,Delivered,Cash on Delivery
500060,11677,2025-11-03,Delivered,Debit Card
500061,10992,2025-10-08,Delivered,Cash on Delivery
500062,11018,2024-11-01,Delivered,Credit Card
500063,11141,2025-08-15,Delivered,Wallet
500064,11404,2025-10-27,Shipped,Credit Card
500065,11878,2025-12-20,Delivered,Credit Card
500066,11774,2026-05-19,Delivered,Wallet
500067,11251,2026-02-19,Delivered,Debit Card
500068,11154,2025-02-05,Delivered,Cash on Delivery
500069,10722,2024-07-29,Delivered,Debit Card
500070,10233,2024-03-29,Delivered,UPI
500071,11419,2025-06-07,Delivered,Credit Card
500072,10006,2025-08-31,Delivered,Cash on Delivery
500073,11397,2025-09-22,Delivered,Credit Card
500074,10994,2024-01-09,Delivered,Net Banking
500075,11573,2025-10-02,Shipped,UPI
500076,11899,2025-12-19,Delivered,Credit Card
500077,11106,2025-10-20,Processing,Cash on Delivery
500078,11146,2025-04-24,Delivered,Wallet
500079,10975,2024-01-14,Delivered,Credit Card
500080,10746,2025-03-23,Delivered,UPI
500081,10178,2025-08-11,Cancelled,UPI
500082,10062,2025-06-03,Delivered,UPI
500083,11447,2025-06-08,Delivered,Cash on Delivery
500084,11830,2025-04-16,Cancelled,Credit Card
500085,10108,2025-05-18,Delivered,Credit Card
500086,10655,2024-10-22,Delivered,Net Banking
500087,11217,2025-07-06,Delivered,Net Banking
500088,11410,2024-09-14,Delivered,Credit Card
500089,11471,2025-03-24,Processing,Cash on Delivery
500090,11389,2025-01-14,Delivered,Credit Card
500091,10168,2025-10-14,Delivered,UPI
500092,10508,2026-03-28,Delivered,Cash on Delivery
500093,10939,2025-08-01,Returned,UPI
500094,10128,2024-05-03,Delivered,Wallet
500095,10687,2025-09-01,Delivered,Debit Card
500096,10771,2024-10-23,Cancelled,Cash on Delivery
500097,11957,2024-02-15,Delivered,UPI
500098,10635,2024-06-24,Processing,Credit Card
500099,11943,2026-07-01,Shipped,Cash on Delivery
500100,11401,2025-01-24,Delivered,Cash on Delivery
500101,11385,2024-07-03,Shipped,Cash on Delivery
500102,11640,2024-05-01,Returned,Credit Card
500103,11685,2025-08-16,Delivered,Debit Card
500104,10445,2025-11-25,Delivered,Credit Card
500105,10842,2024-11-18,Processing,Credit Card
500106,11057,2024-04-04,Delivered,Debit Card
500107,11954,2024-11-19,Delivered,Net Banking
500108,10082,2025-08-30,Delivered,Credit Card
500109,10954,2024-04-14,Processing,UPI
500110,10429,2024-09-01,Shipped,Net Banking
500111,10414,2024-01-02,Returned,Wallet
500112,11524,2025-03-07,Delivered,Credit Card
500113,10404,2024-06-04,Returned,Cash on Delivery
500114,11587,2024-07-01,Delivered,Cash on Delivery
500115,11988,2024-04-13,Delivered,UPI
500116,11553,2025-10-28,Shipped,Net Banking
500117,10340,2025-03-22,Delivered,Cash on Delivery
500118,10285,2026-05-15,Delivered,Net Banking
500119,10875,2024-12-26,Delivered,UPI
500120,11103,2024-07-21,Delivered,Debit Card
500121,11557,2024-07-05,Shipped,Net Banking
500122,10846,2026-05-20,Delivered,Debit Card
500123,10335,2025-06-22,Shipped,UPI
500124,11983,2024-10-23,Delivered,UPI
500125,11810,2025-08-20,Delivered,Net Banking
500126,11309,2025-05-24,Shipped,Credit Card
500127,11391,2024-04-14,Delivered,Wallet
500128,11871,2025-10-02,Returned,Credit Card
500129,10950,2024-04-18,Returned,Cash on Delivery
500130,10291,2024-06-30,Delivered,UPI
500131,11212,2025-10-13,Delivered,Cash on Delivery
500132,10902,2025-02-10,Delivered,Cash on Delivery
500133,11600,2024-07-21,Shipped,Credit Card
500134,11544,2024-03-02,Delivered,Credit Card
500135,10943,2025-06-26,Cancelled,Cash on Delivery
500136,10736,2025-09-28,Returned,Net Banking
500137,10845,2024-07-04,Delivered,Debit Card
500138,11266,2025-01-15,Shipped,Credit Card
500139,11275,2024-11-10,Delivered,Cash on Delivery
500140,11024,2026-03-25,Delivered,Net Banking
500141,11064,2025-12-23,Delivered,Credit Card
500142,11984,2024-09-07,Shipped,Credit Card
500143,10508,2025-04-13,Delivered,UPI
500144,10348,2026-04-23,Processing,Net Banking
500145,11599,2024-11-11,Delivered,Cash on Delivery
500146,11871,2024-05-08,Delivered,Credit Card
500147,11218,2024-09-29,Cancelled,Credit Card
500148,10804,2025-07-08,Shipped,UPI
500149,10698,2026-06-24,Delivered,UPI
500150,10936,2024-10-08,Delivered,Wallet
500151,10105,2024-02-23,Delivered,Net Banking
500152,11058,2024-06-14,Delivered,Credit Card
500153,10540,2025-01-11,Cancelled,UPI
500154,10531,2024-03-26,Delivered,UPI
500155,11121,2024-02-01,Delivered,Net Banking
500156,11928,2025-08-21,Shipped,UPI
500157,10412,2026-01-22,Delivered,Credit Card
500158,11823,2024-07-31,Processing,Wallet
500159,11039,2025-04-22,Delivered,Debit Card
500160,11946,2025-06-06,Delivered,Net Banking
500161,10765,2025-09-01,Delivered,UPI
500162,11994,2026-06-13,Delivered,Credit Card
500163,11320,2026-03-19,Cancelled,Cash on Delivery
500164,11340,2024-10-15,Delivered,Net Banking
500165,11127,2026-06-09,Delivered,Net Banking
500166,10904,2024-02-01,Delivered,Debit Card
500167,11051,2026-05-28,Delivered,UPI
500168,11702,2024-05-10,Delivered,Debit Card
500169,11585,2024-04-14,Delivered,UPI
500170,10048,2024-04-18,Delivered,UPI
500171,11390,2024-04-21,Cancelled,Credit Card
500172,11669,2025-02-26,Delivered,UPI
500173,11489,2025-08-07,Delivered,UPI
500174,10995,2025-11-10,Delivered,UPI
500175,10672,2024-01-15,Processing,Credit Card
500176,11347,2024-09-27,Delivered,Cash on Delivery
500177,11328,2024-04-30,Delivered,Wallet
500178,10749,2024-05-13,Delivered,UPI
500179,10813,2025-11-12,Delivered,UPI
500180,10738,2025-08-08,Delivered,Cash on Delivery
500181,10090,2024-07-10,Delivered,UPI
500182,10064,2024-10-01,Cancelled,Net Banking
500183,10167,2026-04-24,Delivered,UPI
500184,10848,2025-06-09,Returned,Debit Card
500185,11021,2024-08-06,Delivered,UPI
500186,10817,2026-05-02,Delivered,Net Banking
500187,11911,2024-06-30,Delivered,Credit Card
500188,10450,2024-09-22,Delivered,UPI
500189,10786,2025-09-24,Processing,Credit Card
500190,10495,2025-04-12,Delivered,Credit Card
500191,10600,2024-03-04,Processing,Wallet
500192,11169,2026-01-06,Delivered,Credit Card
500193,10620,2024-07-27,Delivered,UPI
500194,10636,2025-09-23,Delivered,Debit Card
500195,11342,2024-11-01,Shipped,UPI
500196,11661,2025-11-17,Delivered,Cash on Delivery
500197,10426,2026-03-30,Cancelled,Cash on Delivery
500198,10223,2025-12-06,Delivered,UPI
500199,10479,2026-04-21,Delivered,Debit Card
500200,11156,2025-05-07,Shipped,Debit Card
500201,11920,2024-02-29,Delivered,UPI
500202,10321,2025-05-04,Processing,Debit Card
500203,10086,2025-02-25,Delivered,Credit Card
500204,11057,2025-10-18,Shipped,Credit Card
500205,11982,2024-08-15,Delivered,Debit Card
500206,11106,2025-09-28,Returned,Debit Card
500207,11849,2025-02-07,Delivered,Net Banking
500208,11285,2025-09-03,Processing,Credit Card
500209,10064,2025-01-18,Delivered,Net Banking
500210,10855,2024-12-14,Shipped,Credit Card
500211,11541,2024-07-14,Processing,Debit Card
500212,11019,2026-01-26,Processing,UPI
500213,10390,2024-03-03,Delivered,Debit Card
500214,10362,2024-08-03,Delivered,Credit Card
500215,11328,2025-01-24,Processing,Credit Card
500216,10927,2024-05-22,Delivered,UPI
500217,11149,2026-04-16,Delivered,Credit Card
500218,10747,2024-11-11,Delivered,UPI
500219,10679,2024-08-09,Delivered,Credit Card
500220,11333,2024-08-19,Delivered,Credit Card
500221,10016,2024-06-24,Delivered,Debit Card
500222,10870,2025-08-28,Delivered,Wallet
500223,10742,2025-03-15,Delivered,Cash on Delivery
500224,11559,2024-07-29,Processing,Wallet
500225,11457,2026-03-08,Delivered,Wallet
500226,10852,2025-08-22,Cancelled,UPI
500227,10526,2025-01-02,Delivered,Credit Card
500228,10472,2025-04-13,Delivered,Credit Card
500229,10423,2025-08-22,Delivered,UPI
500230,10548,2024-05-19,Delivered,Cash on Delivery
500231,11522,2026-01-08,Shipped,Cash on Delivery
500232,10091,2024-08-23,Delivered,Debit Card
500233,10053,2024-01-28,Delivered,Cash on Delivery
500234,11080,2025-04-21,Delivered,Net Banking
500235,10447,2026-03-11,Delivered,Credit Card
500236,11662,2025-10-31,Processing,UPI
500237,11505,2024-10-08,Delivered,Wallet
500238,11539,2024-12-29,Delivered,Debit Card
500239,10915,2025-06-28,Delivered,Credit Card
500240,10876,2024-07-31,Shipped,UPI
500241,10852,2026-01-18,Delivered,Net Banking
500242,10393,2024-09-26,Delivered,Net Banking
500243,11135,2024-07-16,Shipped,Debit Card
500244,11727,2024-03-27,Delivered,Wallet
500245,10514,2025-09-24,Shipped,Credit Card
500246,10114,2024-01-23,Delivered,Wallet
500247,11130,2026-01-05,Cancelled,Debit Card
500248,10799,2026-06-07,Delivered,Net Banking
500249,11595,2024-04-11,Delivered,Cash on Delivery
500250,11714,2024-03-29,Delivered,Cash on Delivery
500251,11902,2026-05-03,Delivered,Credit Card
500252,10787,2024-04-24,Delivered,Cash on Delivery
500253,11804,2025-01-07,Delivered,Debit Card
500254,10236,2026-03-06,Delivered,UPI
500255,10746,2024-05-06,Shipped,Debit Card
500256,10532,2025-08-28,Delivered,Credit Card
500257,11847,2024-12-15,Shipped,Debit Card
500258,11201,2025-02-02,Delivered,Credit Card
500259,10732,2026-04-30,Delivered,UPI
500260,10305,2025-08-15,Shipped,UPI
500261,11566,2024-10-18,Processing,Net Banking
500262,11310,2026-05-03,Processing,UPI
500263,11706,2025-06-14,Delivered,Debit Card
500264,10877,2024-03-31,Delivered,Debit Card
500265,10300,2024-12-24,Cancelled,UPI
500266,10669,2024-08-10,Delivered,Credit Card
500267,11241,2025-08-09,Delivered,Credit Card
500268,10482,2026-02-24,Delivered,Cash on Delivery
500269,10142,2024-02-05,Shipped,Wallet
500270,11647,2025-12-13,Shipped,Credit Card
500271,11062,2026-04-16,Cancelled,UPI
500272,10794,2026-06-26,Cancelled,Debit Card
500273,11106,2025-08-26,Delivered,Credit Card
500274,11477,2024-10-13,Delivered,Credit Card
500275,10003,2024-05-12,Delivered,Credit Card
500276,10881,2026-05-12,Delivered,Debit Card
500277,10509,2025-01-11,Delivered,Credit Card
500278,10184,2024-11-09,Cancelled,Cash on Delivery
500279,10072,2025-11-01,Delivered,Credit Card
500280,10882,2025-10-14,Delivered,Credit Card
500281,11088,2026-01-08,Delivered,Cash on Delivery
500282,11016,2026-03-16,Delivered,Credit Card
500283,11566,2026-03-11,Delivered,UPI
500284,10916,2024-06-04,Delivered,UPI
500285,11180,2024-06-03,Delivered,Net Banking
500286,11633,2024-07-06,Delivered,Debit Card
500287,11315,2025-07-26,Processing,Debit Card
500288,11822,2025-06-14,Shipped,UPI
500289,10444,2026-02-21,Processing,UPI
500290,11574,2026-02-09,Delivered,Credit Card
500291,11394,2026-01-12,Delivered,Credit Card
500292,11166,2024-03-13,Delivered,Credit Card
500293,10008,2025-09-27,Returned,Credit Card
500294,11083,2026-02-15,Delivered,Net Banking
500295,11717,2026-06-15,Delivered,Debit Card
500296,11290,2024-11-09,Cancelled,Debit Card
500297,10011,2025-12-10,Cancelled,Debit Card
500298,10576,2025-01-05,Delivered,UPI
500299,11139,2024-05-26,Shipped,Debit Card
500300,11624,2024-11-06,Delivered,UPI
500301,10890,2024-08-17,Delivered,Net Banking
500302,11714,2026-04-12,Delivered,Credit Card
500303,11592,2024-06-09,Returned,Debit Card
500304,10535,2024-04-29,Delivered,Cash on Delivery
500305,10390,2025-06-13,Shipped,Credit Card
500306,11806,2025-06-08,Delivered,UPI
500307,11179,2025-05-27,Delivered,Cash on Delivery
500308,11698,2024-05-15,Delivered,Credit Card
500309,11845,2025-03-31,Shipped,Credit Card
500310,10849,2026-04-27,Cancelled,Credit Card
500311,10092,2024-03-22,Shipped,Credit Card
500312,11819,2025-12-29,Shipped,Debit Card
500313,11168,2024-04-24,Delivered,Cash on Delivery
500314,10241,2024-08-01,Returned,Net Banking
500315,11060,2026-03-31,Delivered,Credit Card
500316,10056,2024-09-28,Delivered,Net Banking
500317,10580,2025-04-21,Delivered,Cash on Delivery
500318,10696,2024-12-14,Delivered,UPI
500319,10909,2025-07-14,Delivered,Debit Card
500320,11131,2025-01-05,Delivered,UPI
500321,11679,2025-02-09,Delivered,Credit Card
500322,10703,2026-01-16,Cancelled,Net Banking
500323,11471,2025-05-20,Cancelled,Net Banking
500324,11885,2025-05-30,Delivered,Cash on Delivery
500325,11498,2026-01-05,Returned,Credit Card
500326,10510,2025-01-25,Delivered,UPI
500327,11356,2026-01-21,Delivered,UPI
500328,10563,2025-10-18,Cancelled,UPI
500329,10956,2026-03-17,Delivered,Credit Card
500330,11270,2025-02-22,Shipped,Debit Card
500331,10587,2025-05-25,Delivered,Debit Card
500332,10008,2024-04-27,Delivered,UPI
500333,11675,2024-04-11,Delivered,UPI
500334,11456,2024-04-08,Returned,UPI
500335,10247,2025-07-31,Delivered,Net Banking
500336,10755,2024-10-24,Delivered,Credit Card
500337,10524,2024-09-20,Delivered,UPI
500338,11956,2025-07-04,Delivered,Credit Card
500339,11884,2024-12-29,Delivered,UPI
500340,11383,2024-05-03,Shipped,Credit Card
500341,10882,2025-05-23,Delivered,Cash on Delivery
500342,10105,2025-05-17,Delivered,Credit Card
500343,10494,2024-05-07,Delivered,UPI
500344,10186,2024-09-03,Delivered,UPI
500345,11579,2024-08-04,Shipped,UPI
500346,10177,2025-09-26,Processing,Cash on Delivery
500347,11356,2024-08-15,Delivered,Debit Card
500348,11906,2024-01-26,Delivered,Credit Card
500349,10616,2024-08-31,Delivered,Debit Card
500350,11369,2025-03-04,Processing,UPI
500351,11759,2025-12-03,Returned,Credit Card
500352,10856,2024-02-17,Shipped,Credit Card
500353,10898,2026-03-15,Delivered,Cash on Delivery
500354,10401,2024-10-28,Delivered,Net Banking
500355,10856,2024-11-08,Returned,Credit Card
500356,11748,2024-01-15,Delivered,Net Banking
500357,11327,2024-09-09,Shipped,UPI
500358,10404,2025-03-04,Cancelled,UPI
500359,11054,2025-07-25,Shipped,UPI
500360,11414,2025-12-01,Delivered,UPI
500361,10155,2025-04-22,Delivered,UPI
500362,11527,2024-04-01,Cancelled,Cash on Delivery
500363,10403,2024-12-23,Delivered,Credit Card
500364,10590,2025-11-02,Cancelled,Credit Card
500365,10833,2025-08-06,Delivered,UPI
500366,11010,2025-06-17,Shipped,UPI
500367,11833,2025-04-09,Cancelled,UPI
500368,10446,2025-04-05,Delivered,UPI
500369,10512,2026-06-25,Delivered,Credit Card
500370,10758,2025-07-01,Delivered,UPI
500371,11715,2025-06-29,Processing,UPI
500372,11931,2024-11-02,Delivered,Debit Card
500373,10909,2025-03-23,Delivered,Wallet
500374,11387,2025-10-10,Processing,UPI
500375,11835,2026-02-22,Cancelled,Net Banking
500376,11694,2025-12-12,Processing,Debit Card
500377,11363,2025-08-27,Delivered,Debit Card
500378,11082,2025-12-11,Returned,Debit Card
500379,11969,2024-01-31,Processing,Credit Card
500380,10479,2024-09-03,Delivered,Cash on Delivery
500381,10726,2024-08-09,Returned,UPI
500382,11426,2025-08-20,Delivered,Credit Card
500383,10042,2025-11-18,Cancelled,Debit Card
500384,11002,2024-05-15,Shipped,Cash on Delivery
500385,11709,2024-06-25,Delivered,Credit Card
500386,10354,2025-03-28,Delivered,Wallet
500387,11607,2026-06-03,Delivered,Debit Card
500388,10825,2024-01-03,Delivered,Debit Card
500389,11722,2026-03-13,Shipped,Net Banking
500390,11270,2024-06-25,Processing,Net Banking
500391,10315,2024-09-02,Delivered,Debit Card
500392,11471,2025-07-30,Delivered,Net Banking
500393,10113,2025-10-27,Shipped,UPI
500394,10487,2026-03-09,Delivered,Cash on Delivery
500395,11777,2024-01-06,Delivered,Cash on Delivery
500396,11752,2024-02-14,Delivered,Debit Card
500397,10093,2025-03-12,Delivered,UPI
500398,10760,2025-05-24,Delivered,Credit Card
500399,10189,2024-08-26,Processing,UPI
500400,10543,2025-08-04,Delivered,UPI
500401,11935,2024-08-30,Delivered,Debit Card
500402,10391,2026-05-01,Processing,Cash on Delivery
500403,11283,2024-06-10,Returned,Debit Card
500404,11609,2025-08-21,Delivered,Credit Card
500405,11762,2025-04-29,Processing,Wallet
500406,10709,2024-04-04,Shipped,Cash on Delivery
500407,11394,2025-07-06,Cancelled,Debit Card
500408,10967,2024-05-13,Delivered,Credit Card
500409,10215,2025-05-07,Delivered,Debit Card
500410,10446,2025-08-03,Delivered,Credit Card
500411,11497,2024-03-06,Shipped,UPI
500412,11373,2024-07-15,Processing,Debit Card
500413,11043,2024-09-26,Delivered,Debit Card
500414,11563,2026-04-27,Delivered,Credit Card
500415,11383,2024-07-20,Delivered,Cash on Delivery
500416,10679,2026-04-20,Delivered,Cash on Delivery
500417,10588,2025-05-02,Cancelled,Debit Card
500418,11891,2026-05-16,Delivered,UPI
500419,11944,2026-01-28,Delivered,UPI
500420,10062,2024-09-24,Delivered,Debit Card
500421,11582,2025-05-26,Processing,Net Banking
500422,10266,2025-10-16,Processing,Credit Card
500423,11723,2024-03-12,Delivered,UPI
500424,11178,2025-08-28,Shipped,UPI
500425,11376,2025-02-23,Processing,UPI
500426,11403,2024-02-02,Cancelled,Debit Card
500427,11210,2026-03-02,Delivered,Credit Card
500428,10502,2024-08-30,Delivered,UPI
500429,11615,2026-03-09,Delivered,Credit Card
500430,11109,2024-07-07,Delivered,Cash on Delivery
500431,11091,2025-05-09,Delivered,Credit Card
500432,10637,2024-12-04,Returned,UPI
500433,10021,2026-03-26,Delivered,Debit Card
500434,11109,2026-05-20,Cancelled,Cash on Delivery
500435,10691,2025-12-04,Delivered,UPI
500436,11319,2026-02-11,Delivered,UPI
500437,10730,2025-12-03,Delivered,Debit Card
500438,11946,2024-09-24,Delivered,Credit Card
500439,11362,2026-04-20,Processing,Cash on Delivery
500440,10912,2025-04-28,Delivered,Net Banking
500441,11417,2024-11-09,Delivered,UPI
500442,11297,2024-06-24,Cancelled,Cash on Delivery
500443,11242,2025-10-10,Delivered,Debit Card
500444,11157,2024-09-10,Delivered,Credit Card
500445,11864,2025-08-18,Cancelled,UPI
500446,10636,2024-02-29,Delivered,Debit Card
500447,10865,2025-08-02,Delivered,Cash on Delivery
500448,10507,2025-08-09,Delivered,UPI
500449,11140,2025-04-24,Delivered,Credit Card
500450,11976,2025-08-22,Delivered,Cash on Delivery
500451,11217,2026-06-26,Cancelled,Credit Card
500452,10414,2026-02-04,Delivered,UPI
500453,11844,2025-02-05,Returned,UPI
500454,11581,2026-03-06,Delivered,Debit Card
500455,10881,2026-05-21,Delivered,Net Banking
500456,10294,2024-05-26,Delivered,UPI
500457,10806,2024-11-23,Delivered,UPI
500458,11609,2025-11-09,Delivered,Debit Card
500459,11155,2025-04-15,Processing,Debit Card
500460,10372,2024-05-02,Processing,UPI
500461,10318,2025-03-07,Shipped,Credit Card
500462,11935,2024-12-07,Delivered,Debit Card
500463,10895,2025-11-05,Processing,UPI
500464,11372,2025-04-15,Delivered,UPI
500465,10722,2024-05-07,Shipped,Cash on Delivery
500466,10181,2024-02-15,Shipped,Cash on Delivery
500467,10824,2024-09-19,Delivered,Credit Card
500468,11387,2024-05-23,Delivered,Cash on Delivery
500469,10667,2026-03-11,Cancelled,Debit Card
500470,11208,2024-09-04,Delivered,Wallet
500471,10877,2025-08-02,Shipped,Wallet
500472,10676,2024-04-26,Returned,Debit Card
500473,10511,2025-02-07,Delivered,Credit Card
500474,10522,2026-05-02,Delivered,UPI
500475,10512,2025-08-10,Delivered,Debit Card
500476,11438,2024-09-20,Processing,Credit Card
500477,10675,2025-11-13,Delivered,Debit Card
500478,11483,2025-04-02,Delivered,UPI
500479,10623,2024-08-02,Delivered,Cash on Delivery
500480,10655,2026-06-28,Returned,Wallet
500481,11849,2026-05-06,Cancelled,UPI
500482,11753,2025-06-01,Delivered,Debit Card
500483,10802,2024-01-31,Returned,Net Banking
500484,10538,2025-01-10,Shipped,Debit Card
500485,11432,2025-04-14,Returned,Cash on Delivery
500486,10140,2026-04-28,Delivered,Credit Card
500487,10913,2025-10-31,Delivered,UPI
500488,11200,2024-07-22,Processing,Credit Card
500489,11352,2025-04-10,Delivered,Credit Card
500490,10215,2024-06-12,Delivered,UPI
500491,10006,2025-03-08,Shipped,Net Banking
500492,10554,2025-05-03,Delivered,Debit Card
500493,10239,2025-04-10,Delivered,Credit Card
500494,11015,2025-01-25,Delivered,Credit Card
500495,11840,2025-02-03,Delivered,Credit Card
500496,10573,2025-12-28,Delivered,Credit Card
500497,10908,2025-04-06,Delivered,Debit Card
500498,10430,2024-02-08,Delivered,Credit Card
500499,10088,2025-11-07,Shipped,Net Banking
500500,11407,2025-07-17,Delivered,Cash on Delivery
500501,10513,2025-09-27,Delivered,Debit Card
500502,11094,2025-10-10,Delivered,Net Banking
500503,11367,2024-06-07,Delivered,Cash on Delivery
500504,11680,2026-06-06,Delivered,UPI
500505,10372,2026-06-23,Delivered,UPI
500506,11163,2024-05-13,Delivered,UPI
500507,11822,2024-07-18,Delivered,Credit Card
500508,10967,2024-08-12,Delivered,Credit Card
500509,10082,2026-06-01,Delivered,Debit Card
500510,10523,2026-05-01,Processing,Credit Card
500511,11590,2024-08-29,Shipped,UPI
500512,11585,2025-07-29,Cancelled,Credit Card
500513,10629,2024-08-10,Shipped,UPI
500514,10394,2024-02-04,Delivered,Debit Card
500515,10584,2024-07-29,Delivered,UPI
500516,10485,2024-03-11,Delivered,UPI
500517,11482,2026-02-12,Delivered,UPI
500518,11684,2025-12-18,Delivered,Net Banking
500519,10094,2024-06-17,Delivered,UPI
500520,11483,2025-06-02,Shipped,Debit Card
500521,11505,2024-07-06,Shipped,Net Banking
500522,11226,2025-05-31,Delivered,Credit Card
500523,11743,2026-03-29,Delivered,UPI
500524,10078,2026-03-14,Delivered,Debit Card
500525,11400,2026-01-30,Delivered,UPI
500526,10255,2024-08-08,Delivered,Net Banking
500527,11795,2024-06-23,Delivered,Net Banking
500528,11000,2024-05-26,Delivered,Credit Card
500529,10182,2024-04-26,Returned,UPI
500530,11493,2025-07-14,Delivered,Net Banking
500531,11499,2025-08-24,Delivered,Debit Card
500532,10929,2026-03-16,Delivered,UPI
500533,10621,2024-03-23,Delivered,Net Banking
500534,10035,2024-08-30,Delivered,Credit Card
500535,11816,2025-10-26,Returned,Cash on Delivery
500536,10369,2025-09-14,Delivered,Cash on Delivery
500537,11686,2025-01-25,Delivered,UPI
500538,11178,2024-05-19,Returned,UPI
500539,11371,2025-03-18,Delivered,Credit Card
500540,11389,2024-06-05,Delivered,Net Banking
500541,11717,2025-05-03,Delivered,UPI
500542,10067,2026-04-03,Delivered,Credit Card
500543,11983,2024-06-27,Returned,Debit Card
500544,10087,2024-04-17,Delivered,UPI
500545,11999,2025-11-04,Processing,UPI
500546,10523,2024-01-23,Delivered,Net Banking
500547,11692,2026-06-16,Processing,Debit Card
500548,10168,2025-12-08,Processing,Debit Card
500549,10922,2025-01-03,Processing,UPI
500550,11084,2024-11-26,Processing,Debit Card
500551,11909,2024-12-19,Shipped,Debit Card
500552,10248,2024-12-28,Delivered,Credit Card
500553,10073,2026-02-05,Delivered,Wallet
500554,11297,2025-12-31,Delivered,UPI
500555,10099,2024-07-05,Delivered,Credit Card
500556,11555,2024-06-13,Delivered,Cash on Delivery
500557,10077,2025-05-08,Shipped,UPI
500558,11942,2025-08-16,Shipped,Cash on Delivery
500559,11066,2025-10-25,Returned,Credit Card
500560,11897,2024-10-13,Delivered,UPI
500561,10254,2025-03-16,Shipped,UPI
500562,10547,2024-04-05,Shipped,Credit Card
500563,10910,2025-02-20,Returned,Cash on Delivery
500564,10059,2025-09-19,Shipped,Cash on Delivery
500565,10206,2024-10-04,Delivered,Debit Card
500566,10659,2024-10-17,Delivered,UPI
500567,11475,2025-02-26,Returned,Credit Card
500568,11417,2026-03-02,Shipped,Credit Card
500569,10174,2025-07-05,Processing,UPI
500570,10120,2026-04-19,Processing,UPI
500571,11313,2024-02-26,Shipped,Credit Card
500572,10720,2026-02-14,Shipped,Credit Card
500573,11585,2024-02-09,Cancelled,Net Banking
500574,10597,2024-10-21,Cancelled,Credit Card
500575,10726,2025-01-24,Delivered,UPI
500576,10439,2024-08-03,Delivered,UPI
500577,10534,2026-06-22,Delivered,Debit Card
500578,11413,2026-03-26,Delivered,Debit Card
500579,10943,2025-06-05,Processing,UPI
500580,11319,2025-02-17,Processing,Cash on Delivery
500581,10158,2025-11-26,Delivered,Debit Card
500582,11071,2025-10-08,Delivered,UPI
500583,10918,2025-03-14,Delivered,Credit Card
500584,11822,2026-01-25,Processing,Wallet
500585,10847,2024-06-25,Delivered,Credit Card
500586,10207,2024-09-10,Delivered,UPI
500587,11395,2024-01-17,Delivered,Debit Card
500588,10300,2024-04-18,Delivered,UPI
500589,11819,2024-06-30,Delivered,Net Banking
500590,10767,2025-07-24,Processing,Net Banking
500591,11570,2026-02-20,Cancelled,Net Banking
500592,11312,2025-06-22,Delivered,Debit Card
500593,10930,2025-02-10,Delivered,Debit Card
500594,11169,2024-09-03,Delivered,Credit Card
500595,10366,2024-04-02,Delivered,Cash on Delivery
500596,10149,2025-06-17,Delivered,UPI
500597,11533,2024-05-08,Delivered,UPI
500598,11917,2025-12-22,Delivered,Wallet
500599,11724,2025-01-08,Processing,Wallet
500600,10611,2024-11-15,Delivered,Credit Card
500601,10717,2024-01-25,Processing,Credit Card
500602,10718,2024-08-09,Delivered,UPI
500603,11406,2024-01-13,Delivered,Debit Card
500604,11248,2025-10-23,Delivered,UPI
500605,11593,2025-03-23,Delivered,Credit Card
500606,11891,2025-12-18,Delivered,Credit Card
500607,10785,2025-05-31,Processing,Cash on Delivery
500608,11326,2026-05-21,Cancelled,Wallet
500609,11001,2025-12-16,Delivered,Wallet
500610,11910,2024-05-14,Delivered,Net Banking
500611,10709,2024-04-16,Delivered,Credit Card
500612,10376,2026-03-22,Shipped,UPI
500613,10758,2024-09-02,Delivered,Credit Card
500614,11238,2025-11-29,Delivered,Credit Card
500615,11907,2025-07-27,Processing,Debit Card
500616,11658,2025-10-02,Processing,Credit Card
500617,10037,2024-08-31,Shipped,Cash on Delivery
500618,11019,2024-10-12,Delivered,Credit Card
500619,10319,2025-05-21,Delivered,Credit Card
500620,10725,2024-01-21,Delivered,Net Banking
500621,11888,2024-10-11,Shipped,Debit Card
500622,11970,2025-04-08,Shipped,UPI
500623,10308,2024-07-05,Delivered,Debit Card
500624,10282,2024-09-17,Cancelled,Debit Card
500625,11393,2026-06-16,Delivered,UPI
500626,10822,2024-09-21,Processing,Credit Card
500627,10866,2026-04-03,Delivered,Cash on Delivery
500628,11747,2026-04-26,Delivered,UPI
500629,11842,2025-09-07,Delivered,Credit Card
500630,11801,2024-05-19,Shipped,UPI
500631,11566,2024-07-06,Delivered,Debit Card
500632,11961,2026-05-02,Delivered,Wallet
500633,11440,2024-01-02,Shipped,Credit Card
500634,11770,2025-04-04,Shipped,Cash on Delivery
500635,11081,2025-06-28,Delivered,Cash on Delivery
500636,10102,2026-02-04,Shipped,UPI
500637,11633,2026-03-28,Delivered,Net Banking
500638,11860,2024-09-15,Delivered,Wallet
500639,10625,2025-04-03,Delivered,Wallet
500640,10857,2025-08-01,Delivered,Debit Card
500641,11145,2026-05-31,Delivered,UPI
500642,11304,2025-05-23,Delivered,UPI
500643,11350,2024-04-21,Delivered,UPI
500644,10789,2026-04-23,Delivered,Debit Card
500645,11709,2025-04-12,Delivered,Credit Card
500646,11628,2024-06-12,Shipped,Debit Card
500647,11885,2024-06-22,Shipped,Net Banking
500648,11152,2024-07-05,Delivered,UPI
500649,10155,2025-10-20,Cancelled,Cash on Delivery
500650,11692,2026-05-16,Delivered,UPI
500651,10159,2025-02-06,Delivered,UPI
500652,10388,2024-03-30,Delivered,Net Banking
500653,10571,2026-03-22,Delivered,UPI
500654,10370,2025-08-02,Delivered,UPI
500655,11448,2025-06-05,Processing,Wallet
500656,10881,2024-02-25,Delivered,Cash on Delivery
500657,10439,2026-06-05,Delivered,Net Banking
500658,10010,2024-03-11,Delivered,UPI
500659,10433,2025-07-11,Delivered,UPI
500660,11386,2025-06-29,Shipped,UPI
500661,11589,2025-04-14,Shipped,UPI
500662,10593,2025-05-18,Shipped,Wallet
500663,10147,2024-12-29,Delivered,UPI
500664,11115,2025-06-07,Delivered,Net Banking
500665,11566,2024-11-28,Delivered,UPI
500666,10141,2025-03-08,Shipped,Debit Card
500667,11592,2025-09-11,Delivered,UPI
500668,10342,2025-11-08,Delivered,UPI
500669,10516,2024-05-20,Delivered,UPI
500670,11246,2026-06-24,Shipped,Cash on Delivery
500671,10103,2024-03-29,Delivered,Debit Card
500672,10612,2024-09-08,Returned,Debit Card
500673,10278,2024-11-12,Delivered,Credit Card
500674,10430,2024-10-22,Delivered,Net Banking
500675,11547,2024-11-17,Delivered,Debit Card
500676,10458,2024-10-21,Delivered,Credit Card
500677,10087,2025-02-02,Delivered,Debit Card
500678,10430,2025-11-27,Shipped,Cash on Delivery
500679,10174,2026-01-25,Delivered,Wallet
500680,11246,2024-11-13,Delivered,Wallet
500681,11946,2024-08-23,Delivered,Credit Card
500682,10336,2025-09-09,Delivered,UPI
500683,11458,2024-02-24,Cancelled,UPI
500684,10726,2025-02-11,Delivered,UPI
500685,10144,2024-07-19,Shipped,Credit Card
500686,11376,2025-07-08,Delivered,Credit Card
500687,10420,2024-03-12,Delivered,Debit Card
500688,11028,2026-01-26,Processing,Debit Card
500689,11015,2024-09-03,Delivered,Debit Card
500690,11195,2025-04-14,Processing,Wallet
500691,10270,2025-06-06,Delivered,UPI
500692,10502,2025-03-09,Delivered,UPI
500693,11475,2025-02-13,Cancelled,Debit Card
500694,11866,2024-08-31,Delivered,Debit Card
500695,10024,2025-12-06,Returned,Credit Card
500696,10828,2025-04-16,Cancelled,Cash on Delivery
500697,11763,2024-07-16,Delivered,UPI
500698,10574,2024-08-27,Delivered,Debit Card
500699,10896,2025-02-04,Processing,Cash on Delivery
500700,11809,2026-02-09,Delivered,Credit Card
500701,11938,2026-05-27,Shipped,Debit Card
500702,11311,2024-12-21,Delivered,UPI
500703,11389,2024-12-26,Delivered,Credit Card
500704,11228,2024-04-27,Delivered,UPI
500705,10568,2025-05-13,Shipped,Debit Card
500706,11774,2024-08-07,Shipped,Debit Card
500707,10069,2026-01-18,Delivered,Wallet
500708,10118,2025-05-03,Delivered,Debit Card
500709,11204,2024-07-21,Delivered,UPI
500710,11676,2026-04-16,Delivered,Cash on Delivery
500711,11629,2026-01-14,Delivered,Credit Card
500712,11356,2024-10-01,Delivered,Net Banking
500713,10753,2024-04-19,Delivered,UPI
500714,10720,2024-08-29,Delivered,Net Banking
500715,10852,2024-12-09,Delivered,Cash on Delivery
500716,10513,2025-01-06,Shipped,UPI
500717,10839,2026-01-20,Delivered,Debit Card
500718,10210,2026-06-02,Returned,Debit Card
500719,10640,2025-11-13,Delivered,Credit Card
500720,11883,2026-02-10,Delivered,Credit Card
500721,11414,2024-04-24,Processing,Debit Card
500722,10284,2024-05-16,Delivered,Credit Card
500723,10573,2026-04-09,Processing,UPI
500724,10519,2025-07-14,Delivered,Net Banking
500725,10564,2024-08-03,Delivered,Debit Card
500726,11383,2025-12-23,Delivered,UPI
500727,11791,2024-06-08,Delivered,Wallet
500728,11421,2025-12-02,Delivered,Cash on Delivery
500729,10977,2026-03-17,Delivered,Wallet
500730,10322,2025-03-22,Delivered,Credit Card
500731,10286,2025-08-22,Delivered,UPI
500732,11629,2025-10-30,Shipped,UPI
500733,11356,2026-03-14,Delivered,Wallet
500734,11021,2025-06-16,Returned,Cash on Delivery
500735,11155,2024-09-24,Delivered,Net Banking
500736,11697,2024-07-02,Delivered,Credit Card
500737,11628,2024-11-20,Delivered,Credit Card
500738,10175,2024-02-21,Shipped,Net Banking
500739,10791,2025-09-29,Processing,UPI
500740,10086,2024-12-03,Delivered,Debit Card
500741,10770,2025-10-11,Delivered,Debit Card
500742,11274,2024-02-26,Shipped,Net Banking
500743,10417,2024-10-20,Delivered,Credit Card
500744,10301,2024-12-26,Delivered,Net Banking
500745,10982,2024-03-20,Shipped,UPI
500746,11050,2026-01-26,Delivered,UPI
500747,11429,2025-06-29,Delivered,UPI
500748,10029,2026-02-09,Shipped,Credit Card
500749,10496,2026-01-02,Delivered,Credit Card
500750,11560,2024-02-01,Delivered,Credit Card
500751,11364,2026-03-01,Delivered,Credit Card
500752,11800,2024-03-04,Shipped,Credit Card
500753,11630,2026-03-06,Delivered,Credit Card
500754,11678,2025-09-03,Delivered,Net Banking
500755,11022,2026-01-18,Delivered,UPI
500756,11917,2025-04-01,Delivered,Credit Card
500757,10832,2024-05-26,Delivered,UPI
500758,11807,2024-05-16,Delivered,UPI
500759,10784,2024-04-18,Delivered,Debit Card
500760,10889,2026-01-05,Delivered,Cash on Delivery
500761,11372,2025-05-02,Delivered,Credit Card
500762,10797,2024-07-16,Delivered,Credit Card
500763,10295,2024-04-23,Delivered,UPI
500764,11793,2024-03-12,Delivered,UPI
500765,10906,2024-08-23,Delivered,Cash on Delivery
500766,11854,2025-11-15,Delivered,Debit Card
500767,10799,2026-03-25,Returned,Net Banking
500768,11946,2025-07-09,Delivered,Cash on Delivery
500769,11206,2026-06-28,Delivered,Debit Card
500770,11537,2024-12-26,Delivered,UPI
500771,11512,2024-10-30,Shipped,Net Banking
500772,10404,2025-09-24,Delivered,Net Banking
500773,11631,2024-05-02,Returned,Credit Card
500774,11890,2026-04-12,Delivered,Debit Card
500775,11323,2025-12-13,Delivered,Credit Card
500776,11895,2024-02-01,Delivered,Credit Card
500777,11693,2024-06-19,Shipped,Debit Card
500778,11333,2025-07-27,Delivered,UPI
500779,10955,2025-11-05,Cancelled,Credit Card
500780,11715,2024-07-18,Cancelled,Credit Card
500781,10371,2025-11-12,Delivered,Debit Card
500782,11123,2025-03-08,Delivered,Cash on Delivery
500783,11632,2025-09-08,Delivered,Debit Card
500784,11889,2025-01-22,Delivered,Net Banking
500785,10535,2025-02-18,Delivered,Credit Card
500786,10188,2024-12-22,Delivered,Debit Card
500787,10667,2024-05-23,Returned,UPI
500788,11728,2024-06-22,Delivered,Credit Card
500789,11048,2024-06-02,Processing,Debit Card
500790,10112,2026-01-02,Processing,UPI
500791,10239,2025-01-21,Delivered,Cash on Delivery
500792,10679,2024-12-12,Delivered,Credit Card
500793,10686,2026-02-20,Delivered,Debit Card
500794,10271,2026-03-21,Cancelled,Credit Card
500795,10989,2024-08-01,Delivered,Net Banking
500796,10959,2024-11-19,Processing,Debit Card
500797,10399,2025-01-10,Delivered,UPI
500798,10465,2026-02-05,Delivered,Cash on Delivery
500799,11329,2025-09-05,Cancelled,Debit Card
500800,11905,2025-05-12,Delivered,Credit Card
500801,11993,2024-08-02,Shipped,Debit Card
500802,11119,2024-12-18,Delivered,UPI
500803,10077,2024-01-27,Delivered,Net Banking
500804,11796,2025-10-04,Delivered,Credit Card
500805,11902,2026-04-18,Delivered,Net Banking
500806,10557,2025-12-19,Shipped,UPI
500807,10801,2024-10-09,Delivered,Net Banking
500808,10052,2025-03-16,Delivered,Cash on Delivery
500809,11603,2026-05-24,Delivered,Wallet
500810,11552,2025-01-23,Delivered,Net Banking
500811,10042,2026-02-05,Processing,Net Banking
500812,11405,2025-06-11,Delivered,Credit Card
500813,10824,2025-03-31,Returned,UPI
500814,11091,2025-06-18,Delivered,Debit Card
500815,10437,2024-07-23,Delivered,Debit Card
500816,11631,2025-01-23,Delivered,UPI
500817,10809,2024-10-04,Delivered,Debit Card
500818,11681,2025-11-22,Shipped,UPI
500819,10297,2025-07-13,Processing,Debit Card
500820,11176,2024-12-30,Delivered,Credit Card
500821,10621,2026-01-20,Cancelled,Cash on Delivery
500822,11932,2025-02-17,Delivered,UPI
500823,11114,2026-05-20,Shipped,UPI
500824,11440,2025-07-06,Delivered,Debit Card
500825,10173,2026-03-19,Delivered,Credit Card
500826,11354,2026-06-19,Delivered,UPI
500827,10203,2024-10-25,Cancelled,Debit Card
500828,10723,2024-08-26,Cancelled,Cash on Delivery
500829,10445,2026-02-01,Delivered,Net Banking
500830,10005,2024-07-30,Delivered,UPI
500831,11173,2025-11-17,Delivered,UPI
500832,10482,2024-06-10,Delivered,Debit Card
500833,11026,2026-03-05,Delivered,Debit Card
500834,11528,2025-09-21,Delivered,Wallet
500835,10357,2025-04-20,Processing,UPI
500836,11420,2025-02-14,Delivered,Debit Card
500837,10595,2025-08-04,Delivered,Wallet
500838,10663,2024-12-20,Cancelled,UPI
500839,11154,2024-12-29,Delivered,Wallet
500840,11252,2024-07-05,Delivered,Credit Card
500841,11311,2024-05-24,Returned,Net Banking
500842,10391,2026-03-24,Delivered,Credit Card
500843,11160,2025-11-15,Delivered,Cash on Delivery
500844,10528,2025-02-08,Delivered,Cash on Delivery
500845,10554,2026-01-29,Processing,UPI
500846,11895,2025-07-08,Delivered,Net Banking
500847,10202,2025-06-30,Delivered,UPI
500848,10827,2024-04-12,Delivered,UPI
500849,10879,2025-05-06,Delivered,Debit Card
500850,10490,2024-04-08,Delivered,Debit Card
500851,11571,2025-09-16,Delivered,Credit Card
500852,10975,2024-03-02,Cancelled,UPI
500853,11439,2025-04-14,Delivered,UPI
500854,10775,2024-12-01,Processing,UPI
500855,11794,2024-04-29,Cancelled,UPI
500856,11460,2025-03-07,Cancelled,UPI
500857,10667,2024-07-02,Shipped,Cash on Delivery
500858,11925,2024-08-11,Delivered,Credit Card
500859,11731,2026-03-23,Processing,Cash on Delivery
500860,11184,2024-11-15,Delivered,UPI
500861,10033,2025-01-03,Delivered,Credit Card
500862,11183,2024-01-06,Delivered,UPI
500863,11382,2024-10-01,Delivered,UPI
500864,10730,2024-11-16,Delivered,Debit Card
500865,10288,2025-10-18,Shipped,Credit Card
500866,11130,2024-04-18,Delivered,Credit Card
500867,11604,2026-04-28,Delivered,Credit Card
500868,10639,2024-04-27,Delivered,Net Banking
500869,10913,2025-08-19,Processing,Credit Card
500870,10003,2024-01-05,Delivered,UPI
500871,11408,2026-01-18,Delivered,UPI
500872,11733,2025-09-27,Shipped,Debit Card
500873,11553,2026-02-03,Processing,Wallet
500874,10859,2026-04-30,Delivered,UPI
500875,10091,2026-01-31,Delivered,Credit Card
500876,10985,2025-07-21,Delivered,Credit Card
500877,11881,2026-02-04,Cancelled,Wallet
500878,10168,2024-03-28,Delivered,UPI
500879,10428,2025-08-12,Shipped,Net Banking
500880,11675,2026-06-22,Delivered,Net Banking
500881,11137,2024-12-10,Delivered,Credit Card
500882,10341,2026-06-09,Delivered,Net Banking
500883,10049,2025-04-07,Delivered,Debit Card
500884,10822,2025-03-03,Shipped,UPI
500885,11190,2024-10-01,Processing,Credit Card
500886,11681,2024-04-08,Delivered,Credit Card
500887,11768,2026-03-11,Processing,Credit Card
500888,10916,2025-10-20,Delivered,Net Banking
500889,10845,2024-12-31,Delivered,Debit Card
500890,11863,2026-05-27,Delivered,Net Banking
500891,11554,2024-06-16,Delivered,Credit Card
500892,10419,2025-12-11,Cancelled,Credit Card
500893,11363,2025-02-16,Delivered,UPI
500894,11431,2025-07-23,Cancelled,Net Banking
500895,10468,2024-02-04,Delivered,UPI
500896,11956,2025-07-11,Shipped,Credit Card
500897,10594,2025-09-12,Delivered,Debit Card
500898,11100,2026-06-11,Delivered,Net Banking
500899,10988,2024-11-12,Cancelled,UPI
500900,11385,2024-03-07,Delivered,Debit Card
500901,11804,2024-02-26,Delivered,UPI
500902,10787,2024-05-16,Processing,Net Banking
500903,10770,2024-09-30,Shipped,Net Banking
500904,11503,2026-01-28,Delivered,Net Banking
500905,11905,2024-06-27,Delivered,UPI
500906,11818,2024-05-12,Delivered,Debit Card
500907,11506,2024-01-30,Shipped,UPI
500908,11407,2024-12-15,Delivered,Credit Card
500909,11538,2025-07-04,Delivered,Wallet
500910,11872,2024-09-14,Returned,UPI
500911,10022,2025-03-28,Delivered,Debit Card
500912,11178,2024-08-10,Delivered,UPI
500913,10069,2025-12-31,Returned,Credit Card
500914,11155,2024-01-24,Delivered,Debit Card
500915,10790,2024-07-02,Delivered,Credit Card
500916,10610,2025-05-31,Shipped,Debit Card
500917,11782,2026-02-08,Shipped,Wallet
500918,11420,2025-01-01,Returned,Net Banking
500919,11135,2024-03-04,Delivered,Wallet
500920,11764,2025-05-18,Delivered,UPI
500921,10196,2024-09-03,Delivered,Wallet
500922,11293,2024-10-05,Delivered,Credit Card
500923,10313,2026-04-22,Cancelled,UPI
500924,10467,2026-05-09,Delivered,Credit Card
500925,10371,2024-08-24,Delivered,UPI
500926,11089,2025-06-23,Delivered,Net Banking
500927,11259,2025-05-08,Delivered,UPI
500928,11512,2026-05-27,Delivered,Debit Card
500929,10882,2026-05-13,Delivered,Credit Card
500930,11879,2024-11-15,Delivered,UPI
500931,10748,2024-01-24,Returned,Cash on Delivery
500932,10314,2024-01-03,Cancelled,Credit Card
500933,10074,2024-01-05,Delivered,Credit Card
500934,10255,2025-12-14,Processing,Net Banking
500935,10891,2025-11-06,Delivered,Cash on Delivery
500936,10826,2026-01-25,Delivered,Credit Card
500937,11709,2024-05-07,Delivered,UPI
500938,10252,2024-02-23,Processing,Wallet
500939,10525,2024-06-04,Delivered,Credit Card
500940,11961,2025-07-24,Delivered,UPI
500941,10058,2024-01-09,Shipped,UPI
500942,10849,2025-08-26,Shipped,UPI
500943,10397,2026-03-22,Shipped,Wallet
500944,11068,2024-05-13,Delivered,Wallet
500945,11948,2025-11-05,Processing,Credit Card
500946,10455,2025-05-19,Delivered,Debit Card
500947,10741,2026-05-12,Delivered,Cash on Delivery
500948,10899,2024-08-10,Processing,Debit Card
500949,11597,2024-07-26,Delivered,Debit Card
500950,11970,2024-01-16,Shipped,Wallet
500951,10194,2025-10-05,Shipped,UPI
500952,10978,2026-03-02,Delivered,UPI
500953,11506,2024-01-18,Delivered,Net Banking
500954,10018,2025-03-24,Shipped,Net Banking
500955,11613,2025-10-23,Processing,UPI
500956,10486,2025-12-14,Processing,Credit Card
500957,11037,2026-04-29,Delivered,Debit Card
500958,11957,2025-10-22,Delivered,Credit Card
500959,11271,2026-04-20,Delivered,Cash on Delivery
500960,11979,2026-06-26,Shipped,Cash on Delivery
500961,11207,2026-04-26,Delivered,Credit Card
500962,10421,2025-02-03,Shipped,Debit Card
500963,11386,2025-01-06,Delivered,Debit Card
500964,11231,2025-01-25,Delivered,UPI
500965,10622,2026-05-17,Delivered,Credit Card
500966,10154,2024-09-14,Delivered,Credit Card
500967,11297,2025-11-17,Delivered,Cash on Delivery
500968,11155,2025-07-24,Delivered,Cash on Delivery
500969,11548,2024-02-26,Processing,UPI
500970,10252,2025-03-19,Delivered,Cash on Delivery
500971,11078,2024-06-26,Shipped,Debit Card
500972,11638,2025-10-27,Delivered,UPI
500973,11783,2025-02-12,Delivered,Credit Card
500974,11880,2024-11-21,Shipped,Cash on Delivery
500975,10424,2024-02-29,Delivered,Credit Card
500976,10346,2024-04-29,Delivered,Debit Card
500977,11153,2025-11-28,Delivered,Debit Card
500978,10926,2026-02-26,Delivered,Debit Card
500979,10469,2024-09-22,Cancelled,Credit Card
500980,10205,2026-01-26,Delivered,Credit Card
500981,10288,2025-05-18,Delivered,Cash on Delivery
500982,10679,2024-11-16,Shipped,Credit Card
500983,11479,2025-02-16,Delivered,UPI
500984,10131,2025-09-22,Returned,Credit Card
500985,10211,2026-04-10,Delivered,Net Banking
500986,10530,2025-03-25,Delivered,Credit Card
500987,11748,2024-11-12,Delivered,Net Banking
500988,11981,2025-11-25,Delivered,UPI
500989,10881,2025-04-24,Delivered,Debit Card
500990,10090,2024-12-22,Delivered,Cash on Delivery
500991,10024,2025-02-23,Delivered,Debit Card
500992,11718,2025-05-04,Delivered,Debit Card
500993,10890,2024-05-08,Delivered,Debit Card
500994,10155,2024-02-22,Delivered,Net Banking
500995,11667,2025-08-29,Delivered,Credit Card
500996,11058,2024-06-08,Delivered,Debit Card
500997,10700,2025-04-30,Delivered,Credit Card
500998,10905,2025-12-14,Delivered,Credit Card
500999,10451,2024-07-15,Delivered,Credit Card
501000,11864,2024-12-14,Delivered,Credit Card
501001,11576,2026-06-12,Cancelled,UPI
501002,10399,2024-02-02,Delivered,Net Banking
501003,11470,2025-11-20,Delivered,Debit Card
501004,10360,2024-06-02,Delivered,UPI
501005,10907,2026-04-06,Delivered,UPI
501006,11498,2025-01-10,Delivered,Debit Card
501007,10073,2024-01-07,Shipped,Credit Card
501008,11452,2025-10-17,Shipped,Net Banking
501009,10452,2024-05-14,Returned,Credit Card
501010,11399,2024-11-27,Cancelled,Cash on Delivery
501011,10999,2025-04-03,Delivered,UPI
501012,10053,2025-11-11,Shipped,Debit Card
501013,11524,2025-01-17,Delivered,Credit Card
501014,10520,2026-02-22,Processing,Credit Card
501015,11905,2025-03-15,Delivered,Wallet
501016,11680,2024-11-07,Delivered,Cash on Delivery
501017,10386,2024-11-03,Delivered,UPI
501018,11202,2025-12-31,Delivered,UPI
501019,10725,2025-08-30,Delivered,Cash on Delivery
501020,11205,2024-04-25,Processing,UPI
501021,11115,2025-11-16,Delivered,Cash on Delivery
501022,10592,2025-01-14,Processing,UPI
501023,11303,2024-11-14,Delivered,Credit Card
501024,10521,2024-03-30,Delivered,UPI
501025,11815,2026-06-30,Delivered,Debit Card
501026,11894,2024-02-17,Delivered,UPI
501027,10332,2026-06-28,Delivered,Credit Card
501028,11456,2024-02-28,Delivered,Cash on Delivery
501029,11859,2025-04-06,Delivered,UPI
501030,10254,2024-04-05,Processing,Debit Card
501031,11480,2025-03-25,Delivered,UPI
501032,11876,2026-02-02,Shipped,Debit Card
501033,10451,2025-06-22,Shipped,Credit Card
501034,11165,2025-05-11,Delivered,Debit Card
501035,11596,2024-04-18,Processing,Net Banking
501036,10667,2026-05-14,Shipped,Cash on Delivery
501037,10476,2024-12-08,Processing,Cash on Delivery
501038,10795,2025-05-06,Processing,UPI
501039,10671,2026-03-30,Delivered,UPI
501040,11451,2025-07-28,Returned,UPI
501041,10742,2025-11-02,Delivered,Net Banking
501042,10753,2024-06-17,Delivered,UPI
501043,11890,2025-02-24,Shipped,Net Banking
501044,11158,2025-05-08,Delivered,Wallet
501045,11859,2024-06-09,Delivered,UPI
501046,11421,2024-12-17,Delivered,Credit Card
501047,11771,2026-01-29,Delivered,Debit Card
501048,10391,2026-04-30,Cancelled,Credit Card
501049,11877,2026-01-21,Delivered,Credit Card
501050,11889,2026-05-02,Delivered,UPI
501051,10082,2026-06-30,Delivered,Cash on Delivery
501052,10713,2024-06-30,Shipped,Debit Card
501053,10827,2026-02-20,Processing,UPI
501054,10839,2025-07-20,Delivered,UPI
501055,11557,2026-02-23,Processing,Net Banking
501056,11398,2025-08-05,Delivered,UPI
501057,10426,2024-04-24,Processing,Cash on Delivery
501058,11218,2025-05-28,Delivered,Debit Card
501059,11950,2025-11-25,Delivered,Cash on Delivery
501060,10881,2024-04-23,Delivered,Net Banking
501061,11857,2025-04-05,Delivered,Cash on Delivery
501062,11300,2025-08-20,Delivered,Net Banking
501063,11850,2025-02-27,Delivered,Debit Card
501064,11806,2025-12-30,Delivered,UPI
501065,10034,2024-04-25,Delivered,Net Banking
501066,11601,2024-11-11,Delivered,Debit Card
501067,10379,2026-05-18,Delivered,Credit Card
501068,11649,2025-04-14,Processing,Debit Card
501069,11617,2024-06-14,Delivered,UPI
501070,10517,2024-04-16,Delivered,Credit Card
501071,10133,2025-06-25,Cancelled,UPI
501072,10839,2026-04-29,Delivered,Credit Card
501073,10606,2024-02-14,Delivered,Credit Card
501074,11108,2024-04-10,Delivered,Cash on Delivery
501075,10165,2024-12-08,Returned,Debit Card
501076,10089,2024-07-09,Delivered,Cash on Delivery
501077,10875,2024-04-20,Delivered,Wallet
501078,11540,2024-09-29,Delivered,UPI
501079,10630,2025-08-09,Processing,Debit Card
501080,10647,2026-01-23,Delivered,Credit Card
501081,10329,2024-10-06,Cancelled,Cash on Delivery
501082,10566,2025-10-01,Delivered,Credit Card
501083,10598,2026-01-21,Delivered,UPI
501084,10519,2024-01-07,Delivered,UPI
501085,10688,2026-02-17,Cancelled,Debit Card
501086,10567,2024-06-16,Delivered,UPI
501087,11362,2025-09-17,Delivered,Credit Card
501088,10677,2025-11-15,Shipped,Cash on Delivery
501089,11510,2026-02-10,Delivered,UPI
501090,11210,2025-01-03,Delivered,Debit Card
501091,11281,2025-08-25,Delivered,Debit Card
501092,11168,2024-01-24,Delivered,Credit Card
501093,11846,2025-02-12,Delivered,UPI
501094,10512,2026-05-30,Delivered,UPI
501095,11965,2024-05-24,Delivered,Wallet
501096,10413,2024-05-18,Processing,Debit Card
501097,10277,2025-10-01,Delivered,Credit Card
501098,11653,2025-04-11,Shipped,Cash on Delivery
501099,11792,2025-02-19,Delivered,UPI
501100,10186,2024-08-14,Delivered,UPI
501101,11200,2024-06-05,Delivered,UPI
501102,11026,2025-11-04,Shipped,Net Banking
501103,10441,2024-11-22,Cancelled,Credit Card
501104,11042,2025-12-10,Delivered,Debit Card
501105,11372,2025-02-08,Delivered,UPI
501106,11149,2024-12-28,Delivered,Net Banking
501107,11040,2024-07-29,Delivered,Net Banking
501108,11772,2025-08-24,Delivered,Credit Card
501109,10452,2024-09-16,Cancelled,UPI
501110,11248,2026-04-09,Processing,Debit Card
501111,10634,2025-01-07,Delivered,UPI
501112,11948,2026-01-13,Delivered,UPI
501113,10504,2025-03-05,Delivered,Debit Card
501114,11743,2025-01-13,Delivered,Credit Card
501115,11265,2025-02-17,Delivered,Net Banking
501116,10430,2025-02-07,Cancelled,Credit Card
501117,11518,2025-03-13,Delivered,UPI
501118,10483,2026-03-20,Delivered,Debit Card
501119,10525,2025-10-03,Delivered,Net Banking
501120,10690,2024-02-01,Delivered,Credit Card
501121,11364,2024-02-23,Cancelled,Credit Card
501122,10784,2024-01-21,Processing,UPI
501123,11139,2025-09-22,Processing,Credit Card
501124,11106,2024-07-06,Processing,Wallet
501125,10394,2024-12-17,Delivered,UPI
501126,10466,2026-01-25,Shipped,Debit Card
501127,10614,2024-04-30,Shipped,UPI
501128,10445,2024-05-19,Delivered,Credit Card
501129,11838,2024-03-13,Delivered,Net Banking
501130,10763,2024-09-17,Delivered,Debit Card
501131,10810,2024-03-22,Cancelled,UPI
501132,11345,2025-07-28,Delivered,Credit Card
501133,11577,2025-11-03,Cancelled,UPI
501134,11377,2024-06-17,Cancelled,Credit Card
501135,11103,2025-04-23,Cancelled,Net Banking
501136,11953,2024-10-03,Delivered,UPI
501137,11800,2024-03-14,Delivered,Credit Card
501138,10405,2025-03-02,Shipped,Credit Card
501139,10321,2025-09-28,Delivered,Cash on Delivery
501140,10786,2024-07-27,Delivered,UPI
501141,11671,2025-12-20,Shipped,Debit Card
501142,11930,2026-06-25,Delivered,UPI
501143,11406,2024-02-21,Delivered,UPI
501144,11381,2024-05-29,Cancelled,UPI
501145,10468,2024-09-21,Delivered,Net Banking
501146,11185,2026-02-14,Cancelled,UPI
501147,10369,2024-05-09,Delivered,Wallet
501148,11080,2025-03-05,Delivered,Credit Card
501149,10388,2025-05-05,Delivered,Cash on Delivery
501150,10152,2024-04-27,Delivered,UPI
501151,11935,2024-02-08,Delivered,Credit Card
501152,11787,2024-04-18,Processing,Net Banking
501153,11371,2024-02-21,Cancelled,Credit Card
501154,11252,2025-04-01,Delivered,Credit Card
501155,10480,2026-05-05,Delivered,Net Banking
501156,11144,2024-11-18,Delivered,Debit Card
501157,11497,2024-08-22,Delivered,Cash on Delivery
501158,11080,2024-08-02,Delivered,UPI
501159,10564,2026-06-14,Delivered,Debit Card
501160,10784,2026-05-25,Delivered,Debit Card
501161,11682,2025-08-15,Delivered,Debit Card
501162,10510,2025-02-27,Delivered,Debit Card
501163,11923,2024-05-25,Shipped,Net Banking
501164,11511,2026-04-28,Delivered,Cash on Delivery
501165,11781,2024-01-02,Delivered,UPI
501166,11020,2024-05-29,Delivered,UPI
501167,10448,2025-09-11,Delivered,UPI
501168,10068,2024-06-16,Processing,UPI
501169,11070,2024-04-08,Shipped,Debit Card
501170,10799,2025-06-28,Processing,Credit Card
501171,10228,2024-01-24,Delivered,Credit Card
501172,11858,2024-09-03,Delivered,Cash on Delivery
501173,11941,2025-08-09,Delivered,Cash on Delivery
501174,10748,2024-06-17,Delivered,Debit Card
501175,11337,2025-11-24,Delivered,Credit Card
501176,10827,2024-03-27,Delivered,UPI
501177,10994,2025-07-13,Delivered,Credit Card
501178,11248,2024-03-10,Delivered,Credit Card
501179,10833,2025-10-30,Delivered,UPI
501180,11604,2025-11-18,Delivered,Net Banking
501181,10379,2025-12-26,Delivered,Credit Card
501182,11337,2024-09-14,Returned,UPI
501183,11967,2024-08-03,Delivered,Debit Card
501184,11701,2026-06-12,Delivered,Credit Card
501185,10092,2025-10-28,Delivered,Credit Card
501186,10228,2024-06-16,Delivered,UPI
501187,11258,2024-01-27,Shipped,UPI
501188,11850,2024-11-19,Delivered,Credit Card
501189,11689,2025-08-30,Returned,Credit Card
501190,11808,2024-12-08,Processing,UPI
501191,10300,2026-01-07,Delivered,Net Banking
501192,11039,2025-04-01,Cancelled,Net Banking
501193,11452,2026-06-24,Delivered,Credit Card
501194,11250,2026-03-05,Returned,Cash on Delivery
501195,11555,2025-03-06,Delivered,Credit Card
501196,10426,2026-02-01,Returned,UPI
501197,10915,2025-02-13,Delivered,Credit Card
501198,10896,2024-01-10,Delivered,Credit Card
501199,11880,2024-10-08,Cancelled,Credit Card
501200,10406,2025-01-08,Delivered,Wallet
501201,10653,2026-06-10,Delivered,Credit Card
501202,10044,2026-01-25,Delivered,UPI
501203,10304,2024-05-13,Delivered,UPI
501204,11962,2024-01-01,Delivered,Cash on Delivery
501205,11696,2025-04-27,Delivered,UPI
501206,10519,2025-05-02,Delivered,Cash on Delivery
501207,11405,2025-11-02,Processing,UPI
501208,11187,2024-08-24,Delivered,Net Banking
501209,11814,2026-01-11,Processing,Credit Card
501210,10601,2025-01-11,Delivered,UPI
501211,11989,2024-11-01,Shipped,UPI
501212,10742,2025-01-18,Shipped,UPI
501213,11434,2026-05-12,Cancelled,UPI
501214,10796,2024-12-23,Delivered,UPI
501215,11344,2025-05-26,Delivered,Debit Card
501216,10671,2026-03-25,Cancelled,Debit Card
501217,11687,2024-01-17,Shipped,Credit Card
501218,11275,2025-05-04,Delivered,Debit Card
501219,10578,2025-10-08,Delivered,Net Banking
501220,11922,2026-04-05,Processing,Wallet
501221,11419,2024-02-26,Delivered,Credit Card
501222,10858,2025-10-25,Delivered,Credit Card
501223,10272,2026-01-02,Processing,Wallet
501224,11947,2024-11-16,Delivered,Wallet
501225,11510,2025-11-12,Delivered,Cash on Delivery
501226,11336,2025-03-26,Delivered,Debit Card
501227,11667,2025-08-23,Delivered,Debit Card
501228,11215,2024-12-21,Delivered,Cash on Delivery
501229,10465,2024-06-10,Shipped,Credit Card
501230,10475,2026-01-26,Delivered,UPI
501231,10159,2024-07-16,Processing,Wallet
501232,10126,2024-06-20,Processing,Cash on Delivery
501233,11458,2026-03-19,Processing,UPI
501234,11704,2026-05-04,Delivered,UPI
501235,10328,2025-07-10,Delivered,Cash on Delivery
501236,11148,2025-06-13,Shipped,Credit Card
501237,10248,2024-11-25,Delivered,Debit Card
501238,10829,2025-07-12,Delivered,UPI
501239,11582,2025-07-10,Delivered,UPI
501240,11624,2025-04-16,Delivered,Net Banking
501241,11898,2025-08-21,Shipped,Wallet
501242,10622,2025-05-21,Delivered,Credit Card
501243,11898,2026-03-13,Delivered,UPI
501244,11568,2025-09-01,Delivered,UPI
501245,10678,2024-12-17,Delivered,UPI
501246,10656,2025-08-21,Delivered,Cash on Delivery
501247,10216,2024-07-29,Processing,Credit Card
501248,11842,2024-07-14,Cancelled,Wallet
501249,10407,2026-01-24,Returned,Cash on Delivery
501250,10536,2025-06-15,Delivered,Credit Card
501251,10826,2024-02-19,Delivered,UPI
501252,10276,2024-11-19,Delivered,Wallet
501253,11612,2026-06-17,Delivered,UPI
501254,11397,2025-08-04,Shipped,Cash on Delivery
501255,10314,2026-03-04,Shipped,Credit Card
501256,10326,2025-05-15,Delivered,Credit Card
501257,10044,2024-02-08,Delivered,Credit Card
501258,11899,2024-06-13,Returned,Credit Card
501259,10872,2024-03-25,Delivered,Debit Card
501260,11312,2025-11-01,Processing,Debit Card
501261,10300,2025-11-21,Shipped,UPI
501262,10462,2025-02-21,Delivered,Debit Card
501263,11083,2025-10-23,Cancelled,Credit Card
501264,10418,2025-05-18,Processing,Cash on Delivery
501265,11226,2025-11-06,Shipped,Cash on Delivery
501266,11848,2025-09-06,Delivered,Debit Card
501267,10611,2025-02-19,Delivered,Wallet
501268,11216,2025-08-19,Shipped,Credit Card
501269,11832,2024-10-17,Delivered,UPI
501270,11788,2025-11-14,Delivered,UPI
501271,10016,2026-04-14,Delivered,Cash on Delivery
501272,10221,2024-07-07,Delivered,Credit Card
501273,11973,2025-09-01,Shipped,Cash on Delivery
501274,11851,2024-04-10,Delivered,Credit Card
501275,10644,2024-12-10,Delivered,UPI
501276,11041,2025-09-02,Delivered,Debit Card
501277,11146,2024-09-10,Delivered,Debit Card
501278,11337,2024-08-03,Delivered,Credit Card
501279,11501,2024-12-16,Delivered,Cash on Delivery
501280,10746,2024-04-14,Delivered,Debit Card
501281,11780,2025-07-25,Delivered,Credit Card
501282,10119,2024-04-29,Delivered,Net Banking
501283,10065,2024-10-31,Delivered,Credit Card
501284,11916,2024-10-12,Delivered,Cash on Delivery
501285,10355,2026-06-02,Delivered,Credit Card
501286,11990,2026-06-24,Shipped,Debit Card
501287,10572,2024-03-13,Delivered,Credit Card
501288,10730,2024-05-23,Delivered,UPI
501289,10056,2025-10-30,Shipped,Debit Card
501290,11888,2024-09-29,Shipped,Credit Card
501291,10719,2025-08-11,Delivered,Debit Card
501292,10336,2026-04-20,Delivered,Debit Card
501293,10967,2024-05-28,Processing,UPI
501294,10310,2026-05-29,Delivered,UPI
501295,11580,2024-02-17,Cancelled,Net Banking
501296,10147,2024-07-27,Delivered,Credit Card
501297,10999,2025-04-08,Shipped,Credit Card
501298,10783,2026-03-14,Cancelled,UPI
501299,10075,2025-05-20,Returned,Credit Card
501300,10105,2024-05-06,Delivered,Debit Card
501301,11038,2024-08-15,Shipped,Cash on Delivery
501302,10790,2025-11-26,Delivered,Debit Card
501303,10260,2025-05-27,Delivered,Debit Card
501304,10277,2024-01-12,Processing,Credit Card
501305,11610,2025-04-02,Delivered,Debit Card
501306,11462,2025-01-06,Processing,Net Banking
501307,11216,2024-01-01,Delivered,UPI
501308,11667,2024-08-13,Delivered,Net Banking
501309,10139,2026-05-03,Delivered,UPI
501310,11376,2025-10-04,Delivered,UPI
501311,11506,2024-03-05,Delivered,UPI
501312,10401,2024-01-15,Delivered,UPI
501313,11073,2024-11-11,Returned,Credit Card
501314,11534,2025-02-28,Processing,UPI
501315,11207,2025-02-18,Shipped,UPI
501316,10500,2025-09-28,Delivered,UPI
501317,11330,2024-06-07,Delivered,UPI
501318,11519,2024-02-12,Shipped,Credit Card
501319,10020,2025-09-06,Delivered,Cash on Delivery
501320,11135,2026-03-30,Delivered,Debit Card
501321,11010,2024-06-02,Cancelled,UPI
501322,10734,2024-11-25,Delivered,Credit Card
501323,10089,2025-07-26,Cancelled,Credit Card
501324,10167,2024-05-30,Delivered,UPI
501325,11501,2026-02-24,Delivered,Credit Card
501326,11656,2024-07-24,Delivered,Credit Card
501327,10839,2025-05-01,Cancelled,Credit Card
501328,11880,2024-11-05,Delivered,Debit Card
501329,11856,2025-09-01,Shipped,Credit Card
501330,11332,2024-06-30,Delivered,UPI
501331,11162,2024-03-30,Processing,UPI
501332,11930,2025-04-11,Delivered,Cash on Delivery
501333,11220,2026-02-28,Delivered,Debit Card
501334,11869,2025-07-31,Shipped,Debit Card
501335,11958,2025-11-20,Shipped,Cash on Delivery
501336,10390,2025-01-30,Shipped,Debit Card
501337,11322,2024-05-07,Delivered,UPI
501338,11463,2025-01-24,Processing,Net Banking
501339,11641,2026-06-20,Delivered,UPI
501340,10699,2025-12-14,Returned,Debit Card
501341,11724,2025-10-04,Delivered,Credit Card
501342,10976,2024-10-01,Delivered,UPI
501343,10774,2025-07-01,Delivered,UPI
501344,10314,2025-07-22,Delivered,Credit Card
501345,10643,2025-08-20,Delivered,Debit Card
501346,11950,2026-03-26,Processing,UPI
501347,11433,2025-09-14,Shipped,UPI
501348,11453,2024-07-21,Delivered,Credit Card
501349,11792,2024-07-21,Delivered,Net Banking
501350,10534,2025-07-19,Shipped,Net Banking
501351,11324,2026-03-01,Cancelled,Debit Card
501352,10743,2026-05-15,Delivered,Credit Card
501353,11696,2025-07-10,Cancelled,Credit Card
501354,10845,2025-04-28,Delivered,UPI
501355,11710,2026-01-15,Shipped,UPI
501356,11496,2026-06-10,Shipped,UPI
501357,11544,2024-01-26,Delivered,Cash on Delivery
501358,11852,2024-10-10,Delivered,Credit Card
501359,11582,2024-10-31,Shipped,UPI
501360,10643,2025-05-30,Delivered,Debit Card
501361,11044,2024-09-26,Delivered,UPI
501362,10946,2024-10-10,Delivered,Credit Card
501363,10130,2024-01-23,Shipped,Debit Card
501364,11187,2024-01-04,Delivered,Net Banking
501365,10875,2025-02-14,Delivered,Net Banking
501366,10787,2026-06-29,Returned,Cash on Delivery
501367,10220,2024-09-26,Shipped,UPI
501368,11009,2024-08-07,Delivered,Debit Card
501369,11159,2024-08-29,Delivered,Cash on Delivery
501370,10212,2026-06-07,Delivered,Credit Card
501371,11270,2025-08-29,Delivered,Net Banking
501372,10336,2025-08-19,Delivered,Wallet
501373,10291,2024-06-21,Delivered,Debit Card
501374,10803,2026-04-05,Delivered,UPI
501375,10779,2024-06-28,Delivered,UPI
501376,11830,2026-06-02,Delivered,Debit Card
501377,10136,2026-05-19,Delivered,Cash on Delivery
501378,10699,2025-06-02,Processing,UPI
501379,11470,2026-03-03,Delivered,Credit Card
501380,10500,2026-07-01,Shipped,UPI
501381,11964,2025-06-13,Delivered,Credit Card
501382,11486,2025-12-01,Delivered,Net Banking
501383,11893,2025-06-23,Delivered,Credit Card
501384,11899,2025-04-23,Delivered,Credit Card
501385,10219,2024-11-01,Processing,Debit Card
501386,10919,2025-08-20,Delivered,Credit Card
501387,11490,2024-09-01,Delivered,Debit Card
501388,10018,2024-06-26,Delivered,UPI
501389,10905,2024-09-08,Delivered,UPI
501390,11377,2024-01-11,Delivered,Cash on Delivery
501391,11586,2026-05-02,Delivered,Credit Card
501392,10831,2024-08-22,Delivered,Credit Card
501393,11727,2025-12-31,Delivered,Credit Card
501394,11348,2025-02-01,Processing,Debit Card
501395,10091,2024-11-05,Delivered,UPI
501396,10556,2024-07-27,Processing,Debit Card
501397,11876,2026-01-19,Delivered,UPI
501398,10005,2025-04-14,Delivered,Cash on Delivery
501399,10217,2025-02-14,Delivered,Debit Card
501400,10689,2025-08-23,Delivered,Net Banking
501401,11988,2026-01-02,Delivered,Net Banking
501402,11410,2025-08-21,Returned,Net Banking
501403,10296,2025-03-03,Cancelled,Credit Card
501404,10787,2026-03-27,Delivered,UPI
501405,11880,2026-03-28,Delivered,Cash on Delivery
501406,10439,2026-06-01,Shipped,Cash on Delivery
501407,11151,2024-03-24,Cancelled,Cash on Delivery
501408,10929,2026-03-24,Delivered,Wallet
501409,11521,2024-06-25,Delivered,Debit Card
501410,11505,2025-07-20,Shipped,Credit Card
501411,11667,2025-08-23,Delivered,Net Banking
501412,10239,2024-07-06,Shipped,UPI
501413,10908,2024-01-08,Delivered,Net Banking
501414,11384,2026-05-11,Delivered,Net Banking
501415,10838,2026-03-24,Delivered,Debit Card
501416,11335,2024-06-08,Delivered,Credit Card
501417,11272,2025-07-03,Delivered,Debit Card
501418,10742,2024-05-18,Delivered,Cash on Delivery
501419,10201,2025-06-01,Delivered,UPI
501420,11941,2024-10-16,Delivered,Credit Card
501421,11652,2025-11-17,Processing,Debit Card
501422,11790,2025-06-07,Delivered,Cash on Delivery
501423,10600,2025-03-30,Delivered,Debit Card
501424,10633,2025-09-14,Delivered,Debit Card
501425,10647,2025-03-10,Processing,UPI
501426,10063,2024-01-13,Delivered,Credit Card
501427,10340,2025-06-28,Delivered,Cash on Delivery
501428,10617,2025-12-11,Delivered,Credit Card
501429,11975,2025-03-23,Delivered,Credit Card
501430,10410,2024-06-08,Processing,Credit Card
501431,11016,2024-01-08,Delivered,Credit Card
501432,11095,2024-09-27,Shipped,Credit Card
501433,10720,2025-12-02,Shipped,Net Banking
501434,11838,2024-10-21,Processing,Credit Card
501435,10187,2026-05-22,Returned,Debit Card
501436,11741,2024-10-30,Delivered,Credit Card
501437,11488,2025-01-25,Delivered,Cash on Delivery
501438,10612,2025-11-25,Delivered,UPI
501439,11536,2025-07-14,Delivered,UPI
501440,10858,2024-02-07,Shipped,Credit Card
501441,11942,2024-03-10,Delivered,Wallet
501442,10074,2024-06-28,Delivered,Debit Card
501443,10060,2026-03-06,Shipped,Debit Card
501444,11089,2024-01-21,Delivered,Credit Card
501445,11863,2024-03-06,Delivered,Credit Card
501446,10127,2025-12-11,Processing,Wallet
501447,11556,2025-07-22,Delivered,Credit Card
501448,11878,2026-06-17,Delivered,Net Banking
501449,10973,2024-07-19,Delivered,Net Banking
501450,11734,2025-08-25,Delivered,Debit Card
501451,11514,2024-05-02,Delivered,UPI
501452,10429,2025-06-22,Delivered,Credit Card
501453,11709,2024-04-06,Delivered,UPI
501454,11399,2026-04-09,Shipped,Wallet
501455,10026,2025-01-14,Delivered,Cash on Delivery
501456,11137,2024-08-20,Delivered,Credit Card
501457,11309,2026-06-17,Delivered,Cash on Delivery
501458,11603,2024-03-01,Delivered,UPI
501459,11543,2025-12-31,Delivered,UPI
501460,10952,2025-04-10,Delivered,UPI
501461,10598,2025-09-19,Delivered,Cash on Delivery
501462,10384,2024-08-25,Processing,UPI
501463,10179,2026-03-15,Delivered,UPI
501464,11280,2025-02-15,Returned,UPI
501465,11920,2025-01-17,Delivered,Credit Card
501466,10161,2025-02-20,Shipped,Credit Card
501467,11406,2024-09-27,Delivered,UPI
501468,11170,2024-10-18,Shipped,Net Banking
501469,10344,2024-05-07,Processing,Wallet
501470,10426,2025-03-20,Delivered,Credit Card
501471,10569,2025-03-09,Delivered,Cash on Delivery
501472,11370,2024-12-13,Cancelled,Net Banking
501473,10598,2026-06-18,Cancelled,Cash on Delivery
501474,11657,2024-04-13,Returned,UPI
501475,10740,2026-04-11,Delivered,Cash on Delivery
501476,10220,2026-03-02,Delivered,Debit Card
501477,10191,2024-01-21,Delivered,UPI
501478,10801,2025-10-02,Shipped,Net Banking
501479,10816,2024-07-09,Delivered,UPI
501480,11468,2024-02-07,Delivered,Net Banking
501481,10958,2026-02-25,Delivered,Debit Card
501482,10328,2024-04-15,Delivered,Credit Card
501483,10427,2024-09-29,Shipped,UPI
501484,11134,2024-03-29,Delivered,Cash on Delivery
501485,10669,2024-05-09,Processing,UPI
501486,11344,2024-02-26,Delivered,Cash on Delivery
501487,11847,2026-02-08,Delivered,Debit Card
501488,10710,2024-02-23,Delivered,UPI
501489,11104,2025-11-24,Delivered,Debit Card
501490,11664,2024-05-23,Delivered,Wallet
501491,10421,2026-04-15,Processing,Cash on Delivery
501492,11022,2026-02-13,Delivered,UPI
501493,10611,2025-07-28,Delivered,UPI
501494,11254,2026-01-26,Shipped,UPI
501495,11487,2024-09-29,Delivered,Net Banking
501496,10282,2025-12-16,Delivered,UPI
501497,10375,2024-07-21,Delivered,UPI
501498,10047,2025-07-15,Delivered,Credit Card
501499,10025,2026-04-19,Delivered,Wallet
501500,10102,2025-10-22,Delivered,Credit Card
501501,11414,2024-09-03,Delivered,Net Banking
501502,11808,2025-11-05,Delivered,UPI
501503,10820,2026-03-17,Delivered,Debit Card
501504,11766,2026-03-22,Delivered,Debit Card
501505,11460,2025-11-05,Delivered,Cash on Delivery
501506,11616,2025-10-30,Delivered,Net Banking
501507,11480,2025-12-17,Delivered,UPI
501508,10400,2025-11-03,Delivered,Credit Card
501509,11047,2024-05-02,Processing,UPI
501510,11051,2026-01-04,Delivered,UPI
501511,11284,2024-06-13,Delivered,Wallet
501512,11593,2025-05-22,Delivered,Credit Card
501513,10226,2024-11-05,Delivered,Cash on Delivery
501514,11350,2024-07-13,Delivered,UPI
501515,11667,2024-09-14,Delivered,Cash on Delivery
501516,10232,2024-03-18,Delivered,Cash on Delivery
501517,10830,2025-02-05,Shipped,Debit Card
501518,11792,2025-01-17,Delivered,UPI
501519,10049,2025-01-03,Delivered,Cash on Delivery
501520,10322,2024-03-24,Delivered,Cash on Delivery
501521,11608,2025-07-08,Delivered,UPI
501522,10344,2024-06-03,Delivered,Wallet
501523,11404,2026-02-20,Returned,Cash on Delivery
501524,11803,2024-01-22,Delivered,UPI
501525,10998,2024-02-20,Delivered,Credit Card
501526,10970,2024-10-01,Processing,Credit Card
501527,10858,2025-01-07,Delivered,Credit Card
501528,10746,2026-06-04,Delivered,Cash on Delivery
501529,10761,2025-04-24,Delivered,Cash on Delivery
501530,11108,2024-12-11,Shipped,UPI
501531,11792,2026-02-03,Delivered,Debit Card
501532,11963,2024-08-07,Processing,Debit Card
501533,11732,2026-03-29,Shipped,Credit Card
501534,10240,2025-01-03,Delivered,Net Banking
501535,10614,2024-10-12,Delivered,Debit Card
501536,11514,2024-10-02,Processing,UPI
501537,11092,2024-01-09,Processing,Credit Card
501538,10669,2025-09-07,Processing,Cash on Delivery
501539,10623,2025-06-11,Delivered,Credit Card
501540,10235,2025-08-02,Shipped,Credit Card
501541,10665,2025-08-18,Shipped,Wallet
501542,10844,2024-01-25,Cancelled,Cash on Delivery
501543,10832,2026-03-12,Delivered,Debit Card
501544,11098,2025-04-11,Shipped,Credit Card
501545,10546,2025-09-23,Shipped,Debit Card
501546,10412,2024-02-03,Processing,Debit Card
501547,11776,2025-11-25,Shipped,Credit Card
501548,10811,2025-09-10,Processing,UPI
501549,10510,2024-12-02,Delivered,Credit Card
501550,11272,2026-05-04,Delivered,Credit Card
501551,11085,2025-08-17,Delivered,Wallet
501552,11153,2026-04-08,Processing,Net Banking
501553,10444,2026-01-20,Delivered,UPI
501554,11447,2024-07-06,Delivered,Credit Card
501555,10385,2026-06-28,Returned,Debit Card
501556,11673,2025-11-09,Cancelled,Credit Card
501557,10849,2024-06-22,Shipped,UPI
501558,10819,2025-12-25,Processing,Cash on Delivery
501559,10777,2025-01-26,Delivered,Cash on Delivery
501560,10846,2026-02-28,Delivered,Cash on Delivery
501561,11331,2024-06-07,Delivered,Credit Card
501562,10994,2024-08-25,Shipped,Cash on Delivery
501563,10254,2024-11-13,Delivered,Net Banking
501564,11133,2025-02-15,Delivered,Credit Card
501565,10535,2025-07-30,Shipped,UPI
501566,10217,2024-07-21,Delivered,UPI
501567,11680,2025-10-06,Processing,UPI
501568,10626,2024-01-23,Delivered,Cash on Delivery
501569,11191,2024-10-29,Processing,Debit Card
501570,10344,2025-08-24,Delivered,Wallet
501571,10679,2024-08-29,Shipped,Debit Card
501572,10772,2025-01-28,Shipped,UPI
501573,10268,2025-07-07,Delivered,Credit Card
501574,11947,2024-08-14,Delivered,UPI
501575,10624,2026-05-30,Cancelled,Cash on Delivery
501576,11166,2026-02-12,Delivered,UPI
501577,11132,2026-06-05,Shipped,UPI
501578,10859,2025-03-28,Delivered,Credit Card
501579,11172,2024-11-09,Shipped,Net Banking
501580,11132,2026-06-27,Delivered,Credit Card
501581,10161,2025-10-27,Delivered,UPI
501582,11339,2025-12-25,Delivered,Net Banking
501583,10229,2024-06-15,Delivered,UPI
501584,10870,2026-03-04,Delivered,Debit Card
501585,10730,2025-04-27,Processing,Debit Card
501586,10896,2025-12-07,Shipped,UPI
501587,10144,2026-01-23,Returned,Credit Card
501588,11403,2024-04-06,Shipped,UPI
501589,10838,2024-03-31,Delivered,Credit Card
501590,10122,2024-02-29,Delivered,Debit Card
501591,10008,2025-08-10,Cancelled,Credit Card
501592,11081,2026-04-15,Delivered,UPI
501593,11333,2024-01-28,Delivered,Debit Card
501594,11095,2024-05-06,Processing,Net Banking
501595,11441,2025-03-19,Cancelled,Cash on Delivery
501596,11514,2024-12-23,Delivered,Cash on Delivery
501597,11744,2024-04-04,Delivered,Credit Card
501598,11966,2025-07-10,Delivered,Credit Card
501599,11770,2026-04-06,Shipped,Debit Card
501600,11592,2024-07-12,Delivered,Net Banking
501601,10862,2024-01-03,Shipped,Credit Card
501602,11008,2024-07-24,Delivered,Wallet
501603,11233,2024-06-17,Delivered,Debit Card
501604,10339,2025-03-01,Delivered,Credit Card
501605,11356,2024-04-07,Delivered,Net Banking
501606,11177,2024-11-25,Shipped,UPI
501607,11041,2024-04-19,Delivered,Cash on Delivery
501608,11669,2025-09-09,Processing,Credit Card
501609,11375,2025-03-04,Delivered,Debit Card
501610,11865,2024-03-09,Returned,Debit Card
501611,11954,2024-02-09,Shipped,UPI
501612,11651,2025-03-22,Delivered,Net Banking
501613,10596,2025-06-24,Returned,Credit Card
501614,10378,2024-06-08,Delivered,Credit Card
501615,10599,2024-10-22,Delivered,UPI
501616,11426,2025-07-07,Cancelled,Net Banking
501617,11729,2025-03-06,Cancelled,Cash on Delivery
501618,11761,2024-04-16,Shipped,UPI
501619,11368,2024-12-23,Returned,Net Banking
501620,11363,2024-06-29,Delivered,Cash on Delivery
501621,11904,2026-04-26,Delivered,UPI
501622,11372,2026-01-03,Delivered,Wallet
501623,10282,2024-10-11,Delivered,UPI
501624,11001,2024-08-02,Delivered,Cash on Delivery
501625,10718,2024-05-02,Delivered,Debit Card
501626,11274,2025-11-03,Delivered,Wallet
501627,11272,2026-04-18,Delivered,Credit Card
501628,10589,2024-09-06,Delivered,Credit Card
501629,10600,2025-08-07,Shipped,Cash on Delivery
501630,10178,2024-08-02,Delivered,Net Banking
501631,10587,2026-04-17,Shipped,Debit Card
501632,11656,2024-09-30,Shipped,Debit Card
501633,11311,2024-03-28,Delivered,Debit Card
501634,11887,2026-03-15,Processing,UPI
501635,11853,2026-05-13,Returned,UPI
501636,11714,2024-12-28,Delivered,UPI
501637,10360,2026-04-08,Shipped,UPI
501638,10668,2024-08-10,Delivered,Cash on Delivery
501639,10115,2024-09-04,Delivered,Credit Card
501640,10188,2025-05-04,Delivered,Credit Card
501641,10463,2025-07-02,Shipped,UPI
501642,10561,2024-12-18,Processing,Cash on Delivery
501643,10031,2025-12-31,Shipped,UPI
501644,11686,2025-12-22,Shipped,UPI
501645,11055,2024-04-20,Delivered,Net Banking
501646,11312,2026-06-23,Delivered,UPI
501647,11308,2024-05-25,Delivered,Net Banking
501648,11934,2025-04-25,Delivered,Credit Card
501649,10295,2025-01-21,Shipped,Net Banking
501650,10686,2025-02-16,Delivered,UPI
501651,10617,2024-04-27,Delivered,Credit Card
501652,11103,2024-11-09,Delivered,Credit Card
501653,11053,2024-01-28,Delivered,Debit Card
501654,11581,2026-06-07,Delivered,Cash on Delivery
501655,11122,2024-05-11,Delivered,UPI
501656,10468,2025-03-17,Delivered,Debit Card
501657,11130,2024-07-16,Delivered,UPI
501658,11929,2024-06-11,Delivered,Net Banking
501659,11158,2024-12-22,Cancelled,Cash on Delivery
501660,11185,2026-06-03,Delivered,UPI
501661,10352,2025-03-12,Delivered,UPI
501662,10016,2026-05-27,Delivered,Net Banking
501663,10420,2026-01-25,Delivered,Cash on Delivery
501664,10051,2025-02-01,Delivered,Debit Card
501665,10905,2026-04-02,Delivered,Credit Card
501666,11765,2024-11-13,Cancelled,Net Banking
501667,10894,2025-04-02,Returned,Credit Card
501668,11291,2025-09-13,Delivered,Wallet
501669,11712,2025-06-22,Delivered,Cash on Delivery
501670,11527,2026-01-26,Delivered,Cash on Delivery
501671,11302,2024-05-28,Delivered,Cash on Delivery
501672,11569,2025-03-31,Delivered,Cash on Delivery
501673,10562,2025-08-29,Shipped,UPI
501674,10841,2024-10-29,Delivered,Cash on Delivery
501675,10798,2026-03-02,Delivered,UPI
501676,11598,2024-10-02,Delivered,Credit Card
501677,10818,2024-10-01,Delivered,Credit Card
501678,11876,2024-10-25,Delivered,UPI
501679,10374,2025-09-09,Delivered,Credit Card
501680,10345,2024-04-17,Delivered,Credit Card
501681,11433,2024-05-10,Delivered,UPI
501682,11529,2025-12-11,Delivered,Credit Card
501683,11359,2024-07-08,Shipped,Credit Card
501684,10616,2024-04-05,Delivered,Debit Card
501685,10019,2024-08-28,Delivered,Debit Card
501686,10643,2024-12-29,Processing,Net Banking
501687,10934,2024-01-31,Shipped,Net Banking
501688,10826,2026-02-01,Delivered,Debit Card
501689,11845,2024-04-17,Delivered,UPI
501690,11728,2025-01-03,Delivered,Credit Card
501691,11551,2024-07-03,Delivered,Credit Card
501692,10045,2024-09-26,Processing,UPI
501693,10255,2024-02-11,Delivered,Cash on Delivery
501694,10868,2026-05-15,Delivered,UPI
501695,11244,2026-05-05,Delivered,Wallet
501696,11361,2024-04-25,Delivered,UPI
501697,10593,2024-06-29,Delivered,Net Banking
501698,10221,2026-03-18,Delivered,Credit Card
501699,10657,2025-01-13,Delivered,Cash on Delivery
501700,11585,2024-02-26,Processing,Cash on Delivery
501701,11974,2024-05-04,Shipped,UPI
501702,11884,2025-01-12,Cancelled,UPI
501703,11187,2025-05-24,Processing,Debit Card
501704,10182,2025-07-30,Cancelled,UPI
501705,11936,2024-05-19,Returned,UPI
501706,10306,2024-12-03,Delivered,Wallet
501707,10537,2024-08-26,Delivered,Debit Card
501708,11949,2025-05-03,Delivered,UPI
501709,11008,2024-10-20,Delivered,Credit Card
501710,10396,2024-07-05,Shipped,UPI
501711,11005,2026-01-14,Delivered,Net Banking
501712,10158,2025-06-03,Processing,UPI
501713,10632,2025-03-08,Shipped,Credit Card
501714,11905,2024-05-02,Delivered,UPI
501715,10598,2024-03-05,Delivered,Wallet
501716,11786,2025-12-27,Delivered,UPI
501717,11086,2026-06-03,Delivered,Net Banking
501718,11312,2025-06-17,Delivered,Credit Card
501719,11406,2024-02-05,Delivered,Net Banking
501720,11103,2025-03-16,Delivered,UPI
501721,10069,2024-09-12,Delivered,Cash on Delivery
501722,11839,2024-02-19,Delivered,Wallet
501723,10951,2024-05-10,Delivered,UPI
501724,11312,2025-04-01,Delivered,UPI
501725,11108,2025-01-24,Returned,Wallet
501726,11317,2025-05-29,Delivered,Credit Card
501727,10710,2025-09-25,Cancelled,Cash on Delivery
501728,11688,2024-08-30,Delivered,Cash on Delivery
501729,10449,2024-09-18,Delivered,Credit Card
501730,11307,2025-09-10,Returned,UPI
501731,11156,2024-06-28,Shipped,Credit Card
501732,11008,2024-03-11,Delivered,Debit Card
501733,10044,2026-02-18,Shipped,Credit Card
501734,10780,2024-07-09,Delivered,Net Banking
501735,10096,2024-04-20,Shipped,Debit Card
501736,11007,2025-11-04,Delivered,Net Banking
501737,11376,2025-04-30,Processing,UPI
501738,11045,2024-05-14,Cancelled,Credit Card
501739,11515,2026-02-15,Processing,UPI
501740,10722,2024-08-12,Shipped,UPI
501741,10613,2025-09-09,Delivered,Credit Card
501742,10897,2025-08-17,Delivered,Cash on Delivery
501743,10459,2026-01-27,Delivered,Credit Card
501744,11604,2025-10-27,Processing,UPI
501745,11620,2025-10-03,Delivered,Debit Card
501746,10834,2024-02-17,Delivered,Net Banking
501747,11586,2026-05-06,Shipped,Credit Card
501748,10052,2024-04-25,Delivered,Credit Card
501749,10310,2024-08-19,Processing,Credit Card
501750,10567,2025-02-11,Processing,UPI
501751,10776,2024-09-20,Delivered,Credit Card
501752,10464,2025-06-25,Delivered,UPI
501753,11025,2024-02-18,Shipped,Debit Card
501754,11588,2025-02-18,Delivered,Cash on Delivery
501755,10913,2024-11-15,Returned,UPI
501756,10899,2025-08-13,Delivered,UPI
501757,10120,2025-04-19,Delivered,Cash on Delivery
501758,10561,2025-11-21,Delivered,Debit Card
501759,11615,2024-05-30,Shipped,Net Banking
501760,11622,2026-05-16,Delivered,Cash on Delivery
501761,10209,2024-12-24,Processing,Debit Card
501762,10039,2024-11-15,Returned,Net Banking
501763,11663,2025-05-15,Delivered,Credit Card
501764,10349,2024-05-28,Delivered,Cash on Delivery
501765,11150,2026-01-13,Delivered,Net Banking
501766,11654,2024-08-29,Processing,UPI
501767,11575,2026-04-26,Delivered,Debit Card
501768,11102,2024-05-15,Cancelled,UPI
501769,10754,2026-02-28,Processing,Debit Card
501770,11548,2024-12-25,Delivered,UPI
501771,11390,2025-07-08,Delivered,Debit Card
501772,11677,2026-03-07,Returned,Credit Card
501773,11028,2024-04-27,Shipped,Debit Card
501774,11884,2024-11-12,Shipped,Debit Card
501775,11540,2026-05-15,Delivered,UPI
501776,10127,2024-05-15,Delivered,Credit Card
501777,10588,2024-04-03,Delivered,Credit Card
501778,11599,2025-04-22,Cancelled,Debit Card
501779,10233,2024-01-23,Delivered,Cash on Delivery
501780,11418,2026-06-24,Shipped,Credit Card
501781,10682,2026-04-05,Delivered,Debit Card
501782,10415,2024-06-20,Processing,Cash on Delivery
501783,11080,2024-06-06,Delivered,Net Banking
501784,11864,2025-12-11,Shipped,Credit Card
501785,11796,2025-04-20,Delivered,Credit Card
501786,10809,2026-01-21,Cancelled,Cash on Delivery
501787,10008,2026-06-02,Delivered,Credit Card
501788,11776,2025-01-01,Delivered,UPI
501789,11795,2024-08-19,Delivered,Debit Card
501790,11211,2025-07-19,Delivered,UPI
501791,11258,2025-08-02,Delivered,Debit Card
501792,11054,2025-01-29,Delivered,Wallet
501793,10025,2024-09-30,Delivered,Wallet
501794,10320,2024-08-27,Delivered,Debit Card
501795,10287,2025-04-21,Delivered,Cash on Delivery
501796,11829,2025-01-24,Shipped,Net Banking
501797,10100,2025-02-21,Delivered,Wallet
501798,11114,2024-03-27,Delivered,Cash on Delivery
501799,10726,2026-03-15,Processing,Cash on Delivery
501800,10013,2025-10-07,Delivered,UPI
501801,11839,2026-04-19,Delivered,UPI
501802,10037,2026-01-27,Cancelled,UPI
501803,11712,2025-07-18,Shipped,Debit Card
501804,11556,2024-10-07,Delivered,Cash on Delivery
501805,11588,2025-08-20,Delivered,Wallet
501806,10324,2025-06-01,Processing,Cash on Delivery
501807,11763,2026-04-23,Processing,Cash on Delivery
501808,11198,2024-07-30,Delivered,Credit Card
501809,10804,2024-01-24,Delivered,Credit Card
501810,11363,2024-04-26,Processing,Debit Card
501811,10683,2024-06-08,Processing,UPI
501812,10559,2025-08-28,Delivered,Net Banking
501813,10577,2024-05-13,Delivered,Debit Card
501814,11139,2024-05-02,Delivered,UPI
501815,11203,2024-12-28,Delivered,Debit Card
501816,10481,2025-12-14,Shipped,Debit Card
501817,10492,2025-01-22,Delivered,Net Banking
501818,11893,2024-09-05,Delivered,Cash on Delivery
501819,11030,2024-09-16,Delivered,UPI
501820,11721,2026-01-17,Processing,Net Banking
501821,10661,2025-01-30,Processing,UPI
501822,10577,2024-12-02,Processing,Credit Card
501823,10566,2025-12-07,Cancelled,Credit Card
501824,11058,2024-12-02,Returned,Net Banking
501825,11559,2024-11-21,Delivered,Cash on Delivery
501826,11002,2025-11-16,Delivered,UPI
501827,10590,2024-10-25,Processing,Net Banking
501828,11921,2025-04-10,Delivered,Cash on Delivery
501829,11145,2025-08-29,Delivered,Wallet
501830,10789,2024-07-02,Returned,UPI
501831,10020,2024-04-27,Delivered,UPI
501832,11125,2026-02-15,Cancelled,Credit Card
501833,11243,2024-09-28,Delivered,Cash on Delivery
501834,11858,2024-11-06,Delivered,Credit Card
501835,10462,2025-06-22,Processing,Credit Card
501836,10326,2024-04-03,Shipped,Wallet
501837,11999,2024-02-11,Delivered,Credit Card
501838,11101,2025-01-14,Delivered,Debit Card
501839,10054,2026-06-03,Delivered,Wallet
501840,10212,2025-06-08,Delivered,Credit Card
501841,10951,2025-06-12,Delivered,UPI
501842,11235,2025-07-10,Delivered,Credit Card
501843,10488,2026-02-25,Delivered,Debit Card
501844,10732,2026-02-01,Delivered,UPI
501845,11473,2024-01-23,Delivered,UPI
501846,11936,2025-05-09,Delivered,UPI
501847,10983,2025-05-14,Delivered,Debit Card
501848,10831,2024-07-23,Delivered,Cash on Delivery
501849,10723,2026-06-09,Cancelled,Debit Card
501850,10273,2024-08-26,Returned,Net Banking
501851,10106,2026-01-31,Processing,Wallet
501852,11668,2024-04-02,Delivered,Net Banking
501853,10075,2025-07-03,Shipped,Debit Card
501854,11642,2025-11-02,Delivered,UPI
501855,10495,2025-04-05,Delivered,Credit Card
501856,11390,2024-04-06,Cancelled,UPI
501857,11904,2024-04-23,Delivered,Credit Card
501858,11498,2025-07-07,Cancelled,Wallet
501859,11460,2026-02-26,Shipped,Credit Card
501860,10530,2025-06-29,Delivered,UPI
501861,11197,2024-04-02,Delivered,Cash on Delivery
501862,11285,2025-12-18,Processing,Wallet
501863,10851,2025-02-23,Delivered,Net Banking
501864,10077,2024-03-09,Delivered,UPI
501865,11825,2024-12-01,Delivered,Debit Card
501866,10394,2024-07-04,Returned,Credit Card
501867,11947,2026-06-19,Delivered,Debit Card
501868,11865,2026-04-10,Returned,Debit Card
501869,10038,2024-04-06,Shipped,Net Banking
501870,11479,2025-06-06,Delivered,UPI
501871,11269,2024-01-07,Delivered,Wallet
501872,10462,2025-02-21,Shipped,UPI
501873,11626,2024-05-22,Delivered,UPI
501874,10223,2025-11-13,Delivered,Cash on Delivery
501875,10498,2024-03-06,Delivered,Credit Card
501876,11898,2026-04-04,Processing,Credit Card
501877,11486,2024-07-30,Shipped,Credit Card
501878,10225,2024-08-28,Delivered,UPI
501879,10289,2026-03-19,Delivered,UPI
501880,10515,2026-04-03,Delivered,Net Banking
501881,10142,2024-03-28,Shipped,UPI
501882,10366,2024-04-09,Delivered,Wallet
501883,11144,2026-02-18,Returned,Net Banking
501884,10015,2026-06-11,Processing,Cash on Delivery
501885,10575,2025-03-22,Delivered,Cash on Delivery
501886,10629,2024-05-30,Processing,Net Banking
501887,11942,2024-05-19,Shipped,Credit Card
501888,11949,2024-08-31,Delivered,Cash on Delivery
501889,11691,2025-09-17,Delivered,Credit Card
501890,10684,2024-03-29,Cancelled,UPI
501891,11055,2025-08-08,Delivered,Debit Card
501892,11009,2026-01-03,Processing,UPI
501893,11721,2024-05-11,Delivered,Debit Card
501894,11492,2026-06-17,Delivered,Wallet
501895,11814,2026-06-20,Returned,Debit Card
501896,11103,2024-09-28,Delivered,UPI
501897,11839,2024-04-12,Delivered,UPI
501898,11488,2024-10-24,Processing,Credit Card
501899,11478,2024-08-23,Delivered,UPI
501900,11324,2024-09-11,Processing,Debit Card
501901,10672,2026-04-24,Cancelled,Net Banking
501902,11218,2024-05-21,Delivered,Debit Card
501903,10714,2024-10-16,Delivered,Debit Card
501904,11300,2025-12-19,Returned,Credit Card
501905,10510,2024-02-22,Cancelled,UPI
501906,11599,2024-02-25,Delivered,Debit Card
501907,11143,2024-10-02,Shipped,Credit Card
501908,11421,2026-06-02,Delivered,Credit Card
501909,10444,2026-02-05,Delivered,Debit Card
501910,11584,2026-04-26,Delivered,Credit Card
501911,11606,2026-02-27,Delivered,UPI
501912,10292,2024-04-18,Delivered,Credit Card
501913,10701,2025-01-01,Delivered,Credit Card
501914,11356,2025-04-28,Processing,Net Banking
501915,11748,2024-06-01,Delivered,UPI
501916,11475,2026-06-25,Delivered,Cash on Delivery
501917,10944,2025-07-04,Delivered,Credit Card
501918,10600,2026-02-17,Delivered,UPI
501919,11820,2024-08-24,Returned,UPI
501920,11750,2025-10-14,Delivered,Wallet
501921,11794,2024-04-06,Delivered,Debit Card
501922,10610,2024-01-21,Returned,Net Banking
501923,10873,2025-08-07,Delivered,Cash on Delivery
501924,10488,2024-03-03,Delivered,Credit Card
501925,11910,2024-09-09,Processing,Debit Card
501926,11735,2025-12-25,Shipped,Debit Card
501927,10347,2025-03-30,Delivered,Cash on Delivery
501928,10495,2024-12-09,Shipped,Credit Card
501929,11105,2024-09-22,Delivered,Wallet
501930,10832,2025-09-02,Shipped,Debit Card
501931,10920,2026-05-21,Delivered,Cash on Delivery
501932,10736,2025-11-05,Processing,UPI
501933,11348,2024-11-23,Delivered,Credit Card
501934,11797,2025-01-20,Shipped,UPI
501935,11835,2024-04-04,Cancelled,Cash on Delivery
501936,10911,2024-05-10,Processing,UPI
501937,11656,2024-09-01,Shipped,Net Banking
501938,11389,2024-12-19,Delivered,UPI
501939,10394,2026-06-23,Delivered,UPI
501940,11589,2026-03-06,Delivered,Credit Card
501941,10701,2024-04-13,Delivered,Net Banking
501942,11256,2024-10-29,Shipped,UPI
501943,11442,2024-02-21,Shipped,Net Banking
501944,11888,2024-02-27,Delivered,Net Banking
501945,11897,2024-12-08,Delivered,Wallet
501946,11606,2026-05-25,Processing,Debit Card
501947,11012,2024-06-18,Delivered,Debit Card
501948,10801,2025-09-13,Delivered,Debit Card
501949,10883,2024-12-24,Delivered,UPI
501950,11902,2025-05-08,Delivered,Credit Card
501951,10411,2026-03-04,Shipped,Cash on Delivery
501952,11050,2026-01-26,Delivered,UPI
501953,11360,2026-01-26,Delivered,UPI
501954,10046,2025-01-10,Delivered,Debit Card
501955,11270,2024-02-14,Delivered,Cash on Delivery
501956,10521,2026-06-18,Delivered,Credit Card
501957,10562,2026-06-26,Delivered,Cash on Delivery
501958,11244,2026-02-21,Cancelled,Credit Card
501959,10018,2025-03-11,Processing,Credit Card
501960,10314,2024-09-13,Delivered,Wallet
501961,10910,2024-06-08,Delivered,Credit Card
501962,11169,2024-12-04,Shipped,Debit Card
501963,10219,2024-11-01,Delivered,Cash on Delivery
501964,10724,2024-09-08,Delivered,UPI
501965,10616,2026-05-17,Delivered,UPI
501966,11069,2025-08-24,Delivered,Wallet
501967,10602,2024-07-22,Returned,Debit Card
501968,10004,2025-08-06,Delivered,Wallet
501969,11061,2025-10-05,Returned,Cash on Delivery
501970,11697,2025-04-22,Processing,Debit Card
501971,11170,2026-05-14,Returned,Credit Card
501972,10724,2026-05-31,Shipped,Credit Card
501973,10965,2025-01-29,Processing,UPI
501974,10281,2025-03-07,Delivered,Credit Card
501975,10474,2024-07-17,Processing,Cash on Delivery
501976,10876,2025-12-16,Delivered,Wallet
501977,11185,2026-04-30,Shipped,Wallet
501978,10973,2025-08-23,Delivered,Wallet
501979,11926,2024-07-02,Delivered,UPI
501980,11275,2025-04-18,Delivered,Credit Card
501981,10046,2025-12-26,Delivered,UPI
501982,11050,2024-02-08,Delivered,Debit Card
501983,11166,2025-06-22,Delivered,Wallet
501984,10088,2025-08-23,Delivered,Cash on Delivery
501985,10771,2025-05-05,Delivered,Cash on Delivery
501986,11744,2025-08-09,Delivered,Credit Card
501987,10714,2026-03-28,Delivered,Credit Card
501988,10914,2024-04-24,Delivered,Credit Card
501989,10443,2025-06-05,Delivered,Debit Card
501990,10154,2025-12-27,Delivered,Credit Card
501991,10637,2026-01-20,Delivered,Net Banking
501992,11546,2025-03-02,Returned,Credit Card
501993,11967,2026-06-29,Delivered,Net Banking
501994,11321,2024-10-22,Delivered,Cash on Delivery
501995,11662,2025-02-06,Delivered,Credit Card
501996,11299,2026-01-22,Processing,Debit Card
501997,11318,2025-02-05,Delivered,Cash on Delivery
501998,10854,2024-11-09,Delivered,Wallet
501999,10123,2025-05-22,Delivered,UPI
502000,10821,2025-07-21,Delivered,Debit Card
502001,11730,2026-06-04,Delivered,Credit Card
502002,11073,2025-07-18,Returned,Credit Card
502003,11524,2024-06-18,Returned,UPI
502004,10102,2024-02-18,Delivered,Debit Card
502005,10403,2026-06-02,Delivered,Credit Card
502006,10598,2025-01-21,Delivered,Debit Card
502007,10719,2024-07-02,Returned,Credit Card
502008,11976,2024-07-22,Cancelled,UPI
502009,10924,2024-04-06,Delivered,Net Banking
502010,11325,2024-07-01,Delivered,UPI
502011,11289,2025-12-13,Delivered,UPI
502012,10838,2025-08-20,Processing,UPI
502013,11933,2025-07-01,Delivered,Credit Card
502014,10445,2024-01-11,Delivered,Credit Card
502015,10070,2025-09-05,Delivered,Net Banking
502016,11491,2026-06-03,Delivered,Debit Card
502017,11308,2026-04-22,Processing,UPI
502018,10521,2024-12-26,Delivered,UPI
502019,11736,2025-07-02,Delivered,Cash on Delivery
502020,10325,2024-09-29,Shipped,UPI
502021,10502,2026-03-22,Delivered,UPI
502022,10310,2026-04-19,Shipped,UPI
502023,10373,2024-07-22,Processing,Net Banking
502024,11459,2025-03-20,Delivered,Net Banking
502025,11407,2024-08-03,Delivered,Credit Card
502026,11286,2025-07-14,Delivered,UPI
502027,11722,2024-09-24,Shipped,Net Banking
502028,10140,2025-09-27,Cancelled,UPI
502029,11241,2026-06-15,Delivered,Credit Card
502030,10231,2026-03-06,Shipped,Cash on Delivery
502031,11912,2024-06-15,Shipped,UPI
502032,11268,2024-04-28,Returned,Credit Card
502033,11520,2026-01-13,Delivered,Debit Card
502034,11143,2024-03-15,Delivered,Debit Card
502035,10768,2024-12-31,Shipped,Credit Card
502036,11372,2026-06-26,Processing,Credit Card
502037,11672,2025-02-13,Shipped,Credit Card
502038,10357,2024-01-09,Processing,Credit Card
502039,11744,2026-06-09,Delivered,Credit Card
502040,11454,2025-10-08,Shipped,UPI
502041,10172,2024-10-28,Delivered,Credit Card
502042,11873,2025-07-11,Delivered,Credit Card
502043,10361,2025-07-12,Delivered,Credit Card
502044,11203,2025-05-19,Delivered,Debit Card
502045,10260,2026-05-27,Delivered,Debit Card
502046,10393,2025-12-18,Shipped,Wallet
502047,11286,2024-08-24,Processing,Debit Card
502048,11360,2026-06-25,Delivered,Net Banking
502049,11374,2026-05-28,Delivered,UPI
502050,10687,2024-02-12,Delivered,Net Banking
502051,11641,2024-09-28,Delivered,Credit Card
502052,10099,2025-07-15,Delivered,Cash on Delivery
502053,11709,2026-03-12,Delivered,Wallet
502054,10605,2025-10-16,Cancelled,UPI
502055,11242,2025-06-08,Delivered,Cash on Delivery
502056,11812,2024-10-06,Shipped,Debit Card
502057,10511,2024-03-29,Shipped,Net Banking
502058,10823,2026-03-26,Delivered,Credit Card
502059,11657,2025-05-01,Delivered,Credit Card
502060,11730,2025-02-21,Delivered,Net Banking
502061,10471,2026-06-13,Delivered,UPI
502062,11018,2024-05-30,Processing,Debit Card
502063,10667,2024-08-19,Delivered,UPI
502064,11034,2026-02-19,Delivered,UPI
502065,10759,2024-09-16,Delivered,Net Banking
502066,10011,2026-05-10,Delivered,Net Banking
502067,11850,2026-02-22,Cancelled,Cash on Delivery
502068,11275,2024-03-31,Delivered,Net Banking
502069,10924,2025-02-21,Shipped,Debit Card
502070,10216,2025-11-17,Delivered,Wallet
502071,10143,2025-03-23,Delivered,Debit Card
502072,10958,2024-07-15,Delivered,Debit Card
502073,11299,2024-02-11,Cancelled,Cash on Delivery
502074,10521,2024-01-07,Delivered,Net Banking
502075,11489,2024-06-11,Shipped,Net Banking
502076,10785,2024-08-25,Delivered,Debit Card
502077,10023,2024-10-02,Delivered,Debit Card
502078,11075,2026-02-19,Delivered,Debit Card
502079,10363,2025-04-09,Delivered,Net Banking
502080,10029,2024-05-08,Delivered,Debit Card
502081,10261,2024-03-16,Delivered,UPI
502082,10570,2024-04-29,Processing,UPI
502083,11030,2024-10-13,Delivered,Credit Card
502084,11980,2025-11-05,Delivered,UPI
502085,10437,2024-02-15,Delivered,Credit Card
502086,10115,2025-01-06,Delivered,UPI
502087,10383,2025-02-12,Delivered,UPI
502088,10639,2024-05-15,Delivered,Cash on Delivery
502089,10411,2024-02-23,Delivered,Debit Card
502090,10643,2024-07-28,Delivered,Net Banking
502091,11939,2024-05-18,Delivered,UPI
502092,10759,2025-12-26,Cancelled,Credit Card
502093,11270,2026-04-16,Shipped,UPI
502094,11370,2025-07-23,Delivered,UPI
502095,10261,2025-11-23,Shipped,UPI
502096,10496,2025-11-25,Delivered,Debit Card
502097,10832,2026-03-12,Delivered,UPI
502098,10921,2024-03-30,Delivered,Net Banking
502099,10027,2026-06-29,Delivered,Credit Card
502100,11290,2025-02-22,Delivered,UPI
502101,10602,2025-05-10,Delivered,Cash on Delivery
502102,10645,2025-12-28,Shipped,Credit Card
502103,11207,2025-03-26,Delivered,Credit Card
502104,11898,2024-08-30,Delivered,Debit Card
502105,11730,2024-01-18,Delivered,Debit Card
502106,11960,2024-06-03,Delivered,Debit Card
502107,10828,2024-03-18,Shipped,Cash on Delivery
502108,10240,2024-12-14,Processing,Credit Card
502109,10432,2025-12-12,Delivered,Credit Card
502110,10688,2024-10-31,Processing,Cash on Delivery
502111,10601,2025-06-29,Delivered,Debit Card
502112,10416,2024-06-18,Delivered,Wallet
502113,10302,2025-06-22,Delivered,Net Banking
502114,10374,2026-05-20,Delivered,Credit Card
502115,11317,2024-10-14,Delivered,Debit Card
502116,10982,2025-03-17,Delivered,Credit Card
502117,10076,2026-05-29,Processing,UPI
502118,11128,2025-07-09,Cancelled,Credit Card
502119,11685,2024-12-30,Returned,Credit Card
502120,10852,2024-04-20,Delivered,Debit Card
502121,10638,2026-05-05,Delivered,Debit Card
502122,10546,2025-07-10,Processing,Cash on Delivery
502123,10759,2024-02-22,Delivered,UPI
502124,10558,2025-05-22,Delivered,Credit Card
502125,11849,2026-06-03,Delivered,Credit Card
502126,11985,2026-04-30,Delivered,Debit Card
502127,10687,2024-06-27,Delivered,UPI
502128,11848,2025-01-11,Delivered,Credit Card
502129,11708,2026-06-19,Delivered,Debit Card
502130,10152,2025-12-15,Shipped,Credit Card
502131,10982,2025-05-26,Delivered,Debit Card
502132,11314,2024-10-04,Delivered,UPI
502133,10845,2025-11-27,Delivered,Credit Card
502134,10914,2025-06-12,Returned,Cash on Delivery
502135,10989,2025-04-23,Delivered,UPI
502136,11378,2026-04-26,Delivered,UPI
502137,10588,2024-12-10,Delivered,Cash on Delivery
502138,11194,2025-07-24,Returned,UPI
502139,10487,2024-02-09,Delivered,Credit Card
502140,11779,2025-10-11,Delivered,Credit Card
502141,10170,2025-05-14,Delivered,Debit Card
502142,10134,2026-03-10,Processing,Debit Card
502143,10076,2024-10-30,Delivered,Debit Card
502144,10700,2026-04-24,Delivered,Wallet
502145,11213,2025-06-09,Delivered,Credit Card
502146,11971,2024-07-09,Delivered,Credit Card
502147,10910,2024-05-26,Delivered,Wallet
502148,10365,2024-06-27,Delivered,UPI
502149,10737,2024-10-02,Delivered,Wallet
502150,10255,2025-05-17,Shipped,Wallet
502151,10944,2026-03-03,Delivered,Wallet
502152,11458,2026-06-27,Shipped,UPI
502153,10072,2025-09-11,Delivered,Debit Card
502154,11555,2025-03-23,Cancelled,Cash on Delivery
502155,10458,2025-07-13,Delivered,Credit Card
502156,11345,2024-10-29,Delivered,Debit Card
502157,11631,2024-08-11,Delivered,UPI
502158,11553,2025-05-05,Delivered,UPI
502159,11340,2026-01-25,Shipped,Cash on Delivery
502160,11388,2024-02-28,Delivered,Wallet
502161,10376,2024-04-11,Shipped,UPI
502162,10272,2024-06-10,Delivered,UPI
502163,10763,2024-07-10,Delivered,Debit Card
502164,11217,2024-05-15,Processing,UPI
502165,11237,2024-04-28,Delivered,Debit Card
502166,11554,2024-01-26,Cancelled,Net Banking
502167,10617,2024-11-14,Delivered,Credit Card
502168,11732,2025-10-21,Delivered,Net Banking
502169,10899,2024-05-23,Shipped,UPI
502170,10493,2024-10-24,Delivered,Credit Card
502171,11471,2026-06-07,Delivered,Net Banking
502172,10255,2024-06-02,Delivered,UPI
502173,10811,2026-06-20,Delivered,Credit Card
502174,11563,2025-04-12,Delivered,Debit Card
502175,11543,2025-10-23,Delivered,UPI
502176,10514,2024-10-22,Delivered,Credit Card
502177,10334,2024-10-23,Delivered,Cash on Delivery
502178,10064,2024-12-24,Delivered,UPI
502179,10179,2024-04-26,Delivered,Credit Card
502180,11651,2024-10-15,Delivered,UPI
502181,11568,2026-03-27,Processing,Net Banking
502182,11012,2024-01-04,Shipped,Credit Card
502183,11141,2025-06-06,Delivered,Cash on Delivery
502184,10654,2025-09-20,Delivered,UPI
502185,10385,2024-05-09,Delivered,Net Banking
502186,10023,2024-04-11,Delivered,Net Banking
502187,11344,2025-05-19,Delivered,Net Banking
502188,10071,2024-07-19,Cancelled,Net Banking
502189,10211,2026-06-11,Shipped,UPI
502190,11586,2024-06-22,Delivered,Credit Card
502191,11166,2024-04-29,Delivered,Credit Card
502192,10980,2024-10-29,Delivered,UPI
502193,10437,2024-10-30,Cancelled,Credit Card
502194,10300,2024-05-26,Delivered,Debit Card
502195,10933,2025-08-30,Processing,Credit Card
502196,10718,2024-11-12,Delivered,Wallet
502197,11069,2025-04-26,Shipped,Net Banking
502198,10331,2024-08-10,Delivered,Credit Card
502199,10463,2024-03-29,Delivered,Credit Card
502200,10226,2024-02-25,Delivered,Debit Card
502201,10849,2024-02-18,Delivered,Credit Card
502202,10553,2026-03-05,Delivered,UPI
502203,10447,2024-08-29,Delivered,Debit Card
502204,11100,2024-10-05,Shipped,Debit Card
502205,10995,2025-06-12,Delivered,Credit Card
502206,10421,2024-03-27,Shipped,Credit Card
502207,11399,2025-07-02,Delivered,UPI
502208,10688,2025-04-21,Shipped,Credit Card
502209,10683,2025-12-23,Delivered,UPI
502210,10956,2024-04-22,Delivered,Net Banking
502211,10279,2024-01-16,Delivered,Debit Card
502212,10841,2025-12-06,Returned,Credit Card
502213,11165,2024-12-03,Delivered,Wallet
502214,10258,2024-02-26,Delivered,Debit Card
502215,11130,2025-05-22,Shipped,UPI
502216,10078,2025-02-28,Delivered,Cash on Delivery
502217,11207,2026-05-18,Delivered,Net Banking
502218,10071,2026-05-11,Delivered,Credit Card
502219,10351,2025-05-07,Shipped,UPI
502220,10701,2024-05-25,Cancelled,Net Banking
502221,11230,2025-11-13,Cancelled,UPI
502222,11438,2024-07-02,Delivered,Credit Card
502223,10938,2026-02-04,Delivered,Net Banking
502224,10263,2025-07-02,Processing,Net Banking
502225,10775,2024-11-19,Delivered,Debit Card
502226,11574,2026-06-13,Delivered,UPI
502227,10181,2025-04-14,Returned,Credit Card
502228,11432,2024-12-18,Delivered,Cash on Delivery
502229,10772,2024-06-21,Delivered,Net Banking
502230,10008,2025-08-15,Processing,Net Banking
502231,11390,2024-09-03,Delivered,UPI
502232,10054,2024-05-19,Cancelled,Wallet
502233,10740,2024-04-18,Delivered,UPI
502234,10391,2025-08-08,Delivered,Credit Card
502235,11168,2026-04-20,Processing,Cash on Delivery
502236,10113,2024-08-18,Shipped,Credit Card
502237,10183,2024-07-17,Cancelled,Debit Card
502238,11063,2025-07-13,Delivered,Debit Card
502239,11988,2024-05-10,Delivered,Cash on Delivery
502240,10080,2024-03-21,Delivered,UPI
502241,10922,2025-08-05,Delivered,UPI
502242,11606,2025-04-24,Returned,Debit Card
502243,10582,2024-01-27,Returned,Cash on Delivery
502244,10986,2024-08-04,Delivered,Cash on Delivery
502245,11678,2024-06-30,Returned,Credit Card
502246,11456,2025-09-14,Delivered,Net Banking
502247,10587,2025-08-30,Processing,Credit Card
502248,11502,2025-11-13,Delivered,Credit Card
502249,11352,2024-03-31,Shipped,UPI
502250,11014,2026-02-13,Shipped,UPI
502251,10883,2024-07-10,Delivered,UPI
502252,11851,2026-06-25,Processing,UPI
502253,11749,2026-03-07,Delivered,Credit Card
502254,11981,2025-02-23,Processing,Cash on Delivery
502255,11351,2025-12-18,Delivered,UPI
502256,10719,2025-09-04,Delivered,Net Banking
502257,10220,2025-12-07,Shipped,Cash on Delivery
502258,10252,2024-01-17,Shipped,Credit Card
502259,11903,2024-03-17,Cancelled,Net Banking
502260,10727,2026-04-06,Delivered,Credit Card
502261,10221,2025-12-14,Delivered,UPI
502262,10447,2025-07-16,Delivered,Net Banking
502263,10042,2024-10-12,Processing,Debit Card
502264,11063,2025-01-19,Returned,Credit Card
502265,11182,2024-12-24,Processing,Cash on Delivery
502266,10757,2025-01-31,Delivered,Net Banking
502267,11489,2025-07-27,Processing,Credit Card
502268,10961,2025-11-23,Delivered,UPI
502269,11920,2024-12-16,Cancelled,Cash on Delivery
502270,11527,2026-01-30,Delivered,Wallet
502271,10151,2024-03-23,Delivered,Debit Card
502272,10549,2026-01-07,Delivered,Net Banking
502273,11509,2025-09-09,Shipped,Credit Card
502274,11075,2025-04-11,Delivered,UPI
502275,11507,2024-12-08,Delivered,Cash on Delivery
502276,10671,2024-12-04,Shipped,Debit Card
502277,10077,2024-11-25,Returned,Debit Card
502278,11570,2026-05-13,Delivered,Debit Card
502279,11571,2024-01-25,Delivered,Credit Card
502280,11280,2025-08-02,Delivered,UPI
502281,10809,2026-06-22,Delivered,Debit Card
502282,10018,2025-05-11,Delivered,UPI
502283,11456,2025-08-06,Delivered,UPI
502284,11321,2025-06-30,Delivered,UPI
502285,11336,2025-04-06,Delivered,Credit Card
502286,10341,2025-07-29,Delivered,Cash on Delivery
502287,11463,2026-04-04,Delivered,UPI
502288,11449,2025-10-13,Delivered,Credit Card
502289,11715,2026-02-14,Delivered,Net Banking
502290,11135,2025-05-20,Delivered,Cash on Delivery
502291,11464,2025-12-07,Delivered,Net Banking
502292,10803,2026-03-10,Shipped,Wallet
502293,11394,2024-07-12,Processing,Debit Card
502294,11389,2026-02-23,Delivered,Net Banking
502295,11560,2025-09-18,Shipped,Credit Card
502296,11714,2025-02-07,Processing,Credit Card
502297,10007,2025-12-07,Shipped,Credit Card
502298,11558,2024-06-02,Delivered,Net Banking
502299,11585,2025-09-29,Delivered,Debit Card
502300,11091,2025-06-10,Delivered,Net Banking
502301,11040,2026-03-21,Delivered,Debit Card
502302,11446,2025-07-20,Delivered,Net Banking
502303,10911,2025-04-24,Returned,UPI
502304,10828,2025-04-22,Delivered,Credit Card
502305,11607,2025-05-21,Delivered,Debit Card
502306,11579,2026-03-24,Returned,UPI
502307,10414,2025-12-17,Delivered,Cash on Delivery
502308,11659,2024-03-25,Delivered,UPI
502309,10653,2025-05-01,Returned,UPI
502310,10275,2024-09-19,Delivered,Debit Card
502311,11757,2024-05-30,Delivered,UPI
502312,10477,2026-03-01,Delivered,Debit Card
502313,10406,2026-02-21,Delivered,UPI
502314,10540,2026-05-07,Processing,UPI
502315,10984,2024-12-25,Delivered,Net Banking
502316,10333,2025-01-23,Processing,Credit Card
502317,10320,2025-12-11,Delivered,Debit Card
502318,10786,2024-06-24,Cancelled,UPI
502319,10436,2024-02-19,Delivered,Debit Card
502320,10387,2025-01-18,Cancelled,Credit Card
502321,11825,2025-07-28,Delivered,UPI
502322,11192,2025-02-20,Processing,Net Banking
502323,10028,2024-07-11,Processing,Debit Card
502324,10204,2025-04-19,Delivered,Cash on Delivery
502325,11628,2026-05-10,Delivered,Net Banking
502326,10540,2024-09-07,Delivered,Debit Card
502327,10305,2024-12-31,Delivered,UPI
502328,11332,2024-10-12,Delivered,Net Banking
502329,11677,2024-09-25,Delivered,Debit Card
502330,10798,2025-08-21,Returned,Cash on Delivery
502331,11486,2024-12-08,Returned,Debit Card
502332,10843,2025-07-21,Delivered,UPI
502333,10218,2024-01-18,Delivered,Net Banking
502334,11596,2025-08-27,Delivered,Net Banking
502335,11838,2024-04-06,Shipped,UPI
502336,11970,2024-12-10,Returned,Debit Card
502337,10201,2026-03-07,Delivered,Debit Card
502338,11131,2024-11-03,Delivered,Debit Card
502339,11247,2025-09-29,Delivered,Cash on Delivery
502340,10159,2024-11-16,Delivered,UPI
502341,11904,2026-04-03,Returned,UPI
502342,10206,2026-05-18,Shipped,UPI
502343,10538,2026-04-09,Delivered,Cash on Delivery
502344,11938,2024-12-26,Delivered,UPI
502345,11113,2024-10-16,Delivered,Debit Card
502346,11359,2025-07-07,Delivered,Net Banking
502347,10988,2026-01-15,Shipped,Net Banking
502348,11505,2025-04-22,Delivered,UPI
502349,10163,2025-11-04,Delivered,UPI
502350,11352,2026-03-10,Cancelled,Wallet
502351,10134,2025-11-17,Processing,Debit Card
502352,10360,2024-12-03,Delivered,UPI
502353,11013,2024-08-16,Delivered,UPI
502354,10897,2025-01-31,Returned,Net Banking
502355,10306,2025-06-09,Shipped,Cash on Delivery
502356,11597,2026-02-08,Returned,Debit Card
502357,10604,2024-10-01,Delivered,Credit Card
502358,11733,2024-05-26,Delivered,Net Banking
502359,10030,2024-10-15,Delivered,UPI
502360,10475,2025-06-26,Processing,Cash on Delivery
502361,10594,2024-07-30,Shipped,UPI
502362,11192,2024-12-31,Delivered,UPI
502363,10803,2024-08-22,Returned,Credit Card
502364,10315,2026-06-19,Returned,UPI
502365,11143,2025-04-12,Delivered,Credit Card
502366,11917,2025-10-20,Delivered,Net Banking
502367,10268,2025-04-20,Delivered,Credit Card
502368,10505,2024-01-10,Delivered,Debit Card
502369,10957,2024-08-28,Shipped,UPI
502370,11454,2026-02-05,Delivered,Credit Card
502371,10274,2025-04-11,Cancelled,Credit Card
502372,10463,2025-10-04,Processing,Debit Card
502373,10471,2025-11-26,Cancelled,UPI
502374,11233,2025-05-27,Shipped,Net Banking
502375,10165,2025-06-11,Delivered,UPI
502376,11319,2024-08-03,Delivered,UPI
502377,10851,2024-08-15,Shipped,UPI
502378,10657,2024-05-16,Delivered,Debit Card
502379,11725,2024-09-28,Shipped,UPI
502380,11638,2025-07-27,Delivered,UPI
502381,11606,2026-04-27,Delivered,Credit Card
502382,11771,2025-02-05,Delivered,Credit Card
502383,10468,2025-07-03,Shipped,UPI
502384,11711,2026-02-25,Delivered,Debit Card
502385,10352,2025-09-10,Delivered,Debit Card
502386,10662,2024-08-27,Delivered,UPI
502387,11112,2024-09-13,Shipped,UPI
502388,11489,2025-08-05,Delivered,Credit Card
502389,11156,2024-09-19,Delivered,Wallet
502390,11119,2024-08-15,Delivered,Net Banking
502391,10753,2025-06-24,Delivered,Credit Card
502392,11186,2025-08-03,Delivered,Wallet
502393,10951,2024-08-19,Delivered,Credit Card
502394,10955,2024-02-14,Delivered,Credit Card
502395,11172,2025-12-02,Processing,Wallet
502396,11201,2024-12-23,Processing,Net Banking
502397,10660,2025-07-31,Delivered,Debit Card
502398,10272,2024-06-06,Processing,Debit Card
502399,10600,2024-10-14,Shipped,Wallet
502400,10818,2025-07-07,Delivered,UPI
502401,10322,2024-04-23,Shipped,Credit Card
502402,10356,2024-10-16,Returned,Credit Card
502403,11902,2025-10-18,Delivered,Wallet
502404,10561,2025-12-05,Delivered,UPI
502405,11478,2024-11-18,Delivered,UPI
502406,10256,2024-04-14,Delivered,Credit Card
502407,11945,2024-01-24,Delivered,UPI
502408,10425,2025-05-22,Delivered,Debit Card
502409,10788,2025-09-25,Shipped,Credit Card
502410,11564,2025-06-26,Delivered,Cash on Delivery
502411,10403,2025-01-04,Delivered,Net Banking
502412,11100,2024-01-21,Processing,Credit Card
502413,11572,2024-07-25,Delivered,Cash on Delivery
502414,10048,2024-02-02,Delivered,UPI
502415,10051,2025-02-26,Delivered,Debit Card
502416,11578,2024-10-08,Delivered,Debit Card
502417,10526,2024-03-05,Delivered,UPI
502418,11819,2025-07-10,Delivered,UPI
502419,11855,2024-12-04,Shipped,Debit Card
502420,11761,2026-05-28,Delivered,Credit Card
502421,11994,2025-01-16,Processing,Debit Card
502422,11647,2024-03-23,Processing,UPI
502423,10767,2025-10-05,Delivered,UPI
502424,11985,2025-10-03,Delivered,Wallet
502425,10692,2026-04-28,Processing,UPI
502426,11173,2025-09-24,Delivered,Wallet
502427,10012,2024-11-26,Delivered,Net Banking
502428,11926,2025-09-03,Delivered,Debit Card
502429,11184,2025-12-29,Shipped,Credit Card
502430,11898,2025-04-16,Delivered,Cash on Delivery
502431,10706,2025-12-26,Delivered,Cash on Delivery
502432,10627,2026-06-01,Delivered,Net Banking
502433,11045,2025-11-20,Shipped,Net Banking
502434,11727,2025-04-03,Delivered,Credit Card
502435,11098,2025-03-26,Shipped,UPI
502436,11585,2026-02-04,Delivered,Wallet
502437,10429,2026-03-07,Delivered,UPI
502438,11552,2024-08-27,Delivered,Credit Card
502439,11465,2024-01-09,Delivered,Credit Card
502440,11793,2026-01-06,Delivered,Net Banking
502441,10116,2024-08-03,Processing,Net Banking
502442,10769,2026-06-28,Delivered,Debit Card
502443,10178,2024-02-03,Returned,UPI
502444,10801,2026-04-10,Delivered,UPI
502445,11518,2025-09-11,Delivered,UPI
502446,11281,2024-10-04,Delivered,Wallet
502447,11506,2024-02-01,Processing,UPI
502448,11476,2026-02-11,Delivered,Wallet
502449,11985,2024-04-19,Delivered,UPI
502450,11760,2024-03-27,Delivered,Cash on Delivery
502451,11173,2025-12-22,Delivered,Debit Card
502452,11752,2025-09-10,Delivered,Cash on Delivery
502453,10096,2024-04-26,Processing,Debit Card
502454,11443,2024-11-08,Delivered,Net Banking
502455,11045,2025-08-31,Processing,Net Banking
502456,11914,2025-08-24,Delivered,UPI
502457,11008,2024-11-26,Cancelled,Cash on Delivery
502458,10358,2025-01-11,Returned,Debit Card
502459,11449,2024-03-13,Delivered,UPI
502460,11901,2024-01-09,Returned,Credit Card
502461,10033,2026-06-02,Processing,Debit Card
502462,10129,2024-07-30,Delivered,Cash on Delivery
502463,11323,2026-04-26,Delivered,Net Banking
502464,11112,2024-02-08,Delivered,Credit Card
502465,11098,2026-06-22,Delivered,Debit Card
502466,10181,2025-01-25,Delivered,UPI
502467,11145,2026-01-06,Delivered,Credit Card
502468,11137,2026-02-05,Shipped,Cash on Delivery
502469,11699,2024-11-17,Delivered,UPI
502470,10781,2025-11-04,Delivered,Credit Card
502471,10696,2024-11-01,Delivered,UPI
502472,10164,2025-12-21,Returned,UPI
502473,11134,2026-05-25,Delivered,UPI
502474,11297,2026-01-06,Delivered,UPI
502475,10562,2025-10-26,Delivered,Credit Card
502476,11463,2024-12-05,Returned,Cash on Delivery
502477,11877,2024-04-09,Delivered,UPI
502478,10349,2025-04-07,Delivered,Cash on Delivery
502479,11146,2024-04-28,Delivered,Debit Card
502480,11389,2025-04-09,Delivered,UPI
502481,10037,2026-03-04,Shipped,Credit Card
502482,10359,2024-04-13,Delivered,UPI
502483,10792,2026-04-02,Shipped,Net Banking
502484,10275,2025-06-30,Delivered,Net Banking
502485,10712,2024-02-12,Returned,Credit Card
502486,10295,2025-10-19,Delivered,UPI
502487,11794,2024-01-01,Returned,UPI
502488,11199,2025-07-11,Delivered,Debit Card
502489,10659,2025-04-08,Delivered,UPI
502490,11558,2025-11-12,Delivered,Debit Card
502491,10037,2024-12-09,Shipped,Debit Card
502492,11194,2024-04-18,Shipped,Debit Card
502493,11367,2024-12-19,Delivered,UPI
502494,11619,2025-11-26,Delivered,Credit Card
502495,10445,2026-05-20,Delivered,Credit Card
502496,11183,2024-07-09,Delivered,Cash on Delivery
502497,11536,2024-11-16,Processing,Credit Card
502498,11595,2026-03-11,Delivered,Credit Card
502499,10352,2024-10-12,Delivered,UPI
502500,11954,2024-08-11,Delivered,Debit Card
502501,10548,2026-01-29,Delivered,Debit Card
502502,10782,2025-03-25,Returned,Net Banking
502503,10385,2025-06-16,Delivered,Debit Card
502504,10300,2025-03-20,Cancelled,Cash on Delivery
502505,10511,2025-07-04,Shipped,Cash on Delivery
502506,10271,2024-09-02,Delivered,Credit Card
502507,11466,2025-10-30,Delivered,UPI
502508,11195,2024-11-26,Shipped,Cash on Delivery
502509,10781,2025-04-23,Shipped,Net Banking
502510,11095,2024-06-18,Delivered,Wallet
502511,11209,2024-01-11,Cancelled,Credit Card
502512,10369,2025-06-04,Delivered,Wallet
502513,10594,2024-05-06,Delivered,UPI
502514,11765,2026-04-13,Delivered,Debit Card
502515,10025,2026-05-25,Shipped,Credit Card
502516,11914,2024-10-16,Delivered,UPI
502517,11929,2024-09-20,Delivered,UPI
502518,10507,2025-04-08,Delivered,UPI
502519,10642,2024-07-05,Delivered,UPI
502520,10414,2026-02-25,Delivered,Wallet
502521,11122,2024-04-03,Processing,Wallet
502522,10428,2025-02-17,Delivered,Cash on Delivery
502523,11582,2024-06-21,Returned,Wallet
502524,10775,2026-01-28,Shipped,Cash on Delivery
502525,11935,2024-05-11,Shipped,Cash on Delivery
502526,11707,2025-02-11,Cancelled,UPI
502527,10803,2026-01-31,Delivered,UPI
502528,11192,2025-02-05,Delivered,Cash on Delivery
502529,10049,2024-06-17,Delivered,Credit Card
502530,10136,2024-05-23,Delivered,Net Banking
502531,11013,2025-07-06,Delivered,Debit Card
502532,10946,2024-04-24,Shipped,Credit Card
502533,10797,2024-11-20,Processing,Credit Card
502534,10181,2025-07-12,Delivered,Net Banking
502535,11680,2024-12-12,Shipped,Debit Card
502536,10813,2026-01-25,Delivered,Credit Card
502537,10941,2025-09-19,Delivered,Debit Card
502538,10808,2024-05-03,Delivered,Credit Card
502539,10995,2026-01-16,Delivered,Credit Card
502540,11297,2026-04-10,Delivered,Debit Card
502541,11528,2024-07-03,Delivered,Credit Card
502542,11099,2024-11-23,Delivered,Wallet
502543,10332,2024-12-26,Delivered,Credit Card
502544,11750,2025-01-23,Processing,Wallet
502545,10570,2025-02-27,Delivered,Cash on Delivery
502546,10033,2026-03-27,Shipped,Cash on Delivery
502547,10079,2025-08-17,Delivered,Net Banking
502548,11548,2026-03-29,Delivered,Debit Card
502549,10774,2024-11-15,Delivered,Debit Card
502550,10046,2025-04-24,Cancelled,Debit Card
502551,11623,2024-04-07,Delivered,UPI
502552,10609,2024-09-09,Delivered,UPI
502553,11956,2025-06-17,Processing,UPI
502554,11760,2024-06-05,Processing,Net Banking
502555,10097,2026-05-26,Shipped,UPI
502556,11381,2024-09-04,Processing,Debit Card
502557,11207,2024-05-27,Delivered,UPI
502558,10344,2025-12-13,Shipped,UPI
502559,10687,2024-03-23,Delivered,Debit Card
502560,10982,2024-10-23,Processing,Cash on Delivery
502561,10293,2024-06-30,Delivered,Credit Card
502562,11444,2025-09-26,Delivered,Cash on Delivery
502563,10555,2026-02-08,Delivered,UPI
502564,11875,2024-06-27,Shipped,Credit Card
502565,11604,2025-01-14,Delivered,UPI
502566,11269,2025-03-12,Shipped,Credit Card
502567,10240,2025-09-22,Delivered,UPI
502568,10050,2024-11-17,Delivered,UPI
502569,10292,2025-04-22,Delivered,Net Banking
502570,11000,2025-04-04,Delivered,Debit Card
502571,11563,2024-01-11,Shipped,UPI
502572,10306,2025-06-04,Returned,Cash on Delivery
502573,11415,2025-06-02,Delivered,Debit Card
502574,10096,2026-06-23,Delivered,Credit Card
502575,10532,2025-04-10,Delivered,Credit Card
502576,11198,2026-04-01,Cancelled,Credit Card
502577,11657,2024-11-14,Shipped,Cash on Delivery
502578,11554,2025-09-27,Processing,Credit Card
502579,11066,2026-04-03,Delivered,UPI
502580,10073,2024-05-20,Shipped,UPI
502581,10587,2025-06-01,Delivered,Credit Card
502582,11568,2026-04-19,Shipped,Credit Card
502583,10163,2025-05-22,Processing,Debit Card
502584,11413,2026-03-25,Cancelled,Wallet
502585,11408,2025-01-18,Delivered,UPI
502586,11504,2026-03-20,Processing,Credit Card
502587,10435,2025-07-28,Delivered,UPI
502588,10490,2025-03-13,Delivered,Credit Card
502589,10398,2024-07-15,Shipped,Debit Card
502590,10788,2024-06-04,Delivered,Wallet
502591,11048,2024-09-20,Delivered,Net Banking
502592,10240,2025-11-19,Shipped,UPI
502593,11135,2025-03-03,Delivered,Cash on Delivery
502594,10478,2024-12-20,Delivered,Cash on Delivery
502595,11125,2025-03-02,Delivered,UPI
502596,10606,2024-11-10,Shipped,Cash on Delivery
502597,11910,2026-01-06,Delivered,Net Banking
502598,10639,2024-12-22,Delivered,Net Banking
502599,11743,2025-03-07,Delivered,Credit Card
502600,10351,2025-05-25,Shipped,UPI
502601,10170,2025-08-13,Delivered,Net Banking
502602,10378,2024-10-31,Delivered,Credit Card
502603,10839,2024-03-07,Cancelled,Wallet
502604,11803,2025-09-21,Processing,UPI
502605,10353,2025-05-26,Delivered,Credit Card
502606,11568,2025-08-14,Shipped,Net Banking
502607,11394,2025-05-11,Returned,Debit Card
502608,10689,2025-04-09,Delivered,Credit Card
502609,10673,2026-05-16,Delivered,Net Banking
502610,11896,2024-02-19,Delivered,Net Banking
502611,11430,2024-03-25,Cancelled,Debit Card
502612,10478,2026-05-05,Shipped,Credit Card
502613,11824,2026-03-20,Delivered,Debit Card
502614,10814,2025-01-10,Cancelled,Debit Card
502615,10160,2025-05-08,Shipped,Net Banking
502616,11628,2025-02-14,Delivered,Debit Card
502617,11738,2026-06-29,Returned,Credit Card
502618,10886,2025-02-20,Shipped,UPI
502619,11408,2025-11-24,Processing,UPI
502620,10470,2024-11-29,Cancelled,Credit Card
502621,11701,2024-12-14,Delivered,Debit Card
502622,10738,2025-09-07,Shipped,Net Banking
502623,10535,2024-12-30,Delivered,Wallet
502624,11002,2024-01-13,Processing,Debit Card
502625,10535,2024-06-06,Processing,Net Banking
502626,11242,2026-03-08,Processing,Debit Card
502627,11496,2024-11-30,Shipped,Credit Card
502628,10812,2024-04-03,Processing,Debit Card
502629,11567,2026-05-07,Delivered,Credit Card
502630,10863,2026-07-01,Delivered,Credit Card
502631,11941,2025-04-01,Delivered,Cash on Delivery
502632,10528,2025-07-27,Processing,Debit Card
502633,11410,2025-11-20,Delivered,UPI
502634,11071,2024-03-01,Delivered,Debit Card
502635,11888,2024-09-27,Delivered,Wallet
502636,10439,2025-05-28,Delivered,UPI
502637,10394,2025-05-16,Delivered,Wallet
502638,11736,2024-10-29,Returned,Wallet
502639,11803,2024-01-02,Processing,Debit Card
502640,11495,2026-05-20,Delivered,Credit Card
502641,10950,2025-07-14,Processing,UPI
502642,10821,2025-11-20,Delivered,UPI
502643,11334,2025-02-03,Delivered,Credit Card
502644,11495,2025-04-07,Delivered,Net Banking
502645,10552,2025-02-09,Shipped,Wallet
502646,10014,2025-01-27,Delivered,UPI
502647,10148,2025-09-04,Delivered,Credit Card
502648,10689,2026-06-28,Delivered,Credit Card
502649,11364,2025-12-10,Delivered,Credit Card
502650,10881,2025-09-01,Delivered,Debit Card
502651,11237,2024-01-12,Delivered,Cash on Delivery
502652,10940,2025-04-14,Cancelled,Credit Card
502653,10504,2026-05-22,Delivered,UPI
502654,11498,2024-12-29,Delivered,Debit Card
502655,11447,2025-05-16,Delivered,UPI
502656,11926,2024-10-23,Delivered,Wallet
502657,11652,2024-06-23,Shipped,Cash on Delivery
502658,10760,2025-10-06,Delivered,UPI
502659,11410,2024-10-13,Delivered,Debit Card
502660,10702,2025-06-20,Cancelled,Net Banking
502661,11746,2025-06-25,Shipped,Credit Card
502662,11222,2026-02-13,Delivered,Credit Card
502663,11670,2026-05-06,Delivered,Wallet
502664,10563,2025-05-20,Processing,UPI
502665,10030,2024-02-15,Shipped,Debit Card
502666,10283,2025-06-15,Cancelled,UPI
502667,11063,2026-03-18,Delivered,Credit Card
502668,11924,2025-03-11,Shipped,Cash on Delivery
502669,11255,2025-05-30,Delivered,Net Banking
502670,11620,2025-11-27,Delivered,Debit Card
502671,10939,2025-02-04,Shipped,UPI
502672,11917,2025-01-13,Shipped,Cash on Delivery
502673,11882,2025-03-16,Delivered,Credit Card
502674,10436,2026-02-16,Delivered,Debit Card
502675,11725,2025-03-21,Shipped,UPI
502676,10036,2024-10-25,Delivered,Debit Card
502677,11186,2025-06-28,Delivered,Debit Card
502678,10875,2025-09-24,Delivered,Credit Card
502679,10603,2026-04-13,Delivered,Credit Card
502680,11868,2026-03-26,Processing,Credit Card
502681,11325,2025-12-16,Delivered,Debit Card
502682,10277,2025-12-03,Delivered,Debit Card
502683,10279,2025-02-14,Shipped,Cash on Delivery
502684,10235,2024-11-08,Delivered,UPI
502685,10609,2025-05-28,Delivered,UPI
502686,10138,2025-10-06,Delivered,UPI
502687,10529,2025-04-18,Processing,UPI
502688,11531,2024-07-07,Processing,Debit Card
502689,11748,2024-01-14,Processing,UPI
502690,11572,2024-02-23,Delivered,UPI
502691,10993,2025-01-24,Processing,Credit Card
502692,11391,2025-12-23,Delivered,Credit Card
502693,11888,2025-12-22,Delivered,Net Banking
502694,10107,2026-01-07,Delivered,Credit Card
502695,11810,2025-10-09,Delivered,Wallet
502696,11447,2024-01-21,Delivered,UPI
502697,10773,2026-03-17,Delivered,Credit Card
502698,10898,2026-05-15,Cancelled,UPI
502699,10878,2026-02-14,Returned,Net Banking
502700,10316,2025-02-11,Delivered,UPI
502701,10461,2024-07-15,Cancelled,Wallet
502702,10591,2026-04-06,Shipped,Net Banking
502703,10012,2024-06-18,Delivered,Debit Card
502704,11003,2025-12-20,Returned,Debit Card
502705,10954,2026-05-31,Shipped,Credit Card
502706,10660,2026-04-02,Delivered,UPI
502707,10353,2025-04-20,Delivered,Cash on Delivery
502708,11940,2026-01-30,Delivered,Net Banking
502709,11358,2026-01-28,Cancelled,UPI
502710,10950,2026-06-08,Delivered,UPI
502711,11446,2024-11-25,Delivered,Credit Card
502712,10745,2025-07-28,Delivered,Net Banking
502713,10432,2026-01-16,Delivered,Credit Card
502714,11347,2024-07-26,Delivered,Debit Card
502715,11542,2024-07-24,Cancelled,UPI
502716,11302,2024-12-21,Delivered,Cash on Delivery
502717,11133,2024-11-24,Processing,UPI
502718,10005,2025-11-17,Delivered,Credit Card
502719,11276,2026-05-04,Delivered,Wallet
502720,11237,2024-05-23,Delivered,Net Banking
502721,10825,2024-10-23,Delivered,Credit Card
502722,10488,2026-04-28,Processing,Cash on Delivery
502723,11959,2025-06-26,Shipped,UPI
502724,10751,2024-07-06,Delivered,UPI
502725,10545,2025-07-05,Cancelled,UPI
502726,11413,2026-03-10,Processing,UPI
502727,10964,2024-12-07,Delivered,Net Banking
502728,11115,2025-03-17,Delivered,Debit Card
502729,11297,2025-07-14,Processing,Credit Card
502730,10738,2026-02-06,Processing,Net Banking
502731,10305,2025-05-30,Delivered,Credit Card
502732,10335,2026-05-24,Delivered,UPI
502733,11880,2025-11-20,Delivered,Credit Card
502734,11011,2025-01-20,Delivered,Net Banking
502735,10835,2025-03-21,Delivered,Credit Card
502736,10639,2025-09-27,Delivered,Wallet
502737,11444,2024-03-05,Delivered,Cash on Delivery
502738,11826,2024-07-25,Delivered,Net Banking
502739,11538,2024-08-05,Delivered,Net Banking
502740,11069,2026-01-01,Delivered,Debit Card
502741,10951,2026-01-20,Delivered,Cash on Delivery
502742,11732,2026-01-18,Processing,Debit Card
502743,11713,2024-04-06,Cancelled,Credit Card
502744,10781,2024-09-26,Delivered,UPI
502745,11929,2024-10-11,Processing,Net Banking
502746,11655,2024-01-23,Cancelled,Credit Card
502747,11693,2024-08-23,Delivered,Net Banking
502748,10114,2025-01-28,Returned,Wallet
502749,10261,2026-03-19,Delivered,Credit Card
502750,10597,2024-06-04,Delivered,Credit Card
502751,11523,2026-02-24,Processing,UPI
502752,10157,2026-01-17,Delivered,Credit Card
502753,10166,2024-05-24,Delivered,Debit Card
502754,10064,2024-08-26,Delivered,Credit Card
502755,10384,2025-02-22,Delivered,Credit Card
502756,11838,2026-05-11,Delivered,Debit Card
502757,11443,2025-12-17,Delivered,UPI
502758,11434,2026-06-06,Returned,UPI
502759,10586,2024-10-12,Delivered,UPI
502760,11251,2026-04-09,Processing,Net Banking
502761,11558,2026-05-22,Delivered,UPI
502762,11065,2025-07-01,Delivered,UPI
502763,11713,2024-05-20,Cancelled,Credit Card
502764,11140,2024-09-01,Delivered,Debit Card
502765,10650,2024-04-27,Delivered,Net Banking
502766,11278,2026-01-07,Processing,Credit Card
502767,11887,2024-10-12,Delivered,Debit Card
502768,11654,2025-10-02,Delivered,Net Banking
502769,10997,2024-09-01,Returned,Cash on Delivery
502770,11194,2026-06-11,Delivered,Debit Card
502771,11952,2025-12-07,Delivered,Debit Card
502772,11498,2024-12-10,Delivered,UPI
502773,11006,2025-03-11,Delivered,Credit Card
502774,10562,2024-02-23,Delivered,Cash on Delivery
502775,11812,2024-05-04,Shipped,UPI
502776,11954,2026-06-30,Delivered,Credit Card
502777,10142,2026-01-14,Processing,Debit Card
502778,10064,2026-02-04,Shipped,Cash on Delivery
502779,10231,2025-08-10,Delivered,UPI
502780,10774,2024-07-21,Delivered,Cash on Delivery
502781,10320,2024-04-06,Delivered,UPI
502782,11765,2025-10-24,Shipped,Cash on Delivery
502783,11829,2024-10-29,Delivered,Cash on Delivery
502784,10362,2024-01-01,Processing,Net Banking
502785,11659,2024-01-21,Delivered,Cash on Delivery
502786,10283,2025-05-24,Cancelled,Wallet
502787,11575,2026-02-06,Returned,Cash on Delivery
502788,10731,2024-11-27,Delivered,Credit Card
502789,10081,2026-07-01,Delivered,Credit Card
502790,10857,2024-12-14,Delivered,UPI
502791,11646,2025-10-31,Delivered,UPI
502792,11867,2024-08-11,Processing,Debit Card
502793,10243,2025-07-08,Delivered,UPI
502794,11673,2024-09-07,Delivered,Wallet
502795,10587,2025-12-11,Cancelled,UPI
502796,10929,2025-02-19,Returned,UPI
502797,10218,2024-02-08,Delivered,UPI
502798,11946,2024-08-14,Returned,UPI
502799,11581,2024-11-17,Delivered,UPI
502800,11285,2025-03-01,Delivered,Debit Card
502801,11455,2024-09-03,Delivered,Credit Card
502802,11748,2025-06-11,Delivered,Net Banking
502803,10287,2026-05-29,Delivered,Credit Card
502804,10493,2025-10-11,Delivered,Net Banking
502805,10075,2024-10-11,Delivered,Net Banking
502806,10978,2025-09-10,Cancelled,UPI
502807,10989,2026-06-01,Delivered,UPI
502808,10060,2024-08-08,Shipped,Cash on Delivery
502809,11324,2024-07-31,Shipped,Net Banking
502810,10018,2024-02-05,Delivered,UPI
502811,11586,2026-02-07,Delivered,Debit Card
502812,11411,2026-01-30,Delivered,Credit Card
502813,11631,2025-01-12,Delivered,UPI
502814,10237,2026-03-07,Cancelled,UPI
502815,11741,2025-08-17,Delivered,Net Banking
502816,11096,2026-06-12,Shipped,Credit Card
502817,11727,2026-04-22,Processing,Debit Card
502818,11393,2026-05-26,Cancelled,UPI
502819,11313,2024-12-24,Delivered,UPI
502820,10065,2025-08-01,Cancelled,UPI
502821,11384,2024-06-01,Delivered,Credit Card
502822,10898,2026-03-27,Delivered,Cash on Delivery
502823,11699,2024-10-17,Shipped,Net Banking
502824,11369,2025-02-13,Delivered,UPI
502825,10149,2025-06-26,Processing,UPI
502826,11780,2025-12-19,Delivered,UPI
502827,10126,2025-10-30,Processing,Cash on Delivery
502828,10599,2026-05-22,Processing,Credit Card
502829,10434,2025-10-12,Delivered,Net Banking
502830,11949,2025-12-28,Delivered,Credit Card
502831,10307,2025-06-06,Delivered,Debit Card
502832,11690,2025-01-14,Processing,Debit Card
502833,10445,2026-04-13,Delivered,Debit Card
502834,11302,2024-12-10,Cancelled,Credit Card
502835,10181,2025-07-20,Delivered,UPI
502836,10784,2024-09-23,Delivered,Credit Card
502837,11247,2025-03-16,Processing,Wallet
502838,11423,2024-12-01,Shipped,UPI
502839,11745,2024-08-23,Delivered,Net Banking
502840,11633,2026-01-19,Delivered,Wallet
502841,11038,2025-12-01,Processing,Debit Card
502842,10607,2025-10-02,Shipped,Credit Card
502843,10523,2024-03-16,Delivered,UPI
502844,11986,2024-08-16,Delivered,Net Banking
502845,11217,2024-07-18,Delivered,Cash on Delivery
502846,11818,2025-10-11,Delivered,Wallet
502847,10868,2026-03-25,Delivered,UPI
502848,10972,2024-12-12,Delivered,Cash on Delivery
502849,11652,2024-10-28,Processing,Credit Card
502850,11446,2025-05-24,Delivered,Debit Card
502851,10402,2026-06-20,Processing,UPI
502852,11049,2024-12-04,Delivered,UPI
502853,10427,2024-09-11,Delivered,Debit Card
502854,11522,2025-04-21,Delivered,Credit Card
502855,10060,2026-04-16,Delivered,Wallet
502856,11654,2025-10-28,Shipped,UPI
502857,11859,2025-04-18,Cancelled,Cash on Delivery
502858,10047,2025-10-29,Shipped,Credit Card
502859,11261,2024-01-14,Shipped,UPI
502860,10159,2025-11-18,Processing,UPI
502861,10721,2024-03-30,Shipped,Net Banking
502862,10673,2024-12-23,Delivered,Cash on Delivery
502863,11040,2024-11-15,Shipped,UPI
502864,11836,2025-09-22,Delivered,Credit Card
502865,10924,2024-08-07,Delivered,Credit Card
502866,10797,2024-08-05,Shipped,Debit Card
502867,10186,2026-03-18,Shipped,Debit Card
502868,11776,2025-03-11,Delivered,Cash on Delivery
502869,10630,2025-11-07,Returned,UPI
502870,10925,2025-06-16,Delivered,UPI
502871,10185,2025-07-19,Shipped,UPI
502872,10578,2025-09-18,Returned,Cash on Delivery
502873,11107,2025-09-01,Delivered,Debit Card
502874,11802,2026-04-12,Cancelled,UPI
502875,10658,2025-12-17,Processing,Net Banking
502876,11122,2024-10-05,Shipped,Debit Card
502877,11752,2024-06-03,Returned,Credit Card
502878,10721,2026-02-10,Delivered,UPI
502879,10590,2024-12-06,Delivered,Net Banking
502880,10089,2024-10-11,Shipped,Net Banking
502881,11816,2024-04-11,Delivered,UPI
502882,10222,2025-05-18,Delivered,UPI
502883,10431,2025-04-12,Delivered,UPI
502884,10279,2026-01-26,Delivered,Debit Card
502885,11416,2025-11-14,Processing,Credit Card
502886,10730,2025-10-22,Cancelled,Credit Card
502887,11410,2025-05-06,Returned,Credit Card
502888,11215,2026-02-26,Delivered,Wallet
502889,10031,2026-06-16,Delivered,Credit Card
502890,10616,2026-01-13,Delivered,Credit Card
502891,10009,2024-11-13,Delivered,Credit Card
502892,10132,2024-09-09,Delivered,Net Banking
502893,10947,2024-01-02,Delivered,Cash on Delivery
502894,10530,2026-06-25,Cancelled,Wallet
502895,10179,2025-10-30,Delivered,Credit Card
502896,10818,2026-05-05,Processing,Credit Card
502897,10904,2025-12-20,Cancelled,Credit Card
502898,11985,2025-01-27,Shipped,Net Banking
502899,11324,2024-05-12,Delivered,Debit Card
502900,10786,2024-02-13,Delivered,Credit Card
502901,10947,2025-12-24,Returned,Credit Card
502902,10179,2024-10-04,Delivered,UPI
502903,10774,2024-12-12,Delivered,Debit Card
502904,11163,2026-02-02,Returned,UPI
502905,10042,2025-03-15,Shipped,Credit Card
502906,11840,2026-05-18,Shipped,UPI
502907,11031,2025-05-14,Delivered,UPI
502908,11574,2026-01-29,Delivered,UPI
502909,10552,2024-04-24,Processing,Net Banking
502910,11673,2024-12-28,Delivered,Debit Card
502911,10734,2024-06-16,Delivered,Debit Card
502912,11857,2024-02-21,Delivered,Credit Card
502913,11045,2026-06-24,Delivered,Cash on Delivery
502914,11274,2025-04-17,Delivered,Cash on Delivery
502915,10408,2024-11-18,Processing,Debit Card
502916,11990,2024-12-09,Delivered,Debit Card
502917,10386,2024-08-07,Delivered,Net Banking
502918,10067,2024-04-22,Returned,Net Banking
502919,10880,2026-04-13,Returned,UPI
502920,11670,2024-04-06,Shipped,Credit Card
502921,11843,2024-12-17,Cancelled,UPI
502922,11715,2024-05-19,Delivered,Net Banking
502923,11107,2026-04-28,Delivered,Debit Card
502924,11834,2024-07-06,Delivered,Wallet
502925,10985,2024-12-25,Delivered,UPI
502926,10957,2025-11-19,Processing,Credit Card
502927,10362,2025-06-04,Processing,Net Banking
502928,11576,2024-12-14,Delivered,Cash on Delivery
502929,10633,2025-05-29,Delivered,Cash on Delivery
502930,10391,2025-02-02,Returned,UPI
502931,10740,2024-09-21,Delivered,Wallet
502932,11207,2025-06-30,Delivered,Wallet
502933,10541,2024-11-29,Delivered,Wallet
502934,10718,2026-05-26,Delivered,Debit Card
502935,10661,2025-02-26,Delivered,Cash on Delivery
502936,11193,2025-11-21,Delivered,UPI
502937,11429,2024-08-02,Delivered,UPI
502938,11352,2025-08-12,Delivered,UPI
502939,10283,2025-05-25,Delivered,Credit Card
502940,10695,2025-11-10,Delivered,Wallet
502941,11297,2025-02-25,Delivered,Debit Card
502942,10433,2025-10-18,Delivered,Credit Card
502943,10139,2024-02-23,Processing,Net Banking
502944,10644,2025-09-22,Processing,Debit Card
502945,11358,2025-11-18,Delivered,Credit Card
502946,11328,2025-03-29,Delivered,Debit Card
502947,10260,2024-02-01,Delivered,Credit Card
502948,11354,2025-06-01,Delivered,Debit Card
502949,10389,2025-12-14,Shipped,Net Banking
502950,11483,2025-02-25,Returned,Credit Card
502951,11134,2024-03-26,Delivered,Credit Card
502952,10254,2024-12-26,Delivered,Debit Card
502953,10701,2026-06-26,Delivered,Cash on Delivery
502954,11638,2024-09-04,Delivered,Credit Card
502955,10866,2025-04-28,Delivered,Cash on Delivery
502956,11377,2024-11-20,Delivered,Debit Card
502957,11497,2025-10-12,Delivered,UPI
502958,10062,2025-01-26,Shipped,Credit Card
502959,11863,2024-12-16,Delivered,UPI
502960,10672,2025-06-12,Delivered,UPI
502961,11587,2025-06-06,Returned,UPI
502962,10934,2025-04-01,Processing,Net Banking
502963,11154,2024-08-23,Delivered,Debit Card
502964,10722,2024-04-08,Returned,Debit Card
502965,11707,2025-09-22,Processing,Credit Card
502966,10235,2024-11-06,Delivered,Credit Card
502967,11793,2025-07-13,Delivered,Cash on Delivery
502968,10415,2024-12-09,Delivered,Cash on Delivery
502969,11767,2026-02-18,Delivered,Net Banking
502970,10050,2025-10-07,Cancelled,Credit Card
502971,10028,2025-01-03,Delivered,Cash on Delivery
502972,10187,2024-10-30,Delivered,Net Banking
502973,11096,2025-11-14,Delivered,UPI
502974,10533,2024-01-08,Shipped,Credit Card
502975,11196,2024-02-22,Delivered,Credit Card
502976,11640,2024-03-17,Delivered,Net Banking
502977,10055,2024-11-11,Delivered,Debit Card
502978,11054,2025-03-29,Shipped,UPI
502979,11479,2024-09-24,Delivered,UPI
502980,10849,2024-06-21,Delivered,Credit Card
502981,11851,2024-10-12,Delivered,Debit Card
502982,11325,2025-03-27,Delivered,Credit Card
502983,10070,2024-09-28,Delivered,UPI
502984,11084,2025-06-08,Delivered,Debit Card
502985,10768,2024-12-14,Shipped,Wallet
502986,10264,2026-05-02,Delivered,UPI
502987,11901,2026-06-25,Delivered,Debit Card
502988,10446,2025-08-21,Delivered,Credit Card
502989,10167,2025-05-21,Delivered,UPI
502990,10446,2024-01-29,Delivered,Cash on Delivery
502991,11647,2025-07-22,Delivered,Wallet
502992,11200,2024-12-13,Delivered,Credit Card
502993,11640,2024-09-21,Delivered,Credit Card
502994,10924,2025-12-25,Returned,UPI
502995,10234,2024-02-08,Delivered,Debit Card
502996,10776,2024-08-25,Delivered,UPI
502997,10400,2025-12-07,Cancelled,Credit Card
502998,11114,2026-04-24,Delivered,UPI
502999,10539,2025-04-14,Shipped,Debit Card
503000,11941,2025-04-27,Delivered,Cash on Delivery
503001,10755,2026-06-01,Delivered,UPI
503002,10629,2024-03-25,Cancelled,Net Banking
503003,11969,2025-03-15,Delivered,Cash on Delivery
503004,11041,2024-08-08,Cancelled,UPI
503005,10341,2025-03-11,Delivered,Cash on Delivery
503006,10961,2026-04-07,Delivered,Debit Card
503007,10510,2025-06-28,Delivered,Debit Card
503008,11434,2026-06-24,Delivered,Debit Card
503009,11148,2025-04-06,Delivered,Credit Card
503010,11461,2026-02-26,Cancelled,UPI
503011,11881,2024-06-03,Delivered,Credit Card
503012,11459,2024-10-19,Processing,Net Banking
503013,10682,2024-09-07,Delivered,Cash on Delivery
503014,10404,2025-12-02,Delivered,Credit Card
503015,11059,2025-04-13,Delivered,UPI
503016,10899,2024-07-21,Delivered,UPI
503017,10627,2024-06-06,Delivered,Cash on Delivery
503018,11623,2024-12-17,Cancelled,UPI
503019,11819,2024-05-20,Processing,Cash on Delivery
503020,10764,2025-09-28,Delivered,UPI
503021,11362,2026-02-13,Delivered,UPI
503022,11969,2026-06-03,Delivered,UPI
503023,10024,2024-08-03,Delivered,Credit Card
503024,10730,2025-02-04,Shipped,Credit Card
503025,11476,2025-04-05,Delivered,Cash on Delivery
503026,10996,2025-03-28,Delivered,Debit Card
503027,11584,2025-02-17,Delivered,UPI
503028,10950,2024-07-20,Returned,Debit Card
503029,10129,2024-04-12,Shipped,Credit Card
503030,10868,2025-01-03,Cancelled,Debit Card
503031,10810,2024-03-25,Delivered,Net Banking
503032,11692,2024-02-27,Delivered,Wallet
503033,10295,2025-04-23,Delivered,Debit Card
503034,10311,2026-02-22,Cancelled,Credit Card
503035,10283,2025-05-08,Delivered,Credit Card
503036,11136,2024-01-22,Shipped,Credit Card
503037,11992,2026-02-06,Delivered,Credit Card
503038,11238,2025-09-16,Delivered,UPI
503039,11633,2024-10-03,Delivered,UPI
503040,11703,2024-09-06,Delivered,Wallet
503041,11202,2026-04-01,Processing,Cash on Delivery
503042,11219,2025-03-10,Returned,UPI
503043,10487,2024-05-08,Delivered,Wallet
503044,11921,2024-09-14,Delivered,Net Banking
503045,11576,2024-08-29,Shipped,UPI
503046,11745,2024-12-31,Delivered,Cash on Delivery
503047,11968,2024-11-11,Processing,Wallet
503048,10698,2025-05-14,Shipped,Debit Card
503049,10288,2024-10-22,Delivered,Net Banking
503050,11720,2025-08-08,Delivered,Credit Card
503051,10946,2025-03-25,Delivered,Debit Card
503052,11917,2026-05-08,Delivered,Net Banking
503053,11389,2026-01-26,Cancelled,Debit Card
503054,10515,2024-10-30,Delivered,Credit Card
503055,10710,2024-02-08,Delivered,Debit Card
503056,11221,2025-06-17,Delivered,Cash on Delivery
503057,10789,2024-11-04,Shipped,Cash on Delivery
503058,10564,2026-04-03,Delivered,UPI
503059,10420,2025-01-05,Delivered,Credit Card
503060,11300,2024-09-21,Shipped,UPI
503061,10071,2024-11-05,Delivered,Debit Card
503062,10188,2026-02-28,Delivered,UPI
503063,10086,2024-04-12,Delivered,Cash on Delivery
503064,11469,2026-05-24,Delivered,Debit Card
503065,10059,2024-08-01,Cancelled,Credit Card
503066,10840,2026-02-12,Processing,Net Banking
503067,10243,2025-05-11,Returned,UPI
503068,11175,2025-06-04,Returned,UPI
503069,10069,2024-07-05,Delivered,UPI
503070,10052,2025-10-21,Delivered,Debit Card
503071,10823,2025-08-15,Shipped,Cash on Delivery
503072,11391,2025-03-15,Delivered,UPI
503073,10220,2025-02-21,Returned,Net Banking
503074,10992,2025-06-29,Delivered,UPI
503075,11621,2025-03-06,Delivered,Credit Card
503076,11251,2026-06-08,Delivered,Debit Card
503077,11501,2024-02-07,Cancelled,Cash on Delivery
503078,10632,2024-08-17,Delivered,Wallet
503079,11885,2026-02-15,Delivered,Debit Card
503080,10292,2025-12-24,Delivered,Credit Card
503081,11211,2024-11-13,Delivered,UPI
503082,10871,2025-04-07,Shipped,UPI
503083,10064,2024-01-25,Delivered,Cash on Delivery
503084,11888,2024-06-10,Shipped,Debit Card
503085,11405,2026-05-12,Delivered,Credit Card
503086,10456,2025-08-10,Delivered,UPI
503087,10105,2024-02-05,Returned,UPI
503088,11352,2025-12-24,Delivered,Net Banking
503089,11091,2025-01-03,Delivered,Credit Card
503090,10100,2025-06-03,Delivered,Cash on Delivery
503091,11973,2026-02-21,Cancelled,Credit Card
503092,11437,2026-02-03,Delivered,Net Banking
503093,10926,2024-05-04,Delivered,UPI
503094,10477,2024-11-30,Processing,UPI
503095,10543,2024-09-05,Delivered,UPI
503096,10904,2026-04-14,Delivered,UPI
503097,10115,2025-12-13,Delivered,Wallet
503098,10736,2025-08-14,Delivered,Net Banking
503099,10435,2024-02-23,Cancelled,Credit Card
503100,10226,2026-01-03,Shipped,Credit Card
503101,10252,2025-05-27,Cancelled,Debit Card
503102,10692,2024-09-06,Returned,Debit Card
503103,10766,2025-02-08,Delivered,UPI
503104,10701,2025-02-11,Delivered,Credit Card
503105,11380,2024-09-27,Delivered,UPI
503106,11045,2026-04-10,Processing,Cash on Delivery
503107,10386,2026-04-17,Delivered,Credit Card
503108,11945,2024-02-16,Delivered,Net Banking
503109,11461,2026-05-04,Cancelled,Cash on Delivery
503110,10941,2025-01-03,Delivered,Credit Card
503111,10099,2025-12-31,Processing,UPI
503112,11829,2025-12-13,Delivered,Credit Card
503113,11490,2025-06-30,Delivered,Debit Card
503114,10924,2025-11-10,Shipped,Credit Card
503115,10324,2025-09-14,Shipped,UPI
503116,10216,2026-02-16,Delivered,UPI
503117,10580,2025-01-21,Delivered,Debit Card
503118,10461,2025-11-06,Shipped,Net Banking
503119,10419,2026-06-13,Returned,UPI
503120,10816,2026-05-14,Delivered,Net Banking
503121,10094,2024-05-15,Delivered,Credit Card
503122,10651,2025-03-30,Delivered,UPI
503123,11743,2025-04-10,Delivered,Credit Card
503124,11732,2025-07-23,Delivered,Net Banking
503125,10017,2025-08-13,Delivered,Debit Card
503126,11358,2026-02-12,Delivered,Credit Card
503127,11983,2025-04-30,Delivered,UPI
503128,11157,2025-10-02,Delivered,Credit Card
503129,10781,2026-04-01,Returned,Credit Card
503130,10983,2024-04-03,Delivered,Credit Card
503131,10427,2025-08-09,Processing,Credit Card
503132,10795,2024-12-01,Delivered,Credit Card
503133,11874,2026-04-07,Processing,UPI
503134,11225,2025-05-19,Processing,Credit Card
503135,10862,2025-07-04,Delivered,UPI
503136,10250,2025-11-20,Delivered,Debit Card
503137,11813,2024-08-08,Shipped,Credit Card
503138,10326,2025-05-11,Delivered,Debit Card
503139,11444,2025-12-06,Shipped,UPI
503140,10607,2025-12-10,Delivered,Credit Card
503141,10558,2024-07-27,Delivered,UPI
503142,10343,2026-02-03,Returned,UPI
503143,10751,2024-05-28,Delivered,Net Banking
503144,11355,2024-08-30,Delivered,UPI
503145,10834,2026-02-21,Delivered,UPI
503146,10050,2025-07-16,Returned,Credit Card
503147,10529,2025-05-10,Delivered,Credit Card
503148,10321,2025-05-23,Delivered,Cash on Delivery
503149,10804,2026-06-03,Shipped,Wallet
503150,11806,2024-07-26,Shipped,Credit Card
503151,11926,2024-09-30,Delivered,UPI
503152,11996,2025-03-23,Returned,Credit Card
503153,10226,2026-02-10,Delivered,Credit Card
503154,10976,2025-05-15,Delivered,Credit Card
503155,10092,2025-10-24,Delivered,UPI
503156,10991,2026-01-16,Delivered,UPI
503157,11154,2026-03-25,Cancelled,UPI
503158,11547,2025-02-24,Delivered,Credit Card
503159,10673,2025-02-22,Delivered,Debit Card
503160,10073,2024-03-14,Delivered,Cash on Delivery
503161,10909,2024-03-14,Delivered,UPI
503162,10855,2025-03-20,Cancelled,Net Banking
503163,11249,2025-11-14,Delivered,UPI
503164,10200,2026-02-04,Cancelled,UPI
503165,11227,2025-01-07,Delivered,Debit Card
503166,10802,2025-06-05,Returned,UPI
503167,11479,2026-01-11,Processing,Cash on Delivery
503168,11968,2024-10-18,Delivered,Cash on Delivery
503169,10456,2024-05-24,Delivered,UPI
503170,11508,2026-04-20,Processing,UPI
503171,10256,2025-05-13,Delivered,UPI
503172,11971,2024-05-22,Delivered,Cash on Delivery
503173,10962,2024-08-18,Processing,UPI
503174,11493,2024-10-25,Cancelled,Net Banking
503175,11556,2024-07-02,Shipped,Credit Card
503176,11217,2025-02-03,Processing,Debit Card
503177,10769,2026-01-12,Delivered,UPI
503178,11509,2025-11-04,Shipped,Net Banking
503179,10953,2026-04-17,Delivered,Debit Card
503180,11319,2026-02-02,Shipped,UPI
503181,11227,2024-10-11,Shipped,UPI
503182,10929,2024-02-23,Delivered,Credit Card
503183,10235,2024-05-18,Returned,Debit Card
503184,10586,2025-12-24,Delivered,Cash on Delivery
503185,11876,2024-11-06,Delivered,Credit Card
503186,11041,2025-10-19,Delivered,Cash on Delivery
503187,11273,2025-02-21,Delivered,UPI
503188,10517,2026-03-27,Delivered,Cash on Delivery
503189,11412,2025-04-08,Returned,Cash on Delivery
503190,10974,2026-04-02,Delivered,Debit Card
503191,10438,2024-08-16,Shipped,Wallet
503192,10293,2025-12-10,Delivered,Credit Card
503193,10791,2025-04-23,Processing,Debit Card
503194,11131,2024-06-22,Shipped,UPI
503195,10561,2024-08-01,Delivered,UPI
503196,10491,2024-10-13,Delivered,Debit Card
503197,10540,2024-05-21,Shipped,Cash on Delivery
503198,10588,2026-05-04,Delivered,Wallet
503199,11479,2024-07-13,Delivered,Debit Card
503200,10999,2025-06-30,Delivered,Cash on Delivery
503201,10939,2025-06-05,Delivered,Net Banking
503202,10326,2025-05-06,Returned,Net Banking
503203,11090,2025-07-26,Cancelled,UPI
503204,11925,2026-04-16,Shipped,Credit Card
503205,11492,2026-06-02,Delivered,Credit Card
503206,10894,2026-03-09,Returned,Net Banking
503207,10614,2025-02-23,Delivered,Debit Card
503208,10705,2025-10-26,Returned,Net Banking
503209,10054,2024-06-18,Delivered,Wallet
503210,10059,2026-03-16,Delivered,Debit Card
503211,11553,2024-06-27,Shipped,Net Banking
503212,11687,2024-04-13,Cancelled,Debit Card
503213,11938,2026-01-26,Delivered,Debit Card
503214,11252,2025-11-22,Delivered,Credit Card
503215,11859,2024-05-06,Delivered,Wallet
503216,10833,2026-05-31,Returned,Net Banking
503217,10509,2024-04-11,Processing,Net Banking
503218,10492,2024-02-14,Cancelled,Credit Card
503219,10474,2026-05-22,Shipped,Credit Card
503220,11491,2024-07-22,Processing,Cash on Delivery
503221,10020,2024-08-02,Delivered,Cash on Delivery
503222,11891,2025-12-25,Delivered,Wallet
503223,11550,2025-07-08,Shipped,Net Banking
503224,10762,2025-04-19,Delivered,Net Banking
503225,11404,2026-06-21,Delivered,UPI
503226,10270,2024-03-20,Delivered,Net Banking
503227,10863,2026-04-25,Shipped,Credit Card
503228,10219,2024-09-01,Processing,Cash on Delivery
503229,10225,2025-07-22,Delivered,UPI
503230,10013,2024-10-22,Cancelled,Cash on Delivery
503231,11592,2024-09-24,Delivered,Credit Card
503232,11488,2024-10-20,Delivered,UPI
503233,11786,2025-05-25,Delivered,Debit Card
503234,11963,2026-03-12,Delivered,Debit Card
503235,11930,2024-04-12,Delivered,Net Banking
503236,11986,2025-08-27,Shipped,Net Banking
503237,10032,2026-02-24,Processing,Debit Card
503238,11569,2025-11-01,Delivered,UPI
503239,11447,2026-06-13,Cancelled,Cash on Delivery
503240,10325,2024-01-13,Returned,Wallet
503241,10274,2024-11-26,Delivered,Net Banking
503242,11956,2025-01-25,Delivered,UPI
503243,11766,2025-05-04,Delivered,Net Banking
503244,10656,2024-10-17,Delivered,UPI
503245,10150,2024-08-19,Delivered,Wallet
503246,10668,2026-02-16,Shipped,UPI
503247,10011,2024-07-31,Delivered,UPI
503248,11375,2026-05-20,Delivered,UPI
503249,10761,2024-02-03,Delivered,Net Banking
503250,10099,2025-01-21,Delivered,Debit Card
503251,11960,2025-07-10,Delivered,Net Banking
503252,11652,2026-06-07,Processing,Credit Card
503253,11810,2025-11-29,Shipped,Cash on Delivery
503254,11995,2024-01-14,Delivered,Credit Card
503255,10029,2025-11-14,Shipped,UPI
503256,11551,2024-10-24,Delivered,Net Banking
503257,11576,2026-02-24,Delivered,Debit Card
503258,11564,2025-12-08,Delivered,Debit Card
503259,10531,2024-06-24,Delivered,Credit Card
503260,10781,2024-11-24,Delivered,Net Banking
503261,11859,2026-01-19,Delivered,UPI
503262,10132,2026-04-20,Shipped,Credit Card
503263,11283,2025-07-05,Delivered,Credit Card
503264,11586,2024-07-18,Delivered,Net Banking
503265,11597,2024-12-21,Delivered,UPI
503266,11195,2025-12-27,Delivered,UPI
503267,11534,2025-06-30,Delivered,Credit Card
503268,11819,2024-07-03,Delivered,Credit Card
503269,11532,2024-09-17,Delivered,UPI
503270,10232,2024-06-28,Returned,Debit Card
503271,10490,2025-03-04,Delivered,Credit Card
503272,10611,2025-02-10,Delivered,Credit Card
503273,10687,2025-05-09,Delivered,Debit Card
503274,10722,2026-05-12,Delivered,Credit Card
503275,10440,2025-08-17,Delivered,Net Banking
503276,11367,2025-06-18,Delivered,Debit Card
503277,10221,2024-11-30,Cancelled,Net Banking
503278,11576,2025-08-02,Cancelled,Debit Card
503279,11318,2026-05-22,Shipped,Credit Card
503280,11923,2024-01-09,Delivered,UPI
503281,10014,2024-11-15,Delivered,Credit Card
503282,10591,2024-02-21,Delivered,Cash on Delivery
503283,11797,2024-07-04,Processing,UPI
503284,10988,2024-03-02,Delivered,UPI
503285,11122,2025-06-24,Delivered,Debit Card
503286,10058,2026-01-18,Delivered,Debit Card
503287,11525,2026-05-08,Delivered,Cash on Delivery
503288,10506,2024-08-04,Delivered,UPI
503289,11927,2025-09-30,Delivered,Cash on Delivery
503290,10749,2024-10-27,Shipped,Net Banking
503291,10378,2024-10-15,Delivered,Net Banking
503292,11188,2025-07-10,Delivered,Credit Card
503293,10955,2025-09-11,Delivered,Credit Card
503294,10942,2025-06-17,Processing,UPI
503295,11900,2024-04-01,Delivered,Net Banking
503296,10729,2025-01-09,Delivered,UPI
503297,10796,2024-09-17,Delivered,UPI
503298,11249,2024-01-04,Delivered,UPI
503299,10341,2024-02-07,Delivered,Cash on Delivery
503300,11658,2025-02-14,Delivered,Credit Card
503301,10460,2024-04-01,Delivered,Credit Card
503302,10484,2025-11-05,Delivered,Net Banking
503303,10022,2024-02-21,Delivered,Cash on Delivery
503304,10686,2024-08-02,Shipped,Net Banking
503305,11166,2026-06-18,Delivered,Debit Card
503306,11410,2025-10-08,Delivered,UPI
503307,11798,2025-05-23,Processing,UPI
503308,11556,2024-01-14,Processing,UPI
503309,10643,2024-02-09,Delivered,Credit Card
503310,11651,2026-04-09,Shipped,Credit Card
503311,10390,2025-12-30,Delivered,Credit Card
503312,10419,2026-05-17,Shipped,Credit Card
503313,10717,2026-01-07,Delivered,Net Banking
503314,11079,2024-01-03,Processing,UPI
503315,10407,2026-01-05,Delivered,Wallet
503316,11801,2025-02-21,Delivered,Cash on Delivery
503317,10541,2025-09-24,Processing,Credit Card
503318,10784,2025-01-12,Delivered,Credit Card
503319,11210,2025-10-20,Delivered,Wallet
503320,10860,2026-02-07,Delivered,Cash on Delivery
503321,10808,2026-06-08,Delivered,Credit Card
503322,11970,2025-05-08,Delivered,UPI
503323,10872,2024-09-11,Delivered,Wallet
503324,10227,2025-07-12,Delivered,Debit Card
503325,11461,2025-04-01,Delivered,Debit Card
503326,11412,2024-07-03,Cancelled,UPI
503327,10438,2025-10-23,Delivered,Net Banking
503328,11701,2024-03-11,Delivered,Debit Card
503329,10784,2025-01-03,Delivered,Credit Card
503330,10302,2025-09-24,Delivered,Net Banking
503331,10345,2026-04-20,Processing,Credit Card
503332,11429,2025-07-20,Processing,Credit Card
503333,10433,2026-06-13,Processing,Debit Card
503334,10940,2026-01-29,Cancelled,Debit Card
503335,11469,2024-08-03,Delivered,Wallet
503336,11706,2026-02-10,Delivered,Debit Card
503337,10980,2024-11-02,Delivered,Credit Card
503338,11815,2025-07-30,Returned,Credit Card
503339,10606,2024-07-02,Delivered,Debit Card
503340,11745,2025-05-06,Delivered,UPI
503341,10501,2025-09-12,Processing,Debit Card
503342,10129,2026-04-14,Delivered,Credit Card
503343,11451,2026-05-11,Cancelled,Credit Card
503344,11514,2026-01-01,Shipped,UPI
503345,11853,2025-05-25,Processing,Credit Card
503346,11844,2026-03-16,Delivered,UPI
503347,10205,2024-04-06,Delivered,Debit Card
503348,11243,2026-06-28,Shipped,Credit Card
503349,11409,2024-07-05,Delivered,Cash on Delivery
503350,11202,2025-01-03,Delivered,Debit Card
503351,10038,2026-04-08,Returned,Net Banking
503352,10091,2025-10-16,Cancelled,Cash on Delivery
503353,11342,2026-02-14,Returned,Cash on Delivery
503354,11713,2025-09-20,Delivered,Cash on Delivery
503355,10359,2025-07-02,Delivered,UPI
503356,10093,2024-06-07,Cancelled,Credit Card
503357,10809,2026-06-28,Delivered,Net Banking
503358,10628,2025-08-04,Delivered,Debit Card
503359,11966,2025-09-02,Delivered,Debit Card
503360,11852,2025-01-25,Processing,Debit Card
503361,11117,2026-05-19,Delivered,UPI
503362,11900,2025-02-15,Delivered,UPI
503363,10458,2024-06-22,Delivered,Debit Card
503364,11984,2024-06-13,Delivered,Debit Card
503365,10894,2025-09-29,Shipped,Net Banking
503366,10953,2025-11-10,Delivered,Debit Card
503367,10102,2024-07-07,Delivered,UPI
503368,10355,2025-09-29,Delivered,UPI
503369,10389,2026-06-29,Delivered,Credit Card
503370,10976,2025-04-30,Delivered,Credit Card
503371,10380,2026-06-05,Cancelled,Net Banking
503372,10205,2024-05-23,Delivered,Debit Card
503373,11211,2025-01-02,Delivered,Cash on Delivery
503374,11746,2025-05-23,Delivered,Credit Card
503375,10140,2024-11-22,Returned,Credit Card
503376,11122,2024-04-01,Processing,Credit Card
503377,11921,2025-02-22,Delivered,UPI
503378,10810,2024-11-05,Delivered,UPI
503379,10366,2024-07-05,Delivered,Credit Card
503380,10160,2024-12-05,Processing,Credit Card
503381,11873,2025-01-16,Returned,UPI
503382,10811,2026-03-17,Shipped,Net Banking
503383,10211,2025-03-24,Processing,Debit Card
503384,11733,2025-01-14,Delivered,UPI
503385,11605,2024-12-21,Delivered,Net Banking
503386,11407,2025-06-30,Delivered,UPI
503387,10169,2024-09-08,Shipped,Credit Card
503388,10165,2026-03-09,Delivered,Debit Card
503389,10438,2025-01-17,Delivered,Credit Card
503390,10320,2025-01-23,Delivered,Net Banking
503391,11064,2024-02-28,Delivered,Credit Card
503392,10785,2026-03-17,Processing,UPI
503393,11531,2025-03-06,Delivered,Credit Card
503394,10203,2024-05-04,Processing,Credit Card
503395,11456,2024-06-05,Delivered,UPI
503396,11869,2024-11-29,Delivered,Credit Card
503397,10262,2025-12-13,Cancelled,UPI
503398,11305,2024-03-27,Shipped,Credit Card
503399,11019,2024-04-20,Processing,Debit Card
503400,10190,2025-05-27,Delivered,Net Banking
503401,10586,2025-03-31,Delivered,Cash on Delivery
503402,11577,2026-05-23,Shipped,Debit Card
503403,11739,2025-11-17,Shipped,Cash on Delivery
503404,10737,2025-08-22,Processing,Debit Card
503405,10214,2024-11-02,Shipped,Net Banking
503406,10490,2025-07-25,Delivered,Net Banking
503407,11687,2025-06-17,Delivered,Cash on Delivery
503408,11140,2024-09-10,Cancelled,Net Banking
503409,10861,2024-12-04,Delivered,Cash on Delivery
503410,10027,2026-04-30,Shipped,Credit Card
503411,11566,2025-05-06,Delivered,Wallet
503412,10931,2025-03-06,Cancelled,Credit Card
503413,11091,2025-12-28,Processing,UPI
503414,11688,2024-08-31,Delivered,UPI
503415,11125,2024-07-19,Processing,Debit Card
503416,11857,2026-06-20,Delivered,UPI
503417,11120,2026-01-03,Delivered,UPI
503418,10686,2025-01-21,Processing,Credit Card
503419,11846,2026-05-13,Delivered,Debit Card
503420,11285,2024-12-05,Delivered,UPI
503421,11521,2025-09-08,Delivered,Debit Card
503422,10454,2024-02-01,Returned,Debit Card
503423,11343,2025-09-28,Delivered,Net Banking
503424,11121,2024-06-11,Shipped,Debit Card
503425,10211,2024-08-08,Delivered,UPI
503426,10509,2026-01-08,Delivered,Wallet
503427,11824,2024-07-06,Shipped,Cash on Delivery
503428,11143,2025-03-16,Delivered,Credit Card
503429,11549,2026-04-20,Processing,UPI
503430,10344,2026-05-21,Shipped,Debit Card
503431,10436,2025-02-09,Returned,Cash on Delivery
503432,11883,2024-03-17,Processing,Cash on Delivery
503433,10841,2024-09-18,Delivered,Cash on Delivery
503434,11774,2025-07-16,Shipped,Wallet
503435,11617,2024-11-03,Delivered,Net Banking
503436,10674,2025-10-19,Delivered,UPI
503437,11900,2026-06-25,Delivered,UPI
503438,11554,2025-07-21,Shipped,UPI
503439,10256,2025-07-24,Delivered,UPI
503440,10192,2025-04-28,Delivered,UPI
503441,10254,2024-06-19,Delivered,Credit Card
503442,11481,2025-06-11,Delivered,Net Banking
503443,10287,2026-04-30,Processing,UPI
503444,10565,2025-09-21,Delivered,Net Banking
503445,10869,2025-11-17,Shipped,Cash on Delivery
503446,10272,2026-02-27,Shipped,UPI
503447,10661,2024-12-19,Delivered,UPI
503448,11357,2024-11-03,Delivered,Credit Card
503449,11945,2026-06-04,Delivered,Cash on Delivery
503450,10940,2025-02-23,Delivered,Net Banking
503451,11494,2025-10-31,Delivered,UPI
503452,11061,2025-08-03,Delivered,Debit Card
503453,10933,2024-04-22,Processing,Net Banking
503454,11042,2024-10-13,Delivered,UPI
503455,11918,2024-10-24,Delivered,Debit Card
503456,10119,2024-06-12,Delivered,Credit Card
503457,11027,2025-12-12,Processing,UPI
503458,10103,2026-06-01,Delivered,Cash on Delivery
503459,11751,2026-06-01,Shipped,UPI
503460,11203,2024-06-26,Delivered,Cash on Delivery
503461,10095,2025-02-14,Cancelled,Net Banking
503462,11248,2024-07-31,Delivered,UPI
503463,10872,2024-02-27,Delivered,Net Banking
503464,10095,2025-07-18,Delivered,UPI
503465,11957,2026-02-23,Delivered,UPI
503466,10757,2024-03-11,Shipped,Credit Card
503467,10048,2025-08-09,Delivered,Cash on Delivery
503468,11226,2024-02-01,Delivered,Cash on Delivery
503469,10751,2026-02-08,Delivered,UPI
503470,11314,2024-02-28,Delivered,Credit Card
503471,10325,2025-02-01,Cancelled,Wallet
503472,11657,2024-04-22,Delivered,Debit Card
503473,10841,2025-01-11,Processing,UPI
503474,10842,2025-01-26,Processing,Credit Card
503475,11608,2025-05-07,Delivered,Credit Card
503476,11097,2026-01-27,Delivered,Credit Card
503477,10003,2026-06-28,Delivered,Credit Card
503478,11158,2024-11-08,Delivered,Net Banking
503479,11292,2026-04-22,Shipped,Debit Card
503480,10625,2025-01-25,Delivered,Credit Card
503481,10362,2024-04-18,Delivered,Net Banking
503482,10108,2025-07-02,Shipped,Debit Card
503483,11693,2025-10-21,Delivered,Net Banking
503484,10009,2024-10-02,Processing,UPI
503485,11167,2025-06-22,Delivered,Credit Card
503486,11673,2025-01-29,Delivered,Credit Card
503487,10705,2024-05-12,Delivered,Credit Card
503488,10401,2024-12-18,Delivered,Debit Card
503489,11430,2025-01-25,Returned,Debit Card
503490,11261,2024-11-08,Delivered,Credit Card
503491,10030,2026-04-15,Cancelled,Debit Card
503492,11155,2024-12-20,Returned,Net Banking
503493,10001,2025-07-25,Delivered,Debit Card
503494,10800,2024-01-11,Shipped,Net Banking
503495,10609,2024-10-13,Delivered,Cash on Delivery
503496,11667,2026-03-20,Delivered,Net Banking
503497,11955,2026-03-25,Returned,UPI
503498,11397,2026-06-11,Delivered,Cash on Delivery
503499,11469,2024-02-21,Cancelled,Credit Card
503500,10046,2026-02-26,Delivered,Debit Card
503501,10128,2024-09-01,Delivered,Wallet
503502,11554,2024-01-06,Delivered,Credit Card
503503,10857,2024-03-25,Delivered,UPI
503504,11014,2025-11-16,Delivered,UPI
503505,11384,2025-06-24,Shipped,Wallet
503506,10695,2025-06-07,Delivered,Credit Card
503507,11364,2026-03-16,Returned,Net Banking
503508,11454,2024-03-26,Delivered,UPI
503509,10481,2024-03-16,Delivered,UPI
503510,11373,2026-05-01,Delivered,UPI
503511,10339,2025-07-07,Delivered,Net Banking
503512,10622,2025-12-09,Delivered,UPI
503513,11561,2025-04-24,Delivered,Cash on Delivery
503514,11967,2024-05-12,Delivered,Debit Card
503515,10130,2025-04-22,Delivered,Cash on Delivery
503516,11298,2026-05-30,Delivered,Credit Card
503517,11140,2024-04-17,Delivered,Debit Card
503518,11212,2024-04-25,Delivered,UPI
503519,11574,2024-11-12,Delivered,Credit Card
503520,10140,2025-02-19,Shipped,Debit Card
503521,11479,2025-07-28,Delivered,UPI
503522,10559,2024-05-25,Delivered,Wallet
503523,10309,2026-05-02,Delivered,UPI
503524,10894,2024-05-17,Delivered,UPI
503525,10055,2024-07-01,Cancelled,Debit Card
503526,11262,2026-06-02,Processing,Credit Card
503527,11131,2024-12-09,Shipped,UPI
503528,11026,2025-06-06,Delivered,Wallet
503529,10062,2025-02-01,Delivered,UPI
503530,11527,2024-08-24,Delivered,Debit Card
503531,10071,2025-04-07,Processing,UPI
503532,10526,2025-12-09,Delivered,UPI
503533,10792,2024-01-11,Delivered,Credit Card
503534,11405,2026-03-10,Delivered,Net Banking
503535,10816,2024-06-17,Shipped,Debit Card
503536,11634,2026-04-17,Delivered,Credit Card
503537,11869,2026-05-28,Delivered,UPI
503538,11531,2026-05-01,Cancelled,Wallet
503539,10078,2025-08-17,Delivered,UPI
503540,11542,2026-04-06,Returned,Debit Card
503541,10413,2026-02-23,Delivered,UPI
503542,11778,2025-08-06,Cancelled,UPI
503543,11958,2026-03-25,Cancelled,UPI
503544,10169,2024-11-08,Delivered,UPI
503545,10198,2026-02-01,Processing,Debit Card
503546,11395,2026-04-25,Delivered,Credit Card
503547,10287,2025-08-02,Delivered,Net Banking
503548,11938,2024-04-21,Delivered,UPI
503549,11081,2024-07-14,Delivered,Credit Card
503550,11148,2024-06-03,Delivered,Credit Card
503551,11721,2025-05-01,Delivered,UPI
503552,10435,2025-01-31,Returned,UPI
503553,11112,2026-01-25,Processing,UPI
503554,11998,2024-09-15,Delivered,UPI
503555,10045,2024-05-31,Delivered,Credit Card
503556,10350,2025-07-16,Delivered,UPI
503557,10293,2024-05-06,Delivered,Credit Card
503558,10672,2026-04-06,Cancelled,Credit Card
503559,10260,2024-03-15,Returned,Credit Card
503560,10345,2025-03-24,Delivered,UPI
503561,11706,2026-05-16,Delivered,Credit Card
503562,10930,2025-05-20,Delivered,Credit Card
503563,10717,2026-01-07,Delivered,Wallet
503564,10838,2025-01-21,Delivered,UPI
503565,11942,2025-11-20,Delivered,UPI
503566,10983,2025-10-08,Delivered,Cash on Delivery
503567,10938,2025-04-13,Delivered,UPI
503568,11856,2024-04-01,Processing,UPI
503569,10075,2026-06-05,Shipped,Cash on Delivery
503570,10957,2024-02-14,Delivered,Debit Card
503571,11497,2024-11-21,Delivered,Debit Card
503572,11030,2025-08-08,Processing,UPI
503573,11737,2025-12-03,Delivered,UPI
503574,11774,2025-05-03,Processing,UPI
503575,10673,2025-01-01,Delivered,Net Banking
503576,11636,2025-01-06,Cancelled,Credit Card
503577,10488,2026-06-09,Delivered,Debit Card
503578,10480,2024-10-31,Processing,Cash on Delivery
503579,11955,2026-02-19,Delivered,Wallet
503580,10026,2024-02-17,Processing,UPI
503581,10707,2025-08-25,Delivered,Debit Card
503582,11259,2025-09-13,Delivered,Debit Card
503583,10828,2025-09-08,Shipped,Net Banking
503584,11690,2025-01-19,Delivered,Cash on Delivery
503585,10504,2025-09-22,Delivered,Net Banking
503586,11106,2025-02-10,Delivered,Debit Card
503587,10251,2025-06-26,Shipped,UPI
503588,10423,2026-03-26,Processing,Debit Card
503589,10348,2025-09-05,Delivered,Debit Card
503590,11483,2025-11-04,Shipped,Debit Card
503591,10406,2026-06-03,Cancelled,Debit Card
503592,11340,2024-07-19,Shipped,Credit Card
503593,10692,2025-06-20,Delivered,Credit Card
503594,11131,2025-08-22,Delivered,Wallet
503595,11748,2025-09-26,Delivered,Credit Card
503596,11727,2024-04-30,Delivered,Net Banking
503597,10023,2025-11-25,Delivered,Debit Card
503598,11569,2024-06-26,Processing,Credit Card
503599,11912,2025-01-08,Delivered,Credit Card
503600,11336,2025-10-14,Delivered,Debit Card
503601,10375,2024-08-28,Delivered,Net Banking
503602,11330,2024-04-24,Delivered,UPI
503603,11273,2025-09-08,Shipped,Cash on Delivery
503604,11325,2024-09-12,Delivered,Net Banking
503605,10858,2026-01-24,Cancelled,Credit Card
503606,11051,2026-03-30,Delivered,UPI
503607,11304,2024-11-15,Delivered,UPI
503608,10928,2025-11-05,Shipped,UPI
503609,11548,2024-07-23,Shipped,UPI
503610,11420,2026-04-28,Delivered,UPI
503611,10607,2024-08-12,Shipped,Wallet
503612,11221,2026-03-16,Delivered,Debit Card
503613,11514,2025-12-19,Delivered,Cash on Delivery
503614,10980,2024-10-12,Delivered,Debit Card
503615,11431,2026-01-22,Delivered,Debit Card
503616,10254,2025-07-31,Shipped,Cash on Delivery
503617,10773,2025-09-03,Delivered,UPI
503618,11404,2024-12-11,Processing,Debit Card
503619,11791,2024-08-01,Shipped,Cash on Delivery
503620,11292,2025-09-28,Delivered,Cash on Delivery
503621,11328,2024-02-17,Delivered,Credit Card
503622,10685,2024-11-14,Delivered,Cash on Delivery
503623,11402,2024-05-09,Delivered,Credit Card
503624,10713,2024-01-02,Returned,UPI
503625,10105,2024-01-07,Processing,UPI
503626,10494,2024-03-26,Delivered,Credit Card
503627,11223,2026-05-07,Delivered,UPI
503628,11924,2025-12-04,Delivered,UPI
503629,10992,2026-06-22,Delivered,UPI
503630,11721,2024-03-17,Delivered,Cash on Delivery
503631,11557,2026-06-29,Delivered,Cash on Delivery
503632,11123,2025-07-01,Delivered,Cash on Delivery
503633,11609,2025-12-26,Delivered,Debit Card
503634,10804,2026-02-22,Delivered,Cash on Delivery
503635,10886,2024-08-27,Delivered,Credit Card
503636,11474,2025-11-07,Delivered,Credit Card
503637,11278,2025-08-14,Delivered,Credit Card
503638,11056,2025-01-12,Delivered,UPI
503639,10867,2025-03-25,Delivered,Debit Card
503640,11952,2024-07-09,Returned,Credit Card
503641,10132,2024-06-18,Delivered,Wallet
503642,10111,2026-04-22,Delivered,UPI
503643,10959,2025-10-29,Delivered,UPI
503644,10069,2025-06-01,Delivered,Credit Card
503645,10682,2025-09-25,Delivered,UPI
503646,11138,2025-01-05,Shipped,Wallet
503647,10811,2024-08-16,Returned,Debit Card
503648,10407,2026-05-10,Delivered,Credit Card
503649,10570,2026-06-22,Delivered,Debit Card
503650,11209,2024-07-15,Processing,Credit Card
503651,11903,2026-01-02,Delivered,UPI
503652,11563,2025-02-07,Delivered,Credit Card
503653,11095,2025-10-08,Processing,Credit Card
503654,10277,2024-04-09,Delivered,Debit Card
503655,10486,2025-03-13,Delivered,Net Banking
503656,10882,2024-04-24,Delivered,UPI
503657,10494,2026-01-13,Delivered,Debit Card
503658,11378,2024-12-29,Returned,Net Banking
503659,10733,2024-08-28,Delivered,Credit Card
503660,11668,2025-09-30,Delivered,Credit Card
503661,10539,2026-05-21,Delivered,Credit Card
503662,10993,2024-11-05,Delivered,Credit Card
503663,11429,2025-10-17,Delivered,Credit Card
503664,10413,2025-09-21,Delivered,Credit Card
503665,11523,2025-03-23,Delivered,Credit Card
503666,11172,2026-01-05,Delivered,Net Banking
503667,11296,2024-04-26,Processing,Credit Card
503668,10910,2026-03-12,Delivered,Wallet
503669,11871,2025-01-03,Cancelled,UPI
503670,11544,2024-02-10,Delivered,Credit Card
503671,10385,2026-06-22,Delivered,Debit Card
503672,11112,2025-12-07,Cancelled,Debit Card
503673,11807,2026-01-15,Processing,Wallet
503674,10559,2024-05-14,Delivered,Credit Card
503675,11073,2025-11-16,Delivered,Credit Card
503676,11509,2025-09-29,Processing,Debit Card
503677,10547,2026-04-04,Delivered,Debit Card
503678,11036,2024-12-05,Delivered,Net Banking
503679,11106,2026-04-26,Delivered,Net Banking
503680,10356,2025-10-08,Processing,UPI
503681,10356,2024-08-19,Delivered,Net Banking
503682,11127,2024-07-14,Delivered,Net Banking
503683,10358,2026-04-04,Returned,Debit Card
503684,11897,2025-08-11,Delivered,Credit Card
503685,11048,2024-04-18,Shipped,Cash on Delivery
503686,11412,2024-04-24,Delivered,Net Banking
503687,10794,2026-01-25,Shipped,UPI
503688,10598,2024-06-03,Delivered,Credit Card
503689,10974,2024-07-18,Delivered,Net Banking
503690,11422,2025-07-15,Delivered,Cash on Delivery
503691,10796,2026-02-27,Processing,Credit Card
503692,10566,2024-11-03,Delivered,Cash on Delivery
503693,10288,2025-08-30,Delivered,Credit Card
503694,11086,2025-10-04,Delivered,Credit Card
503695,11360,2025-07-02,Delivered,Debit Card
503696,11054,2025-09-17,Shipped,UPI
503697,10510,2024-07-26,Delivered,UPI
503698,10495,2025-07-21,Delivered,Net Banking
503699,10755,2024-01-04,Shipped,UPI
503700,10696,2025-10-28,Delivered,UPI
503701,10408,2025-12-24,Delivered,UPI
503702,11885,2025-12-25,Delivered,UPI
503703,10660,2024-01-27,Delivered,UPI
503704,10502,2026-04-12,Returned,Credit Card
503705,11214,2025-01-31,Delivered,Cash on Delivery
503706,11603,2024-03-14,Delivered,Debit Card
503707,10930,2025-05-02,Processing,Debit Card
503708,11335,2025-06-05,Delivered,UPI
503709,10191,2025-01-02,Returned,UPI
503710,11066,2025-11-14,Delivered,Cash on Delivery
503711,10134,2025-05-11,Cancelled,Debit Card
503712,10276,2024-07-17,Processing,Net Banking
503713,11184,2025-07-20,Processing,Credit Card
503714,10410,2024-08-28,Delivered,Debit Card
503715,10074,2024-04-18,Processing,Credit Card
503716,10358,2024-08-31,Shipped,UPI
503717,11546,2026-04-06,Delivered,Cash on Delivery
503718,11174,2025-06-06,Delivered,Credit Card
503719,10764,2024-10-17,Delivered,Credit Card
503720,11947,2024-11-30,Cancelled,UPI
503721,10772,2026-02-24,Shipped,Debit Card
503722,11755,2025-08-31,Delivered,Net Banking
503723,10690,2025-12-07,Delivered,Credit Card
503724,10051,2025-07-11,Delivered,Wallet
503725,10221,2026-06-24,Delivered,UPI
503726,10548,2025-08-22,Processing,Cash on Delivery
503727,10374,2024-12-31,Delivered,Net Banking
503728,10315,2024-08-18,Shipped,Cash on Delivery
503729,10767,2024-02-12,Delivered,Net Banking
503730,11952,2025-12-01,Delivered,Credit Card
503731,10402,2026-05-01,Shipped,Credit Card
503732,10472,2025-08-29,Delivered,Cash on Delivery
503733,11991,2025-03-20,Returned,Cash on Delivery
503734,10403,2024-04-29,Cancelled,Debit Card
503735,11661,2025-08-10,Processing,Net Banking
503736,11242,2024-07-01,Processing,Credit Card
503737,11856,2025-07-21,Delivered,UPI
503738,11113,2024-10-01,Delivered,UPI
503739,11187,2026-03-01,Processing,Debit Card
503740,10452,2026-05-04,Delivered,Debit Card
503741,11150,2024-08-01,Processing,Debit Card
503742,11341,2024-10-24,Delivered,Debit Card
503743,11974,2026-04-21,Processing,Credit Card
503744,10195,2024-01-19,Delivered,UPI
503745,10314,2025-04-16,Processing,UPI
503746,10039,2024-05-09,Delivered,UPI
503747,11581,2025-01-30,Delivered,Debit Card
503748,10165,2024-01-30,Cancelled,Net Banking
503749,11831,2024-05-08,Delivered,Cash on Delivery
503750,10730,2025-01-02,Delivered,UPI
503751,10577,2024-02-24,Delivered,Net Banking
503752,11951,2025-12-28,Delivered,Debit Card
503753,11441,2025-06-11,Delivered,Credit Card
503754,11095,2025-02-15,Delivered,Net Banking
503755,11778,2025-03-07,Delivered,Wallet
503756,11510,2026-02-05,Delivered,Credit Card
503757,11275,2026-02-10,Cancelled,Debit Card
503758,10643,2024-02-13,Shipped,UPI
503759,11973,2025-09-17,Delivered,UPI
503760,11439,2025-03-04,Delivered,UPI
503761,11892,2025-12-15,Delivered,UPI
503762,11933,2025-12-19,Processing,Net Banking
503763,11099,2025-10-08,Shipped,UPI
503764,10716,2025-09-08,Delivered,Debit Card
503765,11895,2024-07-12,Delivered,Cash on Delivery
503766,11999,2026-02-17,Processing,Cash on Delivery
503767,10244,2025-10-01,Delivered,Credit Card
503768,11277,2024-09-07,Delivered,UPI
503769,11205,2024-07-31,Delivered,Credit Card
503770,11498,2025-04-02,Returned,UPI
503771,11951,2024-11-09,Delivered,Credit Card
503772,10505,2025-09-09,Delivered,Debit Card
503773,11952,2025-01-06,Processing,Debit Card
503774,11287,2024-06-02,Delivered,UPI
503775,10166,2024-12-26,Delivered,UPI
503776,11023,2026-01-14,Delivered,Cash on Delivery
503777,10267,2026-01-28,Returned,Wallet
503778,11913,2024-10-11,Delivered,Debit Card
503779,11527,2025-12-27,Delivered,Debit Card
503780,11810,2024-03-26,Cancelled,Debit Card
503781,11206,2026-06-17,Shipped,UPI
503782,10794,2025-11-30,Delivered,Cash on Delivery
503783,10857,2024-02-07,Delivered,UPI
503784,11894,2025-10-05,Delivered,Debit Card
503785,10304,2025-03-27,Delivered,UPI
503786,11770,2026-03-17,Delivered,Net Banking
503787,10845,2024-08-07,Processing,Net Banking
503788,11181,2026-03-25,Shipped,Net Banking
503789,11334,2026-03-05,Processing,Credit Card
503790,10165,2024-09-11,Delivered,Debit Card
503791,10298,2025-01-29,Delivered,Debit Card
503792,10322,2025-08-08,Shipped,Net Banking
503793,11558,2024-08-07,Delivered,Credit Card
503794,10154,2026-07-01,Delivered,Credit Card
503795,11222,2024-06-23,Delivered,Debit Card
503796,10216,2024-08-10,Delivered,UPI
503797,11536,2025-04-02,Delivered,Debit Card
503798,11954,2025-03-07,Delivered,UPI
503799,10829,2024-02-15,Processing,Net Banking
503800,10425,2026-04-10,Delivered,Credit Card
503801,10890,2024-08-07,Delivered,Cash on Delivery
503802,11382,2024-04-04,Delivered,UPI
503803,11455,2025-04-19,Delivered,Credit Card
503804,11274,2026-04-27,Delivered,UPI
503805,11164,2024-01-03,Delivered,Cash on Delivery
503806,11263,2025-03-21,Delivered,UPI
503807,10435,2026-04-11,Delivered,Credit Card
503808,10414,2026-03-26,Returned,UPI
503809,11862,2024-06-04,Delivered,Net Banking
503810,11159,2025-07-21,Delivered,Credit Card
503811,11723,2026-02-02,Returned,Debit Card
503812,11252,2025-09-05,Shipped,UPI
503813,10911,2025-08-23,Shipped,Credit Card
503814,11141,2025-12-06,Delivered,UPI
503815,11384,2025-02-17,Cancelled,Debit Card
503816,10373,2024-03-02,Delivered,UPI
503817,10925,2025-08-06,Delivered,Wallet
503818,11447,2025-07-27,Shipped,Credit Card
503819,10175,2026-02-16,Delivered,Debit Card
503820,10147,2026-04-23,Returned,Credit Card
503821,10321,2024-11-04,Returned,UPI
503822,11183,2026-05-22,Delivered,Cash on Delivery
503823,10477,2024-01-10,Delivered,Net Banking
503824,10873,2026-06-03,Shipped,Debit Card
503825,10268,2024-05-05,Delivered,Net Banking
503826,10501,2025-08-12,Delivered,UPI
503827,10036,2025-09-15,Delivered,Cash on Delivery
503828,11615,2025-08-01,Processing,Credit Card
503829,10934,2026-06-23,Returned,Cash on Delivery
503830,10352,2025-05-19,Delivered,Net Banking
503831,11053,2024-04-30,Shipped,Credit Card
503832,11866,2025-07-08,Processing,Debit Card
503833,11650,2024-09-22,Delivered,Wallet
503834,11770,2025-07-12,Delivered,UPI
503835,10813,2024-12-13,Delivered,Credit Card
503836,10722,2024-02-08,Processing,Debit Card
503837,10633,2025-08-05,Delivered,Credit Card
503838,10611,2024-03-22,Delivered,Credit Card
503839,11840,2024-10-26,Delivered,Net Banking
503840,10275,2025-07-19,Delivered,Cash on Delivery
503841,11703,2026-03-15,Delivered,Debit Card
503842,11833,2024-10-13,Delivered,Wallet
503843,11689,2024-09-29,Delivered,UPI
503844,11256,2024-10-02,Shipped,UPI
503845,11712,2025-06-09,Shipped,UPI
503846,10064,2024-06-25,Processing,Credit Card
503847,11635,2025-04-26,Delivered,Debit Card
503848,11022,2026-01-01,Delivered,UPI
503849,11917,2024-03-14,Shipped,Credit Card
503850,10172,2026-05-30,Delivered,Debit Card
503851,11861,2025-04-30,Delivered,Debit Card
503852,11148,2025-07-27,Delivered,Debit Card
503853,10208,2025-07-17,Delivered,Debit Card
503854,11018,2026-05-13,Delivered,Wallet
503855,10075,2025-08-29,Cancelled,Net Banking
503856,10166,2026-03-17,Processing,Cash on Delivery
503857,11064,2024-09-18,Shipped,Wallet
503858,11632,2024-07-17,Returned,Cash on Delivery
503859,10217,2025-08-10,Shipped,UPI
503860,10525,2024-05-20,Delivered,Debit Card
503861,10783,2024-04-11,Delivered,Credit Card
503862,11083,2024-07-12,Processing,UPI
503863,10002,2024-09-04,Delivered,Debit Card
503864,11279,2024-03-28,Cancelled,UPI
503865,10996,2025-10-27,Delivered,Debit Card
503866,11925,2025-06-16,Delivered,Net Banking
503867,10603,2024-07-01,Shipped,Credit Card
503868,10988,2024-09-15,Processing,Wallet
503869,10164,2026-04-28,Processing,Net Banking
503870,11835,2026-04-13,Delivered,Net Banking
503871,11668,2024-04-22,Delivered,UPI
503872,10710,2025-07-14,Delivered,Wallet
503873,10921,2024-10-21,Cancelled,UPI
503874,11715,2024-11-24,Delivered,Cash on Delivery
503875,10591,2025-07-01,Delivered,UPI
503876,10472,2026-06-17,Delivered,UPI
503877,10484,2025-06-16,Shipped,Credit Card
503878,11415,2026-05-20,Delivered,Net Banking
503879,10423,2026-01-18,Returned,Cash on Delivery
503880,10178,2025-12-11,Delivered,Debit Card
503881,10331,2025-12-22,Shipped,Net Banking
503882,11973,2025-12-23,Shipped,Credit Card
503883,11746,2024-08-21,Delivered,Wallet
503884,11908,2026-06-11,Delivered,Credit Card
503885,10555,2026-04-18,Delivered,Cash on Delivery
503886,10885,2025-07-02,Delivered,Net Banking
503887,10982,2025-10-11,Shipped,Credit Card
503888,11048,2026-03-14,Delivered,Credit Card
503889,10054,2024-05-19,Delivered,Debit Card
503890,11196,2024-02-29,Cancelled,Wallet
503891,10078,2026-06-28,Delivered,Debit Card
503892,10551,2025-05-20,Delivered,Cash on Delivery
503893,10585,2025-10-21,Cancelled,Wallet
503894,11349,2025-04-03,Cancelled,Credit Card
503895,11793,2025-04-17,Delivered,Debit Card
503896,11398,2024-02-04,Delivered,Debit Card
503897,10871,2024-09-21,Delivered,UPI
503898,11051,2024-03-20,Delivered,Net Banking
503899,11025,2025-01-29,Shipped,UPI
503900,10296,2024-01-20,Delivered,Net Banking
503901,11915,2026-01-02,Delivered,Debit Card
503902,11839,2024-09-25,Delivered,Cash on Delivery
503903,10481,2025-11-07,Shipped,Credit Card
503904,10231,2024-02-18,Shipped,Debit Card
503905,10331,2024-01-31,Delivered,UPI
503906,11259,2025-01-21,Delivered,Net Banking
503907,10059,2025-12-20,Delivered,Credit Card
503908,10207,2026-01-12,Delivered,Debit Card
503909,11297,2025-05-12,Shipped,Cash on Delivery
503910,10293,2025-07-14,Processing,Credit Card
503911,10138,2025-09-20,Returned,UPI
503912,10042,2025-09-07,Delivered,UPI
503913,11412,2025-11-07,Processing,Debit Card
503914,10727,2024-01-29,Delivered,Credit Card
503915,10569,2025-01-26,Delivered,Credit Card
503916,11280,2026-02-05,Delivered,UPI
503917,10342,2025-02-05,Shipped,Credit Card
503918,11044,2024-05-13,Shipped,Credit Card
503919,10968,2025-08-30,Delivered,Debit Card
503920,11350,2024-10-03,Processing,Debit Card
503921,11248,2025-04-11,Cancelled,Debit Card
503922,11351,2025-04-16,Cancelled,Credit Card
503923,10427,2025-09-27,Delivered,Cash on Delivery
503924,10281,2026-04-29,Returned,Credit Card
503925,11068,2025-09-25,Shipped,Cash on Delivery
503926,10115,2026-06-30,Delivered,Debit Card
503927,10909,2024-01-18,Delivered,Credit Card
503928,11251,2025-12-15,Processing,Net Banking
503929,11642,2025-01-15,Shipped,UPI
503930,11307,2025-10-27,Delivered,Wallet
503931,11990,2024-03-18,Returned,Debit Card
503932,11114,2025-04-26,Delivered,UPI
503933,10893,2024-01-28,Delivered,Credit Card
503934,10492,2025-08-30,Delivered,Net Banking
503935,11347,2024-07-16,Delivered,UPI
503936,11622,2024-05-11,Delivered,UPI
503937,10642,2024-03-13,Delivered,Cash on Delivery
503938,10152,2024-09-02,Delivered,Credit Card
503939,10021,2026-05-26,Delivered,UPI
503940,11265,2026-06-17,Delivered,UPI
503941,11327,2024-03-14,Shipped,Debit Card
503942,10241,2026-06-13,Delivered,Debit Card
503943,10046,2025-06-20,Delivered,Debit Card
503944,11309,2024-10-21,Delivered,Wallet
503945,10796,2026-05-10,Delivered,UPI
503946,10836,2024-08-08,Delivered,UPI
503947,10525,2024-06-14,Cancelled,UPI
503948,11437,2024-07-28,Delivered,Credit Card
503949,11490,2024-05-13,Delivered,UPI
503950,10105,2025-03-18,Delivered,Credit Card
503951,10179,2024-05-08,Delivered,Net Banking
503952,11111,2024-07-23,Shipped,UPI
503953,11207,2024-12-05,Returned,Cash on Delivery
503954,10290,2025-08-15,Delivered,Cash on Delivery
503955,10317,2026-02-22,Delivered,Credit Card
503956,11365,2024-03-09,Delivered,Cash on Delivery
503957,10910,2025-07-29,Delivered,Net Banking
503958,10240,2024-04-04,Delivered,Credit Card
503959,11220,2026-06-23,Shipped,Debit Card
503960,10148,2024-09-09,Delivered,UPI
503961,10462,2026-02-21,Delivered,Credit Card
503962,11427,2025-12-10,Processing,Cash on Delivery
503963,10445,2024-10-23,Delivered,Debit Card
503964,10128,2024-10-22,Delivered,Credit Card
503965,11920,2024-10-16,Shipped,Debit Card
503966,10450,2025-03-05,Delivered,Wallet
503967,11030,2025-02-07,Delivered,UPI
503968,11650,2025-08-22,Shipped,Credit Card
503969,11980,2025-02-27,Delivered,UPI
503970,11620,2025-12-20,Processing,Wallet
503971,10680,2025-03-01,Delivered,Debit Card
503972,11709,2024-10-07,Delivered,UPI
503973,10026,2024-10-25,Shipped,Debit Card
503974,10653,2025-10-29,Delivered,Credit Card
503975,10399,2024-05-08,Shipped,UPI
503976,11057,2024-09-18,Delivered,Cash on Delivery
503977,11784,2024-10-11,Delivered,Net Banking
503978,11547,2025-08-11,Shipped,UPI
503979,11997,2024-04-27,Delivered,Wallet
503980,10274,2025-02-15,Delivered,UPI
503981,11505,2025-09-07,Delivered,UPI
503982,11449,2026-04-26,Processing,Credit Card
503983,10913,2025-02-03,Returned,UPI
503984,10195,2026-06-15,Delivered,Debit Card
503985,10209,2025-07-08,Delivered,Credit Card
503986,11827,2025-12-07,Delivered,UPI
503987,10591,2024-08-09,Delivered,Wallet
503988,11275,2026-04-15,Delivered,Credit Card
503989,11892,2024-08-24,Processing,Credit Card
503990,10987,2024-05-04,Delivered,Credit Card
503991,10420,2024-03-13,Delivered,Cash on Delivery
503992,10970,2025-08-20,Delivered,UPI
503993,10459,2025-07-27,Delivered,UPI
503994,10363,2024-06-30,Delivered,Cash on Delivery
503995,11622,2026-03-13,Delivered,UPI
503996,10692,2024-09-09,Delivered,Cash on Delivery
503997,11370,2025-07-10,Delivered,Debit Card
503998,11455,2025-04-22,Delivered,Cash on Delivery
503999,11099,2025-06-24,Delivered,UPI
504000,11082,2025-11-08,Processing,Wallet
504001,10362,2026-04-26,Delivered,Credit Card
504002,11059,2025-10-20,Delivered,UPI
504003,11504,2026-04-08,Processing,Net Banking
504004,10391,2026-03-04,Delivered,UPI
504005,10465,2024-11-23,Delivered,Credit Card
504006,11381,2025-05-25,Processing,Debit Card
504007,11964,2024-06-29,Delivered,UPI
504008,10785,2026-04-25,Cancelled,UPI
504009,11657,2026-06-01,Delivered,Credit Card
504010,10366,2026-03-21,Delivered,Credit Card
504011,11140,2025-11-08,Delivered,Debit Card
504012,11888,2026-02-14,Delivered,Net Banking
504013,10884,2025-12-25,Delivered,Credit Card
504014,11014,2024-07-28,Delivered,Credit Card
504015,10311,2024-08-28,Delivered,UPI
504016,11057,2025-04-30,Delivered,Credit Card
504017,11172,2025-01-18,Delivered,UPI
504018,11963,2025-11-03,Delivered,Debit Card
504019,10402,2025-11-03,Delivered,UPI
504020,10733,2026-06-10,Delivered,Net Banking
504021,11295,2025-12-20,Shipped,UPI
504022,11887,2024-01-11,Delivered,UPI
504023,10476,2024-11-06,Delivered,Credit Card
504024,11390,2024-10-25,Cancelled,Credit Card
504025,11759,2025-08-01,Cancelled,Debit Card
504026,11267,2024-11-08,Delivered,Debit Card
504027,10854,2026-06-12,Delivered,Wallet
504028,10469,2024-09-20,Processing,Credit Card
504029,10577,2025-02-03,Delivered,UPI
504030,10104,2026-01-16,Delivered,Cash on Delivery
504031,10305,2024-12-01,Delivered,Net Banking
504032,10876,2024-02-11,Delivered,UPI
504033,10281,2024-10-30,Shipped,UPI
504034,10021,2024-11-24,Delivered,Credit Card
504035,11386,2025-07-12,Delivered,Credit Card
504036,10143,2025-10-11,Delivered,Debit Card
504037,10283,2025-05-15,Delivered,UPI
504038,11191,2025-01-06,Shipped,Wallet
504039,11844,2025-04-04,Processing,Credit Card
504040,11449,2024-05-11,Delivered,Net Banking
504041,10066,2024-06-14,Shipped,UPI
504042,10336,2025-07-11,Delivered,Debit Card
504043,11481,2026-03-01,Delivered,Cash on Delivery
504044,11466,2025-04-22,Delivered,UPI
504045,10783,2024-02-25,Delivered,Debit Card
504046,11900,2026-06-15,Delivered,UPI
504047,11777,2024-10-22,Processing,Credit Card
504048,11487,2025-11-14,Delivered,Net Banking
504049,11497,2026-03-30,Delivered,Debit Card
504050,11570,2026-06-19,Processing,Net Banking
504051,10297,2024-04-16,Processing,UPI
504052,11402,2024-06-19,Delivered,Cash on Delivery
504053,11880,2025-08-12,Delivered,Debit Card
504054,10450,2025-11-26,Processing,UPI
504055,10030,2026-02-01,Delivered,Cash on Delivery
504056,10722,2025-05-18,Delivered,UPI
504057,10540,2024-05-24,Delivered,UPI
504058,11899,2025-10-12,Delivered,Cash on Delivery
504059,10892,2025-09-02,Delivered,UPI
504060,11323,2025-03-02,Processing,UPI
504061,11964,2025-08-05,Delivered,UPI
504062,11579,2024-07-12,Returned,Cash on Delivery
504063,11499,2026-01-10,Delivered,UPI
504064,11938,2024-02-11,Delivered,Credit Card
504065,11378,2026-02-04,Delivered,UPI
504066,10463,2026-02-04,Delivered,Credit Card
504067,11454,2025-09-19,Delivered,Credit Card
504068,10644,2026-01-13,Shipped,Cash on Delivery
504069,10662,2026-04-13,Delivered,Net Banking
504070,11290,2024-05-28,Delivered,Cash on Delivery
504071,10631,2025-05-12,Delivered,Net Banking
504072,10049,2025-08-12,Delivered,Credit Card
504073,12000,2026-05-10,Delivered,UPI
504074,11143,2025-11-04,Delivered,Debit Card
504075,11341,2025-06-26,Delivered,Credit Card
504076,11618,2025-05-24,Processing,Debit Card
504077,11270,2024-05-11,Processing,UPI
504078,11221,2024-10-16,Delivered,Net Banking
504079,11584,2025-01-30,Delivered,Credit Card
504080,10591,2026-03-15,Delivered,Credit Card
504081,11657,2026-02-25,Delivered,Wallet
504082,11449,2025-08-09,Processing,UPI
504083,10365,2024-04-06,Delivered,UPI
504084,10293,2025-10-19,Processing,UPI
504085,11760,2025-02-23,Delivered,Credit Card
504086,11790,2025-08-18,Returned,Debit Card
504087,11988,2025-01-30,Shipped,Wallet
504088,10202,2025-10-20,Shipped,Cash on Delivery
504089,11792,2024-07-17,Cancelled,Net Banking
504090,11727,2024-05-12,Delivered,Net Banking
504091,11536,2024-07-19,Delivered,Credit Card
504092,10996,2026-04-22,Delivered,Cash on Delivery
504093,11018,2024-03-09,Processing,Debit Card
504094,10858,2024-09-17,Processing,UPI
504095,10059,2024-11-08,Delivered,Wallet
504096,11002,2026-02-02,Shipped,Credit Card
504097,10475,2024-11-23,Delivered,UPI
504098,10401,2026-03-26,Delivered,Net Banking
504099,10112,2026-06-21,Delivered,UPI
504100,10916,2025-08-17,Delivered,UPI
504101,10096,2024-11-09,Delivered,UPI
504102,11700,2025-06-30,Shipped,Debit Card
504103,11780,2025-09-03,Delivered,Credit Card
504104,11602,2024-04-09,Delivered,UPI
504105,10602,2026-01-30,Delivered,Credit Card
504106,10327,2025-02-02,Delivered,UPI
504107,11010,2026-02-11,Shipped,Credit Card
504108,11347,2025-07-12,Processing,Credit Card
504109,10042,2026-02-24,Delivered,UPI
504110,11714,2024-03-15,Processing,UPI
504111,10878,2024-02-08,Shipped,Credit Card
504112,11640,2024-04-11,Processing,Credit Card
504113,10156,2026-03-09,Delivered,Cash on Delivery
504114,10852,2026-06-26,Delivered,UPI
504115,10917,2026-06-30,Shipped,UPI
504116,10097,2024-10-30,Delivered,UPI
504117,11415,2024-08-29,Delivered,Debit Card
504118,11863,2024-11-15,Delivered,Credit Card
504119,11082,2026-01-16,Delivered,Debit Card
504120,10792,2024-08-17,Delivered,Debit Card
504121,11273,2025-05-14,Cancelled,UPI
504122,10722,2025-08-12,Delivered,Credit Card
504123,10720,2024-11-25,Delivered,Wallet
504124,11520,2025-03-07,Returned,UPI
504125,11182,2025-08-30,Delivered,Debit Card
504126,10528,2025-12-22,Delivered,Debit Card
504127,10815,2024-06-22,Processing,UPI
504128,11670,2025-04-12,Returned,Net Banking
504129,11058,2024-05-20,Shipped,UPI
504130,10153,2024-01-15,Delivered,UPI
504131,11715,2025-08-12,Delivered,Debit Card
504132,11482,2025-03-16,Processing,Cash on Delivery
504133,10534,2024-08-24,Processing,UPI
504134,11932,2024-02-20,Delivered,Debit Card
504135,11904,2026-05-13,Processing,UPI
504136,11992,2026-01-24,Delivered,Debit Card
504137,10756,2026-05-03,Delivered,Credit Card
504138,11848,2024-04-13,Delivered,Credit Card
504139,11613,2024-01-13,Delivered,Wallet
504140,11742,2024-07-17,Cancelled,Debit Card
504141,11095,2024-04-01,Delivered,UPI
504142,10558,2025-02-23,Shipped,Wallet
504143,10454,2025-08-12,Delivered,UPI
504144,11934,2024-06-27,Processing,Debit Card
504145,11005,2024-12-28,Delivered,Debit Card
504146,11856,2025-05-07,Cancelled,Cash on Delivery
504147,11110,2024-10-16,Delivered,Credit Card
504148,11069,2025-02-24,Shipped,Debit Card
504149,10147,2025-06-22,Delivered,Debit Card
504150,10805,2026-05-19,Delivered,Credit Card
504151,11113,2024-10-10,Cancelled,Cash on Delivery
504152,10219,2024-03-21,Delivered,UPI
504153,10325,2026-03-03,Cancelled,UPI
504154,11182,2025-06-10,Delivered,Debit Card
504155,10497,2025-03-07,Delivered,UPI
504156,11402,2025-10-19,Cancelled,Cash on Delivery
504157,10921,2026-06-14,Cancelled,Credit Card
504158,10808,2024-04-26,Delivered,Credit Card
504159,10235,2026-02-24,Delivered,Debit Card
504160,10813,2025-08-04,Processing,Cash on Delivery
504161,11085,2025-06-18,Delivered,Debit Card
504162,11147,2026-02-28,Cancelled,UPI
504163,10541,2024-10-04,Delivered,Credit Card
504164,10056,2025-12-20,Delivered,Net Banking
504165,11870,2025-06-04,Shipped,Cash on Delivery
504166,11916,2026-05-03,Delivered,Debit Card
504167,11809,2025-03-03,Delivered,Debit Card
504168,10580,2025-10-19,Delivered,Credit Card
504169,11206,2025-03-30,Returned,Credit Card
504170,10282,2024-12-25,Delivered,Credit Card
504171,11812,2024-12-08,Returned,UPI
504172,10011,2026-04-20,Delivered,UPI
504173,10942,2026-02-03,Delivered,Debit Card
504174,11714,2024-07-24,Delivered,Credit Card
504175,11452,2026-03-01,Delivered,UPI
504176,11727,2025-06-16,Delivered,Cash on Delivery
504177,10993,2024-04-05,Delivered,UPI
504178,10191,2025-11-30,Delivered,Net Banking
504179,10016,2024-05-28,Shipped,Net Banking
504180,10305,2026-03-07,Delivered,Cash on Delivery
504181,10116,2025-02-18,Delivered,Cash on Delivery
504182,10896,2026-04-16,Delivered,Net Banking
504183,10102,2025-03-17,Delivered,Credit Card
504184,10372,2024-03-18,Shipped,Debit Card
504185,10839,2025-11-30,Processing,Cash on Delivery
504186,11472,2025-10-24,Processing,Credit Card
504187,11349,2024-10-03,Delivered,Debit Card
504188,10117,2024-07-05,Delivered,UPI
504189,11807,2026-02-27,Processing,Debit Card
504190,11100,2025-12-12,Cancelled,UPI
504191,10698,2024-09-28,Delivered,Debit Card
504192,10766,2025-10-01,Delivered,Credit Card
504193,11697,2024-08-07,Shipped,UPI
504194,10930,2024-06-14,Returned,Credit Card
504195,10492,2025-08-29,Delivered,Net Banking
504196,10850,2026-01-30,Delivered,Cash on Delivery
504197,10137,2026-04-18,Processing,UPI
504198,10307,2025-02-25,Shipped,UPI
504199,10630,2024-05-10,Delivered,Net Banking
504200,10441,2025-05-11,Delivered,Debit Card
504201,10699,2025-09-13,Delivered,Credit Card
504202,10130,2026-06-05,Shipped,Debit Card
504203,11221,2024-04-12,Shipped,Cash on Delivery
504204,10231,2025-08-22,Delivered,UPI
504205,10434,2025-04-12,Delivered,Credit Card
504206,11956,2025-06-21,Shipped,UPI
504207,10012,2024-03-25,Delivered,Wallet
504208,10560,2024-01-16,Delivered,Net Banking
504209,11001,2025-07-07,Delivered,Credit Card
504210,10615,2024-06-30,Delivered,Wallet
504211,10642,2025-07-14,Processing,UPI
504212,10255,2024-01-25,Delivered,Net Banking
504213,10847,2026-01-01,Shipped,Net Banking
504214,11511,2024-10-31,Delivered,Cash on Delivery
504215,11176,2025-02-15,Delivered,Debit Card
504216,11849,2024-11-10,Processing,UPI
504217,11400,2025-01-16,Delivered,UPI
504218,11580,2025-04-29,Processing,UPI
504219,10864,2025-08-12,Delivered,Cash on Delivery
504220,11226,2025-09-21,Returned,Credit Card
504221,11157,2026-06-23,Delivered,Debit Card
504222,11627,2024-06-12,Delivered,UPI
504223,11003,2026-03-06,Delivered,Credit Card
504224,10809,2025-07-03,Delivered,Credit Card
504225,10141,2024-10-09,Delivered,Debit Card
504226,11719,2026-04-17,Delivered,Credit Card
504227,10872,2025-10-07,Delivered,UPI
504228,11598,2024-06-17,Delivered,UPI
504229,11357,2024-06-08,Shipped,Wallet
504230,10004,2025-08-24,Delivered,Debit Card
504231,11303,2025-10-28,Delivered,Debit Card
504232,10976,2024-02-11,Cancelled,Cash on Delivery
504233,10480,2025-07-27,Delivered,Debit Card
504234,10530,2025-04-29,Delivered,Debit Card
504235,11276,2026-06-04,Delivered,Debit Card
504236,10173,2025-11-08,Delivered,UPI
504237,11213,2026-04-10,Delivered,Credit Card
504238,11693,2024-02-01,Processing,Cash on Delivery
504239,10174,2025-11-28,Delivered,Credit Card
504240,10016,2024-10-31,Returned,UPI
504241,10122,2025-05-20,Shipped,Cash on Delivery
504242,11461,2026-03-12,Returned,UPI
504243,11696,2026-03-05,Delivered,Debit Card
504244,11977,2024-07-24,Shipped,Net Banking
504245,10058,2024-08-07,Shipped,Credit Card
504246,10965,2025-10-21,Shipped,UPI
504247,10097,2026-03-12,Delivered,Credit Card
504248,10743,2025-07-12,Delivered,Net Banking
504249,10616,2024-02-19,Delivered,Cash on Delivery
504250,11212,2024-05-29,Delivered,Net Banking
504251,11818,2025-11-15,Cancelled,UPI
504252,11610,2025-11-08,Shipped,UPI
504253,10128,2026-03-29,Delivered,Debit Card
504254,10481,2025-04-30,Delivered,Net Banking
504255,10550,2025-01-25,Delivered,UPI
504256,10502,2024-04-12,Processing,UPI
504257,10707,2025-12-14,Cancelled,UPI
504258,11215,2026-05-16,Delivered,Credit Card
504259,11480,2024-02-11,Delivered,Debit Card
504260,11880,2025-03-25,Returned,Wallet
504261,11406,2024-11-20,Delivered,UPI
504262,10597,2025-11-11,Processing,Credit Card
504263,10369,2025-11-28,Delivered,Credit Card
504264,10754,2024-07-17,Delivered,Credit Card
504265,11600,2026-05-19,Shipped,UPI
504266,11987,2024-05-05,Delivered,Credit Card
504267,10785,2025-12-14,Processing,UPI
504268,10353,2025-11-07,Shipped,Net Banking
504269,10010,2024-05-28,Delivered,Debit Card
504270,10154,2025-09-07,Delivered,Debit Card
504271,11274,2024-09-03,Processing,Credit Card
504272,11180,2024-09-07,Cancelled,Credit Card
504273,11287,2024-03-19,Delivered,UPI
504274,10049,2025-11-12,Shipped,UPI
504275,10874,2026-01-07,Delivered,UPI
504276,10361,2025-04-06,Cancelled,UPI
504277,10674,2025-12-09,Shipped,Wallet
504278,11245,2024-11-14,Delivered,Wallet
504279,10552,2025-05-30,Shipped,Net Banking
504280,11320,2025-12-19,Shipped,Debit Card
504281,10579,2025-01-28,Shipped,Debit Card
504282,11021,2025-07-17,Delivered,Debit Card
504283,10919,2024-05-12,Shipped,Debit Card
504284,10768,2025-04-08,Processing,UPI
504285,10253,2026-02-15,Delivered,Wallet
504286,11153,2025-12-06,Delivered,Net Banking
504287,11981,2024-10-01,Processing,UPI
504288,11287,2025-05-12,Delivered,Credit Card
504289,11492,2025-07-19,Delivered,Net Banking
504290,11607,2026-05-06,Processing,Cash on Delivery
504291,10077,2026-01-26,Delivered,Credit Card
504292,11586,2026-01-16,Processing,Credit Card
504293,10485,2025-11-18,Delivered,Credit Card
504294,11330,2024-11-23,Delivered,Credit Card
504295,11968,2024-12-10,Returned,UPI
504296,11789,2025-02-28,Shipped,UPI
504297,10829,2025-01-23,Delivered,Credit Card
504298,11677,2026-05-24,Cancelled,Credit Card
504299,11238,2026-03-10,Cancelled,Net Banking
504300,10267,2026-03-28,Processing,Debit Card
504301,10480,2025-07-08,Delivered,Credit Card
504302,11914,2024-06-23,Delivered,Credit Card
504303,11831,2024-05-11,Shipped,Net Banking
504304,11784,2024-09-07,Cancelled,Credit Card
504305,10769,2025-08-17,Delivered,Debit Card
504306,10642,2024-11-28,Delivered,UPI
504307,11613,2025-08-21,Delivered,UPI
504308,10041,2026-03-14,Delivered,Cash on Delivery
504309,11795,2024-11-01,Delivered,UPI
504310,11208,2026-04-26,Delivered,Credit Card
504311,11266,2025-04-12,Delivered,UPI
504312,10877,2026-01-02,Delivered,Credit Card
504313,11959,2024-02-24,Delivered,Net Banking
504314,11500,2024-09-08,Cancelled,Debit Card
504315,10108,2026-04-29,Delivered,Cash on Delivery
504316,11050,2026-03-20,Delivered,Credit Card
504317,11720,2025-06-05,Delivered,Credit Card
504318,10153,2024-01-31,Delivered,Wallet
504319,11474,2024-02-24,Delivered,Credit Card
504320,10490,2025-01-21,Returned,Cash on Delivery
504321,11014,2026-03-30,Delivered,Debit Card
504322,11766,2024-12-10,Delivered,UPI
504323,10985,2026-03-18,Processing,Wallet
504324,10076,2025-05-03,Cancelled,Credit Card
504325,10042,2024-05-03,Delivered,Debit Card
504326,11474,2025-05-26,Delivered,UPI
504327,11862,2024-11-28,Delivered,Debit Card
504328,10584,2024-07-24,Delivered,Debit Card
504329,11871,2025-09-08,Delivered,UPI
504330,10906,2024-07-05,Shipped,Wallet
504331,10118,2026-04-06,Delivered,UPI
504332,11063,2026-01-03,Delivered,Credit Card
504333,11948,2025-12-15,Shipped,UPI
504334,10501,2024-03-10,Delivered,Debit Card
504335,11922,2026-05-27,Delivered,Credit Card
504336,11304,2025-03-26,Processing,Debit Card
504337,10793,2025-10-31,Delivered,Debit Card
504338,11387,2024-06-23,Delivered,Net Banking
504339,10802,2025-12-02,Delivered,Wallet
504340,10171,2024-10-18,Delivered,Cash on Delivery
504341,11742,2025-10-07,Delivered,Credit Card
504342,10748,2024-09-10,Delivered,Net Banking
504343,11132,2026-05-01,Delivered,UPI
504344,11489,2025-10-08,Delivered,UPI
504345,10166,2025-02-16,Delivered,Credit Card
504346,11444,2025-02-20,Processing,Credit Card
504347,10731,2024-01-01,Returned,Credit Card
504348,11090,2024-09-30,Delivered,Credit Card
504349,10915,2025-12-21,Delivered,Debit Card
504350,11556,2026-01-29,Processing,Wallet
504351,10376,2026-07-01,Delivered,UPI
504352,10216,2024-03-19,Delivered,Credit Card
504353,10822,2024-08-16,Cancelled,UPI
504354,10237,2025-11-30,Delivered,UPI
504355,10486,2024-11-25,Delivered,Wallet
504356,11315,2024-08-14,Delivered,UPI
504357,11638,2024-09-13,Delivered,UPI
504358,11387,2026-04-18,Delivered,Credit Card
504359,10636,2026-02-22,Delivered,Credit Card
504360,11630,2024-01-06,Shipped,Debit Card
504361,10813,2026-02-06,Delivered,Wallet
504362,10363,2025-05-23,Cancelled,Net Banking
504363,11513,2026-02-10,Delivered,Credit Card
504364,11034,2025-07-22,Delivered,Debit Card
504365,10742,2025-09-20,Delivered,Cash on Delivery
504366,11322,2025-06-11,Delivered,UPI
504367,11450,2025-11-01,Delivered,Net Banking
504368,10448,2026-01-14,Delivered,Debit Card
504369,10235,2025-04-09,Delivered,Net Banking
504370,11034,2024-04-12,Delivered,UPI
504371,10104,2024-03-25,Delivered,Net Banking
504372,11277,2025-01-14,Delivered,Net Banking
504373,10880,2025-03-08,Delivered,Debit Card
504374,10429,2026-02-27,Delivered,UPI
504375,11198,2024-01-31,Processing,UPI
504376,10752,2026-03-22,Shipped,Net Banking
504377,10777,2024-02-20,Delivered,Debit Card
504378,10433,2025-03-30,Delivered,Wallet
504379,11353,2025-01-20,Delivered,Credit Card
504380,11806,2025-05-24,Delivered,UPI
504381,11238,2024-02-08,Delivered,Net Banking
504382,10474,2025-11-28,Delivered,Net Banking
504383,11667,2024-05-02,Returned,Debit Card
504384,10242,2025-12-12,Processing,Net Banking
504385,10580,2025-06-01,Delivered,Credit Card
504386,10071,2026-03-21,Delivered,UPI
504387,11697,2026-06-12,Delivered,UPI
504388,10090,2026-02-09,Delivered,Credit Card
504389,11093,2025-02-16,Delivered,Debit Card
504390,10384,2025-01-13,Delivered,UPI
504391,10425,2025-08-28,Delivered,Cash on Delivery
504392,11217,2025-08-16,Delivered,UPI
504393,11608,2025-12-22,Delivered,Debit Card
504394,10036,2025-03-17,Delivered,Debit Card
504395,10318,2025-02-26,Returned,UPI
504396,10574,2024-04-17,Delivered,Debit Card
504397,11888,2024-06-03,Delivered,Wallet
504398,10117,2026-01-20,Delivered,Wallet
504399,10358,2026-06-22,Delivered,Credit Card
504400,10808,2025-07-03,Delivered,Debit Card
504401,10652,2024-11-10,Delivered,UPI
504402,10098,2024-02-22,Delivered,Credit Card
504403,11081,2024-02-09,Delivered,Credit Card
504404,11216,2025-09-09,Delivered,Cash on Delivery
504405,10354,2025-08-08,Shipped,Debit Card
504406,11377,2024-09-15,Delivered,UPI
504407,10114,2024-06-21,Delivered,Wallet
504408,11463,2024-03-04,Cancelled,Debit Card
504409,10519,2025-09-15,Delivered,UPI
504410,10449,2025-07-07,Processing,Net Banking
504411,10393,2024-10-31,Delivered,Debit Card
504412,11738,2025-10-30,Delivered,Credit Card
504413,11005,2026-02-10,Delivered,UPI
504414,11381,2025-04-17,Delivered,UPI
504415,10408,2024-08-27,Delivered,UPI
504416,10114,2024-01-06,Delivered,Net Banking
504417,10077,2025-12-27,Delivered,UPI
504418,10882,2025-06-10,Delivered,Credit Card
504419,10653,2024-11-13,Processing,Wallet
504420,11536,2024-01-07,Delivered,Wallet
504421,11577,2026-01-13,Delivered,Net Banking
504422,10622,2026-04-25,Delivered,Net Banking
504423,10868,2025-03-15,Cancelled,Wallet
504424,10764,2024-09-01,Returned,Net Banking
504425,11351,2025-07-19,Delivered,Credit Card
504426,11260,2026-03-06,Delivered,UPI
504427,11303,2025-06-20,Delivered,UPI
504428,10111,2024-01-12,Delivered,Credit Card
504429,10676,2024-06-27,Shipped,UPI
504430,11934,2024-03-29,Delivered,Credit Card
504431,10684,2025-01-10,Shipped,UPI
504432,10349,2025-02-16,Delivered,Debit Card
504433,10400,2025-05-03,Processing,Credit Card
504434,10054,2025-11-23,Delivered,UPI
504435,11562,2024-04-12,Delivered,Debit Card
504436,10011,2026-05-10,Delivered,UPI
504437,11193,2024-08-28,Delivered,Credit Card
504438,10800,2025-04-20,Cancelled,UPI
504439,10190,2024-07-11,Delivered,Debit Card
504440,11769,2024-11-20,Cancelled,Cash on Delivery
504441,11484,2026-01-30,Delivered,UPI
504442,11640,2024-02-10,Delivered,Net Banking
504443,11874,2025-03-17,Delivered,Cash on Delivery
504444,11825,2025-06-16,Delivered,Wallet
504445,11402,2025-06-04,Processing,Cash on Delivery
504446,11068,2024-12-12,Delivered,Debit Card
504447,11394,2024-12-10,Delivered,UPI
504448,10898,2026-04-10,Delivered,UPI
504449,10363,2024-08-08,Shipped,UPI
504450,10772,2025-03-14,Cancelled,Credit Card
504451,10934,2024-11-28,Processing,Wallet
504452,10093,2025-11-29,Delivered,UPI
504453,11695,2026-01-05,Delivered,Debit Card
504454,11820,2026-02-13,Delivered,Wallet
504455,10840,2024-03-18,Cancelled,UPI
504456,10993,2024-03-30,Delivered,UPI
504457,11682,2024-12-08,Returned,UPI
504458,10911,2025-02-06,Processing,UPI
504459,11377,2024-02-27,Shipped,Credit Card
504460,11031,2026-03-26,Shipped,Credit Card
504461,10543,2026-03-29,Delivered,Debit Card
504462,11589,2025-01-22,Delivered,UPI
504463,10386,2025-12-03,Delivered,Debit Card
504464,10449,2025-05-30,Delivered,UPI
504465,11383,2025-08-22,Shipped,Credit Card
504466,11420,2026-03-08,Delivered,UPI
504467,11909,2024-03-24,Processing,Net Banking
504468,11422,2024-07-31,Processing,Debit Card
504469,10050,2025-01-25,Delivered,UPI
504470,11700,2026-03-27,Delivered,Debit Card
504471,10828,2025-06-24,Delivered,Credit Card
504472,10018,2024-12-28,Delivered,Cash on Delivery
504473,11159,2024-01-27,Shipped,Wallet
504474,10341,2025-06-25,Shipped,UPI
504475,10832,2024-09-03,Shipped,Credit Card
504476,10943,2024-10-26,Delivered,UPI
504477,10149,2026-06-28,Processing,Net Banking
504478,11702,2025-04-26,Delivered,UPI
504479,11021,2024-05-06,Returned,Debit Card
504480,11931,2024-02-14,Processing,Cash on Delivery
504481,10930,2024-12-20,Shipped,Credit Card
504482,11190,2024-02-29,Delivered,Cash on Delivery
504483,11625,2025-01-26,Processing,UPI
504484,10425,2025-01-13,Delivered,Cash on Delivery
504485,11818,2026-03-13,Delivered,Net Banking
504486,10370,2024-11-01,Delivered,Credit Card
504487,11992,2024-09-09,Delivered,UPI
504488,11279,2025-07-16,Delivered,Debit Card
504489,11038,2025-08-06,Delivered,Debit Card
504490,10421,2024-02-04,Processing,UPI
504491,11139,2024-03-17,Delivered,Cash on Delivery
504492,11107,2024-06-02,Cancelled,Net Banking
504493,11968,2025-12-10,Processing,Wallet
504494,11670,2024-07-10,Delivered,Credit Card
504495,10966,2026-06-25,Shipped,Credit Card
504496,10780,2025-02-06,Delivered,UPI
504497,10775,2026-05-02,Delivered,UPI
504498,10757,2024-08-13,Returned,UPI
504499,10028,2025-01-21,Cancelled,UPI
504500,10073,2024-05-05,Delivered,Debit Card
504501,11503,2026-02-11,Processing,UPI
504502,10509,2025-06-29,Delivered,UPI
504503,10823,2024-03-10,Cancelled,Debit Card
504504,11397,2025-11-10,Delivered,Net Banking
504505,11216,2026-03-21,Delivered,Net Banking
504506,10721,2025-09-17,Processing,Debit Card
504507,11505,2026-01-08,Delivered,UPI
504508,10317,2024-09-09,Delivered,Debit Card
504509,10946,2025-01-29,Processing,Debit Card
504510,10212,2026-02-19,Shipped,UPI
504511,11064,2025-07-09,Delivered,UPI
504512,10191,2025-07-12,Shipped,Cash on Delivery
504513,11884,2025-12-01,Delivered,UPI
504514,11319,2025-07-15,Delivered,UPI
504515,10491,2024-04-25,Shipped,UPI
504516,11226,2024-07-13,Delivered,Cash on Delivery
504517,10700,2025-12-11,Delivered,Credit Card
504518,11038,2024-08-09,Cancelled,Wallet
504519,10335,2025-08-30,Processing,Cash on Delivery
504520,11001,2025-03-09,Delivered,Net Banking
504521,10214,2025-07-20,Delivered,UPI
504522,10307,2024-08-05,Processing,Credit Card
504523,11169,2024-10-10,Processing,Cash on Delivery
504524,11002,2025-09-20,Delivered,Wallet
504525,10588,2024-06-05,Delivered,Cash on Delivery
504526,10120,2024-10-08,Delivered,Wallet
504527,10848,2026-06-30,Delivered,Debit Card
504528,11852,2024-05-18,Delivered,Credit Card
504529,11417,2025-06-11,Delivered,Credit Card
504530,10117,2024-05-18,Processing,Credit Card
504531,11876,2025-10-07,Cancelled,UPI
504532,10848,2024-04-26,Delivered,Credit Card
504533,11152,2025-06-08,Delivered,UPI
504534,10002,2025-02-05,Delivered,UPI
504535,10621,2025-09-23,Delivered,Credit Card
504536,11573,2024-01-03,Delivered,Debit Card
504537,10662,2025-04-16,Returned,Debit Card
504538,10333,2025-05-10,Delivered,Debit Card
504539,10182,2024-08-07,Shipped,Net Banking
504540,11850,2024-09-29,Delivered,Credit Card
504541,11626,2025-10-06,Delivered,Credit Card
504542,10088,2025-05-19,Processing,Credit Card
504543,11851,2025-06-12,Cancelled,UPI
504544,11642,2026-05-04,Delivered,Debit Card
504545,10720,2025-01-04,Cancelled,Net Banking
504546,11314,2026-03-04,Delivered,UPI
504547,10516,2026-06-08,Processing,Cash on Delivery
504548,10500,2025-06-10,Delivered,UPI
504549,11430,2024-07-12,Delivered,Credit Card
504550,10405,2025-01-16,Shipped,Cash on Delivery
504551,10711,2024-02-12,Processing,Net Banking
504552,10716,2025-09-29,Processing,Debit Card
504553,10301,2024-09-06,Delivered,Debit Card
504554,11657,2026-04-22,Processing,UPI
504555,11348,2025-08-19,Delivered,Debit Card
504556,11724,2025-03-22,Delivered,Debit Card
504557,11048,2024-06-19,Delivered,UPI
504558,10351,2024-03-31,Delivered,UPI
504559,10560,2025-09-06,Delivered,Wallet
504560,10707,2025-11-30,Shipped,UPI
504561,11884,2024-08-30,Delivered,Cash on Delivery
504562,10475,2024-01-10,Delivered,UPI
504563,11387,2024-10-19,Delivered,Credit Card
504564,10246,2025-11-29,Shipped,Debit Card
504565,11912,2025-06-13,Delivered,Debit Card
504566,11293,2024-03-18,Delivered,Credit Card
504567,10862,2024-04-14,Delivered,Credit Card
504568,10692,2024-04-07,Cancelled,Credit Card
504569,10710,2025-11-23,Returned,Net Banking
504570,10451,2025-12-14,Delivered,Credit Card
504571,11200,2025-01-07,Cancelled,Debit Card
504572,11732,2025-09-21,Delivered,Credit Card
504573,10483,2024-01-20,Cancelled,Credit Card
504574,11497,2025-05-28,Delivered,Credit Card
504575,11133,2024-09-05,Delivered,UPI
504576,11548,2026-01-19,Delivered,Net Banking
504577,11540,2025-03-22,Processing,Wallet
504578,10079,2026-02-16,Delivered,UPI
504579,10043,2025-05-28,Delivered,UPI
504580,11831,2025-02-21,Delivered,Wallet
504581,10311,2026-05-14,Returned,Credit Card
504582,11150,2026-06-28,Delivered,Credit Card
504583,11507,2025-02-19,Shipped,Debit Card
504584,11008,2024-11-22,Delivered,Credit Card
504585,10013,2025-08-13,Cancelled,Credit Card
504586,10022,2024-06-05,Delivered,Cash on Delivery
504587,11340,2024-12-18,Delivered,Debit Card
504588,11796,2026-02-11,Delivered,Debit Card
504589,10687,2026-03-29,Delivered,UPI
504590,11088,2025-01-14,Delivered,UPI
504591,11868,2024-12-22,Shipped,Cash on Delivery
504592,11651,2026-03-09,Delivered,Cash on Delivery
504593,11082,2024-07-03,Delivered,Net Banking
504594,11312,2024-02-25,Delivered,UPI
504595,11923,2024-03-07,Delivered,Net Banking
504596,11594,2024-04-11,Cancelled,UPI
504597,10832,2026-03-14,Delivered,Debit Card
504598,11386,2024-02-06,Delivered,Debit Card
504599,10658,2024-10-30,Delivered,Credit Card
504600,11842,2025-07-03,Processing,Credit Card
504601,10188,2025-07-10,Processing,Net Banking
504602,10451,2026-01-29,Cancelled,Cash on Delivery
504603,10693,2026-06-14,Delivered,UPI
504604,10405,2025-01-02,Delivered,UPI
504605,11191,2024-07-31,Delivered,Debit Card
504606,11426,2024-03-23,Processing,UPI
504607,11781,2026-03-24,Delivered,UPI
504608,11003,2024-12-06,Shipped,UPI
504609,11243,2026-03-31,Delivered,UPI
504610,11199,2024-11-13,Shipped,Credit Card
504611,10007,2025-11-21,Delivered,Wallet
504612,11418,2025-08-10,Processing,Cash on Delivery
504613,10047,2025-10-13,Delivered,Debit Card
504614,11095,2025-08-18,Processing,UPI
504615,12000,2024-10-07,Delivered,Debit Card
504616,11576,2024-04-04,Delivered,Credit Card
504617,11013,2024-01-10,Shipped,Net Banking
504618,10638,2025-01-18,Delivered,Credit Card
504619,11675,2026-03-24,Delivered,Debit Card
504620,11718,2025-08-09,Delivered,UPI
504621,10737,2025-09-07,Delivered,Cash on Delivery
504622,10216,2024-08-24,Delivered,Net Banking
504623,11165,2025-03-19,Delivered,Credit Card
504624,11269,2025-01-06,Delivered,Wallet
504625,11869,2024-05-04,Delivered,UPI
504626,11781,2025-07-14,Delivered,UPI
504627,10459,2024-11-27,Delivered,Net Banking
504628,10506,2025-01-02,Shipped,Debit Card
504629,11994,2025-06-28,Delivered,UPI
504630,10654,2024-01-29,Cancelled,UPI
504631,10917,2026-05-04,Shipped,UPI
504632,10611,2024-07-22,Delivered,UPI
504633,10787,2025-09-12,Processing,Credit Card
504634,11129,2025-12-09,Delivered,UPI
504635,10585,2024-05-20,Delivered,Credit Card
504636,10826,2024-08-14,Delivered,Debit Card
504637,10706,2025-01-11,Delivered,Net Banking
504638,10216,2026-01-16,Delivered,Wallet
504639,11574,2025-08-03,Delivered,UPI
504640,11783,2025-03-02,Delivered,UPI
504641,10985,2026-02-14,Delivered,UPI
504642,10410,2025-03-07,Delivered,Credit Card
504643,11287,2026-03-19,Delivered,Debit Card
504644,11069,2025-12-04,Delivered,UPI
504645,11103,2024-06-06,Processing,Debit Card
504646,11190,2024-12-15,Delivered,Wallet
504647,11436,2024-01-23,Delivered,UPI
504648,10082,2024-08-05,Delivered,UPI
504649,10199,2024-01-21,Cancelled,Net Banking
504650,10192,2024-04-05,Shipped,Net Banking
504651,10310,2024-01-04,Delivered,UPI
504652,11944,2025-09-05,Processing,Debit Card
504653,11461,2025-01-08,Delivered,UPI
504654,11330,2025-03-05,Processing,Debit Card
504655,11398,2025-11-28,Delivered,Net Banking
504656,10068,2026-01-08,Processing,UPI
504657,10427,2025-05-01,Delivered,UPI
504658,11589,2025-02-21,Delivered,Debit Card
504659,10926,2025-08-16,Delivered,Debit Card
504660,11018,2025-01-13,Delivered,Cash on Delivery
504661,11501,2025-02-07,Delivered,Credit Card
504662,10151,2024-09-29,Returned,Net Banking
504663,11598,2024-06-22,Shipped,Net Banking
504664,11362,2024-07-01,Shipped,Debit Card
504665,10808,2025-08-21,Delivered,UPI
504666,10999,2026-01-28,Cancelled,UPI
504667,10149,2025-01-21,Shipped,Debit Card
504668,10410,2024-03-27,Delivered,UPI
504669,10493,2025-07-11,Delivered,UPI
504670,11756,2026-04-03,Delivered,UPI
504671,10226,2025-04-26,Delivered,Cash on Delivery
504672,10583,2024-01-25,Delivered,Debit Card
504673,10264,2024-03-15,Delivered,Cash on Delivery
504674,10570,2025-04-21,Delivered,Wallet
504675,10022,2026-02-25,Delivered,Net Banking
504676,10546,2024-02-23,Cancelled,Credit Card
504677,11448,2025-11-19,Delivered,Credit Card
504678,11535,2025-12-12,Processing,Net Banking
504679,10759,2024-02-17,Delivered,Cash on Delivery
504680,11413,2024-07-12,Returned,Cash on Delivery
504681,11238,2024-01-04,Shipped,Credit Card
504682,11807,2025-05-31,Cancelled,Net Banking
504683,11610,2024-06-08,Delivered,Credit Card
504684,10459,2026-04-16,Delivered,Credit Card
504685,11178,2024-03-24,Delivered,Credit Card
504686,11573,2025-08-15,Delivered,UPI
504687,10612,2025-12-19,Shipped,UPI
504688,11147,2024-06-11,Delivered,Net Banking
504689,10801,2024-08-18,Delivered,UPI
504690,10618,2025-12-28,Processing,Cash on Delivery
504691,10399,2024-03-25,Delivered,UPI
504692,10071,2025-02-07,Shipped,UPI
504693,11500,2024-08-16,Delivered,Credit Card
504694,11638,2024-01-13,Delivered,UPI
504695,11304,2025-02-16,Delivered,UPI
504696,10483,2025-03-20,Delivered,UPI
504697,10038,2024-11-12,Processing,Debit Card
504698,11264,2026-01-11,Processing,UPI
504699,10400,2024-03-28,Delivered,Debit Card
504700,11098,2025-01-27,Delivered,UPI
504701,11941,2024-06-13,Processing,UPI
504702,10009,2025-11-23,Delivered,UPI
504703,11155,2025-05-23,Delivered,UPI
504704,11989,2025-10-06,Delivered,Net Banking
504705,10669,2024-04-08,Processing,Credit Card
504706,11629,2025-02-21,Delivered,Debit Card
504707,11657,2024-02-16,Delivered,Cash on Delivery
504708,10973,2024-10-22,Returned,UPI
504709,10614,2026-05-13,Cancelled,Cash on Delivery
504710,11361,2025-10-25,Delivered,Net Banking
504711,11239,2024-03-12,Shipped,Net Banking
504712,10954,2024-12-02,Cancelled,Cash on Delivery
504713,10386,2026-03-06,Delivered,UPI
504714,11490,2024-06-04,Shipped,Debit Card
504715,10423,2025-11-22,Delivered,Credit Card
504716,10269,2024-10-19,Delivered,Debit Card
504717,10135,2025-03-11,Processing,UPI
504718,10893,2026-03-11,Shipped,UPI
504719,10241,2025-09-06,Delivered,Wallet
504720,10672,2024-09-15,Delivered,Credit Card
504721,10484,2024-01-09,Processing,UPI
504722,10920,2024-08-02,Delivered,UPI
504723,11556,2025-01-16,Shipped,Debit Card
504724,10901,2024-05-01,Delivered,UPI
504725,11115,2026-03-16,Delivered,UPI
504726,10287,2024-02-20,Returned,Wallet
504727,10227,2025-05-08,Processing,UPI
504728,11953,2026-06-10,Processing,UPI
504729,11240,2024-11-01,Shipped,Debit Card
504730,10031,2025-05-05,Delivered,UPI
504731,11131,2024-03-08,Shipped,UPI
504732,10021,2025-10-28,Delivered,Debit Card
504733,10155,2026-06-11,Delivered,Debit Card
504734,10747,2025-12-06,Delivered,Credit Card
504735,11313,2024-05-16,Delivered,Net Banking
504736,11241,2024-11-17,Delivered,Net Banking
504737,11582,2025-10-22,Delivered,Debit Card
504738,10360,2025-12-30,Delivered,Debit Card
504739,10384,2025-01-03,Delivered,Net Banking
504740,11067,2026-05-27,Delivered,UPI
504741,11738,2024-07-04,Delivered,Credit Card
504742,11446,2025-11-08,Cancelled,UPI
504743,11339,2025-03-29,Delivered,UPI
504744,10189,2025-10-11,Processing,Wallet
504745,11757,2025-06-28,Delivered,UPI
504746,11969,2025-01-29,Processing,Credit Card
504747,11165,2026-01-14,Shipped,UPI
504748,10674,2026-02-07,Cancelled,Debit Card
504749,11326,2026-01-16,Processing,Cash on Delivery
504750,11285,2024-03-22,Shipped,Credit Card
504751,11859,2025-01-21,Delivered,Cash on Delivery
504752,10222,2025-11-15,Delivered,Credit Card
504753,11031,2026-03-02,Delivered,Cash on Delivery
504754,11419,2024-11-26,Processing,Cash on Delivery
504755,10699,2025-11-07,Processing,UPI
504756,11681,2025-05-31,Delivered,Cash on Delivery
504757,10130,2024-07-20,Shipped,UPI
504758,10211,2026-03-26,Delivered,Credit Card
504759,11582,2025-02-10,Shipped,UPI
504760,10252,2025-07-06,Delivered,Credit Card
504761,10838,2024-09-20,Delivered,Wallet
504762,10563,2024-01-24,Processing,Net Banking
504763,11377,2025-02-17,Delivered,Debit Card
504764,10024,2025-10-21,Processing,Cash on Delivery
504765,10714,2024-10-25,Shipped,Credit Card
504766,11973,2026-04-28,Delivered,UPI
504767,10738,2025-11-15,Delivered,Cash on Delivery
504768,11197,2025-08-09,Delivered,UPI
504769,11977,2026-01-06,Delivered,Net Banking
504770,11216,2026-02-25,Processing,UPI
504771,11510,2025-10-20,Delivered,Credit Card
504772,11918,2026-01-23,Delivered,Credit Card
504773,11235,2025-10-13,Delivered,Credit Card
504774,11665,2026-02-25,Delivered,UPI
504775,11017,2024-04-04,Delivered,UPI
504776,11629,2024-11-10,Delivered,UPI
504777,11284,2026-03-21,Delivered,Net Banking
504778,10680,2025-03-08,Processing,Credit Card
504779,11117,2024-01-14,Delivered,UPI
504780,10670,2026-02-13,Delivered,UPI
504781,10795,2025-08-21,Delivered,UPI
504782,10584,2026-04-11,Delivered,Credit Card
504783,10983,2024-01-15,Delivered,Credit Card
504784,10694,2024-05-14,Shipped,UPI
504785,11253,2025-04-11,Returned,Wallet
504786,10740,2024-06-14,Delivered,UPI
504787,10983,2025-04-20,Delivered,Credit Card
504788,10281,2024-11-12,Delivered,Net Banking
504789,10774,2024-07-10,Delivered,Credit Card
504790,10712,2025-12-04,Processing,UPI
504791,11923,2024-02-05,Delivered,Credit Card
504792,10894,2026-03-09,Processing,Debit Card
504793,10044,2024-05-20,Delivered,Cash on Delivery
504794,10619,2025-06-13,Delivered,Credit Card
504795,11459,2026-06-24,Shipped,Cash on Delivery
504796,10331,2024-04-13,Delivered,Debit Card
504797,10326,2026-04-26,Shipped,Net Banking
504798,10747,2024-10-04,Processing,UPI
504799,10714,2025-11-07,Delivered,Cash on Delivery
504800,10962,2026-02-21,Delivered,UPI
504801,10069,2024-07-30,Delivered,Credit Card
504802,11442,2024-11-13,Delivered,Debit Card
504803,10428,2026-02-24,Delivered,Wallet
504804,11423,2024-04-03,Delivered,Credit Card
504805,11130,2024-04-09,Delivered,UPI
504806,10406,2024-10-02,Shipped,Wallet
504807,10940,2025-07-04,Shipped,Net Banking
504808,10074,2026-01-06,Shipped,Debit Card
504809,11404,2025-05-28,Delivered,Credit Card
504810,10608,2025-03-26,Delivered,Credit Card
504811,10767,2026-03-06,Delivered,Wallet
504812,10315,2024-06-05,Processing,UPI
504813,10730,2026-04-03,Processing,Net Banking
504814,10792,2024-10-12,Processing,Debit Card
504815,10450,2024-09-08,Delivered,Wallet
504816,11959,2026-05-20,Shipped,Debit Card
504817,10560,2025-08-12,Processing,Credit Card
504818,10363,2025-01-29,Delivered,Net Banking
504819,11097,2024-10-28,Delivered,Wallet
504820,10638,2025-02-07,Delivered,Cash on Delivery
504821,10908,2025-12-23,Delivered,Credit Card
504822,11451,2024-05-19,Delivered,Credit Card
504823,10157,2024-06-08,Delivered,Net Banking
504824,11019,2024-10-05,Delivered,Debit Card
504825,10044,2025-03-16,Shipped,UPI
504826,10088,2026-01-13,Processing,UPI
504827,10186,2024-07-11,Shipped,UPI
504828,10324,2025-12-18,Processing,UPI
504829,10699,2026-04-08,Delivered,Credit Card
504830,11871,2025-02-01,Processing,Wallet
504831,11813,2026-05-27,Delivered,Debit Card
504832,10207,2026-03-26,Processing,UPI
504833,11983,2025-12-28,Cancelled,Debit Card
504834,11271,2024-12-13,Shipped,Credit Card
504835,11108,2024-10-01,Delivered,Net Banking
504836,11585,2026-02-28,Delivered,Cash on Delivery
504837,10969,2025-02-07,Delivered,UPI
504838,10531,2024-01-29,Delivered,Wallet
504839,11060,2025-10-16,Delivered,UPI
504840,11451,2024-11-13,Delivered,Net Banking
504841,11366,2026-05-04,Delivered,Cash on Delivery
504842,10340,2026-02-19,Processing,Net Banking
504843,11877,2024-04-05,Delivered,UPI
504844,10570,2026-04-02,Processing,UPI
504845,11640,2026-05-17,Delivered,UPI
504846,10624,2025-11-21,Delivered,UPI
504847,10127,2024-09-08,Delivered,UPI
504848,11993,2025-09-03,Processing,UPI
504849,11178,2026-03-03,Delivered,Debit Card
504850,10430,2026-01-14,Shipped,UPI
504851,10001,2025-01-28,Delivered,Credit Card
504852,10259,2025-10-08,Delivered,Net Banking
504853,10340,2024-12-18,Delivered,UPI
504854,11852,2024-08-20,Delivered,Debit Card
504855,10355,2025-09-06,Delivered,Net Banking
504856,10324,2025-03-01,Processing,Debit Card
504857,11676,2024-07-24,Delivered,Credit Card
504858,11759,2025-08-26,Delivered,Net Banking
504859,10418,2024-10-20,Delivered,Debit Card
504860,11301,2025-06-20,Returned,Credit Card
504861,11069,2024-11-25,Delivered,Net Banking
504862,11154,2026-03-19,Delivered,Cash on Delivery
504863,10623,2026-02-15,Delivered,Credit Card
504864,11503,2025-03-08,Processing,Credit Card
504865,11762,2025-10-10,Delivered,Net Banking
504866,11452,2024-06-11,Processing,Debit Card
504867,11807,2026-06-29,Processing,Debit Card
504868,10222,2024-07-14,Delivered,UPI
504869,11315,2026-03-02,Delivered,UPI
504870,11999,2026-02-11,Delivered,Debit Card
504871,11072,2024-06-11,Delivered,Net Banking
504872,11884,2024-01-08,Delivered,Credit Card
504873,10697,2025-11-03,Delivered,Wallet
504874,11794,2026-03-04,Delivered,Net Banking
504875,11878,2025-10-16,Shipped,Net Banking
504876,11245,2024-02-20,Delivered,Cash on Delivery
504877,11410,2025-08-12,Delivered,UPI
504878,11046,2024-12-23,Delivered,Credit Card
504879,10634,2026-04-15,Delivered,UPI
504880,11073,2025-12-31,Delivered,Credit Card
504881,11925,2025-12-30,Cancelled,UPI
504882,10030,2025-01-07,Delivered,Net Banking
504883,10411,2024-10-21,Delivered,Net Banking
504884,10999,2026-01-20,Processing,UPI
504885,10679,2024-04-15,Delivered,Credit Card
504886,11248,2024-04-01,Delivered,Debit Card
504887,10722,2024-02-26,Delivered,Net Banking
504888,11318,2025-04-12,Delivered,Wallet
504889,10213,2024-03-09,Shipped,UPI
504890,10665,2025-06-15,Shipped,UPI
504891,11386,2024-06-01,Shipped,Cash on Delivery
504892,10943,2026-03-24,Delivered,UPI
504893,11428,2025-01-29,Shipped,Net Banking
504894,11273,2024-03-26,Delivered,UPI
504895,10657,2025-09-25,Returned,Credit Card
504896,10857,2024-11-05,Shipped,Debit Card
504897,11930,2024-08-27,Delivered,Net Banking
504898,11925,2025-08-24,Shipped,UPI
504899,10072,2026-05-22,Delivered,Cash on Delivery
504900,11411,2026-06-13,Delivered,Cash on Delivery
504901,10982,2025-02-01,Delivered,Net Banking
504902,10003,2026-02-13,Delivered,Cash on Delivery
504903,11269,2024-07-10,Delivered,Cash on Delivery
504904,10047,2026-02-11,Shipped,Net Banking
504905,10638,2026-05-10,Delivered,Debit Card
504906,11381,2025-04-17,Shipped,Net Banking
504907,11626,2025-04-22,Delivered,Wallet
504908,10826,2025-05-30,Processing,Debit Card
504909,11618,2024-03-07,Shipped,UPI
504910,11679,2026-02-22,Shipped,UPI
504911,10896,2025-11-04,Delivered,Net Banking
504912,10347,2026-03-04,Returned,Wallet
504913,11319,2024-04-15,Delivered,UPI
504914,10028,2026-01-02,Processing,Wallet
504915,11787,2024-11-27,Delivered,UPI
504916,10777,2026-01-17,Delivered,Credit Card
504917,11521,2026-06-26,Delivered,Cash on Delivery
504918,11473,2026-03-14,Delivered,Wallet
504919,10946,2026-04-15,Delivered,Debit Card
504920,11944,2024-04-13,Delivered,Wallet
504921,11593,2024-10-27,Delivered,Cash on Delivery
504922,11768,2024-09-24,Returned,Cash on Delivery
504923,10188,2025-04-14,Delivered,Cash on Delivery
504924,10969,2026-06-10,Delivered,Credit Card
504925,11904,2025-09-18,Shipped,UPI
504926,11626,2025-05-12,Delivered,UPI
504927,10909,2026-01-04,Shipped,UPI
504928,10141,2024-06-10,Delivered,UPI
504929,10565,2025-08-26,Delivered,UPI
504930,11145,2025-04-04,Delivered,UPI
504931,11284,2024-07-04,Shipped,Debit Card
504932,11849,2025-08-12,Shipped,UPI
504933,10186,2026-02-06,Shipped,Credit Card
504934,10793,2026-01-26,Delivered,UPI
504935,10545,2026-02-08,Processing,UPI
504936,11921,2026-01-11,Delivered,Debit Card
504937,10333,2025-03-04,Shipped,Cash on Delivery
504938,10442,2024-02-14,Delivered,Net Banking
504939,10596,2026-05-31,Shipped,Debit Card
504940,10212,2025-02-18,Returned,Wallet
504941,11287,2025-07-31,Delivered,Net Banking
504942,11050,2024-01-19,Shipped,UPI
504943,11116,2026-03-22,Delivered,UPI
504944,11815,2026-03-21,Delivered,Debit Card
504945,10867,2026-04-27,Delivered,Debit Card
504946,10623,2024-06-07,Shipped,Cash on Delivery
504947,10751,2026-02-08,Delivered,UPI
504948,11601,2025-07-24,Delivered,Wallet
504949,11057,2024-05-13,Processing,Credit Card
504950,10339,2025-06-04,Delivered,Cash on Delivery
504951,11380,2025-03-11,Shipped,Debit Card
504952,11492,2025-07-25,Delivered,UPI
504953,10500,2024-03-17,Delivered,Credit Card
504954,11115,2025-05-29,Shipped,UPI
504955,11128,2025-09-10,Delivered,UPI
504956,10351,2025-10-15,Delivered,Cash on Delivery
504957,10019,2025-12-03,Delivered,Credit Card
504958,11437,2025-07-25,Cancelled,UPI
504959,11231,2025-10-02,Delivered,Credit Card
504960,11428,2024-03-23,Returned,Debit Card
504961,10755,2025-12-29,Shipped,UPI
504962,11031,2024-11-30,Delivered,UPI
504963,11964,2025-05-14,Delivered,Cash on Delivery
504964,10451,2025-05-14,Delivered,UPI
504965,11306,2026-06-10,Delivered,Cash on Delivery
504966,10265,2024-10-23,Delivered,UPI
504967,10132,2024-12-16,Delivered,Debit Card
504968,11915,2025-11-25,Delivered,Debit Card
504969,10260,2025-08-02,Returned,UPI
504970,11312,2024-10-17,Delivered,Debit Card
504971,11029,2024-11-10,Delivered,Credit Card
504972,11619,2026-01-26,Delivered,Credit Card
504973,11094,2026-02-02,Delivered,Cash on Delivery
504974,11394,2024-05-13,Delivered,Wallet
504975,11789,2024-12-31,Shipped,UPI
504976,11659,2025-12-03,Delivered,Debit Card
504977,11444,2024-04-18,Delivered,UPI
504978,10325,2024-06-16,Processing,UPI
504979,10339,2024-05-24,Delivered,UPI
504980,10994,2025-04-27,Processing,Debit Card
504981,11318,2025-02-15,Delivered,Net Banking
504982,11335,2024-10-19,Processing,Credit Card
504983,11574,2024-05-04,Cancelled,Wallet
504984,10207,2025-08-04,Processing,Net Banking
504985,10347,2026-01-07,Delivered,UPI
504986,10300,2024-07-13,Delivered,UPI
504987,11083,2025-08-31,Processing,Debit Card
504988,11268,2025-12-27,Delivered,Credit Card
504989,10232,2025-05-23,Delivered,UPI
504990,11738,2025-06-07,Delivered,UPI
504991,10607,2024-06-01,Delivered,Credit Card
504992,11321,2026-05-23,Delivered,Debit Card
504993,11504,2026-05-23,Delivered,Debit Card
504994,10073,2025-10-11,Delivered,Net Banking
504995,11730,2026-04-04,Delivered,Wallet
504996,11941,2025-07-08,Delivered,Cash on Delivery
504997,11918,2025-08-26,Delivered,Credit Card
504998,10280,2026-01-27,Cancelled,Debit Card
504999,10786,2024-02-04,Delivered,UPI
505000,10466,2024-07-19,Delivered,Wallet
505001,10902,2024-07-04,Shipped,Debit Card
505002,11950,2025-07-31,Delivered,UPI
505003,11527,2024-08-09,Delivered,Net Banking
505004,11543,2024-12-22,Delivered,Credit Card
505005,10844,2025-03-26,Delivered,Wallet
505006,11874,2025-11-10,Delivered,UPI
505007,11841,2025-04-17,Delivered,Credit Card
505008,11614,2024-01-23,Cancelled,Wallet
505009,11629,2025-09-18,Delivered,Credit Card
505010,11304,2025-01-25,Delivered,Credit Card
505011,10191,2024-04-13,Delivered,Debit Card
505012,10570,2025-08-18,Delivered,Debit Card
505013,11538,2024-09-03,Delivered,UPI
505014,10654,2025-02-24,Processing,UPI
505015,10345,2026-06-02,Shipped,Credit Card
505016,11895,2024-08-05,Shipped,UPI
505017,10977,2026-03-19,Delivered,Credit Card
505018,11722,2025-02-27,Delivered,Credit Card
505019,10569,2026-05-01,Delivered,Net Banking
505020,10719,2026-02-14,Delivered,Debit Card
505021,10687,2026-01-29,Delivered,Credit Card
505022,10747,2024-07-07,Delivered,UPI
505023,10876,2025-12-23,Delivered,Credit Card
505024,10596,2024-12-01,Delivered,UPI
505025,11629,2026-04-10,Delivered,Wallet
505026,10653,2026-06-23,Delivered,UPI
505027,10884,2025-07-12,Delivered,Cash on Delivery
505028,11722,2026-04-13,Delivered,Debit Card
505029,10875,2025-05-01,Delivered,Net Banking
505030,10022,2024-02-01,Delivered,Cash on Delivery
505031,10001,2026-03-08,Delivered,Net Banking
505032,10873,2025-04-29,Processing,Debit Card
505033,11298,2024-02-10,Delivered,UPI
505034,11886,2024-02-29,Delivered,Debit Card
505035,10262,2025-10-22,Delivered,UPI
505036,11086,2026-04-23,Delivered,Credit Card
505037,10578,2025-09-28,Delivered,Cash on Delivery
505038,10901,2025-02-07,Delivered,Debit Card
505039,10886,2024-10-07,Delivered,UPI
505040,10625,2025-01-17,Processing,Cash on Delivery
505041,10037,2024-10-21,Processing,UPI
505042,10148,2024-09-06,Delivered,Cash on Delivery
505043,11045,2024-04-27,Delivered,Net Banking
505044,10449,2025-06-03,Returned,UPI
505045,10655,2024-07-18,Delivered,UPI
505046,10181,2024-05-12,Returned,Wallet
505047,10100,2024-09-08,Shipped,UPI
505048,10254,2025-12-30,Delivered,Wallet
505049,10755,2025-06-07,Delivered,Credit Card
505050,10328,2025-03-24,Delivered,Credit Card
505051,10463,2025-06-24,Processing,Debit Card
505052,10605,2025-06-01,Delivered,Credit Card
505053,10583,2025-03-30,Shipped,Credit Card
505054,10023,2026-02-06,Delivered,Debit Card
505055,10235,2025-10-28,Processing,Credit Card
505056,11901,2024-06-18,Shipped,UPI
505057,11336,2026-01-16,Delivered,Cash on Delivery
505058,10248,2024-06-08,Delivered,Credit Card
505059,10568,2024-03-12,Delivered,Debit Card
505060,10767,2025-01-19,Processing,Debit Card
505061,11812,2024-12-24,Shipped,Debit Card
505062,11760,2025-12-18,Delivered,UPI
505063,11541,2025-09-26,Processing,Cash on Delivery
505064,10214,2024-02-23,Delivered,Credit Card
505065,10981,2025-03-31,Delivered,Cash on Delivery
505066,10968,2025-12-26,Processing,Net Banking
505067,11276,2025-10-31,Delivered,Net Banking
505068,11690,2025-04-02,Processing,Credit Card
505069,10642,2025-07-16,Delivered,UPI
505070,11114,2025-05-27,Delivered,Credit Card
505071,10528,2024-07-30,Delivered,Debit Card
505072,10421,2025-05-30,Delivered,Credit Card
505073,10627,2025-09-08,Delivered,UPI
505074,11472,2024-02-21,Shipped,Credit Card
505075,10876,2025-09-26,Delivered,UPI
505076,11363,2024-08-16,Delivered,Credit Card
505077,11383,2024-01-08,Delivered,Credit Card
505078,10725,2025-11-20,Delivered,UPI
505079,11911,2024-12-21,Delivered,UPI
505080,10093,2025-01-11,Shipped,UPI
505081,11794,2025-07-24,Shipped,Debit Card
505082,10016,2025-05-26,Delivered,Cash on Delivery
505083,10765,2025-07-20,Delivered,UPI
505084,11651,2026-05-12,Delivered,Net Banking
505085,11369,2025-08-17,Delivered,UPI
505086,10644,2024-02-12,Processing,Debit Card
505087,11772,2024-07-22,Delivered,UPI
505088,10276,2025-02-14,Cancelled,Cash on Delivery
505089,11342,2025-03-07,Delivered,Net Banking
505090,11038,2024-11-25,Shipped,Debit Card
505091,10415,2024-06-17,Shipped,UPI
505092,11842,2024-04-07,Shipped,Cash on Delivery
505093,11532,2024-05-12,Delivered,UPI
505094,10017,2026-05-18,Delivered,Debit Card
505095,10174,2024-12-27,Shipped,Net Banking
505096,10113,2026-05-27,Delivered,Debit Card
505097,10831,2024-11-01,Delivered,Net Banking
505098,10835,2024-10-11,Delivered,Net Banking
505099,11448,2025-03-22,Delivered,Net Banking
505100,11352,2026-05-14,Cancelled,Credit Card
505101,10031,2025-05-29,Delivered,Credit Card
505102,10953,2024-02-02,Delivered,Credit Card
505103,11570,2024-09-04,Delivered,Debit Card
505104,11796,2026-06-14,Delivered,Debit Card
505105,10585,2024-05-21,Shipped,Debit Card
505106,10089,2026-02-02,Cancelled,Net Banking
505107,10306,2026-04-27,Delivered,UPI
505108,10681,2024-07-14,Delivered,Credit Card
505109,10887,2025-05-25,Delivered,Cash on Delivery
505110,10703,2025-07-01,Delivered,UPI
505111,10182,2025-12-25,Delivered,UPI
505112,10681,2025-12-29,Returned,Net Banking
505113,10580,2024-02-24,Delivered,UPI
505114,10976,2024-10-18,Delivered,Credit Card
505115,10159,2026-05-08,Delivered,Net Banking
505116,11582,2024-11-18,Delivered,Credit Card
505117,10835,2024-08-12,Delivered,Cash on Delivery
505118,10636,2025-07-28,Delivered,Cash on Delivery
505119,11814,2024-06-27,Delivered,Credit Card
505120,11489,2024-05-14,Delivered,Wallet
505121,10274,2025-12-29,Delivered,Credit Card
505122,10293,2024-04-17,Shipped,UPI
505123,10005,2026-03-24,Delivered,Debit Card
505124,11122,2024-08-16,Delivered,Debit Card
505125,10710,2024-04-07,Returned,UPI
505126,10751,2025-11-07,Delivered,Credit Card
505127,11019,2024-06-10,Delivered,UPI
505128,11079,2024-11-30,Cancelled,UPI
505129,10002,2024-11-16,Delivered,Credit Card
505130,10216,2025-04-08,Shipped,Cash on Delivery
505131,11579,2025-03-08,Delivered,Cash on Delivery
505132,11907,2024-06-27,Processing,Credit Card
505133,11675,2024-08-02,Delivered,Credit Card
505134,11813,2024-06-26,Delivered,UPI
505135,10928,2024-02-20,Returned,Credit Card
505136,11653,2025-08-16,Delivered,Debit Card
505137,11765,2025-03-05,Delivered,Net Banking
505138,11786,2024-04-08,Delivered,Credit Card
505139,10299,2024-10-29,Delivered,Cash on Delivery
505140,10294,2025-09-01,Delivered,Cash on Delivery
505141,10806,2024-09-17,Delivered,UPI
505142,11008,2024-12-31,Delivered,Cash on Delivery
505143,11917,2025-11-10,Cancelled,UPI
505144,10636,2025-09-04,Shipped,Cash on Delivery
505145,11664,2025-10-01,Cancelled,Debit Card
505146,11775,2024-12-14,Delivered,Credit Card
505147,11931,2025-03-17,Delivered,Credit Card
505148,10379,2026-02-11,Delivered,Debit Card
505149,10484,2026-03-07,Delivered,Cash on Delivery
505150,10440,2024-02-20,Delivered,Cash on Delivery
505151,11471,2026-02-04,Processing,Credit Card
505152,11374,2026-03-26,Shipped,Cash on Delivery
505153,10815,2026-05-10,Delivered,Credit Card
505154,10178,2024-09-02,Delivered,Credit Card
505155,11042,2025-04-02,Delivered,UPI
505156,11465,2024-02-08,Delivered,Cash on Delivery
505157,10949,2024-04-10,Delivered,Debit Card
505158,10537,2025-05-28,Processing,Credit Card
505159,11185,2024-07-07,Delivered,Debit Card
505160,11322,2024-07-23,Delivered,Cash on Delivery
505161,11183,2024-09-28,Shipped,UPI
505162,11747,2025-02-23,Cancelled,Credit Card
505163,10628,2024-05-19,Processing,Credit Card
505164,11220,2026-01-02,Delivered,UPI
505165,11711,2025-09-01,Delivered,Credit Card
505166,10426,2025-12-23,Delivered,Net Banking
505167,10564,2026-04-25,Processing,UPI
505168,10099,2025-07-02,Returned,Net Banking
505169,10750,2024-11-26,Delivered,Wallet
505170,10090,2026-06-11,Delivered,UPI
505171,11493,2025-05-31,Delivered,Credit Card
505172,10178,2025-02-27,Delivered,UPI
505173,11385,2025-01-14,Delivered,Debit Card
505174,11160,2024-02-05,Delivered,Credit Card
505175,11976,2026-05-22,Delivered,Debit Card
505176,10697,2026-01-18,Delivered,Net Banking
505177,10690,2025-09-30,Shipped,Net Banking
505178,10487,2024-07-21,Delivered,Credit Card
505179,11075,2026-04-27,Delivered,Cash on Delivery
505180,10439,2024-06-09,Shipped,Cash on Delivery
505181,10227,2024-08-08,Delivered,Debit Card
505182,11898,2024-03-04,Delivered,UPI
505183,11359,2024-09-20,Returned,Net Banking
505184,10238,2024-10-26,Delivered,Cash on Delivery
505185,11237,2025-12-26,Delivered,Debit Card
505186,10610,2024-10-24,Delivered,Net Banking
505187,10361,2026-05-22,Delivered,Credit Card
505188,10943,2024-10-03,Delivered,Credit Card
505189,11576,2025-04-23,Shipped,Net Banking
505190,10001,2025-06-25,Delivered,Cash on Delivery
505191,10711,2026-01-26,Delivered,UPI
505192,11842,2025-11-17,Processing,UPI
505193,10789,2026-03-03,Delivered,Credit Card
505194,10199,2026-05-06,Delivered,Credit Card
505195,10858,2024-04-17,Delivered,Net Banking
505196,11365,2024-03-26,Delivered,UPI
505197,11993,2025-02-14,Returned,Net Banking
505198,11258,2024-05-17,Shipped,Debit Card
505199,10102,2025-03-26,Delivered,Debit Card
505200,11619,2025-06-22,Delivered,Credit Card
505201,11561,2024-09-09,Delivered,Net Banking
505202,11303,2024-03-30,Shipped,Credit Card
505203,11794,2026-05-30,Delivered,Credit Card
505204,11539,2024-12-04,Cancelled,Debit Card
505205,10465,2026-02-05,Delivered,Credit Card
505206,10843,2025-07-24,Delivered,Credit Card
505207,11015,2025-08-27,Cancelled,Cash on Delivery
505208,10978,2025-12-13,Processing,Net Banking
505209,11278,2024-08-30,Delivered,UPI
505210,11404,2024-07-17,Delivered,Net Banking
505211,10208,2026-06-29,Processing,UPI
505212,11137,2025-09-01,Shipped,Credit Card
505213,10078,2024-09-23,Delivered,UPI
505214,11024,2025-08-12,Delivered,UPI
505215,10845,2024-12-25,Cancelled,Credit Card
505216,10412,2026-02-23,Delivered,Debit Card
505217,11982,2025-04-09,Delivered,Credit Card
505218,10517,2024-10-13,Delivered,UPI
505219,10113,2025-09-22,Shipped,UPI
505220,10717,2025-11-15,Delivered,UPI
505221,11515,2024-12-06,Delivered,Debit Card
505222,10019,2025-11-17,Delivered,Credit Card
505223,10986,2024-08-01,Delivered,Debit Card
505224,10835,2024-08-06,Returned,Credit Card
505225,11732,2026-01-24,Delivered,UPI
505226,10006,2025-07-21,Shipped,Net Banking
505227,10035,2024-02-02,Delivered,Debit Card
505228,11131,2025-09-08,Delivered,Debit Card
505229,10359,2024-10-06,Delivered,Credit Card
505230,11409,2024-09-07,Delivered,Credit Card
505231,10557,2025-01-22,Shipped,Debit Card
505232,11125,2025-02-16,Shipped,Wallet
505233,10076,2026-03-25,Delivered,Credit Card
505234,11388,2025-02-01,Delivered,Debit Card
505235,11037,2024-09-27,Returned,Credit Card
505236,10001,2025-12-07,Delivered,Cash on Delivery
505237,10532,2025-05-10,Cancelled,UPI
505238,10119,2024-01-01,Delivered,Credit Card
505239,10090,2025-07-31,Delivered,Credit Card
505240,11397,2025-04-02,Delivered,Net Banking
505241,10856,2025-06-08,Delivered,Net Banking
505242,11606,2024-06-17,Processing,Net Banking
505243,10516,2025-03-12,Shipped,Net Banking
505244,11436,2025-08-13,Shipped,Credit Card
505245,11231,2025-09-10,Shipped,UPI
505246,11327,2025-09-13,Shipped,Cash on Delivery
505247,11657,2026-06-29,Shipped,Credit Card
505248,11415,2025-04-02,Delivered,UPI
505249,11492,2025-01-27,Processing,UPI
505250,11480,2025-05-09,Delivered,Credit Card
505251,10895,2024-10-27,Delivered,Credit Card
505252,11449,2024-10-14,Delivered,Debit Card
505253,11685,2025-09-22,Delivered,Debit Card
505254,11477,2024-10-13,Delivered,UPI
505255,11216,2025-11-14,Delivered,Credit Card
505256,10149,2025-11-11,Delivered,Cash on Delivery
505257,10874,2026-05-20,Delivered,Net Banking
505258,10127,2024-04-30,Processing,Cash on Delivery
505259,10208,2024-11-27,Shipped,UPI
505260,10723,2025-12-05,Delivered,Cash on Delivery
505261,10929,2025-01-26,Cancelled,Cash on Delivery
505262,11056,2025-08-21,Cancelled,Credit Card
505263,11801,2025-11-02,Processing,Debit Card
505264,11526,2026-03-18,Delivered,UPI
505265,10846,2024-07-25,Delivered,Debit Card
505266,10670,2024-08-25,Delivered,Net Banking
505267,11426,2025-03-05,Shipped,Credit Card
505268,10551,2025-04-07,Delivered,UPI
505269,11768,2026-04-06,Shipped,Credit Card
505270,11563,2024-02-05,Shipped,Net Banking
505271,11366,2024-08-11,Cancelled,Net Banking
505272,10499,2026-04-13,Delivered,Credit Card
505273,11244,2025-07-15,Cancelled,Wallet
505274,11642,2025-09-08,Processing,UPI
505275,10144,2024-08-15,Delivered,UPI
505276,10355,2025-07-22,Processing,UPI
505277,11031,2024-12-03,Delivered,Net Banking
505278,10719,2025-10-30,Delivered,Net Banking
505279,11420,2024-03-23,Returned,Net Banking
505280,10803,2024-09-16,Delivered,Cash on Delivery
505281,11994,2025-08-11,Delivered,Credit Card
505282,10600,2025-07-05,Returned,Credit Card
505283,10721,2026-02-06,Delivered,Debit Card
505284,10007,2026-01-01,Delivered,Credit Card
505285,10495,2024-01-14,Delivered,Debit Card
505286,10472,2024-03-23,Delivered,UPI
505287,11526,2024-11-19,Delivered,Credit Card
505288,10676,2026-05-25,Delivered,Credit Card
505289,10407,2025-03-11,Processing,UPI
505290,10628,2026-03-25,Delivered,Wallet
505291,11126,2024-02-24,Delivered,UPI
505292,11572,2026-05-29,Delivered,Cash on Delivery
505293,11958,2024-02-25,Delivered,UPI
505294,10095,2026-01-08,Delivered,Cash on Delivery
505295,11682,2026-03-11,Delivered,Debit Card
505296,10778,2024-09-25,Delivered,UPI
505297,11617,2024-10-01,Delivered,UPI
505298,10076,2025-06-14,Delivered,Credit Card
505299,11253,2025-10-21,Delivered,Net Banking
505300,11862,2024-04-19,Delivered,UPI
505301,10079,2024-08-04,Delivered,UPI
505302,11581,2025-11-19,Delivered,Debit Card
505303,10229,2026-01-07,Delivered,Debit Card
505304,11965,2024-05-20,Processing,Credit Card
505305,11489,2026-03-23,Delivered,UPI
505306,11821,2026-03-02,Delivered,Debit Card
505307,11796,2026-03-03,Delivered,UPI
505308,10632,2024-08-07,Delivered,Debit Card
505309,10832,2025-09-02,Delivered,UPI
505310,11384,2024-05-26,Delivered,Wallet
505311,10350,2024-06-28,Delivered,Debit Card
505312,10614,2024-03-05,Delivered,Debit Card
505313,10199,2025-03-26,Delivered,Cash on Delivery
505314,11777,2025-10-11,Cancelled,Wallet
505315,10496,2024-06-30,Shipped,Net Banking
505316,10822,2024-06-19,Delivered,Debit Card
505317,10906,2024-09-09,Cancelled,Cash on Delivery
505318,10752,2024-06-29,Delivered,UPI
505319,11556,2026-01-30,Delivered,Net Banking
505320,11829,2024-06-03,Delivered,Debit Card
505321,11146,2024-09-11,Cancelled,Debit Card
505322,11674,2024-10-06,Delivered,Cash on Delivery
505323,10222,2024-07-04,Shipped,Net Banking
505324,11933,2026-05-09,Delivered,Net Banking
505325,10232,2024-07-10,Delivered,Cash on Delivery
505326,10133,2025-03-20,Delivered,Debit Card
505327,10045,2025-05-31,Delivered,UPI
505328,10487,2024-08-26,Shipped,UPI
505329,11675,2025-03-06,Delivered,Credit Card
505330,10602,2024-06-04,Delivered,UPI
505331,11582,2025-03-16,Delivered,Debit Card
505332,10849,2024-01-18,Shipped,Cash on Delivery
505333,10208,2025-02-04,Shipped,Credit Card
505334,10947,2024-11-29,Delivered,Cash on Delivery
505335,10465,2024-11-16,Delivered,Net Banking
505336,10583,2024-04-10,Delivered,Wallet
505337,11035,2026-06-30,Delivered,UPI
505338,11581,2024-01-25,Delivered,Credit Card
505339,11174,2024-05-13,Shipped,Debit Card
505340,10447,2024-04-04,Delivered,Net Banking
505341,11435,2026-06-11,Delivered,Cash on Delivery
505342,11394,2024-10-17,Delivered,Cash on Delivery
505343,10475,2025-01-28,Delivered,UPI
505344,11704,2025-11-16,Delivered,Credit Card
505345,11687,2024-02-16,Shipped,Net Banking
505346,11208,2024-03-02,Delivered,UPI
505347,10593,2024-06-15,Delivered,Wallet
505348,10709,2025-09-11,Delivered,Net Banking
505349,10879,2026-06-12,Delivered,Cash on Delivery
505350,10376,2025-07-20,Processing,Cash on Delivery
505351,10612,2026-03-07,Processing,UPI
505352,10269,2026-03-16,Processing,Credit Card
505353,10310,2024-09-09,Processing,Debit Card
505354,11489,2024-06-16,Processing,Cash on Delivery
505355,10257,2024-05-26,Delivered,Net Banking
505356,10939,2025-12-26,Delivered,UPI
505357,10859,2025-09-03,Shipped,Debit Card
505358,10093,2026-02-28,Delivered,Credit Card
505359,11663,2025-04-08,Delivered,Credit Card
505360,11968,2026-06-10,Cancelled,Wallet
505361,11277,2026-03-27,Delivered,UPI
505362,11343,2026-01-08,Delivered,UPI
505363,10466,2026-01-03,Delivered,Credit Card
505364,11689,2024-04-23,Delivered,Cash on Delivery
505365,11569,2025-11-10,Delivered,UPI
505366,10877,2026-05-14,Delivered,UPI
505367,11412,2024-09-23,Delivered,Credit Card
505368,11911,2026-01-14,Delivered,Debit Card
505369,11206,2024-11-15,Delivered,UPI
505370,10400,2024-07-12,Delivered,Net Banking
505371,10661,2025-10-28,Delivered,Cash on Delivery
505372,10371,2024-05-30,Delivered,Debit Card
505373,10664,2025-03-15,Delivered,UPI
505374,11781,2026-05-04,Delivered,Credit Card
505375,10380,2024-05-23,Cancelled,UPI
505376,11784,2024-05-22,Delivered,Credit Card
505377,10571,2026-05-10,Delivered,Net Banking
505378,10999,2025-12-10,Delivered,UPI
505379,11057,2025-02-25,Delivered,UPI
505380,10252,2025-01-05,Delivered,UPI
505381,10369,2026-05-30,Cancelled,UPI
505382,10611,2025-10-22,Shipped,UPI
505383,10120,2026-04-09,Shipped,Credit Card
505384,11509,2024-03-24,Delivered,Net Banking
505385,11093,2025-04-29,Cancelled,UPI
505386,11692,2025-10-23,Cancelled,Credit Card
505387,11727,2024-02-02,Delivered,Cash on Delivery
505388,10696,2025-04-12,Delivered,Debit Card
505389,11635,2024-02-20,Delivered,Cash on Delivery
505390,10123,2026-04-02,Delivered,Credit Card
505391,10860,2025-09-13,Delivered,UPI
505392,11332,2024-06-21,Delivered,UPI
505393,10933,2025-04-21,Processing,Net Banking
505394,11479,2024-04-09,Delivered,Cash on Delivery
505395,11718,2026-01-03,Processing,Credit Card
505396,10849,2024-06-28,Delivered,Credit Card
505397,10549,2025-07-08,Delivered,Credit Card
505398,11167,2024-03-12,Processing,UPI
505399,11737,2024-05-24,Delivered,UPI
505400,11975,2026-06-13,Shipped,Wallet
505401,11632,2024-12-18,Processing,UPI
505402,10490,2024-04-22,Delivered,Credit Card
505403,10411,2025-09-30,Delivered,Debit Card
505404,11146,2024-07-02,Delivered,Credit Card
505405,10805,2025-06-22,Delivered,Wallet
505406,11222,2026-01-09,Cancelled,UPI
505407,11847,2025-09-15,Processing,Cash on Delivery
505408,11099,2024-08-13,Delivered,UPI
505409,10712,2024-08-04,Shipped,UPI
505410,11739,2024-07-21,Cancelled,Debit Card
505411,10879,2025-07-30,Delivered,Cash on Delivery
505412,11211,2025-09-05,Delivered,Credit Card
505413,10271,2025-04-20,Processing,Credit Card
505414,11016,2024-12-30,Shipped,Credit Card
505415,10853,2024-02-26,Delivered,UPI
505416,10247,2026-02-01,Delivered,Cash on Delivery
505417,10424,2025-08-25,Delivered,Cash on Delivery
505418,11407,2025-08-05,Delivered,Debit Card
505419,10362,2024-04-04,Delivered,Credit Card
505420,10265,2024-09-20,Delivered,Debit Card
505421,10116,2024-10-04,Shipped,Debit Card
505422,10054,2025-06-29,Delivered,UPI
505423,10869,2025-12-19,Shipped,Credit Card
505424,10978,2026-03-02,Delivered,Debit Card
505425,11249,2025-04-21,Delivered,Cash on Delivery
505426,11145,2024-11-28,Delivered,Credit Card
505427,11074,2025-01-07,Delivered,Net Banking
505428,11999,2025-11-03,Shipped,Net Banking
505429,10500,2024-10-17,Delivered,Cash on Delivery
505430,11425,2025-01-14,Delivered,Wallet
505431,10160,2025-12-18,Returned,UPI
505432,11698,2025-05-10,Processing,Credit Card
505433,10726,2025-03-03,Delivered,Net Banking
505434,10693,2025-10-31,Delivered,Cash on Delivery
505435,10271,2024-09-20,Delivered,UPI
505436,11018,2024-02-25,Delivered,Debit Card
505437,10800,2025-12-20,Returned,Cash on Delivery
505438,11949,2025-02-19,Delivered,UPI
505439,10357,2024-10-24,Delivered,Credit Card
505440,10835,2024-03-27,Delivered,Credit Card
505441,11801,2026-04-25,Delivered,Credit Card
505442,11615,2025-10-23,Delivered,Debit Card
505443,11530,2024-09-07,Delivered,UPI
505444,11052,2025-07-08,Processing,Net Banking
505445,11747,2025-02-27,Shipped,UPI
505446,10448,2024-10-25,Cancelled,Net Banking
505447,11620,2024-10-11,Delivered,UPI
505448,11161,2024-03-10,Delivered,Net Banking
505449,10700,2026-06-08,Processing,Credit Card
505450,10437,2026-04-25,Delivered,Debit Card
505451,11044,2026-03-05,Delivered,UPI
505452,10007,2024-10-14,Returned,Debit Card
505453,11430,2026-06-29,Shipped,Credit Card
505454,10472,2024-09-08,Processing,UPI
505455,10779,2026-01-22,Delivered,Net Banking
505456,10387,2024-04-02,Delivered,UPI
505457,10931,2024-10-10,Delivered,Cash on Delivery
505458,10742,2025-06-11,Delivered,Debit Card
505459,10376,2026-06-02,Delivered,UPI
505460,11778,2024-08-30,Processing,Wallet
505461,11519,2025-01-29,Delivered,UPI
505462,10776,2026-02-08,Delivered,Cash on Delivery
505463,10116,2025-03-07,Processing,Credit Card
505464,11691,2025-09-15,Shipped,Debit Card
505465,11394,2025-01-16,Delivered,Cash on Delivery
505466,11112,2024-01-04,Delivered,UPI
505467,11210,2024-09-15,Delivered,Debit Card
505468,10016,2025-05-31,Delivered,UPI
505469,10948,2024-01-18,Delivered,Net Banking
505470,10378,2024-07-30,Delivered,UPI
505471,11303,2026-05-20,Shipped,UPI
505472,11863,2024-01-15,Cancelled,UPI
505473,11062,2024-08-13,Delivered,Debit Card
505474,11209,2025-07-19,Delivered,Wallet
505475,11335,2025-05-29,Delivered,Wallet
505476,11860,2024-07-06,Returned,Net Banking
505477,10077,2024-02-24,Processing,Cash on Delivery
505478,10621,2026-04-01,Returned,Cash on Delivery
505479,10537,2025-05-17,Delivered,Debit Card
505480,11434,2025-06-07,Delivered,UPI
505481,10896,2024-02-22,Delivered,Debit Card
505482,11545,2024-07-09,Delivered,UPI
505483,10945,2024-03-07,Delivered,Cash on Delivery
505484,11952,2026-06-12,Delivered,Credit Card
505485,11534,2025-12-03,Delivered,UPI
505486,10037,2025-05-13,Delivered,Cash on Delivery
505487,11977,2025-09-13,Cancelled,UPI
505488,11905,2024-05-31,Shipped,Wallet
505489,10087,2026-06-21,Shipped,Wallet
505490,10784,2025-04-17,Delivered,Debit Card
505491,11942,2025-04-16,Shipped,Net Banking
505492,11676,2026-05-25,Delivered,UPI
505493,10937,2024-03-28,Delivered,Credit Card
505494,11090,2025-01-22,Delivered,Cash on Delivery
505495,10060,2024-03-21,Delivered,UPI
505496,11130,2025-01-23,Processing,Credit Card
505497,11333,2024-08-31,Processing,Credit Card
505498,10719,2025-02-25,Delivered,Debit Card
505499,10614,2025-10-02,Delivered,Net Banking
505500,11657,2024-09-12,Delivered,UPI
505501,10898,2024-02-16,Delivered,UPI
505502,10529,2024-05-27,Delivered,Cash on Delivery
505503,10750,2025-10-15,Shipped,UPI
505504,10985,2025-06-12,Shipped,Credit Card
505505,10519,2026-06-12,Delivered,UPI
505506,11121,2026-03-27,Delivered,Net Banking
505507,11723,2024-05-27,Delivered,UPI
505508,11486,2025-11-02,Delivered,Credit Card
505509,10463,2024-03-23,Delivered,Debit Card
505510,10944,2024-03-28,Delivered,UPI
505511,11088,2025-12-25,Delivered,Wallet
505512,11361,2024-12-31,Delivered,Cash on Delivery
505513,11513,2026-06-29,Shipped,Debit Card
505514,10971,2024-01-05,Delivered,Credit Card
505515,10631,2025-04-03,Delivered,UPI
505516,11319,2024-10-08,Cancelled,Debit Card
505517,10252,2026-06-18,Processing,UPI
505518,11349,2025-09-03,Delivered,Debit Card
505519,11793,2025-12-05,Delivered,UPI
505520,11419,2024-09-21,Delivered,Net Banking
505521,10868,2026-03-27,Returned,Credit Card
505522,11647,2026-02-06,Delivered,Credit Card
505523,11065,2025-12-16,Delivered,UPI
505524,11082,2025-03-11,Shipped,UPI
505525,11705,2026-04-21,Shipped,Credit Card
505526,10387,2025-09-02,Delivered,Credit Card
505527,11560,2024-02-29,Delivered,Wallet
505528,11360,2026-03-17,Delivered,Credit Card
505529,11059,2024-01-20,Delivered,UPI
505530,10155,2025-09-15,Delivered,Debit Card
505531,11532,2024-08-16,Processing,Credit Card
505532,10438,2026-03-30,Shipped,Cash on Delivery
505533,11791,2025-10-28,Shipped,UPI
505534,11585,2026-01-07,Shipped,Cash on Delivery
505535,10728,2025-09-30,Delivered,Debit Card
505536,10871,2025-06-01,Delivered,UPI
505537,10052,2026-02-27,Shipped,Credit Card
505538,10997,2024-09-28,Delivered,Credit Card
505539,10116,2025-04-27,Delivered,Debit Card
505540,11975,2024-09-29,Delivered,Credit Card
505541,11281,2024-04-13,Shipped,Debit Card
505542,10471,2026-03-10,Delivered,Net Banking
505543,11608,2025-03-29,Delivered,Credit Card
505544,10040,2024-02-19,Delivered,Debit Card
505545,11099,2026-01-23,Processing,Cash on Delivery
505546,10223,2026-05-09,Delivered,Credit Card
505547,10109,2025-08-27,Delivered,Credit Card
505548,10490,2024-10-25,Shipped,UPI
505549,10589,2026-02-23,Delivered,UPI
505550,11452,2025-11-05,Delivered,Credit Card
505551,11782,2024-09-17,Delivered,Credit Card
505552,11552,2024-10-28,Cancelled,Net Banking
505553,11480,2026-06-20,Delivered,UPI
505554,11131,2026-05-20,Processing,Net Banking
505555,10743,2025-09-09,Shipped,UPI
505556,10511,2024-02-03,Processing,UPI
505557,11892,2024-07-28,Delivered,Credit Card
505558,11044,2024-11-18,Delivered,Credit Card
505559,11129,2025-05-04,Delivered,UPI
505560,10030,2026-03-02,Delivered,UPI
505561,10916,2026-02-13,Delivered,Debit Card
505562,11364,2024-09-07,Delivered,Credit Card
505563,10991,2024-04-09,Delivered,Credit Card
505564,11229,2024-09-08,Delivered,Credit Card
505565,11620,2024-08-02,Delivered,Credit Card
505566,10044,2026-03-31,Delivered,UPI
505567,11809,2024-01-14,Delivered,UPI
505568,11635,2026-01-28,Shipped,Debit Card
505569,10840,2025-08-22,Delivered,Debit Card
505570,11527,2024-04-06,Shipped,Cash on Delivery
505571,10134,2025-09-17,Delivered,Cash on Delivery
505572,10617,2025-06-13,Delivered,UPI
505573,10216,2024-01-04,Shipped,UPI
505574,11271,2024-07-22,Delivered,Cash on Delivery
505575,11713,2024-11-13,Delivered,Credit Card
505576,11203,2024-07-15,Cancelled,Credit Card
505577,11424,2025-06-12,Delivered,Debit Card
505578,10287,2025-07-15,Delivered,Debit Card
505579,11869,2024-06-03,Cancelled,UPI
505580,10387,2024-04-23,Processing,UPI
505581,11053,2025-08-21,Delivered,UPI
505582,11367,2025-03-04,Delivered,UPI
505583,11714,2024-08-30,Delivered,UPI
505584,11868,2024-08-21,Processing,Debit Card
505585,11198,2024-02-05,Shipped,Credit Card
505586,11153,2026-02-18,Delivered,UPI
505587,10835,2026-02-07,Delivered,UPI
505588,11136,2025-05-21,Shipped,Wallet
505589,11350,2024-11-15,Delivered,UPI
505590,11294,2024-07-15,Returned,UPI
505591,11185,2024-10-07,Delivered,Debit Card
505592,10882,2026-04-25,Delivered,UPI
505593,10392,2024-03-22,Delivered,UPI
505594,10109,2026-01-21,Delivered,UPI
505595,10842,2024-10-05,Delivered,Wallet
505596,10794,2024-08-30,Delivered,Debit Card
505597,11217,2026-01-09,Delivered,Debit Card
505598,11801,2026-05-27,Delivered,Cash on Delivery
505599,11404,2026-06-24,Processing,Debit Card
505600,11610,2024-09-01,Delivered,UPI
505601,11157,2025-06-23,Delivered,Credit Card
505602,11855,2024-09-24,Shipped,Credit Card
505603,11880,2024-06-25,Delivered,Credit Card
505604,10306,2024-12-18,Delivered,Net Banking
505605,11279,2024-02-27,Processing,UPI
505606,11012,2024-05-30,Delivered,UPI
505607,11945,2025-06-27,Delivered,Credit Card
505608,11170,2025-09-19,Processing,UPI
505609,10032,2024-09-03,Cancelled,Wallet
505610,10420,2025-05-23,Processing,Credit Card
505611,10260,2025-11-29,Delivered,UPI
505612,10402,2026-03-27,Delivered,Debit Card
505613,10192,2025-06-03,Delivered,Net Banking
505614,11565,2024-08-07,Delivered,Credit Card
505615,10989,2025-10-12,Delivered,Credit Card
505616,11344,2024-06-04,Processing,Net Banking
505617,12000,2024-05-07,Delivered,UPI
505618,11295,2024-11-23,Processing,Debit Card
505619,10959,2024-10-27,Returned,Debit Card
505620,10534,2024-05-13,Delivered,Net Banking
505621,11510,2024-02-17,Delivered,Cash on Delivery
505622,11014,2026-05-13,Returned,Wallet
505623,11514,2025-09-10,Delivered,UPI
505624,10047,2025-10-17,Shipped,Net Banking
505625,10327,2024-03-01,Delivered,Debit Card
505626,10260,2025-12-27,Delivered,Credit Card
505627,11363,2024-11-28,Delivered,Cash on Delivery
505628,11037,2025-11-13,Delivered,Cash on Delivery
505629,10634,2025-03-23,Cancelled,Net Banking
505630,10620,2024-08-09,Delivered,UPI
505631,11214,2024-08-27,Delivered,UPI
505632,11932,2024-05-08,Shipped,Cash on Delivery
505633,11991,2026-01-27,Returned,Wallet
505634,10943,2025-01-27,Delivered,UPI
505635,11342,2025-12-13,Shipped,UPI
505636,10168,2026-01-26,Delivered,Debit Card
505637,11891,2024-06-01,Processing,UPI
505638,10036,2024-10-28,Shipped,Debit Card
505639,10685,2024-04-23,Cancelled,Wallet
505640,11451,2024-01-09,Delivered,Credit Card
505641,11940,2026-06-19,Cancelled,Net Banking
505642,10344,2025-08-25,Delivered,Debit Card
505643,11323,2025-02-16,Shipped,Credit Card
505644,10376,2024-07-01,Shipped,Credit Card
505645,10101,2025-06-23,Delivered,Debit Card
505646,10848,2025-05-10,Cancelled,Net Banking
505647,11154,2024-07-22,Shipped,Debit Card
505648,10529,2024-01-14,Processing,Cash on Delivery
505649,11947,2025-03-04,Delivered,UPI
505650,11234,2025-04-09,Processing,Wallet
505651,10877,2025-12-29,Delivered,Debit Card
505652,10972,2024-12-25,Returned,Credit Card
505653,10929,2024-03-29,Delivered,UPI
505654,10223,2026-03-14,Delivered,Credit Card
505655,11213,2025-01-12,Delivered,Credit Card
505656,11570,2025-10-21,Shipped,Cash on Delivery
505657,10843,2024-02-09,Delivered,Net Banking
505658,10852,2024-02-02,Processing,UPI
505659,11821,2024-01-22,Processing,Credit Card
505660,11222,2025-12-21,Delivered,Credit Card
505661,10596,2024-08-07,Processing,Cash on Delivery
505662,10008,2025-12-23,Shipped,Net Banking
505663,11647,2026-05-12,Delivered,UPI
505664,11253,2025-08-28,Delivered,UPI
505665,11253,2026-06-19,Delivered,UPI
505666,10566,2026-04-28,Delivered,Credit Card
505667,10373,2025-10-21,Delivered,UPI
505668,10989,2026-01-03,Delivered,UPI
505669,11516,2025-07-04,Delivered,Cash on Delivery
505670,10596,2024-07-18,Returned,Credit Card
505671,11055,2024-04-03,Delivered,Wallet
505672,11993,2024-12-14,Processing,Net Banking
505673,10439,2025-03-09,Processing,UPI
505674,10462,2024-11-15,Shipped,UPI
505675,10472,2024-04-03,Delivered,Debit Card
505676,11826,2025-04-05,Delivered,Net Banking
505677,11058,2025-03-31,Processing,Credit Card
505678,11836,2026-05-20,Shipped,Cash on Delivery
505679,11896,2026-05-21,Processing,Net Banking
505680,10843,2025-07-16,Delivered,Debit Card
505681,10110,2026-02-15,Delivered,UPI
505682,10609,2024-10-12,Delivered,Credit Card
505683,11088,2026-06-04,Delivered,Credit Card
505684,10763,2026-05-09,Shipped,UPI
505685,10005,2024-04-24,Delivered,Cash on Delivery
505686,11979,2025-10-01,Delivered,Credit Card
505687,10607,2025-02-21,Delivered,UPI
505688,11238,2024-08-30,Delivered,Net Banking
505689,11894,2025-01-11,Delivered,Debit Card
505690,11090,2026-04-07,Delivered,UPI
505691,11389,2026-04-23,Delivered,Debit Card
505692,10072,2024-11-10,Shipped,Debit Card
505693,11394,2025-02-25,Processing,Credit Card
505694,11696,2025-04-16,Delivered,Credit Card
505695,11837,2025-10-31,Delivered,Debit Card
505696,10168,2025-03-13,Shipped,Debit Card
505697,10457,2024-12-27,Delivered,UPI
505698,10094,2026-04-23,Delivered,UPI
505699,11836,2024-12-06,Delivered,Debit Card
505700,10550,2024-08-30,Returned,UPI
505701,11064,2024-10-25,Delivered,Wallet
505702,10952,2024-10-31,Returned,UPI
505703,11378,2025-05-21,Delivered,Net Banking
505704,11791,2025-08-25,Delivered,Wallet
505705,10648,2024-05-02,Delivered,Credit Card
505706,11581,2026-03-20,Shipped,Debit Card
505707,10582,2024-08-19,Delivered,UPI
505708,10396,2024-04-14,Delivered,Debit Card
505709,10213,2025-09-02,Returned,Wallet
505710,10745,2024-07-10,Delivered,Wallet
505711,11121,2025-11-15,Delivered,Credit Card
505712,11561,2026-05-15,Shipped,Cash on Delivery
505713,11697,2025-09-24,Delivered,Cash on Delivery
505714,11055,2025-12-10,Delivered,Credit Card
505715,10818,2025-03-27,Processing,Cash on Delivery
505716,10349,2024-11-11,Delivered,UPI
505717,11829,2025-07-13,Delivered,Wallet
505718,10793,2024-11-22,Delivered,Cash on Delivery
505719,11530,2026-03-10,Delivered,Credit Card
505720,11252,2025-03-04,Delivered,Credit Card
505721,11863,2025-03-31,Delivered,Wallet
505722,11947,2025-09-07,Delivered,UPI
505723,11414,2024-06-21,Delivered,Credit Card
505724,11324,2025-05-27,Delivered,Credit Card
505725,10275,2025-11-19,Delivered,Credit Card
505726,10033,2025-12-09,Delivered,UPI
505727,11093,2024-07-24,Returned,UPI
505728,11411,2024-02-19,Delivered,Wallet
505729,11493,2024-06-26,Delivered,Net Banking
505730,10502,2026-01-17,Processing,Cash on Delivery
505731,11007,2024-08-30,Delivered,Credit Card
505732,11725,2024-02-23,Cancelled,Debit Card
505733,10192,2025-06-29,Shipped,Credit Card
505734,10768,2026-03-15,Delivered,Debit Card
505735,11890,2024-07-23,Delivered,Cash on Delivery
505736,10400,2024-02-09,Delivered,UPI
505737,10634,2024-05-07,Processing,Wallet
505738,10936,2024-04-26,Delivered,Cash on Delivery
505739,11377,2024-07-05,Shipped,Credit Card
505740,10511,2024-06-13,Processing,Wallet
505741,11585,2025-08-04,Shipped,Cash on Delivery
505742,10472,2024-07-22,Delivered,UPI
505743,10737,2025-05-15,Shipped,UPI
505744,11147,2025-01-01,Shipped,Net Banking
505745,10025,2025-08-20,Delivered,Net Banking
505746,11535,2025-08-21,Cancelled,UPI
505747,11338,2025-06-25,Delivered,Credit Card
505748,11670,2026-03-25,Returned,Debit Card
505749,10550,2024-06-28,Delivered,Credit Card
505750,10796,2025-04-23,Delivered,UPI
505751,11798,2024-12-25,Shipped,UPI
505752,10134,2025-05-01,Delivered,Net Banking
505753,10983,2024-05-07,Delivered,UPI
505754,10968,2024-10-18,Delivered,Debit Card
505755,10895,2026-05-09,Processing,Debit Card
505756,10868,2026-01-01,Delivered,Wallet
505757,11495,2025-01-23,Delivered,Wallet
505758,10394,2024-04-10,Delivered,Wallet
505759,11783,2025-08-15,Delivered,Debit Card
505760,11793,2024-10-01,Delivered,UPI
505761,10359,2024-10-27,Delivered,UPI
505762,11949,2024-03-29,Returned,Credit Card
505763,10525,2024-09-20,Shipped,UPI
505764,10104,2024-07-14,Cancelled,UPI
505765,10797,2024-02-01,Shipped,Credit Card
505766,11592,2025-06-19,Processing,Credit Card
505767,11690,2026-06-04,Returned,Debit Card
505768,11292,2024-04-25,Delivered,Cash on Delivery
505769,11623,2024-02-17,Cancelled,Credit Card
505770,10523,2024-04-01,Delivered,UPI
505771,11758,2025-05-13,Delivered,Debit Card
505772,11271,2026-01-24,Delivered,Credit Card
505773,10268,2024-10-09,Delivered,Cash on Delivery
505774,10258,2024-04-18,Delivered,Credit Card
505775,10535,2024-03-28,Delivered,Credit Card
505776,10139,2025-07-09,Delivered,Net Banking
505777,10566,2024-11-21,Processing,Credit Card
505778,11987,2024-11-17,Delivered,Debit Card
505779,10481,2024-08-05,Delivered,UPI
505780,11273,2026-03-29,Shipped,Credit Card
505781,11956,2024-12-08,Delivered,UPI
505782,10507,2025-10-07,Processing,Net Banking
505783,11393,2025-11-08,Delivered,UPI
505784,10901,2024-02-24,Delivered,UPI
505785,10571,2024-08-14,Cancelled,Debit Card
505786,11901,2026-03-28,Delivered,Debit Card
505787,11314,2026-03-17,Shipped,Credit Card
505788,10878,2025-01-12,Delivered,Wallet
505789,11625,2024-05-22,Delivered,Debit Card
505790,11801,2024-09-29,Processing,Cash on Delivery
505791,11563,2026-05-16,Delivered,Credit Card
505792,11738,2025-09-06,Delivered,Debit Card
505793,10645,2024-03-09,Shipped,Credit Card
505794,10689,2025-10-17,Delivered,Credit Card
505795,10466,2024-05-14,Delivered,UPI
505796,11393,2024-10-03,Delivered,UPI
505797,11607,2025-03-15,Delivered,Cash on Delivery
505798,11321,2024-11-17,Delivered,Cash on Delivery
505799,11199,2025-09-29,Delivered,UPI
505800,11543,2024-05-22,Delivered,UPI
505801,10363,2026-03-11,Delivered,UPI
505802,10732,2025-06-25,Processing,Debit Card
505803,11415,2024-10-06,Delivered,UPI
505804,10105,2026-05-23,Cancelled,Net Banking
505805,11822,2025-03-12,Delivered,UPI
505806,10343,2025-01-15,Delivered,Net Banking
505807,11574,2024-01-20,Shipped,Cash on Delivery
505808,11234,2026-06-28,Delivered,UPI
505809,11696,2026-02-11,Delivered,Cash on Delivery
505810,11551,2024-06-10,Cancelled,Cash on Delivery
505811,11032,2026-05-15,Processing,Debit Card
505812,11513,2025-12-27,Delivered,Credit Card
505813,10693,2025-01-19,Shipped,Debit Card
505814,11168,2026-04-27,Delivered,Credit Card
505815,11831,2025-05-25,Shipped,Cash on Delivery
505816,10170,2025-09-20,Delivered,Debit Card
505817,10712,2024-06-16,Delivered,Net Banking
505818,10035,2024-04-09,Delivered,Debit Card
505819,11069,2025-04-26,Delivered,Credit Card
505820,11565,2024-10-25,Shipped,Credit Card
505821,10078,2026-06-15,Delivered,Cash on Delivery
505822,11099,2024-03-19,Delivered,Credit Card
505823,10831,2025-11-27,Shipped,Credit Card
505824,11566,2025-07-03,Delivered,Wallet
505825,10441,2026-03-13,Returned,Credit Card
505826,10326,2026-06-30,Delivered,Cash on Delivery
505827,10190,2026-03-05,Delivered,UPI
505828,10815,2024-12-08,Delivered,Net Banking
505829,10976,2025-09-27,Delivered,Debit Card
505830,11839,2024-05-28,Delivered,UPI
505831,10932,2025-03-19,Shipped,UPI
505832,10344,2024-09-02,Delivered,Credit Card
505833,11399,2024-08-16,Cancelled,Debit Card
505834,10124,2025-06-05,Delivered,Credit Card
505835,10691,2024-04-25,Shipped,UPI
505836,11307,2025-06-03,Delivered,Debit Card
505837,10508,2025-01-01,Delivered,Wallet
505838,11190,2024-07-28,Delivered,UPI
505839,10907,2025-05-28,Delivered,Debit Card
505840,11905,2025-11-16,Delivered,Cash on Delivery
505841,10575,2025-07-10,Delivered,Debit Card
505842,11813,2024-03-21,Delivered,Wallet
505843,11252,2025-05-28,Returned,Debit Card
505844,11499,2025-07-22,Delivered,Debit Card
505845,10338,2025-09-16,Delivered,Net Banking
505846,10039,2025-01-23,Delivered,UPI
505847,11462,2024-03-27,Delivered,Debit Card
505848,10961,2024-04-26,Delivered,Debit Card
505849,10618,2024-10-30,Delivered,UPI
505850,11793,2025-08-02,Delivered,Credit Card
505851,10653,2025-11-05,Shipped,Net Banking
505852,10868,2025-09-06,Delivered,UPI
505853,11449,2024-10-12,Delivered,Credit Card
505854,11925,2025-02-05,Processing,UPI
505855,11798,2024-02-12,Delivered,UPI
505856,11305,2025-12-29,Delivered,Credit Card
505857,10221,2024-11-18,Delivered,UPI
505858,10219,2025-04-10,Shipped,Credit Card
505859,11386,2025-02-14,Delivered,UPI
505860,11019,2024-09-17,Cancelled,Cash on Delivery
505861,10267,2024-06-02,Delivered,Cash on Delivery
505862,11392,2026-05-20,Returned,UPI
505863,11885,2024-04-19,Delivered,UPI
505864,10131,2026-05-11,Shipped,UPI
505865,11652,2024-04-13,Delivered,UPI
505866,10690,2024-03-28,Processing,Net Banking
505867,10796,2026-04-04,Delivered,Debit Card
505868,11435,2026-05-13,Processing,Debit Card
505869,10494,2026-03-28,Shipped,Cash on Delivery
505870,10315,2025-12-09,Delivered,Net Banking
505871,11928,2025-03-25,Delivered,Credit Card
505872,10697,2024-04-07,Delivered,Debit Card
505873,10340,2025-06-24,Returned,Credit Card
505874,11380,2025-04-19,Cancelled,Debit Card
505875,10434,2025-11-02,Delivered,UPI
505876,11552,2024-02-01,Delivered,Credit Card
505877,10141,2024-03-11,Delivered,UPI
505878,11038,2025-06-21,Delivered,UPI
505879,10806,2026-02-19,Delivered,Credit Card
505880,11914,2026-05-02,Processing,Net Banking
505881,11043,2025-06-03,Delivered,Credit Card
505882,11851,2024-12-02,Processing,Wallet
505883,10498,2025-03-06,Returned,Credit Card
505884,10947,2025-04-09,Delivered,Wallet
505885,11628,2025-07-19,Delivered,UPI
505886,10321,2024-07-26,Delivered,Credit Card
505887,11856,2024-12-20,Delivered,UPI
505888,11546,2025-05-08,Shipped,UPI
505889,11354,2026-02-15,Delivered,UPI
505890,10487,2026-01-02,Delivered,Debit Card
505891,11637,2025-11-19,Cancelled,UPI
505892,11686,2024-07-15,Delivered,UPI
505893,10586,2025-01-06,Delivered,UPI
505894,11175,2025-05-20,Returned,Debit Card
505895,10122,2026-06-02,Delivered,Credit Card
505896,10789,2024-11-19,Delivered,UPI
505897,10302,2026-04-18,Delivered,UPI
505898,11113,2025-11-13,Delivered,Net Banking
505899,11098,2025-08-01,Delivered,Net Banking
505900,11066,2025-10-02,Shipped,Credit Card
505901,11355,2025-12-25,Delivered,Debit Card
505902,11850,2025-09-29,Delivered,UPI
505903,10394,2025-09-06,Delivered,Credit Card
505904,10429,2024-12-10,Delivered,Net Banking
505905,10431,2025-01-25,Cancelled,Net Banking
505906,11857,2025-07-01,Shipped,Credit Card
505907,10186,2026-02-09,Shipped,Debit Card
505908,10063,2025-08-17,Delivered,Credit Card
505909,10321,2026-06-20,Delivered,Net Banking
505910,11539,2025-09-13,Processing,Debit Card
505911,11160,2025-01-07,Processing,Net Banking
505912,11840,2025-06-09,Shipped,UPI
505913,10409,2025-07-23,Delivered,Credit Card
505914,10789,2026-03-02,Delivered,UPI
505915,11111,2024-08-21,Delivered,Credit Card
505916,10147,2024-08-15,Delivered,Credit Card
505917,11838,2024-07-03,Delivered,Debit Card
505918,11610,2024-02-20,Delivered,Debit Card
505919,10288,2025-09-08,Delivered,Debit Card
505920,11686,2026-05-28,Delivered,Debit Card
505921,10898,2025-07-14,Delivered,UPI
505922,10673,2024-02-25,Delivered,UPI
505923,11893,2024-11-28,Delivered,UPI
505924,11038,2026-04-04,Delivered,Net Banking
505925,10455,2024-02-17,Returned,UPI
505926,11619,2025-07-13,Delivered,Credit Card
505927,11432,2025-02-06,Processing,Credit Card
505928,10385,2026-04-18,Delivered,Debit Card
505929,11355,2025-04-13,Delivered,Cash on Delivery
505930,11258,2025-05-30,Delivered,Cash on Delivery
505931,10551,2025-10-21,Shipped,UPI
505932,10862,2026-01-19,Cancelled,Debit Card
505933,11679,2025-04-15,Delivered,UPI
505934,10349,2025-10-20,Shipped,Net Banking
505935,11445,2026-01-05,Processing,Credit Card
505936,11663,2025-04-24,Shipped,UPI
505937,11874,2025-10-15,Delivered,Credit Card
505938,10650,2024-11-27,Delivered,Credit Card
505939,10534,2024-11-20,Processing,Wallet
505940,11869,2024-01-03,Shipped,UPI
505941,10926,2025-09-03,Returned,Wallet
505942,11138,2024-08-17,Delivered,UPI
505943,11027,2026-01-13,Shipped,UPI
505944,11030,2026-05-18,Processing,Net Banking
505945,11250,2026-03-10,Processing,Debit Card
505946,10847,2024-09-08,Shipped,Cash on Delivery
505947,10785,2025-08-18,Delivered,Debit Card
505948,10802,2025-11-17,Shipped,Credit Card
505949,11313,2025-04-07,Delivered,UPI
505950,11636,2025-04-09,Delivered,Wallet
505951,11111,2025-02-03,Delivered,Debit Card
505952,11356,2024-10-08,Processing,Debit Card
505953,10827,2025-06-07,Delivered,Net Banking
505954,11548,2026-06-23,Delivered,UPI
505955,10788,2024-07-18,Delivered,Cash on Delivery
505956,10843,2024-02-12,Returned,Credit Card
505957,10111,2024-02-21,Shipped,Net Banking
505958,10523,2025-06-15,Delivered,Net Banking
505959,11477,2024-09-03,Delivered,Credit Card
505960,10174,2025-02-25,Delivered,Net Banking
505961,10448,2026-05-17,Delivered,Net Banking
505962,11554,2024-03-10,Processing,UPI
505963,11747,2024-06-08,Delivered,Net Banking
505964,10831,2024-07-14,Delivered,Credit Card
505965,10814,2025-02-21,Processing,Cash on Delivery
505966,11019,2025-09-25,Delivered,Net Banking
505967,11541,2024-06-16,Delivered,UPI
505968,10939,2024-04-08,Delivered,UPI
505969,10347,2024-03-19,Delivered,UPI
505970,10863,2026-01-01,Delivered,Net Banking
505971,10510,2024-01-28,Returned,Cash on Delivery
505972,11368,2025-07-24,Processing,Net Banking
505973,10286,2025-06-11,Shipped,Cash on Delivery
505974,11218,2024-04-02,Shipped,Debit Card
505975,10260,2025-05-19,Delivered,Credit Card
505976,11945,2024-09-18,Processing,Wallet
505977,11281,2025-04-15,Delivered,UPI
505978,10278,2024-05-05,Delivered,Credit Card
505979,11918,2025-09-01,Delivered,UPI
505980,11148,2025-12-29,Delivered,UPI
505981,11214,2024-01-03,Delivered,Debit Card
505982,10127,2025-05-01,Delivered,UPI
505983,10376,2025-08-14,Delivered,Credit Card
505984,11616,2024-01-03,Delivered,UPI
505985,10936,2025-10-23,Delivered,Credit Card
505986,11233,2025-05-10,Delivered,UPI
505987,11975,2024-10-06,Delivered,Cash on Delivery
505988,10857,2025-03-16,Delivered,Debit Card
505989,10762,2025-09-14,Delivered,Net Banking
505990,11605,2025-08-10,Delivered,Credit Card
505991,10133,2025-12-10,Delivered,UPI
505992,10911,2024-02-01,Delivered,Debit Card
505993,11710,2025-12-19,Delivered,UPI
505994,10456,2024-02-02,Delivered,Credit Card
505995,10609,2025-08-16,Processing,Debit Card
505996,10946,2024-11-14,Delivered,Net Banking
505997,10149,2024-02-28,Delivered,Cash on Delivery
505998,10142,2025-09-20,Delivered,UPI
505999,10503,2025-05-19,Processing,Debit Card
506000,11796,2025-08-31,Delivered,Credit Card
506001,10444,2024-12-09,Cancelled,Net Banking
506002,11462,2024-09-11,Delivered,Cash on Delivery
506003,10853,2025-07-24,Delivered,Debit Card
506004,11521,2024-07-16,Delivered,Credit Card
506005,10661,2026-01-11,Delivered,Net Banking
506006,11749,2025-09-15,Delivered,Debit Card
506007,10742,2026-07-01,Delivered,Cash on Delivery
506008,11584,2024-01-25,Delivered,Debit Card
506009,11663,2025-06-18,Shipped,Cash on Delivery
506010,10864,2025-05-23,Shipped,UPI
506011,11334,2026-02-21,Cancelled,Net Banking
506012,10238,2025-01-22,Delivered,Credit Card
506013,10993,2026-05-04,Processing,Debit Card
506014,10747,2024-08-06,Processing,Wallet
506015,11909,2026-02-18,Processing,Debit Card
506016,11869,2025-04-20,Shipped,Net Banking
506017,11567,2026-05-11,Delivered,UPI
506018,11899,2024-07-17,Processing,UPI
506019,11952,2024-08-25,Delivered,Debit Card
506020,11536,2025-05-30,Shipped,Credit Card
506021,11188,2025-05-18,Delivered,UPI
506022,10409,2024-05-16,Delivered,Net Banking
506023,11631,2025-08-17,Delivered,Debit Card
506024,10389,2025-01-05,Delivered,UPI
506025,10371,2024-05-18,Delivered,UPI
506026,11760,2025-04-11,Processing,Credit Card
506027,10229,2025-09-29,Delivered,Debit Card
506028,10284,2024-01-29,Delivered,Cash on Delivery
506029,11022,2026-04-20,Delivered,Credit Card
506030,11169,2025-07-11,Delivered,UPI
506031,10092,2024-08-25,Delivered,Cash on Delivery
506032,10757,2025-11-16,Shipped,UPI
506033,10451,2026-02-09,Returned,Debit Card
506034,10605,2026-05-22,Delivered,Credit Card
506035,10362,2025-12-22,Delivered,Cash on Delivery
506036,11355,2024-07-04,Shipped,Net Banking
506037,10946,2024-05-29,Delivered,UPI
506038,11920,2024-07-09,Shipped,Credit Card
506039,10017,2026-03-10,Delivered,UPI
506040,11556,2024-10-05,Processing,Credit Card
506041,11820,2024-10-28,Delivered,Credit Card
506042,10973,2026-03-24,Returned,Debit Card
506043,11399,2024-07-05,Returned,Net Banking
506044,10882,2025-01-06,Delivered,UPI
506045,11191,2024-09-27,Delivered,Credit Card
506046,11816,2024-10-02,Delivered,Cash on Delivery
506047,11061,2025-06-27,Delivered,Credit Card
506048,11157,2025-11-07,Returned,Credit Card
506049,11974,2024-08-30,Delivered,Net Banking
506050,10994,2024-02-04,Delivered,Net Banking
506051,10347,2025-08-06,Delivered,Credit Card
506052,11366,2025-05-16,Delivered,Wallet
506053,11386,2025-08-24,Processing,UPI
506054,10475,2025-02-15,Delivered,UPI
506055,11458,2025-12-10,Delivered,Credit Card
506056,10128,2025-07-24,Delivered,UPI
506057,10641,2025-11-22,Shipped,UPI
506058,11711,2025-10-29,Delivered,UPI
506059,11236,2025-03-29,Delivered,Debit Card
506060,11215,2024-10-23,Delivered,Credit Card
506061,11242,2025-06-15,Returned,Cash on Delivery
506062,10330,2025-08-04,Shipped,UPI
506063,11923,2025-06-05,Shipped,Debit Card
506064,10597,2025-04-23,Delivered,UPI
506065,11573,2024-11-09,Delivered,UPI
506066,11980,2024-05-02,Delivered,Debit Card
506067,10482,2025-01-25,Delivered,UPI
506068,11269,2026-03-16,Shipped,Debit Card
506069,10085,2025-10-16,Delivered,Debit Card
506070,11273,2025-11-19,Delivered,Debit Card
506071,10883,2025-11-03,Delivered,Debit Card
506072,10145,2026-04-21,Delivered,Cash on Delivery
506073,11345,2024-07-25,Shipped,UPI
506074,11938,2025-10-19,Returned,Cash on Delivery
506075,10167,2024-03-04,Delivered,UPI
506076,11786,2024-08-11,Shipped,Credit Card
506077,11688,2024-01-27,Shipped,Cash on Delivery
506078,11096,2025-01-28,Delivered,UPI
506079,11803,2024-05-08,Delivered,Cash on Delivery
506080,10619,2024-12-19,Delivered,Debit Card
506081,11441,2024-05-02,Cancelled,Cash on Delivery
506082,11397,2024-02-02,Delivered,UPI
506083,11161,2025-03-11,Delivered,Debit Card
506084,11667,2025-01-09,Delivered,UPI
506085,11753,2025-01-15,Delivered,UPI
506086,11573,2024-11-11,Delivered,Debit Card
506087,11177,2025-01-08,Returned,Net Banking
506088,11955,2024-01-04,Delivered,Net Banking
506089,11112,2025-03-12,Cancelled,Net Banking
506090,11274,2026-02-12,Delivered,Net Banking
506091,10378,2024-05-07,Delivered,Credit Card
506092,10643,2024-05-11,Shipped,Credit Card
506093,11810,2025-12-13,Delivered,Net Banking
506094,10996,2025-04-02,Delivered,Debit Card
506095,11023,2024-08-22,Shipped,UPI
506096,11633,2025-12-17,Delivered,Credit Card
506097,10653,2024-10-23,Delivered,UPI
506098,10531,2025-07-05,Shipped,Net Banking
506099,10018,2025-05-22,Delivered,UPI
506100,10463,2024-06-03,Delivered,Debit Card
506101,11025,2025-11-20,Delivered,Net Banking
506102,11450,2025-07-18,Delivered,Wallet
506103,10659,2024-07-09,Delivered,Credit Card
506104,10889,2025-11-22,Delivered,Cash on Delivery
506105,10444,2025-07-20,Delivered,Debit Card
506106,11634,2026-02-19,Shipped,UPI
506107,11050,2026-01-18,Delivered,Credit Card
506108,10288,2024-10-17,Delivered,Credit Card
506109,11220,2026-05-05,Processing,UPI
506110,10672,2024-01-31,Shipped,Credit Card
506111,11731,2024-11-01,Shipped,UPI
506112,10537,2025-07-09,Delivered,Cash on Delivery
506113,11730,2025-05-03,Delivered,Credit Card
506114,11396,2024-07-25,Cancelled,UPI
506115,10271,2024-07-01,Delivered,Debit Card
506116,11519,2025-12-13,Delivered,Cash on Delivery
506117,11442,2026-03-10,Delivered,Cash on Delivery
506118,10913,2025-09-12,Cancelled,Cash on Delivery
506119,10322,2025-04-29,Delivered,Cash on Delivery
506120,10957,2025-12-06,Delivered,Credit Card
506121,11218,2024-08-07,Delivered,Credit Card
506122,10265,2026-06-02,Returned,Credit Card
506123,10683,2024-04-24,Delivered,Cash on Delivery
506124,11404,2025-06-17,Delivered,UPI
506125,11106,2024-11-07,Returned,Debit Card
506126,11985,2026-04-05,Delivered,UPI
506127,10434,2024-08-11,Delivered,Cash on Delivery
506128,11556,2025-08-09,Delivered,Credit Card
506129,10851,2024-05-22,Delivered,Cash on Delivery
506130,10447,2024-06-14,Delivered,Cash on Delivery
506131,11903,2025-01-15,Delivered,UPI
506132,11247,2025-12-30,Delivered,Net Banking
506133,11071,2024-09-10,Processing,Credit Card
506134,10590,2025-09-25,Delivered,Credit Card
506135,11763,2025-06-05,Delivered,UPI
506136,10061,2026-06-11,Shipped,Debit Card
506137,10231,2024-10-01,Cancelled,Credit Card
506138,10360,2024-08-10,Delivered,Net Banking
506139,11307,2026-04-04,Delivered,Net Banking
506140,10206,2024-10-31,Delivered,Credit Card
506141,11595,2024-07-14,Processing,UPI
506142,10392,2026-01-20,Processing,UPI
506143,11353,2026-01-12,Delivered,UPI
506144,11592,2024-02-27,Delivered,Wallet
506145,11758,2026-02-20,Delivered,Credit Card
506146,10586,2025-08-01,Delivered,Net Banking
506147,10150,2024-09-11,Delivered,Cash on Delivery
506148,11515,2025-05-03,Delivered,Credit Card
506149,10898,2024-08-05,Delivered,Debit Card
506150,11898,2024-06-03,Shipped,Cash on Delivery
506151,10377,2024-04-30,Returned,Debit Card
506152,11149,2024-05-30,Delivered,UPI
506153,10239,2025-06-16,Cancelled,Net Banking
506154,10971,2026-01-09,Delivered,Cash on Delivery
506155,10003,2025-03-20,Delivered,Net Banking
506156,11501,2024-01-15,Processing,Net Banking
506157,11210,2025-01-26,Delivered,Net Banking
506158,10195,2025-11-12,Delivered,Debit Card
506159,10999,2026-02-01,Delivered,UPI
506160,10857,2025-10-30,Processing,Cash on Delivery
506161,11348,2024-12-03,Delivered,UPI
506162,10998,2025-08-16,Delivered,Cash on Delivery
506163,10918,2024-03-03,Delivered,Credit Card
506164,11663,2025-01-08,Delivered,Debit Card
506165,11039,2025-05-05,Delivered,Net Banking
506166,11629,2024-01-26,Processing,Net Banking
506167,11771,2024-01-14,Delivered,UPI
506168,11697,2026-01-02,Delivered,Debit Card
506169,11912,2024-07-20,Delivered,UPI
506170,11396,2024-04-24,Cancelled,UPI
506171,11124,2025-06-24,Delivered,Credit Card
506172,11062,2024-09-13,Delivered,Wallet
506173,10410,2026-06-13,Delivered,Wallet
506174,11656,2026-05-14,Delivered,Debit Card
506175,11387,2026-01-22,Delivered,Net Banking
506176,11747,2024-10-02,Delivered,UPI
506177,11403,2026-03-10,Delivered,UPI
506178,10961,2024-08-20,Delivered,Net Banking
506179,10591,2024-08-06,Delivered,Net Banking
506180,11972,2026-06-07,Delivered,Net Banking
506181,11468,2025-09-07,Shipped,UPI
506182,11750,2024-03-19,Delivered,Credit Card
506183,11171,2026-03-20,Delivered,UPI
506184,11021,2024-05-26,Returned,Net Banking
506185,10069,2025-09-13,Delivered,Credit Card
506186,10139,2025-02-04,Delivered,Credit Card
506187,11414,2024-01-16,Delivered,Debit Card
506188,10449,2025-12-20,Returned,UPI
506189,10165,2025-09-18,Delivered,Credit Card
506190,11553,2026-03-18,Delivered,Net Banking
506191,11242,2025-07-12,Processing,Credit Card
506192,10223,2025-11-20,Delivered,Debit Card
506193,11000,2026-04-07,Delivered,Wallet
506194,10940,2026-06-10,Delivered,UPI
506195,10008,2025-05-26,Delivered,UPI
506196,11210,2024-01-16,Delivered,Debit Card
506197,10794,2024-11-11,Delivered,Debit Card
506198,11757,2025-07-19,Delivered,Wallet
506199,10232,2024-04-10,Delivered,UPI
506200,11695,2024-04-16,Delivered,Cash on Delivery
506201,10013,2024-12-26,Shipped,Credit Card
506202,11529,2026-04-11,Delivered,UPI
506203,11566,2024-10-20,Delivered,Credit Card
506204,10816,2026-05-03,Delivered,Credit Card
506205,10562,2026-01-03,Delivered,UPI
506206,10285,2024-10-03,Delivered,UPI
506207,10680,2024-07-29,Processing,Credit Card
506208,11340,2026-01-25,Delivered,Debit Card
506209,11450,2025-11-21,Delivered,UPI
506210,10363,2025-07-29,Returned,UPI
506211,10023,2026-06-12,Delivered,Credit Card
506212,11123,2024-04-01,Processing,Net Banking
506213,11162,2024-12-18,Delivered,Wallet
506214,11962,2025-07-04,Delivered,UPI
506215,11523,2024-03-06,Delivered,Wallet
506216,11101,2026-06-10,Delivered,Debit Card
506217,11184,2025-06-06,Shipped,Cash on Delivery
506218,11292,2024-10-08,Delivered,Debit Card
506219,10904,2024-08-06,Delivered,Credit Card
506220,11356,2024-01-02,Processing,Net Banking
506221,10391,2025-06-25,Delivered,Debit Card
506222,11661,2026-06-10,Delivered,Cash on Delivery
506223,11724,2024-02-03,Delivered,Cash on Delivery
506224,10870,2025-01-12,Delivered,Debit Card
506225,10914,2025-08-27,Cancelled,Debit Card
506226,10996,2025-01-28,Delivered,Credit Card
506227,11635,2025-08-17,Delivered,Debit Card
506228,10352,2025-10-12,Delivered,Debit Card
506229,10684,2026-05-31,Delivered,Debit Card
506230,11230,2025-07-05,Delivered,UPI
506231,11387,2025-10-10,Delivered,Wallet
506232,10592,2024-10-02,Delivered,Credit Card
506233,10235,2024-05-17,Delivered,UPI
506234,11016,2024-04-01,Delivered,UPI
506235,11278,2024-04-09,Delivered,UPI
506236,11534,2026-01-25,Delivered,Credit Card
506237,10006,2024-02-07,Delivered,UPI
506238,10036,2025-03-17,Shipped,UPI
506239,10774,2025-07-14,Delivered,UPI
506240,11128,2025-09-05,Delivered,UPI
506241,10008,2024-03-01,Shipped,Wallet
506242,10347,2026-02-24,Delivered,Debit Card
506243,10838,2025-02-03,Delivered,UPI
506244,10559,2024-01-17,Processing,Debit Card
506245,11422,2024-05-01,Delivered,Debit Card
506246,10070,2026-02-23,Delivered,Debit Card
506247,11777,2026-05-11,Delivered,Credit Card
506248,10339,2025-11-17,Delivered,Debit Card
506249,10882,2024-10-31,Delivered,UPI
506250,11974,2026-05-14,Delivered,UPI
506251,11326,2024-09-08,Delivered,Wallet
506252,11998,2024-08-01,Delivered,Credit Card
506253,10040,2025-11-29,Delivered,UPI
506254,11440,2024-10-21,Delivered,UPI
506255,10152,2025-04-19,Delivered,Net Banking
506256,11224,2025-08-26,Delivered,UPI
506257,10652,2024-05-31,Delivered,Credit Card
506258,11555,2026-04-25,Delivered,Credit Card
506259,10249,2024-05-31,Shipped,UPI
506260,11794,2026-06-25,Returned,Credit Card
506261,10962,2024-09-10,Delivered,UPI
506262,11039,2025-01-15,Delivered,Credit Card
506263,11143,2024-08-19,Processing,UPI
506264,10071,2025-05-07,Delivered,Wallet
506265,10621,2024-01-01,Returned,Debit Card
506266,11419,2024-06-04,Shipped,UPI
506267,11922,2025-04-19,Shipped,UPI
506268,11970,2025-09-25,Delivered,Net Banking
506269,11072,2026-05-28,Delivered,Net Banking
506270,10517,2026-02-03,Delivered,Credit Card
506271,10956,2026-04-21,Delivered,UPI
506272,10927,2025-12-30,Shipped,Debit Card
506273,10795,2025-12-09,Returned,UPI
506274,10723,2024-11-11,Delivered,UPI
506275,11737,2026-04-06,Delivered,Credit Card
506276,10781,2026-05-29,Processing,Net Banking
506277,10059,2025-04-13,Processing,Credit Card
506278,11443,2024-04-19,Processing,UPI
506279,11331,2024-02-08,Delivered,UPI
506280,10757,2025-03-26,Returned,Debit Card
506281,11260,2025-08-02,Delivered,Debit Card
506282,11883,2025-05-21,Delivered,Debit Card
506283,11849,2026-03-29,Delivered,Debit Card
506284,11580,2025-05-04,Delivered,Credit Card
506285,11167,2025-08-26,Processing,Credit Card
506286,10056,2025-11-22,Delivered,Wallet
506287,11025,2026-03-28,Delivered,Cash on Delivery
506288,11638,2025-07-10,Delivered,Credit Card
506289,11690,2025-05-23,Shipped,Debit Card
506290,11546,2024-03-11,Delivered,UPI
506291,11974,2025-08-09,Delivered,UPI
506292,11033,2024-06-13,Delivered,Credit Card
506293,10220,2024-12-02,Delivered,Net Banking
506294,10994,2025-04-30,Delivered,Cash on Delivery
506295,10638,2024-03-16,Delivered,Debit Card
506296,11672,2025-09-26,Delivered,Net Banking
506297,11555,2024-09-13,Returned,UPI
506298,10850,2025-04-14,Cancelled,Cash on Delivery
506299,10777,2024-11-15,Delivered,UPI
506300,10319,2024-11-20,Delivered,Wallet
506301,10087,2024-12-25,Delivered,UPI
506302,10626,2024-02-16,Delivered,UPI
506303,10483,2024-06-27,Delivered,Debit Card
506304,10531,2025-12-18,Processing,UPI
506305,11997,2024-04-21,Cancelled,UPI
506306,11363,2025-03-29,Delivered,Debit Card
506307,11103,2024-05-07,Shipped,Net Banking
506308,10358,2025-05-06,Processing,Credit Card
506309,11683,2025-08-10,Delivered,Debit Card
506310,11290,2025-03-04,Processing,Debit Card
506311,11030,2025-12-05,Returned,UPI
506312,10932,2024-08-30,Returned,Credit Card
506313,11106,2025-05-24,Shipped,Debit Card
506314,11680,2024-09-09,Delivered,Cash on Delivery
506315,11441,2025-04-09,Delivered,Credit Card
506316,10970,2024-02-27,Returned,Debit Card
506317,11336,2024-09-02,Delivered,Credit Card
506318,11860,2025-10-08,Delivered,Net Banking
506319,10653,2025-12-11,Delivered,Net Banking
506320,11801,2024-09-05,Delivered,Debit Card
506321,11214,2024-08-23,Delivered,UPI
506322,10371,2024-09-29,Processing,Cash on Delivery
506323,11934,2024-09-11,Delivered,Debit Card
506324,11373,2026-06-26,Delivered,Debit Card
506325,10772,2025-08-17,Delivered,Credit Card
506326,10430,2024-12-18,Delivered,UPI
506327,11832,2025-02-25,Shipped,Credit Card
506328,11647,2025-04-11,Cancelled,Debit Card
506329,10090,2025-05-19,Processing,Credit Card
506330,11272,2024-12-18,Delivered,UPI
506331,10230,2026-06-08,Processing,Net Banking
506332,10589,2024-09-21,Delivered,Credit Card
506333,11137,2025-01-25,Delivered,Net Banking
506334,10499,2024-01-06,Shipped,UPI
506335,11025,2025-03-24,Delivered,Credit Card
506336,10860,2026-02-19,Delivered,UPI
506337,11163,2026-06-29,Shipped,Net Banking
506338,11602,2025-03-07,Delivered,Debit Card
506339,10311,2024-05-07,Shipped,Credit Card
506340,11593,2025-10-19,Delivered,Wallet
506341,10445,2025-08-07,Delivered,Credit Card
506342,10067,2026-05-25,Processing,Credit Card
506343,10893,2025-04-06,Delivered,Net Banking
506344,10605,2024-01-03,Delivered,Debit Card
506345,10370,2026-04-02,Delivered,Debit Card
506346,10846,2025-09-08,Delivered,Wallet
506347,11738,2025-12-31,Delivered,Debit Card
506348,11172,2024-04-18,Shipped,UPI
506349,11456,2025-02-21,Delivered,UPI
506350,10300,2025-02-22,Delivered,Cash on Delivery
506351,10152,2024-09-01,Delivered,UPI
506352,10671,2026-02-12,Delivered,Credit Card
506353,11549,2024-06-20,Delivered,Cash on Delivery
506354,11772,2024-03-06,Returned,Net Banking
506355,10204,2024-08-01,Delivered,UPI
506356,10954,2026-06-22,Delivered,Net Banking
506357,10794,2024-04-13,Delivered,Credit Card
506358,11489,2025-06-14,Delivered,Cash on Delivery
506359,10412,2024-06-16,Delivered,Debit Card
506360,10970,2024-12-26,Delivered,Debit Card
506361,11700,2025-05-18,Delivered,UPI
506362,10930,2024-01-18,Delivered,UPI
506363,11563,2024-08-08,Delivered,Credit Card
506364,11244,2025-06-19,Processing,Net Banking
506365,11195,2024-01-14,Delivered,Debit Card
506366,10519,2025-03-27,Shipped,Cash on Delivery
506367,11985,2025-07-05,Delivered,UPI
506368,10500,2024-07-15,Delivered,Credit Card
506369,11862,2024-05-28,Delivered,Debit Card
506370,11979,2025-03-23,Delivered,Debit Card
506371,11023,2025-10-18,Cancelled,Credit Card
506372,11738,2024-01-12,Delivered,Credit Card
506373,11431,2024-11-04,Delivered,UPI
506374,11476,2026-07-01,Delivered,Debit Card
506375,10138,2024-11-02,Processing,Cash on Delivery
506376,10275,2024-10-30,Delivered,Net Banking
506377,10140,2025-11-04,Processing,Net Banking
506378,10061,2025-03-14,Delivered,Debit Card
506379,11672,2024-12-23,Delivered,Net Banking
506380,10351,2025-12-17,Processing,Net Banking
506381,10013,2024-01-29,Delivered,UPI
506382,11876,2025-10-12,Delivered,Credit Card
506383,10558,2024-12-13,Delivered,Cash on Delivery
506384,11633,2026-03-22,Cancelled,Cash on Delivery
506385,11922,2025-10-23,Shipped,Net Banking
506386,11047,2026-05-09,Delivered,Credit Card
506387,11854,2024-04-27,Processing,Net Banking
506388,11938,2024-06-21,Delivered,UPI
506389,10289,2026-04-04,Delivered,UPI
506390,10294,2024-12-22,Shipped,Debit Card
506391,10740,2026-01-14,Shipped,Debit Card
506392,11119,2025-09-19,Delivered,Credit Card
506393,11573,2025-04-01,Processing,Debit Card
506394,10367,2024-02-11,Delivered,Net Banking
506395,10387,2024-03-08,Cancelled,UPI
506396,10613,2025-10-16,Delivered,Credit Card
506397,10543,2024-03-29,Delivered,Debit Card
506398,11881,2024-01-05,Shipped,Cash on Delivery
506399,10792,2024-07-19,Delivered,Cash on Delivery
506400,11737,2026-04-14,Delivered,UPI
506401,10112,2025-07-25,Shipped,Debit Card
506402,10204,2025-10-17,Delivered,Net Banking
506403,11608,2025-08-18,Delivered,UPI
506404,10500,2025-05-31,Delivered,Debit Card
506405,10166,2024-08-22,Delivered,Credit Card
506406,11190,2025-01-26,Delivered,Debit Card
506407,10295,2025-05-12,Delivered,UPI
506408,10123,2026-06-21,Processing,Credit Card
506409,10813,2026-03-31,Delivered,Credit Card
506410,11101,2025-11-03,Processing,Credit Card
506411,11055,2026-01-12,Returned,UPI
506412,11169,2026-01-07,Delivered,Credit Card
506413,10048,2025-09-01,Returned,Debit Card
506414,10582,2026-01-23,Delivered,UPI
506415,10687,2024-03-07,Delivered,Credit Card
506416,10587,2024-01-20,Returned,UPI
506417,11119,2025-02-09,Processing,Wallet
506418,10459,2024-02-19,Delivered,UPI
506419,11264,2024-11-05,Delivered,Debit Card
506420,11872,2024-06-30,Delivered,Credit Card
506421,11322,2026-05-24,Cancelled,Credit Card
506422,10778,2025-08-21,Delivered,Cash on Delivery
506423,10870,2024-02-08,Delivered,Debit Card
506424,11171,2025-07-23,Delivered,Debit Card
506425,11448,2025-10-30,Delivered,UPI
506426,10604,2024-10-23,Delivered,UPI
506427,10077,2026-03-16,Delivered,UPI
506428,11406,2026-06-07,Delivered,Credit Card
506429,11324,2026-06-14,Delivered,Cash on Delivery
506430,10203,2024-03-26,Delivered,Credit Card
506431,11254,2025-02-13,Delivered,Credit Card
506432,10144,2025-12-10,Delivered,UPI
506433,11287,2025-02-08,Shipped,Credit Card
506434,11489,2025-03-15,Delivered,UPI
506435,10032,2024-10-26,Delivered,Credit Card
506436,11454,2025-01-17,Delivered,Wallet
506437,10241,2025-09-26,Delivered,Debit Card
506438,10531,2024-01-24,Processing,UPI
506439,11410,2025-12-30,Processing,Credit Card
506440,10711,2025-10-26,Delivered,Debit Card
506441,11955,2024-05-06,Delivered,UPI
506442,11915,2025-12-05,Delivered,Cash on Delivery
506443,11974,2025-04-21,Shipped,Debit Card
506444,10209,2024-10-18,Delivered,Credit Card
506445,10353,2025-02-19,Returned,Net Banking
506446,10367,2025-04-16,Delivered,UPI
506447,11171,2024-07-11,Returned,UPI
506448,10861,2025-07-07,Delivered,Debit Card
506449,11492,2025-07-28,Delivered,UPI
506450,10565,2024-12-01,Delivered,UPI
506451,10400,2025-02-24,Delivered,Cash on Delivery
506452,11299,2025-07-16,Returned,Net Banking
506453,11235,2025-04-04,Delivered,UPI
506454,11382,2025-01-31,Delivered,Cash on Delivery
506455,10625,2026-05-23,Returned,UPI
506456,11053,2026-03-12,Delivered,Net Banking
506457,11857,2024-12-12,Delivered,Credit Card
506458,11223,2025-10-18,Delivered,Credit Card
506459,11865,2026-01-09,Delivered,Debit Card
506460,10867,2024-04-10,Cancelled,UPI
506461,10090,2025-06-24,Delivered,Cash on Delivery
506462,11521,2025-12-31,Shipped,UPI
506463,10921,2024-02-22,Delivered,Wallet
506464,10085,2024-11-04,Delivered,UPI
506465,10278,2025-12-29,Shipped,UPI
506466,10626,2026-05-04,Shipped,UPI
506467,10382,2026-06-25,Delivered,Credit Card
506468,11369,2025-07-04,Delivered,Debit Card
506469,11223,2024-02-08,Delivered,Debit Card
506470,10660,2024-01-26,Shipped,Cash on Delivery
506471,10170,2026-01-10,Delivered,Debit Card
506472,10158,2025-11-01,Delivered,Credit Card
506473,11892,2024-06-25,Delivered,Credit Card
506474,10691,2024-04-29,Shipped,Debit Card
506475,10215,2024-05-13,Delivered,Cash on Delivery
506476,11423,2026-03-11,Delivered,Credit Card
506477,11740,2025-11-29,Shipped,Credit Card
506478,10244,2026-05-15,Delivered,Credit Card
506479,11890,2024-04-13,Delivered,UPI
506480,11450,2025-09-26,Delivered,Debit Card
506481,10505,2026-04-23,Delivered,UPI
506482,11551,2025-05-01,Cancelled,Cash on Delivery
506483,10840,2025-12-07,Delivered,UPI
506484,11271,2025-07-03,Delivered,UPI
506485,10254,2024-01-07,Delivered,UPI
506486,10489,2025-01-26,Delivered,Credit Card
506487,11547,2024-08-26,Delivered,Net Banking
506488,11611,2024-03-17,Shipped,Cash on Delivery
506489,10022,2025-06-27,Delivered,Credit Card
506490,10429,2026-04-28,Delivered,UPI
506491,11216,2024-02-19,Delivered,Net Banking
506492,11812,2024-10-27,Processing,Debit Card
506493,11349,2025-09-03,Shipped,Debit Card
506494,11414,2024-10-12,Delivered,Credit Card
506495,10778,2024-04-16,Delivered,Debit Card
506496,10110,2024-06-23,Cancelled,UPI
506497,11532,2024-01-23,Processing,UPI
506498,11599,2026-06-25,Delivered,Cash on Delivery
506499,10887,2025-03-24,Shipped,UPI
506500,11013,2026-05-10,Cancelled,Credit Card
506501,10471,2025-09-18,Delivered,UPI
506502,10906,2024-11-15,Delivered,UPI
506503,10484,2026-05-10,Delivered,Cash on Delivery
506504,10842,2024-08-25,Delivered,UPI
506505,10269,2024-06-13,Shipped,Credit Card
506506,11214,2026-01-05,Delivered,Cash on Delivery
506507,10496,2025-05-20,Delivered,UPI
506508,11450,2025-01-20,Delivered,UPI
506509,11036,2025-06-21,Shipped,Credit Card
506510,11792,2026-06-02,Delivered,UPI
506511,10443,2024-09-12,Delivered,UPI
506512,10546,2026-04-02,Delivered,Debit Card
506513,10487,2026-04-11,Processing,UPI
506514,11262,2025-11-24,Delivered,Debit Card
506515,10214,2024-05-23,Delivered,Cash on Delivery
506516,11373,2024-03-23,Shipped,UPI
506517,11639,2024-04-19,Delivered,UPI
506518,11350,2025-10-03,Shipped,UPI
506519,10270,2024-12-31,Delivered,UPI
506520,10987,2026-06-20,Processing,Credit Card
506521,11067,2024-01-06,Delivered,Credit Card
506522,10783,2024-12-06,Delivered,UPI
506523,10933,2024-08-29,Delivered,Credit Card
506524,11525,2026-03-15,Cancelled,UPI
506525,11670,2024-04-20,Processing,Debit Card
506526,10601,2025-01-07,Delivered,Credit Card
506527,10660,2026-03-02,Delivered,Net Banking
506528,10417,2026-06-05,Delivered,Debit Card
506529,10804,2026-04-16,Delivered,Credit Card
506530,11092,2025-08-19,Delivered,Debit Card
506531,11428,2024-05-28,Processing,UPI
506532,10536,2024-03-29,Delivered,Debit Card
506533,10433,2025-01-10,Processing,Credit Card
506534,10067,2025-03-13,Delivered,Credit Card
506535,10188,2025-04-14,Processing,Debit Card
506536,10104,2024-02-15,Delivered,Debit Card
506537,10415,2025-09-08,Delivered,Net Banking
506538,11391,2024-12-26,Processing,UPI
506539,11549,2024-04-09,Delivered,Credit Card
506540,11947,2026-04-15,Processing,UPI
506541,11091,2024-11-21,Shipped,UPI
506542,10910,2024-07-31,Returned,UPI
506543,11799,2025-03-25,Processing,Debit Card
506544,10295,2026-05-17,Delivered,Debit Card
506545,11261,2026-01-22,Delivered,Cash on Delivery
506546,11637,2024-04-01,Shipped,Debit Card
506547,11006,2025-09-18,Delivered,Net Banking
506548,10523,2025-08-29,Delivered,Cash on Delivery
506549,11242,2026-03-19,Delivered,UPI
506550,11992,2026-05-31,Delivered,Net Banking
506551,10472,2025-11-11,Delivered,Credit Card
506552,11127,2025-08-20,Delivered,UPI
506553,10102,2024-11-18,Returned,Wallet
506554,10466,2026-03-31,Processing,UPI
506555,11535,2026-05-11,Delivered,Cash on Delivery
506556,10993,2026-06-23,Delivered,Cash on Delivery
506557,10399,2026-05-21,Shipped,Cash on Delivery
506558,10671,2025-08-09,Delivered,Debit Card
506559,10242,2026-05-23,Delivered,Debit Card
506560,11559,2025-12-15,Shipped,Credit Card
506561,11886,2024-08-07,Delivered,Credit Card
506562,10212,2024-01-30,Delivered,Cash on Delivery
506563,10476,2026-06-14,Delivered,Credit Card
506564,11715,2025-01-25,Delivered,Credit Card
506565,11758,2026-03-08,Delivered,Wallet
506566,11535,2024-09-20,Delivered,Credit Card
506567,11431,2024-11-25,Returned,Cash on Delivery
506568,11723,2026-01-22,Shipped,UPI
506569,10747,2025-04-24,Delivered,UPI
506570,11790,2025-09-10,Delivered,Debit Card
506571,11774,2024-10-19,Delivered,Credit Card
506572,10460,2025-07-14,Delivered,Net Banking
506573,10147,2025-03-20,Delivered,UPI
506574,11043,2026-04-30,Delivered,UPI
506575,11517,2025-03-25,Delivered,Cash on Delivery
506576,11700,2024-03-22,Delivered,Credit Card
506577,10285,2025-11-03,Delivered,Credit Card
506578,10755,2026-05-20,Delivered,UPI
506579,11536,2026-03-17,Returned,Cash on Delivery
506580,10121,2024-04-01,Delivered,Cash on Delivery
506581,11446,2026-06-30,Returned,Credit Card
506582,10584,2024-11-12,Delivered,UPI
506583,10045,2026-01-31,Delivered,Wallet
506584,10484,2025-07-29,Processing,Cash on Delivery
506585,11484,2026-06-07,Delivered,Debit Card
506586,11741,2024-11-07,Delivered,Debit Card
506587,10163,2025-07-08,Cancelled,Credit Card
506588,10928,2025-09-15,Delivered,UPI
506589,10403,2024-05-21,Cancelled,Debit Card
506590,11368,2025-12-08,Delivered,Debit Card
506591,11562,2024-05-10,Shipped,Debit Card
506592,11925,2026-01-26,Delivered,Net Banking
506593,10710,2024-04-25,Delivered,Credit Card
506594,10599,2024-06-12,Cancelled,Cash on Delivery
506595,10620,2025-03-27,Delivered,UPI
506596,11523,2024-06-15,Shipped,Wallet
506597,10891,2024-03-11,Processing,UPI
506598,10046,2024-02-17,Processing,UPI
506599,11896,2024-09-18,Delivered,Debit Card
506600,10209,2025-03-24,Delivered,UPI
506601,11857,2024-02-10,Cancelled,UPI
506602,10324,2024-05-05,Delivered,Net Banking
506603,11077,2025-07-12,Delivered,Credit Card
506604,10625,2024-10-17,Delivered,Net Banking
506605,11374,2025-11-22,Delivered,UPI
506606,10806,2026-02-06,Returned,Credit Card
506607,10735,2024-01-28,Delivered,Credit Card
506608,10955,2026-05-16,Shipped,Credit Card
506609,11942,2025-09-16,Delivered,Credit Card
506610,10491,2026-01-20,Delivered,Credit Card
506611,10440,2025-03-12,Delivered,Credit Card
506612,10133,2024-01-01,Processing,UPI
506613,11478,2026-03-19,Delivered,Debit Card
506614,11356,2025-06-02,Delivered,Credit Card
506615,11218,2024-02-03,Delivered,Credit Card
506616,10048,2024-06-01,Delivered,UPI
506617,11582,2024-07-07,Delivered,Cash on Delivery
506618,11619,2024-12-09,Delivered,UPI
506619,11891,2025-02-07,Delivered,Cash on Delivery
506620,11859,2025-01-25,Delivered,UPI
506621,10527,2026-03-03,Delivered,Wallet
506622,11421,2026-05-10,Shipped,Credit Card
506623,10806,2025-09-11,Processing,Debit Card
506624,11192,2025-08-01,Processing,Credit Card
506625,10665,2026-02-27,Shipped,Cash on Delivery
506626,11315,2024-09-01,Delivered,Credit Card
506627,11906,2025-05-24,Delivered,Net Banking
506628,11305,2025-08-09,Delivered,UPI
506629,11842,2024-09-17,Delivered,Debit Card
506630,11864,2026-05-19,Shipped,Net Banking
506631,10238,2024-08-03,Delivered,Credit Card
506632,11929,2024-02-24,Delivered,Debit Card
506633,11637,2024-10-22,Delivered,Net Banking
506634,10854,2026-01-14,Delivered,Credit Card
506635,11201,2024-12-07,Delivered,UPI
506636,11235,2024-07-17,Delivered,Credit Card
506637,11573,2026-03-07,Delivered,Net Banking
506638,11606,2024-05-19,Cancelled,UPI
506639,10205,2024-05-24,Shipped,Debit Card
506640,10003,2026-03-31,Delivered,UPI
506641,10493,2024-10-20,Processing,Cash on Delivery
506642,11055,2024-01-02,Delivered,Debit Card
506643,11699,2025-01-30,Delivered,Credit Card
506644,11306,2025-11-07,Delivered,Net Banking
506645,10272,2025-11-22,Delivered,Net Banking
506646,11435,2024-03-20,Delivered,UPI
506647,10937,2024-09-13,Delivered,Credit Card
506648,10738,2025-07-18,Processing,Credit Card
506649,11544,2025-08-25,Delivered,Credit Card
506650,10592,2025-07-20,Delivered,Credit Card
506651,11238,2024-11-04,Delivered,Credit Card
506652,10365,2026-02-26,Shipped,UPI
506653,10764,2024-03-12,Delivered,UPI
506654,11116,2026-01-21,Delivered,UPI
506655,11247,2026-05-08,Delivered,UPI
506656,11839,2025-09-17,Delivered,Credit Card
506657,10581,2025-01-27,Delivered,UPI
506658,11792,2024-12-13,Processing,UPI
506659,11634,2025-02-01,Delivered,Cash on Delivery
506660,10720,2024-05-31,Delivered,Debit Card
506661,10281,2024-07-21,Shipped,Cash on Delivery
506662,10516,2025-08-03,Processing,Wallet
506663,11316,2025-05-17,Delivered,Debit Card
506664,11578,2025-03-29,Delivered,Net Banking
506665,11225,2025-03-09,Returned,UPI
506666,11450,2024-03-12,Delivered,Debit Card
506667,10204,2026-03-03,Delivered,Debit Card
506668,11011,2026-05-22,Delivered,Debit Card
506669,11748,2024-08-11,Delivered,UPI
506670,10779,2024-10-14,Delivered,Cash on Delivery
506671,11798,2025-07-29,Returned,Credit Card
506672,10248,2024-01-02,Delivered,Net Banking
506673,11958,2024-04-03,Delivered,Wallet
506674,11571,2026-04-03,Delivered,Cash on Delivery
506675,11253,2024-06-06,Delivered,Credit Card
506676,11235,2025-06-10,Shipped,Credit Card
506677,11873,2026-03-16,Returned,Debit Card
506678,10754,2025-10-31,Shipped,Debit Card
506679,10330,2024-09-05,Returned,Credit Card
506680,11838,2024-05-19,Delivered,Debit Card
506681,10206,2025-10-17,Delivered,Cash on Delivery
506682,11320,2025-01-04,Delivered,Credit Card
506683,10532,2026-06-02,Shipped,UPI
506684,11859,2025-08-11,Delivered,Debit Card
506685,11948,2024-01-11,Delivered,Debit Card
506686,10949,2024-08-17,Delivered,Cash on Delivery
506687,11067,2025-11-10,Delivered,Net Banking
506688,10910,2025-10-02,Delivered,Credit Card
506689,10851,2025-11-08,Cancelled,Debit Card
506690,11875,2024-08-01,Delivered,Cash on Delivery
506691,10575,2024-08-15,Delivered,Credit Card
506692,11920,2024-07-09,Delivered,UPI
506693,11301,2025-09-27,Delivered,Debit Card
506694,11922,2024-01-11,Delivered,UPI
506695,11225,2026-01-13,Delivered,Cash on Delivery
506696,11638,2024-09-14,Delivered,UPI
506697,10980,2025-03-21,Delivered,Credit Card
506698,10925,2024-08-13,Processing,Wallet
506699,10515,2025-01-23,Delivered,UPI
506700,10421,2025-11-28,Shipped,UPI
506701,10076,2024-06-30,Delivered,UPI
506702,10767,2025-06-04,Delivered,Wallet
506703,11976,2024-02-22,Delivered,Wallet
506704,11877,2024-06-11,Delivered,Credit Card
506705,11381,2025-09-16,Delivered,Net Banking
506706,10728,2025-06-02,Delivered,Net Banking
506707,11041,2025-07-12,Delivered,UPI
506708,11514,2024-07-24,Cancelled,UPI
506709,10005,2024-07-07,Cancelled,Cash on Delivery
506710,11847,2025-01-23,Delivered,UPI
506711,11741,2024-04-27,Shipped,Debit Card
506712,11941,2026-03-21,Returned,UPI
506713,10189,2024-09-01,Delivered,Debit Card
506714,11896,2025-10-18,Delivered,UPI
506715,11227,2024-05-23,Delivered,UPI
506716,11111,2025-08-17,Cancelled,UPI
506717,10360,2024-07-05,Processing,Wallet
506718,10984,2024-09-13,Delivered,UPI
506719,10727,2025-01-11,Shipped,Credit Card
506720,11976,2024-04-23,Delivered,Credit Card
506721,10680,2024-04-23,Delivered,Credit Card
506722,10437,2025-11-18,Delivered,Net Banking
506723,11893,2024-11-11,Shipped,Credit Card
506724,10376,2025-06-02,Delivered,Debit Card
506725,11809,2025-08-13,Delivered,Debit Card
506726,11927,2025-07-22,Shipped,Cash on Delivery
506727,10615,2025-07-26,Delivered,Net Banking
506728,11379,2026-06-09,Processing,UPI
506729,11594,2025-07-29,Delivered,Net Banking
506730,11073,2024-11-14,Delivered,Net Banking
506731,11394,2024-09-16,Delivered,Cash on Delivery
506732,10265,2026-01-01,Returned,Wallet
506733,11033,2025-01-20,Cancelled,Net Banking
506734,11027,2025-05-25,Delivered,Credit Card
506735,11133,2026-01-14,Delivered,Credit Card
506736,11889,2024-08-02,Processing,Cash on Delivery
506737,11650,2024-07-22,Delivered,Cash on Delivery
506738,11206,2024-02-18,Delivered,UPI
506739,10807,2024-03-07,Processing,Debit Card
506740,10810,2025-07-16,Delivered,UPI
506741,10041,2025-04-04,Cancelled,UPI
506742,11103,2024-09-28,Delivered,Credit Card
506743,10505,2024-07-12,Cancelled,Credit Card
506744,11773,2025-09-26,Returned,Net Banking
506745,11548,2024-03-18,Delivered,UPI
506746,11826,2025-10-01,Delivered,Debit Card
506747,11992,2026-04-06,Delivered,Debit Card
506748,10801,2025-02-19,Cancelled,Net Banking
506749,10857,2025-03-27,Delivered,UPI
506750,11217,2025-05-04,Delivered,Credit Card
506751,10862,2024-03-27,Processing,Debit Card
506752,10559,2025-07-26,Delivered,Net Banking
506753,11415,2024-11-29,Delivered,Credit Card
506754,10903,2025-03-03,Delivered,Credit Card
506755,11884,2024-01-21,Returned,Wallet
506756,10440,2026-03-12,Delivered,Credit Card
506757,10888,2024-10-31,Cancelled,UPI
506758,11063,2024-03-10,Delivered,Wallet
506759,11816,2025-12-15,Cancelled,Net Banking
506760,11157,2026-06-13,Delivered,UPI
506761,10139,2025-04-19,Delivered,Cash on Delivery
506762,10676,2024-01-31,Processing,UPI
506763,11773,2026-06-24,Shipped,Cash on Delivery
506764,10545,2024-07-08,Delivered,Debit Card
506765,10682,2024-08-07,Delivered,Credit Card
506766,10303,2025-10-08,Delivered,Cash on Delivery
506767,11439,2024-10-30,Delivered,Net Banking
506768,10280,2024-03-18,Shipped,UPI
506769,10736,2025-09-15,Returned,Net Banking
506770,11423,2024-08-27,Delivered,Net Banking
506771,11791,2026-02-25,Delivered,Debit Card
506772,10444,2024-05-20,Delivered,UPI
506773,10665,2026-04-07,Delivered,UPI
506774,10236,2025-10-22,Delivered,Wallet
506775,10876,2024-08-06,Processing,Credit Card
506776,11998,2025-06-12,Delivered,Credit Card
506777,10609,2026-05-06,Delivered,Debit Card
506778,10520,2024-02-28,Shipped,UPI
506779,10800,2026-01-18,Delivered,UPI
506780,11793,2025-02-24,Delivered,UPI
506781,11095,2026-05-16,Delivered,UPI
506782,11219,2024-07-09,Delivered,Cash on Delivery
506783,11562,2025-10-18,Delivered,UPI
506784,11431,2026-06-02,Delivered,UPI
506785,11198,2024-11-09,Delivered,Debit Card
506786,11122,2024-04-08,Delivered,Cash on Delivery
506787,11067,2024-12-23,Delivered,UPI
506788,10362,2025-06-30,Delivered,UPI
506789,10829,2025-07-29,Delivered,Net Banking
506790,11695,2025-03-15,Delivered,Credit Card
506791,10079,2026-05-01,Delivered,Debit Card
506792,11656,2025-06-11,Delivered,UPI
506793,11132,2025-08-07,Delivered,Cash on Delivery
506794,10700,2026-05-23,Returned,Debit Card
506795,10229,2026-05-07,Delivered,Cash on Delivery
506796,11528,2024-11-07,Delivered,Wallet
506797,10002,2024-09-18,Delivered,Net Banking
506798,11087,2025-11-14,Delivered,UPI
506799,10325,2025-04-24,Shipped,Net Banking
506800,11819,2025-02-12,Shipped,Debit Card
506801,10365,2025-09-29,Returned,UPI
506802,11606,2025-08-26,Delivered,UPI
506803,11149,2026-04-14,Delivered,UPI
506804,10082,2024-11-29,Shipped,Cash on Delivery
506805,11441,2025-11-19,Delivered,Net Banking
506806,11759,2024-07-26,Delivered,Net Banking
506807,10443,2026-05-05,Delivered,Net Banking
506808,11938,2024-03-17,Delivered,Debit Card
506809,11597,2025-11-15,Processing,Cash on Delivery
506810,11485,2024-04-02,Processing,UPI
506811,10673,2026-03-14,Delivered,UPI
506812,10240,2026-05-25,Delivered,Debit Card
506813,10859,2026-01-16,Shipped,Net Banking
506814,11615,2025-12-20,Delivered,Cash on Delivery
506815,11174,2025-03-12,Processing,Wallet
506816,11295,2024-08-11,Delivered,Net Banking
506817,11563,2026-06-18,Returned,UPI
506818,10678,2025-04-28,Delivered,UPI
506819,10075,2026-01-15,Delivered,Credit Card
506820,11769,2025-10-14,Processing,Debit Card
506821,11227,2025-10-02,Cancelled,Credit Card
506822,11132,2024-11-17,Cancelled,UPI
506823,11147,2025-01-24,Delivered,Credit Card
506824,11706,2025-02-05,Shipped,Net Banking
506825,11539,2025-07-04,Delivered,UPI
506826,11341,2025-10-17,Delivered,Debit Card
506827,11565,2024-06-30,Delivered,UPI
506828,10578,2024-07-26,Delivered,Debit Card
506829,11424,2024-02-14,Cancelled,Net Banking
506830,11951,2025-04-25,Processing,UPI
506831,10470,2025-09-02,Delivered,Net Banking
506832,11143,2024-07-10,Delivered,Debit Card
506833,11363,2025-10-11,Delivered,Credit Card
506834,11034,2024-01-03,Delivered,Cash on Delivery
506835,11938,2026-03-02,Delivered,Net Banking
506836,10808,2025-09-22,Cancelled,Debit Card
506837,10436,2025-09-15,Delivered,UPI
506838,10273,2025-10-07,Delivered,Credit Card
506839,11699,2024-11-23,Shipped,Credit Card
506840,11373,2026-06-28,Delivered,UPI
506841,11156,2025-11-12,Delivered,Debit Card
506842,10862,2024-06-14,Delivered,Cash on Delivery
506843,10820,2026-04-22,Delivered,UPI
506844,11870,2025-11-06,Delivered,Net Banking
506845,11361,2024-10-10,Shipped,Debit Card
506846,11931,2026-05-15,Delivered,Debit Card
506847,11604,2024-08-14,Processing,Cash on Delivery
506848,11536,2025-08-11,Cancelled,Credit Card
506849,11108,2025-09-03,Processing,Debit Card
506850,10485,2026-05-29,Returned,UPI
506851,11308,2025-06-04,Cancelled,Credit Card
506852,11432,2026-06-26,Processing,Credit Card
506853,11044,2024-09-16,Delivered,UPI
506854,10041,2026-01-01,Delivered,UPI
506855,11921,2024-08-12,Shipped,UPI
506856,11653,2026-07-01,Processing,UPI
506857,10705,2025-11-28,Processing,Credit Card
506858,10988,2025-07-25,Delivered,UPI
506859,10247,2024-03-01,Processing,UPI
506860,11874,2025-03-29,Shipped,Debit Card
506861,10462,2024-05-11,Delivered,Debit Card
506862,10756,2026-04-17,Delivered,Wallet
506863,10858,2024-12-12,Delivered,Cash on Delivery
506864,10527,2026-01-28,Delivered,Cash on Delivery
506865,11270,2026-04-07,Delivered,Debit Card
506866,11991,2024-04-10,Delivered,UPI
506867,11711,2025-11-24,Delivered,UPI
506868,11062,2024-10-03,Cancelled,Wallet
506869,10262,2024-04-09,Delivered,Wallet
506870,11727,2024-08-25,Shipped,Credit Card
506871,10514,2025-05-17,Delivered,Debit Card
506872,11823,2026-02-19,Processing,UPI
506873,10791,2025-09-23,Delivered,UPI
506874,11037,2024-07-31,Delivered,Debit Card
506875,10874,2024-09-27,Delivered,UPI
506876,10912,2024-10-04,Delivered,Credit Card
506877,10330,2025-11-03,Delivered,Net Banking
506878,11106,2025-04-18,Shipped,Net Banking
506879,10806,2024-01-22,Processing,Cash on Delivery
506880,11696,2024-03-10,Delivered,UPI
506881,10955,2024-03-10,Cancelled,Credit Card
506882,11930,2026-05-27,Delivered,Debit Card
506883,10594,2025-04-05,Delivered,Debit Card
506884,10657,2025-03-24,Delivered,Wallet
506885,10074,2025-11-25,Delivered,UPI
506886,11478,2024-06-22,Delivered,UPI
506887,10147,2024-01-29,Processing,Credit Card
506888,10571,2024-09-04,Delivered,Credit Card
506889,11822,2024-07-09,Returned,Credit Card
506890,11222,2025-12-29,Delivered,Credit Card
506891,11118,2026-01-17,Delivered,UPI
506892,11610,2025-08-01,Delivered,Credit Card
506893,11543,2026-04-10,Delivered,Debit Card
506894,11773,2025-02-28,Delivered,UPI
506895,11331,2024-08-07,Shipped,Cash on Delivery
506896,10898,2024-10-29,Shipped,Debit Card
506897,10262,2024-05-09,Delivered,UPI
506898,10740,2026-04-02,Delivered,UPI
506899,11411,2025-07-05,Delivered,UPI
506900,10507,2025-12-06,Delivered,UPI
506901,11342,2024-09-14,Shipped,Debit Card
506902,10267,2025-10-17,Delivered,Wallet
506903,10121,2024-10-28,Processing,UPI
506904,10730,2025-02-11,Returned,Credit Card
506905,10460,2025-08-18,Delivered,Cash on Delivery
506906,11744,2026-06-14,Cancelled,Credit Card
506907,10757,2025-05-24,Shipped,Credit Card
506908,10838,2025-10-10,Delivered,Credit Card
506909,10808,2025-06-26,Processing,UPI
506910,10635,2025-01-21,Delivered,UPI
506911,11836,2026-05-01,Shipped,Wallet
506912,11479,2026-05-26,Shipped,Debit Card
506913,10318,2024-10-10,Processing,Credit Card
506914,10432,2026-03-28,Shipped,Wallet
506915,10163,2025-02-15,Processing,Credit Card
506916,10513,2025-11-06,Delivered,UPI
506917,11314,2025-04-17,Returned,Wallet
506918,11872,2025-12-01,Delivered,Debit Card
506919,10964,2026-03-06,Shipped,Net Banking
506920,10164,2025-01-21,Processing,UPI
506921,10095,2025-10-01,Delivered,Credit Card
506922,10830,2025-04-08,Delivered,Wallet
506923,10530,2025-12-30,Processing,UPI
506924,11154,2024-06-23,Cancelled,Cash on Delivery
506925,10237,2025-10-27,Shipped,Net Banking
506926,10461,2025-06-27,Delivered,Credit Card
506927,11112,2025-02-16,Delivered,Cash on Delivery
506928,10563,2024-12-03,Delivered,Cash on Delivery
506929,10730,2025-10-02,Delivered,Cash on Delivery
506930,10444,2024-11-13,Processing,Credit Card
506931,10104,2024-01-31,Delivered,Debit Card
506932,10691,2026-05-15,Delivered,Credit Card
506933,10660,2025-02-12,Delivered,UPI
506934,11798,2024-05-30,Cancelled,Cash on Delivery
506935,11786,2024-07-25,Delivered,Wallet
506936,10864,2026-01-27,Delivered,UPI
506937,10576,2024-10-29,Delivered,Debit Card
506938,10836,2024-09-13,Delivered,Wallet
506939,11216,2025-03-20,Delivered,Debit Card
506940,10774,2024-01-27,Shipped,UPI
506941,11513,2025-05-26,Delivered,UPI
506942,11929,2024-02-06,Delivered,Credit Card
506943,10807,2026-02-01,Delivered,Cash on Delivery
506944,10235,2025-01-26,Delivered,UPI
506945,10242,2024-07-18,Delivered,Credit Card
506946,11744,2025-02-18,Shipped,Net Banking
506947,10833,2024-06-09,Delivered,Net Banking
506948,10655,2024-10-19,Delivered,Wallet
506949,11239,2024-04-29,Shipped,Cash on Delivery
506950,11914,2025-09-02,Cancelled,Debit Card
506951,10850,2026-06-10,Delivered,Cash on Delivery
506952,10631,2025-03-19,Delivered,Debit Card
506953,11726,2024-03-31,Cancelled,Debit Card
506954,10166,2024-03-08,Delivered,UPI
506955,11689,2026-01-29,Returned,Credit Card
506956,11041,2024-11-13,Processing,UPI
506957,10041,2024-09-27,Delivered,Cash on Delivery
506958,10456,2024-04-03,Delivered,UPI
506959,11359,2025-08-28,Returned,Credit Card
506960,11506,2024-02-27,Delivered,Wallet
506961,10392,2026-04-05,Delivered,Net Banking
506962,11315,2024-07-09,Delivered,Net Banking
506963,11979,2024-03-04,Delivered,Net Banking
506964,11373,2025-10-01,Processing,UPI
506965,11405,2024-11-19,Delivered,Credit Card
506966,10387,2025-09-27,Delivered,Net Banking
506967,11275,2024-02-06,Delivered,Cash on Delivery
506968,11418,2026-02-25,Delivered,Credit Card
506969,10222,2024-10-09,Delivered,UPI
506970,10623,2025-11-21,Shipped,UPI
506971,11766,2026-05-04,Delivered,Debit Card
506972,11998,2025-05-03,Delivered,Credit Card
506973,10347,2024-10-31,Returned,UPI
506974,11464,2024-10-12,Delivered,Credit Card
506975,11004,2025-09-18,Delivered,Debit Card
506976,11181,2024-01-06,Delivered,Debit Card
506977,11022,2024-05-14,Delivered,Credit Card
506978,11735,2025-08-13,Delivered,Credit Card
506979,10891,2024-01-24,Delivered,Credit Card
506980,11179,2024-09-21,Processing,Debit Card
506981,11339,2025-08-14,Delivered,Credit Card
506982,11106,2024-08-16,Delivered,Cash on Delivery
506983,11760,2026-04-29,Shipped,Credit Card
506984,10475,2026-06-09,Shipped,Net Banking
506985,11897,2024-01-31,Delivered,Credit Card
506986,11357,2024-06-08,Returned,Debit Card
506987,11921,2026-04-08,Delivered,Debit Card
506988,10750,2024-01-30,Delivered,UPI
506989,10958,2025-03-20,Delivered,Credit Card
506990,10087,2026-05-16,Delivered,UPI
506991,11848,2025-06-21,Delivered,Credit Card
506992,11633,2024-10-06,Delivered,Cash on Delivery
506993,10593,2024-01-06,Delivered,Debit Card
506994,10104,2024-12-25,Cancelled,Net Banking
506995,11394,2025-05-09,Processing,Credit Card
506996,11345,2024-03-14,Shipped,Credit Card
506997,11056,2025-04-27,Delivered,Net Banking
506998,10314,2025-01-03,Shipped,UPI
506999,11837,2024-10-24,Delivered,UPI
507000,10866,2026-06-06,Delivered,UPI
507001,11450,2026-03-26,Delivered,UPI
507002,11719,2025-09-25,Delivered,Wallet
507003,11097,2025-06-23,Delivered,UPI
507004,10189,2025-03-08,Delivered,UPI
507005,11776,2024-03-05,Delivered,UPI
507006,11335,2024-10-07,Delivered,UPI
507007,11789,2024-01-10,Shipped,Credit Card
507008,11226,2024-11-30,Delivered,UPI
507009,11815,2025-03-08,Delivered,UPI
507010,11736,2025-07-12,Delivered,UPI
507011,10432,2024-11-20,Delivered,Net Banking
507012,10346,2024-08-20,Shipped,Debit Card
507013,10321,2025-10-10,Delivered,Net Banking
507014,11600,2024-05-18,Delivered,UPI
507015,10481,2024-04-24,Returned,Credit Card
507016,10901,2025-09-27,Delivered,Wallet
507017,11576,2025-06-18,Delivered,UPI
507018,10858,2026-03-04,Delivered,Credit Card
507019,10124,2025-11-05,Delivered,Credit Card
507020,10724,2026-04-03,Delivered,UPI
507021,10190,2025-08-29,Delivered,Debit Card
507022,10772,2026-02-07,Delivered,Debit Card
507023,11474,2024-06-03,Delivered,Credit Card
507024,11040,2025-04-29,Delivered,Credit Card
507025,11350,2026-05-12,Delivered,Credit Card
507026,10214,2025-12-21,Delivered,Credit Card
507027,11501,2025-01-03,Delivered,Cash on Delivery
507028,10851,2026-04-25,Delivered,Net Banking
507029,10574,2024-10-12,Delivered,Credit Card
507030,11304,2024-01-22,Delivered,UPI
507031,10270,2025-12-28,Shipped,Net Banking
507032,10997,2025-01-11,Processing,UPI
507033,10845,2024-02-01,Delivered,Cash on Delivery
507034,10332,2024-07-05,Processing,Cash on Delivery
507035,11905,2024-03-06,Delivered,UPI
507036,10727,2026-06-29,Delivered,Net Banking
507037,10082,2026-02-12,Delivered,UPI
507038,10886,2026-04-28,Delivered,UPI
507039,11934,2024-06-15,Processing,Wallet
507040,11338,2026-01-02,Delivered,Net Banking
507041,11274,2025-05-29,Delivered,Credit Card
507042,11802,2024-09-27,Processing,Cash on Delivery
507043,10168,2025-09-02,Delivered,UPI
507044,11101,2026-05-19,Delivered,Net Banking
507045,10642,2025-02-24,Delivered,Wallet
507046,11353,2024-01-27,Returned,Net Banking
507047,11706,2026-02-08,Delivered,Credit Card
507048,10155,2024-06-20,Shipped,Credit Card
507049,10317,2024-06-15,Delivered,Cash on Delivery
507050,11909,2025-07-17,Returned,Credit Card
507051,10984,2025-12-30,Returned,Cash on Delivery
507052,10631,2025-12-25,Processing,Credit Card
507053,10305,2026-03-03,Delivered,UPI
507054,10709,2026-03-17,Delivered,UPI
507055,10010,2024-04-27,Processing,Credit Card
507056,10446,2024-10-01,Delivered,UPI
507057,10367,2025-10-19,Processing,Credit Card
507058,10170,2024-12-22,Processing,Cash on Delivery
507059,11939,2025-10-15,Delivered,UPI
507060,11581,2025-02-19,Delivered,Debit Card
507061,11881,2025-02-16,Delivered,Credit Card
507062,10481,2024-01-25,Shipped,Debit Card
507063,10577,2025-07-09,Delivered,Credit Card
507064,10566,2026-02-27,Delivered,Cash on Delivery
507065,11118,2026-01-17,Shipped,Credit Card
507066,10364,2024-11-04,Delivered,Credit Card
507067,10471,2025-09-09,Delivered,UPI
507068,11950,2024-06-30,Delivered,Credit Card
507069,10705,2025-08-01,Delivered,UPI
507070,11563,2025-01-08,Delivered,Debit Card
507071,10458,2026-04-26,Shipped,Credit Card
507072,11860,2025-10-10,Processing,Net Banking
507073,11388,2024-03-07,Shipped,Credit Card
507074,11724,2026-03-06,Returned,Debit Card
507075,11033,2025-10-23,Delivered,UPI
507076,11813,2024-07-15,Delivered,Net Banking
507077,10726,2024-09-14,Delivered,Wallet
507078,10959,2024-06-06,Shipped,Credit Card
507079,10124,2024-10-10,Delivered,UPI
507080,10342,2026-05-11,Cancelled,Debit Card
507081,11543,2026-04-03,Delivered,UPI
507082,10654,2025-05-17,Processing,Credit Card
507083,10205,2024-11-26,Delivered,UPI
507084,10585,2024-11-29,Shipped,Credit Card
507085,10706,2026-05-23,Delivered,Cash on Delivery
507086,11435,2024-06-30,Delivered,UPI
507087,10182,2025-11-22,Shipped,Credit Card
507088,10052,2026-06-27,Delivered,UPI
507089,11449,2026-02-19,Processing,UPI
507090,10285,2025-10-18,Shipped,Debit Card
507091,10840,2026-04-01,Shipped,Net Banking
507092,11366,2024-07-17,Delivered,Cash on Delivery
507093,11029,2026-06-17,Delivered,UPI
507094,10247,2024-03-24,Delivered,UPI
507095,11445,2024-01-13,Delivered,Credit Card
507096,10097,2024-06-30,Delivered,Debit Card
507097,10465,2025-07-09,Returned,Net Banking
507098,10219,2024-08-14,Returned,Net Banking
507099,11026,2025-08-01,Delivered,Cash on Delivery
507100,11382,2024-04-11,Shipped,UPI
507101,11300,2025-09-28,Delivered,Wallet
507102,10279,2024-07-28,Delivered,Wallet
507103,10687,2025-04-22,Delivered,UPI
507104,10293,2024-04-16,Processing,Credit Card
507105,10686,2026-06-04,Cancelled,Net Banking
507106,10461,2024-12-10,Delivered,Credit Card
507107,11481,2025-07-06,Delivered,UPI
507108,11502,2025-03-19,Delivered,Credit Card
507109,11637,2025-06-27,Delivered,Debit Card
507110,10401,2025-02-19,Delivered,Cash on Delivery
507111,10027,2024-03-07,Processing,Cash on Delivery
507112,10071,2026-01-27,Cancelled,Wallet
507113,11687,2025-08-09,Delivered,Credit Card
507114,11812,2024-08-19,Processing,Net Banking
507115,10424,2024-03-17,Shipped,UPI
507116,11753,2026-03-20,Delivered,Credit Card
507117,11060,2024-10-30,Processing,Cash on Delivery
507118,10370,2026-04-09,Delivered,Cash on Delivery
507119,10626,2025-11-30,Delivered,Debit Card
507120,10531,2026-05-26,Delivered,UPI
507121,11528,2025-08-25,Shipped,UPI
507122,10378,2024-06-14,Delivered,Debit Card
507123,10367,2024-02-02,Delivered,Credit Card
507124,11440,2024-08-12,Delivered,Credit Card
507125,10605,2025-02-05,Delivered,Cash on Delivery
507126,10501,2025-07-23,Delivered,UPI
507127,11616,2026-03-28,Delivered,Credit Card
507128,11863,2024-05-08,Processing,UPI
507129,11111,2025-08-02,Delivered,UPI
507130,11656,2024-03-19,Delivered,UPI
507131,11683,2025-03-15,Processing,UPI
507132,11177,2024-03-08,Processing,Credit Card
507133,11660,2024-12-07,Delivered,Credit Card
507134,10018,2025-07-07,Delivered,Credit Card
507135,10071,2025-11-05,Delivered,Cash on Delivery
507136,11768,2026-01-04,Delivered,Credit Card
507137,10281,2025-04-23,Shipped,Debit Card
507138,11456,2024-08-24,Delivered,Debit Card
507139,10841,2026-04-13,Delivered,Credit Card
507140,11576,2026-05-02,Delivered,Credit Card
507141,11331,2026-06-02,Delivered,Cash on Delivery
507142,10144,2025-12-24,Delivered,Credit Card
507143,10674,2025-12-11,Processing,Debit Card
507144,11418,2024-03-11,Delivered,Debit Card
507145,11844,2025-06-06,Delivered,Cash on Delivery
507146,11610,2025-01-06,Shipped,Debit Card
507147,11784,2024-08-24,Delivered,Credit Card
507148,11914,2024-03-03,Delivered,Credit Card
507149,11789,2024-07-13,Delivered,Net Banking
507150,11161,2026-04-15,Delivered,Credit Card
507151,10673,2026-04-09,Delivered,Cash on Delivery
507152,11017,2025-11-09,Delivered,Cash on Delivery
507153,11592,2024-04-02,Shipped,UPI
507154,10851,2025-09-18,Shipped,Credit Card
507155,11662,2024-04-25,Delivered,Cash on Delivery
507156,11403,2025-09-15,Delivered,UPI
507157,10419,2024-01-31,Processing,Credit Card
507158,11842,2024-09-17,Delivered,UPI
507159,11693,2024-04-21,Delivered,UPI
507160,11200,2026-05-02,Shipped,Credit Card
507161,10389,2025-06-03,Delivered,Net Banking
507162,10455,2026-04-22,Cancelled,Debit Card
507163,11679,2024-01-19,Delivered,UPI
507164,10036,2025-11-06,Processing,Debit Card
507165,10968,2025-03-14,Delivered,Credit Card
507166,11239,2025-03-04,Delivered,Debit Card
507167,10466,2026-03-08,Delivered,Credit Card
507168,11730,2024-02-13,Returned,Wallet
507169,11045,2026-05-12,Delivered,Cash on Delivery
507170,10132,2024-01-26,Delivered,Net Banking
507171,10641,2024-11-27,Cancelled,Credit Card
507172,10796,2024-05-06,Delivered,Debit Card
507173,10446,2025-04-22,Delivered,Credit Card
507174,11881,2025-06-27,Delivered,Net Banking
507175,10722,2025-08-09,Processing,Cash on Delivery
507176,11004,2025-12-29,Delivered,Wallet
507177,11071,2025-11-16,Delivered,Debit Card
507178,10442,2026-05-15,Cancelled,Debit Card
507179,11136,2025-02-14,Delivered,Credit Card
507180,10708,2024-06-09,Delivered,UPI
507181,10021,2024-05-22,Delivered,Net Banking
507182,10817,2024-09-08,Delivered,Cash on Delivery
507183,11168,2025-07-04,Delivered,Cash on Delivery
507184,10235,2024-02-19,Delivered,Cash on Delivery
507185,11559,2026-05-21,Delivered,Credit Card
507186,11322,2026-06-22,Shipped,Net Banking
507187,10620,2024-05-30,Delivered,Debit Card
507188,11185,2025-12-13,Delivered,Debit Card
507189,10608,2025-06-28,Delivered,UPI
507190,11296,2025-03-14,Shipped,Debit Card
507191,10308,2025-11-01,Shipped,Credit Card
507192,11222,2025-06-09,Shipped,Net Banking
507193,10111,2024-10-22,Returned,Wallet
507194,10034,2025-05-28,Processing,Net Banking
507195,10509,2024-05-03,Returned,UPI
507196,10349,2024-08-20,Delivered,Credit Card
507197,10982,2026-06-07,Delivered,Debit Card
507198,10332,2024-06-18,Delivered,Net Banking
507199,10489,2025-06-30,Delivered,UPI
507200,10196,2024-09-28,Delivered,Debit Card
507201,11774,2025-02-28,Delivered,Cash on Delivery
507202,11471,2024-08-13,Delivered,UPI
507203,10436,2025-06-03,Shipped,Net Banking
507204,10241,2025-05-24,Delivered,Cash on Delivery
507205,11701,2025-07-17,Delivered,Net Banking
507206,11337,2024-10-08,Cancelled,Cash on Delivery
507207,11772,2025-06-12,Delivered,Net Banking
507208,10357,2025-10-27,Delivered,Credit Card
507209,10718,2025-10-19,Delivered,Credit Card
507210,10237,2025-06-02,Delivered,UPI
507211,10847,2024-09-30,Cancelled,UPI
507212,10326,2025-04-30,Delivered,Debit Card
507213,10009,2025-05-05,Cancelled,UPI
507214,11017,2026-05-18,Delivered,Credit Card
507215,11959,2024-12-10,Processing,Net Banking
507216,11291,2024-10-21,Delivered,UPI
507217,11514,2025-11-15,Delivered,Credit Card
507218,11624,2025-08-03,Delivered,Debit Card
507219,11945,2025-01-24,Delivered,UPI
507220,10258,2024-01-01,Returned,Credit Card
507221,10502,2025-10-05,Shipped,UPI
507222,11233,2025-11-03,Delivered,Net Banking
507223,11643,2026-04-29,Shipped,Debit Card
507224,11548,2025-04-03,Delivered,Debit Card
507225,11456,2025-04-15,Cancelled,UPI
507226,10625,2024-07-09,Delivered,Net Banking
507227,10730,2025-02-23,Delivered,Credit Card
507228,10160,2024-01-02,Delivered,Debit Card
507229,10628,2025-04-02,Delivered,UPI
507230,10312,2025-10-07,Cancelled,UPI
507231,11877,2025-12-18,Delivered,UPI
507232,10184,2025-08-28,Delivered,UPI
507233,10727,2026-01-05,Processing,UPI
507234,11775,2025-08-30,Delivered,UPI
507235,11912,2025-12-12,Delivered,Cash on Delivery
507236,10754,2025-02-03,Delivered,Debit Card
507237,10931,2025-07-03,Delivered,Debit Card
507238,11047,2025-08-06,Processing,Credit Card
507239,11645,2025-06-06,Delivered,UPI
507240,11538,2025-06-05,Delivered,Wallet
507241,11049,2025-12-14,Delivered,UPI
507242,10743,2024-08-06,Delivered,Cash on Delivery
507243,10745,2024-10-16,Delivered,Debit Card
507244,11299,2025-04-18,Delivered,Credit Card
507245,11671,2025-08-12,Shipped,Net Banking
507246,10154,2025-04-14,Delivered,Net Banking
507247,11538,2024-07-01,Shipped,Cash on Delivery
507248,10962,2026-01-21,Delivered,Debit Card
507249,10291,2025-05-13,Cancelled,UPI
507250,10194,2025-01-30,Delivered,Debit Card
507251,10675,2026-03-12,Processing,UPI
507252,10497,2025-02-02,Delivered,Credit Card
507253,10209,2024-05-27,Delivered,Debit Card
507254,10587,2026-06-17,Delivered,UPI
507255,11668,2024-12-15,Cancelled,Cash on Delivery
507256,11436,2026-03-27,Processing,Wallet
507257,10419,2025-04-16,Shipped,UPI
507258,11349,2024-08-09,Delivered,UPI
507259,10904,2024-12-09,Delivered,Credit Card
507260,11495,2026-04-11,Delivered,UPI
507261,10495,2026-05-12,Delivered,UPI
507262,10124,2024-05-05,Delivered,Cash on Delivery
507263,10626,2026-06-20,Processing,UPI
507264,11988,2026-02-18,Shipped,UPI
507265,11112,2025-08-14,Delivered,Credit Card
507266,10109,2024-06-16,Delivered,UPI
507267,11951,2025-06-19,Delivered,Net Banking
507268,11652,2025-01-23,Delivered,Cash on Delivery
507269,11088,2024-04-23,Delivered,Credit Card
507270,11481,2026-06-17,Delivered,UPI
507271,10370,2025-07-04,Delivered,Cash on Delivery
507272,11184,2024-03-29,Shipped,Debit Card
507273,11826,2024-11-07,Shipped,Debit Card
507274,10878,2026-02-05,Delivered,Credit Card
507275,10078,2025-02-07,Returned,Debit Card
507276,11515,2025-03-27,Cancelled,UPI
507277,11461,2024-05-10,Delivered,Credit Card
507278,11480,2024-04-11,Delivered,Debit Card
507279,11297,2026-06-11,Cancelled,Credit Card
507280,10275,2026-05-19,Delivered,Debit Card
507281,10230,2024-03-28,Delivered,Net Banking
507282,11586,2025-05-16,Cancelled,Net Banking
507283,11711,2025-09-13,Shipped,Debit Card
507284,10158,2026-03-15,Processing,UPI
507285,11163,2025-05-25,Processing,Net Banking
507286,11002,2026-03-04,Delivered,Net Banking
507287,10701,2024-04-20,Shipped,UPI
507288,11291,2024-01-14,Processing,Cash on Delivery
507289,11829,2025-02-28,Delivered,Wallet
507290,11644,2024-08-29,Delivered,Debit Card
507291,10307,2025-11-20,Delivered,UPI
507292,10927,2024-11-03,Shipped,Debit Card
507293,11872,2025-01-06,Shipped,Credit Card
507294,10474,2025-05-03,Cancelled,Credit Card
507295,11709,2026-05-27,Delivered,UPI
507296,10982,2024-03-06,Delivered,Net Banking
507297,11043,2025-05-19,Delivered,Debit Card
507298,10501,2024-12-21,Cancelled,Credit Card
507299,11839,2024-02-02,Delivered,Credit Card
507300,11058,2026-01-13,Shipped,Credit Card
507301,11150,2026-04-14,Delivered,Credit Card
507302,10926,2024-06-07,Delivered,Credit Card
507303,10179,2025-11-24,Delivered,UPI
507304,11562,2025-10-02,Processing,Credit Card
507305,10658,2025-10-05,Delivered,UPI
507306,10481,2025-02-24,Processing,Net Banking
507307,11565,2024-10-19,Delivered,Debit Card
507308,10400,2024-03-05,Delivered,Net Banking
507309,11366,2024-02-01,Delivered,Credit Card
507310,10949,2024-06-10,Delivered,UPI
507311,11600,2025-04-26,Delivered,Credit Card
507312,10102,2024-05-08,Delivered,UPI
507313,11550,2025-09-18,Delivered,Credit Card
507314,10459,2025-07-19,Delivered,Net Banking
507315,11742,2024-11-10,Delivered,UPI
507316,10708,2024-03-20,Delivered,Credit Card
507317,10014,2025-04-17,Delivered,UPI
507318,10976,2026-01-21,Delivered,Credit Card
507319,10110,2024-12-25,Delivered,Debit Card
507320,10539,2026-01-06,Delivered,UPI
507321,11434,2024-09-18,Delivered,UPI
507322,11122,2024-03-14,Delivered,Net Banking
507323,11418,2025-08-16,Delivered,Credit Card
507324,11757,2026-03-21,Delivered,Credit Card
507325,10937,2026-03-17,Processing,Debit Card
507326,11088,2026-05-25,Shipped,UPI
507327,10117,2024-04-08,Delivered,Cash on Delivery
507328,10574,2024-02-09,Delivered,Net Banking
507329,11449,2025-06-03,Delivered,Credit Card
507330,10124,2026-05-17,Delivered,Credit Card
507331,10719,2026-06-30,Returned,Credit Card
507332,10274,2024-09-12,Delivered,Net Banking
507333,11715,2024-12-08,Delivered,UPI
507334,11123,2025-08-29,Processing,Debit Card
507335,11289,2026-04-14,Cancelled,Credit Card
507336,11368,2024-06-08,Delivered,Net Banking
507337,10449,2026-06-09,Shipped,Wallet
507338,10100,2026-01-16,Shipped,UPI
507339,10796,2024-03-03,Shipped,Credit Card
507340,10372,2026-02-07,Delivered,Debit Card
507341,10644,2025-08-08,Processing,Debit Card
507342,10639,2026-06-12,Delivered,UPI
507343,11565,2024-07-10,Delivered,Debit Card
507344,10640,2026-06-25,Delivered,Net Banking
507345,10303,2024-02-13,Delivered,Wallet
507346,11917,2024-03-10,Delivered,Net Banking
507347,10099,2025-02-12,Delivered,Debit Card
507348,10408,2025-08-23,Delivered,UPI
507349,10695,2024-06-01,Cancelled,UPI
507350,10126,2024-09-06,Delivered,Debit Card
507351,11799,2024-12-21,Delivered,Debit Card
507352,10707,2024-04-24,Processing,Cash on Delivery
507353,11565,2024-06-09,Delivered,Credit Card
507354,10269,2024-05-15,Shipped,UPI
507355,11044,2026-05-21,Delivered,UPI
507356,10254,2026-05-04,Delivered,Credit Card
507357,10464,2025-07-27,Delivered,Credit Card
507358,10815,2025-09-16,Delivered,UPI
507359,11726,2024-05-05,Delivered,UPI
507360,10613,2024-02-16,Delivered,Credit Card
507361,11510,2024-12-10,Delivered,Credit Card
507362,10184,2026-06-17,Delivered,Wallet
507363,10504,2025-03-12,Shipped,Cash on Delivery
507364,11209,2026-01-07,Delivered,UPI
507365,10937,2024-12-03,Shipped,Net Banking
507366,11004,2024-10-09,Shipped,Credit Card
507367,11357,2026-01-11,Delivered,Cash on Delivery
507368,10155,2025-03-05,Cancelled,Debit Card
507369,11391,2025-10-30,Processing,UPI
507370,11726,2025-10-25,Delivered,UPI
507371,11533,2025-10-25,Delivered,Wallet
507372,10570,2025-09-09,Delivered,Cash on Delivery
507373,10702,2026-01-09,Cancelled,Credit Card
507374,11923,2025-02-26,Delivered,Debit Card
507375,11580,2024-10-03,Delivered,Debit Card
507376,11864,2025-04-12,Cancelled,Net Banking
507377,11827,2024-10-23,Delivered,Credit Card
507378,10869,2024-02-09,Delivered,UPI
507379,10259,2024-11-26,Delivered,Credit Card
507380,10458,2025-04-02,Processing,Debit Card
507381,10589,2025-04-20,Delivered,Credit Card
507382,11670,2024-11-06,Delivered,Net Banking
507383,10553,2025-10-24,Delivered,Wallet
507384,10723,2024-09-17,Delivered,UPI
507385,11703,2025-08-14,Returned,Cash on Delivery
507386,10328,2024-09-03,Delivered,Net Banking
507387,11328,2026-06-19,Delivered,Debit Card
507388,11104,2025-08-15,Processing,UPI
507389,11969,2025-05-23,Delivered,Credit Card
507390,10979,2025-01-26,Delivered,Wallet
507391,11043,2025-11-21,Returned,Debit Card
507392,11701,2025-01-23,Shipped,Debit Card
507393,11984,2026-01-03,Delivered,UPI
507394,11459,2024-05-25,Delivered,Credit Card
507395,11397,2026-01-18,Delivered,Credit Card
507396,11753,2026-05-28,Delivered,Debit Card
507397,11960,2024-08-09,Delivered,Cash on Delivery
507398,11470,2024-07-23,Delivered,Credit Card
507399,10585,2026-05-21,Delivered,UPI
507400,11285,2025-01-05,Delivered,Credit Card
507401,10473,2025-09-26,Returned,UPI
507402,11001,2024-06-22,Returned,UPI
507403,10889,2025-01-25,Processing,Credit Card
507404,11976,2025-10-03,Delivered,Net Banking
507405,11109,2026-03-27,Delivered,Credit Card
507406,11919,2025-02-02,Delivered,Cash on Delivery
507407,11617,2024-03-09,Delivered,Wallet
507408,11698,2025-01-12,Processing,UPI
507409,10339,2025-08-09,Shipped,Net Banking
507410,11551,2026-03-09,Delivered,UPI
507411,10503,2026-01-31,Delivered,UPI
507412,11156,2025-11-24,Delivered,UPI
507413,10973,2024-05-30,Processing,UPI
507414,10520,2025-04-19,Delivered,Debit Card
507415,11970,2025-06-09,Delivered,Net Banking
507416,11751,2025-03-03,Delivered,Debit Card
507417,11149,2026-04-22,Shipped,Debit Card
507418,10022,2026-05-26,Delivered,Net Banking
507419,10367,2024-07-10,Delivered,Net Banking
507420,10455,2026-05-23,Shipped,Cash on Delivery
507421,11944,2026-02-11,Cancelled,Debit Card
507422,10808,2025-10-05,Delivered,Credit Card
507423,10094,2024-12-14,Processing,Debit Card
507424,11173,2025-11-25,Delivered,Credit Card
507425,11901,2025-06-19,Shipped,UPI
507426,11122,2026-03-31,Delivered,Net Banking
507427,10889,2025-10-11,Processing,Cash on Delivery
507428,10352,2026-05-30,Shipped,Wallet
507429,11758,2025-01-17,Delivered,UPI
507430,10210,2024-03-16,Delivered,UPI
507431,11868,2025-03-25,Processing,UPI
507432,10445,2026-06-29,Delivered,Net Banking
507433,10277,2025-08-21,Shipped,Debit Card
507434,10698,2025-10-03,Delivered,Net Banking
507435,10010,2025-07-24,Delivered,Cash on Delivery
507436,10029,2025-06-25,Shipped,UPI
507437,10373,2024-02-26,Delivered,Credit Card
507438,11385,2025-01-12,Processing,Net Banking
507439,11629,2024-03-19,Delivered,UPI
507440,10496,2024-11-03,Delivered,Credit Card
507441,11290,2025-10-19,Delivered,Credit Card
507442,10703,2026-01-04,Delivered,Debit Card
507443,10866,2024-07-23,Delivered,Wallet
507444,10670,2025-08-20,Delivered,UPI
507445,11783,2024-07-25,Delivered,Credit Card
507446,11024,2024-07-02,Returned,Wallet
507447,11013,2026-05-26,Delivered,Credit Card
507448,11720,2025-07-10,Delivered,Net Banking
507449,11315,2024-06-29,Processing,Cash on Delivery
507450,10299,2024-05-08,Delivered,UPI
507451,10378,2024-02-15,Delivered,UPI
507452,10682,2025-03-29,Returned,UPI
507453,10196,2024-04-02,Delivered,UPI
507454,11385,2025-06-16,Delivered,Credit Card
507455,10991,2025-01-31,Delivered,UPI
507456,10089,2025-08-03,Cancelled,Credit Card
507457,10801,2024-07-08,Delivered,Net Banking
507458,11660,2024-05-12,Processing,Credit Card
507459,11815,2024-04-02,Delivered,Credit Card
507460,11924,2024-03-28,Delivered,UPI
507461,11846,2024-03-07,Processing,Debit Card
507462,11216,2024-08-24,Returned,Credit Card
507463,11855,2025-12-31,Delivered,UPI
507464,11914,2025-07-08,Delivered,Wallet
507465,11271,2024-08-16,Shipped,Net Banking
507466,10827,2026-04-30,Delivered,Debit Card
507467,11933,2025-11-25,Delivered,Net Banking
507468,10831,2025-12-12,Delivered,Credit Card
507469,10333,2026-03-31,Cancelled,Credit Card
507470,10213,2025-11-11,Delivered,Credit Card
507471,11135,2026-05-23,Delivered,Cash on Delivery
507472,10071,2024-10-28,Delivered,Wallet
507473,10238,2026-02-20,Delivered,Debit Card
507474,10490,2024-04-11,Delivered,Credit Card
507475,11060,2024-10-01,Delivered,Net Banking
507476,10957,2026-03-25,Delivered,Debit Card
507477,11023,2024-05-01,Delivered,UPI
507478,11016,2025-04-02,Delivered,Credit Card
507479,11989,2024-11-06,Processing,UPI
507480,10436,2024-04-01,Delivered,Credit Card
507481,10949,2024-08-03,Delivered,Net Banking
507482,11226,2025-05-03,Delivered,Credit Card
507483,10548,2025-07-29,Delivered,Debit Card
507484,10363,2025-09-08,Shipped,Credit Card
507485,10094,2024-04-30,Delivered,UPI
507486,10653,2024-10-19,Shipped,Net Banking
507487,10509,2024-04-05,Delivered,Debit Card
507488,10392,2024-01-09,Returned,Cash on Delivery
507489,10543,2024-12-22,Delivered,Debit Card
507490,11394,2025-07-21,Delivered,Net Banking
507491,11656,2024-12-04,Delivered,UPI
507492,11034,2024-02-06,Delivered,Debit Card
507493,10134,2024-07-19,Delivered,Credit Card
507494,11473,2025-01-30,Delivered,Net Banking
507495,10304,2024-11-20,Shipped,Debit Card
507496,10115,2026-01-23,Shipped,UPI
507497,11137,2025-06-29,Delivered,Debit Card
507498,10851,2026-06-30,Delivered,Net Banking
507499,10624,2024-06-09,Delivered,UPI
507500,11934,2024-12-04,Processing,Debit Card
507501,10183,2024-03-20,Delivered,Cash on Delivery
507502,10108,2024-01-19,Delivered,UPI
507503,11175,2026-04-23,Delivered,Debit Card
507504,10837,2025-03-26,Delivered,Cash on Delivery
507505,11604,2025-08-25,Delivered,UPI
507506,10081,2024-09-09,Shipped,UPI
507507,10839,2024-02-17,Processing,Debit Card
507508,10294,2026-03-26,Returned,Debit Card
507509,10083,2025-08-24,Delivered,Net Banking
507510,10926,2025-10-11,Delivered,Debit Card
507511,11470,2025-05-01,Shipped,Debit Card
507512,10316,2025-01-04,Delivered,Credit Card
507513,11685,2025-01-20,Delivered,UPI
507514,11038,2025-11-26,Shipped,Debit Card
507515,10961,2024-07-26,Delivered,UPI
507516,11846,2024-11-07,Delivered,Wallet
507517,10659,2024-10-07,Delivered,UPI
507518,10401,2025-04-21,Delivered,UPI
507519,11573,2026-06-02,Delivered,Net Banking
507520,10215,2026-04-22,Delivered,UPI
507521,11745,2025-05-12,Delivered,Credit Card
507522,11651,2024-07-01,Processing,Cash on Delivery
507523,11954,2026-05-08,Processing,Net Banking
507524,10921,2024-10-12,Cancelled,UPI
507525,11245,2024-11-21,Processing,UPI
507526,11766,2026-03-19,Delivered,Debit Card
507527,10264,2024-08-28,Delivered,Credit Card
507528,10613,2025-02-25,Delivered,UPI
507529,10944,2026-04-17,Delivered,UPI
507530,11256,2024-10-17,Shipped,Net Banking
507531,11359,2025-07-23,Delivered,Credit Card
507532,11847,2024-02-04,Cancelled,Net Banking
507533,10979,2026-06-27,Delivered,UPI
507534,10344,2025-01-17,Delivered,Debit Card
507535,10380,2025-09-03,Processing,Credit Card
507536,11602,2025-04-02,Delivered,Credit Card
507537,10923,2025-01-31,Shipped,Debit Card
507538,11264,2025-01-05,Shipped,UPI
507539,11126,2024-01-17,Processing,Cash on Delivery
507540,11626,2024-09-10,Processing,Net Banking
507541,10437,2024-12-13,Delivered,Credit Card
507542,10342,2024-12-03,Delivered,Debit Card
507543,11468,2024-09-06,Processing,Cash on Delivery
507544,10869,2025-08-09,Delivered,Credit Card
507545,11632,2026-01-26,Delivered,Credit Card
507546,10258,2026-03-24,Delivered,Net Banking
507547,10544,2026-06-06,Delivered,UPI
507548,11921,2025-08-16,Delivered,Debit Card
507549,11688,2025-01-10,Returned,UPI
507550,10126,2025-08-12,Delivered,Debit Card
507551,11634,2024-04-30,Delivered,Credit Card
507552,10131,2026-01-15,Delivered,UPI
507553,10241,2025-05-03,Delivered,Cash on Delivery
507554,11797,2024-05-30,Delivered,Debit Card
507555,10253,2025-01-23,Shipped,Credit Card
507556,10602,2024-10-01,Delivered,Net Banking
507557,10271,2024-11-15,Delivered,Credit Card
507558,11195,2024-02-16,Delivered,UPI
507559,10115,2024-01-15,Delivered,Debit Card
507560,10575,2024-11-15,Processing,Wallet
507561,10653,2024-10-02,Cancelled,UPI
507562,11298,2026-06-30,Shipped,Cash on Delivery
507563,10994,2024-08-27,Processing,Debit Card
507564,10385,2024-10-27,Delivered,UPI
507565,10929,2026-04-15,Cancelled,Net Banking
507566,10918,2026-02-23,Delivered,Credit Card
507567,10708,2024-02-21,Shipped,Net Banking
507568,11067,2024-03-19,Delivered,Debit Card
507569,10653,2024-03-27,Delivered,UPI
507570,10668,2025-02-23,Delivered,UPI
507571,11567,2025-06-06,Delivered,Credit Card
507572,10504,2024-11-16,Delivered,Credit Card
507573,10659,2024-01-12,Delivered,Cash on Delivery
507574,10281,2024-07-03,Returned,Cash on Delivery
507575,11397,2025-07-15,Delivered,Net Banking
507576,11413,2024-12-06,Delivered,Debit Card
507577,11357,2024-04-22,Delivered,UPI
507578,10337,2025-08-17,Delivered,Net Banking
507579,10904,2025-07-14,Delivered,UPI
507580,10585,2025-03-23,Delivered,UPI
507581,11528,2026-05-08,Delivered,UPI
507582,10674,2026-02-09,Delivered,Cash on Delivery
507583,10832,2024-02-06,Delivered,Net Banking
507584,10909,2026-04-06,Delivered,UPI
507585,11522,2024-02-15,Processing,Cash on Delivery
507586,11406,2025-03-15,Processing,Net Banking
507587,11640,2026-04-03,Delivered,Debit Card
507588,10856,2026-06-15,Delivered,UPI
507589,11640,2024-01-21,Cancelled,Credit Card
507590,11743,2024-03-06,Delivered,Credit Card
507591,11048,2024-08-08,Delivered,Debit Card
507592,11360,2024-09-09,Delivered,Debit Card
507593,11820,2024-09-12,Delivered,UPI
507594,11677,2025-01-15,Processing,Credit Card
507595,10553,2024-10-18,Processing,Credit Card
507596,11433,2025-06-16,Delivered,Cash on Delivery
507597,10892,2026-02-18,Delivered,UPI
507598,10298,2025-05-13,Processing,Net Banking
507599,10744,2024-10-30,Delivered,Wallet
507600,11956,2025-06-02,Delivered,Net Banking
507601,11916,2025-07-20,Delivered,Credit Card
507602,11574,2026-03-29,Processing,Net Banking
507603,11981,2026-05-14,Shipped,Cash on Delivery
507604,11146,2024-09-10,Delivered,Net Banking
507605,11516,2026-04-18,Shipped,UPI
507606,10331,2026-01-15,Delivered,UPI
507607,10598,2024-04-27,Delivered,UPI
507608,10346,2025-05-24,Processing,UPI
507609,11876,2024-05-18,Cancelled,Net Banking
507610,11229,2025-03-23,Delivered,UPI
507611,11866,2024-02-10,Delivered,Net Banking
507612,10833,2024-09-30,Returned,Debit Card
507613,10807,2025-06-20,Delivered,Debit Card
507614,11352,2024-10-04,Delivered,UPI
507615,11136,2024-01-10,Delivered,Credit Card
507616,10745,2024-12-20,Delivered,UPI
507617,10636,2025-05-09,Delivered,Cash on Delivery
507618,11026,2025-11-28,Delivered,Credit Card
507619,10152,2024-05-04,Delivered,UPI
507620,10376,2025-03-11,Delivered,UPI
507621,10088,2024-06-30,Delivered,Debit Card
507622,10311,2024-05-20,Delivered,Debit Card
507623,10398,2024-04-21,Delivered,Wallet
507624,10152,2025-11-24,Delivered,Credit Card
507625,10111,2026-04-19,Processing,UPI
507626,11640,2025-08-28,Returned,Net Banking
507627,10366,2024-12-11,Delivered,Credit Card
507628,11111,2026-05-16,Shipped,Credit Card
507629,10198,2025-03-29,Processing,Cash on Delivery
507630,11895,2025-04-28,Delivered,Debit Card
507631,10478,2025-08-02,Cancelled,Credit Card
507632,11499,2025-08-20,Delivered,Wallet
507633,11283,2025-03-25,Delivered,UPI
507634,11538,2025-03-13,Delivered,UPI
507635,11259,2024-10-17,Delivered,UPI
507636,11019,2025-09-13,Shipped,UPI
507637,11545,2025-09-05,Shipped,Credit Card
507638,11631,2025-02-02,Delivered,Cash on Delivery
507639,10760,2025-10-12,Delivered,Wallet
507640,11885,2024-05-05,Returned,Net Banking
507641,11975,2025-01-14,Processing,Cash on Delivery
507642,11444,2026-06-19,Delivered,Credit Card
507643,11858,2025-10-31,Delivered,Credit Card
507644,10212,2025-10-19,Delivered,UPI
507645,11081,2026-02-27,Delivered,Credit Card
507646,11303,2025-07-09,Processing,Credit Card
507647,11856,2025-08-27,Shipped,UPI
507648,10241,2025-03-15,Cancelled,Cash on Delivery
507649,11613,2026-01-24,Delivered,UPI
507650,10155,2025-10-11,Returned,Net Banking
507651,10717,2025-04-23,Returned,UPI
507652,11386,2024-04-25,Shipped,Debit Card
507653,10582,2026-01-05,Processing,Debit Card
507654,11670,2024-10-24,Delivered,UPI
507655,11862,2024-11-23,Delivered,UPI
507656,10318,2024-04-23,Delivered,Debit Card
507657,10517,2024-07-17,Delivered,Debit Card
507658,10149,2024-04-25,Delivered,Credit Card
507659,11421,2024-03-29,Shipped,Credit Card
507660,11774,2024-01-20,Delivered,UPI
507661,11204,2024-09-26,Delivered,Credit Card
507662,10265,2025-11-21,Delivered,Cash on Delivery
507663,10348,2026-02-27,Delivered,UPI
507664,10071,2024-07-26,Cancelled,Credit Card
507665,10980,2025-01-21,Delivered,Debit Card
507666,11443,2026-01-29,Shipped,Net Banking
507667,10301,2025-10-07,Returned,UPI
507668,11696,2026-04-05,Shipped,Debit Card
507669,10506,2025-01-18,Shipped,Debit Card
507670,11029,2024-06-02,Delivered,UPI
507671,11336,2024-05-10,Returned,UPI
507672,11080,2025-10-09,Delivered,Cash on Delivery
507673,10956,2024-01-24,Shipped,Credit Card
507674,10674,2025-02-24,Delivered,UPI
507675,10861,2024-11-18,Delivered,Debit Card
507676,10477,2026-04-19,Shipped,Credit Card
507677,10590,2026-06-30,Processing,UPI
507678,11511,2025-03-18,Processing,Credit Card
507679,11766,2025-06-13,Cancelled,Credit Card
507680,11699,2024-12-11,Shipped,Debit Card
507681,10662,2025-12-10,Delivered,Credit Card
507682,10643,2024-09-25,Cancelled,UPI
507683,10117,2025-11-10,Delivered,Debit Card
507684,10548,2026-04-05,Delivered,Net Banking
507685,11172,2024-06-05,Delivered,Credit Card
507686,10536,2024-07-25,Delivered,UPI
507687,11467,2024-12-11,Shipped,UPI
507688,10102,2026-01-25,Processing,Wallet
507689,10824,2025-08-08,Delivered,UPI
507690,10563,2024-06-26,Processing,Credit Card
507691,10989,2024-12-02,Delivered,Debit Card
507692,10052,2025-08-10,Returned,Net Banking
507693,10838,2026-05-30,Delivered,Cash on Delivery
507694,11577,2025-02-15,Delivered,Credit Card
507695,11714,2024-03-09,Shipped,Wallet
507696,10512,2024-04-05,Delivered,UPI
507697,10858,2024-01-27,Delivered,Cash on Delivery
507698,11381,2024-04-24,Delivered,UPI
507699,10928,2025-01-11,Delivered,Cash on Delivery
507700,11087,2024-09-14,Delivered,Cash on Delivery
507701,10684,2024-10-01,Delivered,Net Banking
507702,11675,2025-11-30,Delivered,Debit Card
507703,11264,2025-03-11,Shipped,UPI
507704,11921,2025-10-27,Delivered,Credit Card
507705,11560,2025-05-09,Delivered,UPI
507706,10735,2024-07-06,Shipped,Net Banking
507707,10656,2026-05-15,Shipped,UPI
507708,10177,2025-03-10,Shipped,UPI
507709,11245,2026-02-02,Shipped,UPI
507710,11500,2024-03-29,Returned,Net Banking
507711,10709,2026-02-14,Cancelled,Credit Card
507712,10043,2025-10-15,Delivered,Debit Card
507713,11652,2024-08-16,Delivered,UPI
507714,10446,2025-12-25,Delivered,Credit Card
507715,11165,2025-11-08,Delivered,Credit Card
507716,10107,2026-03-26,Delivered,UPI
507717,10126,2024-07-10,Delivered,Debit Card
507718,11797,2026-03-19,Delivered,Credit Card
507719,11345,2025-11-26,Cancelled,Wallet
507720,10011,2024-11-04,Delivered,UPI
507721,10202,2024-11-15,Shipped,Credit Card
507722,10986,2024-08-20,Cancelled,Cash on Delivery
507723,11361,2025-03-11,Shipped,Cash on Delivery
507724,10848,2026-03-29,Delivered,Credit Card
507725,11746,2026-02-03,Processing,UPI
507726,11306,2024-05-13,Delivered,Credit Card
507727,11229,2024-04-29,Delivered,Debit Card
507728,10580,2024-02-24,Delivered,UPI
507729,11364,2025-07-14,Delivered,UPI
507730,11748,2024-10-13,Shipped,Debit Card
507731,10098,2025-11-25,Cancelled,UPI
507732,11469,2025-11-25,Delivered,Cash on Delivery
507733,11760,2024-06-29,Returned,UPI
507734,10865,2025-09-25,Delivered,Wallet
507735,11532,2025-11-28,Processing,Debit Card
507736,10717,2026-06-20,Shipped,Wallet
507737,10386,2025-10-21,Delivered,Net Banking
507738,11632,2024-11-24,Cancelled,UPI
507739,10623,2026-07-01,Cancelled,UPI
507740,11515,2024-09-08,Delivered,UPI
507741,10631,2026-01-05,Processing,Net Banking
507742,10799,2024-12-11,Delivered,UPI
507743,11371,2026-05-03,Delivered,Net Banking
507744,10683,2025-12-15,Delivered,Cash on Delivery
507745,11616,2025-07-01,Delivered,Credit Card
507746,10078,2024-07-14,Delivered,Debit Card
507747,10024,2024-06-21,Delivered,Cash on Delivery
507748,10164,2026-05-15,Returned,Net Banking
507749,10513,2026-01-01,Delivered,UPI
507750,10108,2025-04-12,Processing,Credit Card
507751,10762,2026-03-12,Delivered,Debit Card
507752,10049,2025-12-16,Delivered,UPI
507753,11513,2024-12-19,Shipped,Credit Card
507754,10306,2026-01-25,Delivered,Wallet
507755,11945,2025-12-27,Delivered,Credit Card
507756,11715,2025-03-13,Returned,UPI
507757,11389,2024-01-18,Delivered,UPI
507758,11597,2025-11-07,Delivered,Cash on Delivery
507759,11550,2024-11-06,Delivered,UPI
507760,11692,2024-11-28,Delivered,UPI
507761,11111,2025-10-13,Shipped,Debit Card
507762,11248,2026-01-10,Delivered,Credit Card
507763,10939,2024-03-21,Delivered,Credit Card
507764,11249,2026-01-22,Delivered,Debit Card
507765,10763,2024-09-24,Delivered,Debit Card
507766,10248,2025-05-31,Delivered,UPI
507767,11863,2026-03-03,Cancelled,Credit Card
507768,11398,2024-07-18,Shipped,Net Banking
507769,11410,2024-07-20,Delivered,Credit Card
507770,10561,2026-06-04,Returned,Wallet
507771,11542,2024-12-06,Processing,UPI
507772,11039,2026-05-14,Delivered,Credit Card
507773,10154,2024-11-22,Delivered,Debit Card
507774,11910,2025-07-19,Delivered,Debit Card
507775,11984,2025-04-10,Delivered,UPI
507776,11742,2026-06-17,Delivered,Credit Card
507777,10950,2025-05-17,Delivered,Wallet
507778,10467,2025-04-04,Returned,Credit Card
507779,10023,2025-03-01,Delivered,UPI
507780,11474,2024-12-08,Delivered,UPI
507781,11782,2025-02-05,Returned,Credit Card
507782,10209,2025-02-24,Delivered,UPI
507783,11369,2025-11-28,Delivered,Cash on Delivery
507784,10054,2024-02-11,Delivered,Wallet
507785,11554,2025-04-02,Shipped,Wallet
507786,10057,2025-05-16,Delivered,Credit Card
507787,11951,2025-11-18,Delivered,Credit Card
507788,10341,2025-08-31,Processing,Credit Card
507789,10801,2025-01-29,Shipped,UPI
507790,11390,2024-04-09,Processing,Debit Card
507791,11693,2024-12-05,Shipped,UPI
507792,10727,2024-08-21,Shipped,UPI
507793,11961,2024-07-05,Delivered,Cash on Delivery
507794,10032,2025-10-20,Delivered,Net Banking
507795,10943,2025-03-12,Delivered,Cash on Delivery
507796,11977,2025-12-25,Delivered,Credit Card
507797,10549,2024-05-06,Delivered,Cash on Delivery
507798,11067,2026-06-19,Delivered,Credit Card
507799,10890,2025-03-08,Delivered,UPI
507800,10788,2024-08-19,Delivered,Credit Card
507801,11536,2024-11-27,Delivered,Debit Card
507802,11038,2026-02-07,Cancelled,Credit Card
507803,11428,2025-10-10,Delivered,Net Banking
507804,11040,2024-06-06,Shipped,Credit Card
507805,11995,2026-06-22,Delivered,Cash on Delivery
507806,10941,2024-04-29,Delivered,UPI
507807,11593,2024-09-08,Processing,Net Banking
507808,11226,2025-10-27,Cancelled,Cash on Delivery
507809,11603,2025-04-28,Shipped,Debit Card
507810,11772,2025-02-11,Cancelled,Cash on Delivery
507811,10454,2026-04-25,Delivered,Debit Card
507812,10604,2025-12-25,Cancelled,UPI
507813,10604,2026-05-28,Processing,Debit Card
507814,10974,2024-09-14,Shipped,Debit Card
507815,10984,2026-02-15,Processing,UPI
507816,10008,2024-07-13,Shipped,Credit Card
507817,11791,2026-01-05,Delivered,UPI
507818,11720,2025-05-16,Delivered,Credit Card
507819,11203,2025-06-29,Delivered,Wallet
507820,10612,2024-04-15,Delivered,Wallet
507821,11654,2026-03-13,Delivered,Debit Card
507822,10543,2024-09-11,Shipped,Credit Card
507823,10612,2025-06-30,Delivered,Credit Card
507824,11996,2024-05-31,Delivered,UPI
507825,11848,2026-04-25,Delivered,Credit Card
507826,11169,2024-10-19,Delivered,Net Banking
507827,10339,2025-11-27,Delivered,Credit Card
507828,10247,2025-11-29,Delivered,Credit Card
507829,11929,2025-05-17,Delivered,UPI
507830,10532,2024-04-20,Delivered,Cash on Delivery
507831,11363,2024-09-12,Delivered,Credit Card
507832,10707,2025-07-12,Delivered,Credit Card
507833,10994,2025-05-04,Delivered,Credit Card
507834,11973,2025-06-17,Shipped,Credit Card
507835,11186,2024-08-15,Shipped,Debit Card
507836,10862,2025-05-06,Returned,Debit Card
507837,10832,2024-03-18,Delivered,Debit Card
507838,10461,2025-03-18,Delivered,UPI
507839,11113,2024-03-24,Delivered,Wallet
507840,11140,2025-08-29,Delivered,Net Banking
507841,10191,2025-06-01,Delivered,Cash on Delivery
507842,10810,2026-02-16,Delivered,UPI
507843,11290,2025-02-25,Delivered,Cash on Delivery
507844,10110,2024-05-27,Delivered,Net Banking
507845,11953,2024-08-02,Delivered,Credit Card
507846,11722,2026-01-13,Delivered,UPI
507847,11274,2026-05-24,Processing,UPI
507848,10032,2024-02-26,Delivered,Cash on Delivery
507849,11036,2025-09-09,Delivered,Credit Card
507850,11797,2025-03-16,Delivered,Debit Card
507851,10046,2024-08-23,Delivered,Net Banking
507852,11584,2025-04-11,Delivered,Net Banking
507853,11679,2026-05-04,Delivered,Credit Card
507854,10152,2024-06-29,Delivered,Cash on Delivery
507855,10461,2026-02-03,Delivered,Credit Card
507856,11448,2024-03-22,Shipped,Cash on Delivery
507857,11824,2025-10-19,Processing,Credit Card
507858,11542,2024-03-09,Delivered,UPI
507859,11052,2024-02-25,Delivered,Credit Card
507860,11205,2024-02-03,Returned,Net Banking
507861,11050,2026-01-04,Delivered,Debit Card
507862,11156,2025-06-07,Shipped,UPI
507863,11542,2025-09-22,Delivered,UPI
507864,10100,2024-05-21,Cancelled,Debit Card
507865,10420,2026-04-21,Delivered,UPI
507866,10119,2026-01-08,Delivered,UPI
507867,11593,2025-03-22,Returned,Net Banking
507868,11455,2026-03-31,Shipped,Credit Card
507869,10107,2024-05-10,Delivered,UPI
507870,10212,2024-09-23,Processing,Credit Card
507871,10530,2024-02-14,Cancelled,Debit Card
507872,10484,2024-05-30,Delivered,Debit Card
507873,11039,2026-02-07,Delivered,UPI
507874,10998,2025-01-08,Delivered,Credit Card
507875,10716,2025-08-12,Cancelled,Credit Card
507876,10329,2026-03-15,Delivered,Credit Card
507877,11299,2025-11-28,Delivered,UPI
507878,11580,2024-12-31,Delivered,Credit Card
507879,11281,2024-11-13,Delivered,Debit Card
507880,11615,2024-04-08,Delivered,UPI
507881,11828,2026-01-27,Delivered,Wallet
507882,11685,2026-06-18,Delivered,Wallet
507883,11304,2025-04-01,Delivered,Credit Card
507884,10100,2025-04-01,Delivered,Debit Card
507885,10670,2026-02-13,Delivered,Debit Card
507886,10856,2024-11-08,Delivered,UPI
507887,11426,2025-01-06,Shipped,Credit Card
507888,11694,2026-03-26,Delivered,Wallet
507889,11281,2024-12-12,Delivered,UPI
507890,10727,2026-04-26,Delivered,Debit Card
507891,11576,2024-05-27,Shipped,Debit Card
507892,11392,2025-03-29,Shipped,UPI
507893,11597,2025-03-23,Returned,Debit Card
507894,11179,2024-10-07,Delivered,Cash on Delivery
507895,11294,2026-05-29,Delivered,UPI
507896,10695,2025-03-16,Delivered,UPI
507897,10800,2026-03-13,Delivered,UPI
507898,10553,2024-07-19,Returned,Net Banking
507899,10514,2024-11-14,Delivered,Debit Card
507900,11306,2025-03-12,Processing,Credit Card
507901,10768,2025-05-29,Returned,Net Banking
507902,10268,2024-07-28,Processing,Wallet
507903,10071,2024-10-12,Delivered,UPI
507904,11721,2025-07-22,Processing,Net Banking
507905,10871,2024-09-11,Delivered,Credit Card
507906,11153,2025-11-24,Delivered,UPI
507907,11810,2025-03-11,Delivered,UPI
507908,10224,2026-06-04,Cancelled,Credit Card
507909,11875,2024-08-05,Shipped,Cash on Delivery
507910,11408,2026-02-08,Delivered,Credit Card
507911,11281,2025-03-23,Processing,Debit Card
507912,10863,2024-03-19,Delivered,UPI
507913,11413,2025-10-05,Shipped,UPI
507914,10409,2024-07-12,Delivered,Cash on Delivery
507915,10605,2024-05-06,Delivered,Cash on Delivery
507916,11923,2025-04-30,Delivered,Credit Card
507917,10552,2025-12-18,Processing,UPI
507918,11440,2024-08-23,Returned,UPI
507919,11861,2025-07-22,Delivered,Wallet
507920,11186,2024-01-14,Delivered,UPI
507921,10596,2024-06-17,Delivered,UPI
507922,11698,2025-11-20,Shipped,Debit Card
507923,11653,2024-01-12,Delivered,Cash on Delivery
507924,11088,2024-11-22,Delivered,UPI
507925,10230,2025-04-08,Delivered,Net Banking
507926,10883,2024-03-01,Delivered,Credit Card
507927,10864,2026-06-12,Cancelled,Debit Card
507928,10379,2025-04-09,Delivered,UPI
507929,10805,2024-11-05,Delivered,Cash on Delivery
507930,10307,2026-06-11,Delivered,Net Banking
507931,11386,2025-05-24,Delivered,Wallet
507932,10864,2025-09-11,Delivered,Credit Card
507933,11462,2024-03-23,Delivered,Cash on Delivery
507934,10912,2024-05-24,Shipped,Debit Card
507935,11428,2024-02-11,Delivered,Credit Card
507936,11467,2025-04-14,Delivered,UPI
507937,10321,2026-02-02,Delivered,Net Banking
507938,10885,2026-04-03,Delivered,Credit Card
507939,11500,2025-06-08,Delivered,Debit Card
507940,11187,2024-02-19,Processing,Debit Card
507941,10444,2025-07-25,Delivered,Net Banking
507942,11666,2025-08-05,Processing,Debit Card
507943,10400,2025-06-29,Delivered,Debit Card
507944,11987,2025-10-20,Delivered,Debit Card
507945,11414,2025-05-23,Delivered,Debit Card
507946,10646,2025-10-04,Shipped,Credit Card
507947,10390,2025-03-20,Delivered,Net Banking
507948,11804,2024-05-17,Shipped,Net Banking
507949,11047,2024-03-13,Delivered,Credit Card
507950,11613,2026-04-08,Delivered,UPI
507951,11664,2025-02-06,Delivered,Credit Card
507952,10137,2024-10-21,Delivered,Cash on Delivery
507953,11368,2024-09-24,Delivered,Cash on Delivery
507954,10669,2024-02-17,Delivered,UPI
507955,11816,2026-05-12,Delivered,Wallet
507956,10439,2024-03-16,Delivered,UPI
507957,10068,2024-07-18,Shipped,Cash on Delivery
507958,11329,2025-02-21,Shipped,Cash on Delivery
507959,11105,2024-11-22,Delivered,Credit Card
507960,11111,2024-02-06,Delivered,Wallet
507961,10527,2024-10-27,Delivered,Debit Card
507962,10990,2025-12-12,Delivered,Credit Card
507963,11929,2024-08-16,Delivered,Net Banking
507964,11528,2026-03-01,Delivered,UPI
507965,11970,2024-11-24,Delivered,UPI
507966,10667,2024-01-13,Delivered,UPI
507967,11741,2024-04-09,Delivered,Debit Card
507968,10766,2026-01-09,Delivered,Net Banking
507969,11872,2025-01-05,Delivered,Cash on Delivery
507970,11732,2026-06-14,Delivered,Cash on Delivery
507971,10330,2025-12-21,Shipped,Cash on Delivery
507972,11945,2024-01-28,Delivered,Debit Card
507973,11215,2024-10-12,Delivered,Cash on Delivery
507974,11553,2025-10-23,Processing,UPI
507975,11159,2024-02-27,Delivered,Net Banking
507976,10435,2026-07-01,Delivered,UPI
507977,11970,2024-05-31,Shipped,UPI
507978,10226,2025-12-28,Delivered,UPI
507979,11618,2026-02-06,Cancelled,UPI
507980,10419,2025-04-06,Processing,Wallet
507981,11572,2026-01-03,Shipped,Credit Card
507982,10846,2026-03-18,Delivered,Cash on Delivery
507983,10474,2025-11-01,Delivered,Credit Card
507984,10474,2025-10-08,Delivered,Debit Card
507985,10640,2024-12-20,Delivered,Credit Card
507986,11803,2024-09-24,Cancelled,Wallet
507987,11539,2026-03-03,Delivered,UPI
507988,11342,2024-07-23,Processing,Debit Card
507989,11260,2025-01-13,Delivered,Wallet
507990,10834,2025-04-12,Delivered,Net Banking
507991,11803,2024-12-22,Processing,Cash on Delivery
507992,10548,2024-12-06,Delivered,Credit Card
507993,11886,2025-07-01,Delivered,Credit Card
507994,10762,2024-10-27,Delivered,UPI
507995,10683,2026-06-21,Delivered,Credit Card
507996,10953,2024-06-11,Delivered,UPI
507997,11498,2024-12-21,Delivered,Net Banking
507998,11428,2026-02-10,Processing,Wallet
507999,11534,2025-03-10,Shipped,Net Banking
508000,10179,2025-10-05,Processing,Net Banking
508001,10323,2025-08-13,Processing,Credit Card
508002,11698,2024-10-29,Delivered,UPI
508003,11962,2025-11-10,Shipped,Net Banking
508004,10256,2024-08-04,Shipped,Credit Card
508005,11809,2025-11-15,Delivered,Credit Card
508006,10525,2024-04-26,Delivered,Cash on Delivery
508007,11959,2025-09-25,Shipped,Credit Card
508008,11988,2024-04-12,Returned,Credit Card
508009,11274,2026-03-04,Returned,UPI
508010,10381,2025-07-25,Delivered,Net Banking
508011,11577,2024-02-06,Shipped,UPI
508012,10203,2024-04-09,Delivered,Debit Card
508013,10669,2024-06-20,Processing,Credit Card
508014,11277,2026-05-26,Delivered,Net Banking
508015,10136,2025-06-22,Cancelled,Cash on Delivery
508016,10787,2024-09-11,Returned,UPI
508017,11595,2024-09-09,Delivered,Net Banking
508018,10184,2024-01-24,Returned,UPI
508019,10734,2024-07-04,Shipped,UPI
508020,10008,2026-02-19,Delivered,Credit Card
508021,11317,2025-06-30,Delivered,Credit Card
508022,10159,2024-12-01,Shipped,Wallet
508023,10562,2024-01-20,Delivered,Net Banking
508024,11046,2024-11-09,Delivered,Cash on Delivery
508025,10430,2024-12-15,Delivered,UPI
508026,10462,2024-04-18,Delivered,Net Banking
508027,11670,2025-07-08,Delivered,Debit Card
508028,11556,2025-08-25,Processing,UPI
508029,10162,2026-06-30,Delivered,Net Banking
508030,11716,2024-11-23,Delivered,Cash on Delivery
508031,10937,2024-09-08,Delivered,Cash on Delivery
508032,10290,2026-01-21,Processing,Cash on Delivery
508033,11814,2024-11-15,Delivered,UPI
508034,10675,2025-07-29,Processing,Cash on Delivery
508035,10652,2025-11-04,Shipped,Wallet
508036,10294,2026-03-14,Processing,Debit Card
508037,11773,2024-10-17,Delivered,UPI
508038,10574,2025-07-22,Delivered,Credit Card
508039,11185,2024-04-29,Delivered,UPI
508040,10479,2025-12-12,Delivered,UPI
508041,11791,2024-02-11,Delivered,Cash on Delivery
508042,11574,2025-09-27,Delivered,Wallet
508043,11007,2024-07-09,Delivered,Cash on Delivery
508044,10691,2025-02-26,Delivered,UPI
508045,11311,2024-03-10,Delivered,Debit Card
508046,10992,2025-09-20,Delivered,Credit Card
508047,11882,2025-03-16,Delivered,Credit Card
508048,11348,2025-08-28,Delivered,Credit Card
508049,10055,2024-11-13,Delivered,Wallet
508050,11645,2024-01-07,Delivered,Net Banking
508051,10386,2025-06-14,Shipped,Cash on Delivery
508052,10603,2025-09-29,Processing,UPI
508053,10873,2025-08-29,Delivered,Credit Card
508054,10419,2024-08-27,Delivered,Debit Card
508055,11885,2025-10-16,Shipped,Debit Card
508056,11957,2025-05-09,Shipped,Cash on Delivery
508057,10312,2024-07-10,Delivered,UPI
508058,10641,2024-04-11,Delivered,UPI
508059,10742,2024-10-24,Delivered,Cash on Delivery
508060,11343,2024-01-22,Shipped,Credit Card
508061,11196,2025-10-15,Delivered,Debit Card
508062,11356,2024-01-14,Shipped,Cash on Delivery
508063,10063,2024-02-14,Delivered,Net Banking
508064,11029,2024-05-24,Processing,Net Banking
508065,10422,2024-10-24,Returned,UPI
508066,10457,2024-01-19,Delivered,Debit Card
508067,11550,2025-07-29,Shipped,Credit Card
508068,10283,2024-04-30,Shipped,Debit Card
508069,10063,2026-01-03,Processing,Debit Card
508070,10975,2025-05-25,Delivered,UPI
508071,11472,2024-03-17,Delivered,Credit Card
508072,11022,2024-12-31,Returned,Credit Card
508073,10323,2024-05-08,Delivered,Credit Card
508074,11547,2026-06-14,Returned,UPI
508075,10764,2025-06-24,Delivered,Cash on Delivery
508076,11420,2026-01-08,Delivered,Credit Card
508077,10405,2024-12-07,Returned,Credit Card
508078,11825,2024-05-14,Shipped,Debit Card
508079,10568,2024-08-02,Delivered,Net Banking
508080,11942,2025-01-15,Delivered,Credit Card
508081,10755,2025-12-04,Delivered,UPI
508082,11456,2025-01-28,Delivered,UPI
508083,11005,2026-04-27,Delivered,UPI
508084,10154,2024-11-26,Delivered,UPI
508085,10197,2024-07-31,Delivered,Debit Card
508086,10811,2025-03-28,Delivered,Debit Card
508087,10387,2024-04-11,Cancelled,UPI
508088,11218,2025-09-03,Processing,Debit Card
508089,10276,2024-04-02,Delivered,UPI
508090,11181,2025-08-08,Returned,Cash on Delivery
508091,10410,2024-12-15,Delivered,Debit Card
508092,10363,2024-11-22,Delivered,Debit Card
508093,10735,2025-07-11,Delivered,Credit Card
508094,11166,2025-10-05,Processing,Credit Card
508095,10799,2026-04-28,Delivered,Credit Card
508096,10700,2024-09-21,Delivered,Wallet
508097,10681,2026-01-11,Returned,UPI
508098,10678,2026-02-01,Shipped,Credit Card
508099,10808,2026-06-28,Shipped,Net Banking
508100,11669,2026-05-30,Shipped,Debit Card
508101,11156,2025-12-22,Shipped,Debit Card
508102,10844,2024-09-26,Delivered,Cash on Delivery
508103,11500,2025-09-26,Shipped,Credit Card
508104,11055,2025-12-17,Delivered,UPI
508105,11899,2024-09-23,Delivered,Cash on Delivery
508106,11126,2026-01-12,Returned,UPI
508107,10433,2025-10-02,Delivered,Net Banking
508108,11126,2025-03-24,Delivered,UPI
508109,11548,2026-02-25,Delivered,UPI
508110,10427,2024-03-21,Processing,Credit Card
508111,10405,2025-09-16,Returned,Cash on Delivery
508112,11199,2025-12-18,Delivered,UPI
508113,11769,2024-02-06,Delivered,UPI
508114,10670,2025-01-07,Shipped,UPI
508115,11014,2025-04-17,Delivered,UPI
508116,11311,2024-07-08,Delivered,UPI
508117,11328,2026-03-13,Delivered,Cash on Delivery
508118,10292,2025-07-26,Delivered,Debit Card
508119,10791,2024-09-08,Delivered,Credit Card
508120,11989,2025-02-02,Shipped,UPI
508121,11778,2024-04-12,Delivered,UPI
508122,11545,2024-03-20,Processing,Credit Card
508123,10049,2025-11-12,Shipped,Credit Card
508124,10835,2026-06-17,Delivered,Cash on Delivery
508125,10103,2024-09-09,Shipped,UPI
508126,10603,2024-08-11,Delivered,Credit Card
508127,11730,2025-09-16,Delivered,Debit Card
508128,10776,2025-04-11,Delivered,Credit Card
508129,10337,2024-05-07,Shipped,Net Banking
508130,11443,2025-09-01,Processing,Net Banking
508131,11519,2024-07-10,Delivered,UPI
508132,11311,2024-04-15,Processing,Cash on Delivery
508133,11619,2025-02-27,Delivered,Credit Card
508134,11405,2025-11-06,Delivered,UPI
508135,11270,2025-04-20,Delivered,Debit Card
508136,11778,2025-08-14,Cancelled,Net Banking
508137,10649,2024-08-05,Delivered,UPI
508138,10913,2025-03-26,Delivered,Credit Card
508139,11127,2025-10-12,Shipped,Cash on Delivery
508140,11340,2025-04-27,Delivered,Debit Card
508141,10953,2024-08-06,Delivered,Debit Card
508142,10884,2026-05-21,Delivered,Credit Card
508143,10331,2024-03-02,Delivered,Debit Card
508144,11277,2026-04-11,Delivered,Debit Card
508145,10248,2025-10-23,Delivered,UPI
508146,10950,2024-04-12,Shipped,Credit Card
508147,10818,2024-08-20,Processing,Debit Card
508148,11554,2024-12-02,Cancelled,Net Banking
508149,10954,2026-05-24,Delivered,Net Banking
508150,10011,2025-04-16,Delivered,Debit Card
508151,11013,2024-08-23,Delivered,Debit Card
508152,10432,2026-04-19,Delivered,Credit Card
508153,10761,2024-04-17,Delivered,Cash on Delivery
508154,10593,2026-01-15,Delivered,Cash on Delivery
508155,10334,2026-01-28,Shipped,Cash on Delivery
508156,11891,2024-12-18,Processing,Cash on Delivery
508157,10508,2024-02-09,Delivered,Cash on Delivery
508158,11015,2026-03-20,Cancelled,UPI
508159,11657,2026-06-02,Delivered,Credit Card
508160,10729,2024-12-11,Returned,Debit Card
508161,11875,2024-06-18,Delivered,Credit Card
508162,10809,2024-09-04,Delivered,Cash on Delivery
508163,11894,2024-05-04,Delivered,Credit Card
508164,10904,2025-07-10,Delivered,UPI
508165,10029,2025-04-18,Processing,UPI
508166,11736,2024-11-20,Delivered,UPI
508167,11729,2025-08-17,Processing,Credit Card
508168,11925,2025-07-22,Delivered,UPI
508169,10248,2024-01-11,Returned,UPI
508170,11689,2025-01-09,Delivered,Credit Card
508171,10684,2026-02-27,Shipped,Debit Card
508172,11684,2025-12-27,Processing,Debit Card
508173,11928,2026-02-19,Delivered,UPI
508174,10399,2026-05-21,Delivered,Wallet
508175,10743,2024-02-26,Delivered,UPI
508176,10538,2024-09-03,Shipped,Debit Card
508177,10610,2025-02-23,Processing,Cash on Delivery
508178,11193,2025-04-10,Delivered,Cash on Delivery
508179,10825,2025-12-18,Processing,Credit Card
508180,11313,2025-10-23,Cancelled,UPI
508181,11349,2025-10-06,Shipped,Cash on Delivery
508182,10406,2024-05-24,Delivered,Debit Card
508183,10088,2025-09-10,Delivered,Net Banking
508184,11493,2025-12-27,Returned,Credit Card
508185,10364,2025-11-17,Shipped,Cash on Delivery
508186,10400,2025-06-16,Delivered,Cash on Delivery
508187,11203,2024-03-21,Cancelled,Net Banking
508188,10527,2024-05-16,Delivered,Wallet
508189,10380,2025-11-09,Shipped,Credit Card
508190,10614,2026-03-03,Delivered,UPI
508191,11046,2026-01-23,Processing,Debit Card
508192,11692,2025-01-24,Shipped,Debit Card
508193,11978,2025-06-20,Delivered,Credit Card
508194,11465,2024-06-10,Delivered,UPI
508195,11798,2025-06-24,Cancelled,Debit Card
508196,11062,2024-06-27,Shipped,UPI
508197,10817,2025-12-26,Delivered,Net Banking
508198,11640,2025-12-18,Returned,Cash on Delivery
508199,10605,2024-02-16,Delivered,UPI
508200,11626,2026-05-04,Delivered,Cash on Delivery
508201,11997,2025-12-27,Returned,UPI
508202,10780,2024-12-11,Delivered,Credit Card
508203,11267,2025-02-15,Processing,Cash on Delivery
508204,11563,2024-03-12,Processing,UPI
508205,11568,2026-05-04,Delivered,UPI
508206,10413,2024-04-02,Delivered,Wallet
508207,11926,2026-04-22,Processing,UPI
508208,11007,2025-08-20,Delivered,Credit Card
508209,10084,2026-04-18,Delivered,Credit Card
508210,10237,2024-12-04,Delivered,UPI
508211,11456,2026-03-28,Delivered,UPI
508212,10854,2025-01-24,Delivered,Cash on Delivery
508213,10216,2024-11-15,Delivered,Credit Card
508214,11041,2024-11-03,Processing,Credit Card
508215,11200,2026-05-19,Delivered,Debit Card
508216,10160,2025-03-01,Delivered,Credit Card
508217,10701,2025-03-12,Delivered,Credit Card
508218,10926,2025-08-10,Shipped,Wallet
508219,11561,2025-05-22,Delivered,Net Banking
508220,11304,2025-05-09,Delivered,Debit Card
508221,10175,2024-12-12,Shipped,Debit Card
508222,11229,2024-05-29,Delivered,Cash on Delivery
508223,11806,2026-06-27,Delivered,Debit Card
508224,10109,2025-03-24,Processing,Credit Card
508225,11974,2026-06-06,Delivered,Credit Card
508226,10191,2025-02-24,Delivered,UPI
508227,11246,2025-07-01,Delivered,Wallet
508228,10703,2025-05-13,Shipped,Debit Card
508229,11462,2026-05-31,Cancelled,Credit Card
508230,11686,2024-04-11,Shipped,Credit Card
508231,11704,2025-04-17,Returned,Cash on Delivery
508232,11740,2024-05-20,Shipped,Credit Card
508233,11633,2026-03-03,Delivered,Net Banking
508234,10620,2025-04-29,Delivered,Cash on Delivery
508235,10931,2026-04-22,Delivered,Cash on Delivery
508236,11438,2024-09-08,Shipped,Credit Card
508237,10337,2024-05-28,Delivered,Net Banking
508238,11155,2025-07-28,Delivered,Credit Card
508239,11061,2024-05-13,Delivered,Wallet
508240,11967,2024-12-06,Delivered,UPI
508241,10100,2024-10-13,Delivered,Debit Card
508242,10190,2024-07-20,Shipped,Credit Card
508243,10061,2024-04-29,Processing,Cash on Delivery
508244,11096,2025-08-22,Delivered,UPI
508245,11102,2025-11-23,Processing,UPI
508246,11186,2024-12-25,Delivered,Cash on Delivery
508247,10485,2024-09-13,Delivered,Credit Card
508248,10616,2024-05-23,Processing,Credit Card
508249,10834,2025-09-10,Returned,UPI
508250,10094,2026-01-08,Cancelled,Cash on Delivery
508251,11505,2025-05-15,Delivered,Debit Card
508252,10105,2025-01-29,Delivered,Debit Card
508253,11334,2025-08-14,Shipped,Cash on Delivery
508254,10908,2026-04-15,Processing,Cash on Delivery
508255,11998,2026-06-22,Delivered,Credit Card
508256,11385,2024-06-25,Delivered,UPI
508257,10952,2025-03-11,Delivered,Debit Card
508258,11401,2026-03-11,Delivered,Debit Card
508259,10235,2025-07-31,Delivered,UPI
508260,10362,2026-01-14,Delivered,Cash on Delivery
508261,10998,2026-06-28,Delivered,Credit Card
508262,11716,2024-04-04,Shipped,Credit Card
508263,11641,2025-07-13,Delivered,Credit Card
508264,10755,2025-04-30,Delivered,Cash on Delivery
508265,10568,2024-09-16,Delivered,UPI
508266,11929,2025-08-19,Cancelled,Credit Card
508267,11131,2024-04-04,Delivered,Credit Card
508268,10237,2025-03-28,Processing,Wallet
508269,10450,2025-01-13,Delivered,Credit Card
508270,11673,2024-12-22,Delivered,Credit Card
508271,11797,2025-07-14,Returned,Cash on Delivery
508272,11817,2026-05-11,Delivered,Debit Card
508273,10014,2026-05-15,Delivered,UPI
508274,11646,2025-10-01,Cancelled,UPI
508275,10224,2024-10-29,Delivered,Debit Card
508276,11618,2026-05-31,Delivered,Credit Card
508277,11763,2026-06-30,Returned,UPI
508278,10723,2026-02-11,Delivered,Credit Card
508279,10388,2026-03-08,Delivered,Cash on Delivery
508280,11427,2026-01-16,Shipped,Net Banking
508281,10137,2025-11-24,Shipped,Debit Card
508282,11159,2025-10-24,Delivered,UPI
508283,10664,2025-08-05,Delivered,Credit Card
508284,10849,2025-08-12,Processing,Wallet
508285,11652,2024-12-21,Processing,Debit Card
508286,11987,2026-03-20,Delivered,UPI
508287,10805,2025-08-02,Delivered,Net Banking
508288,10581,2025-07-14,Delivered,UPI
508289,11669,2025-11-08,Delivered,Credit Card
508290,10827,2024-03-09,Processing,UPI
508291,10400,2026-04-18,Cancelled,Cash on Delivery
508292,11806,2025-06-15,Delivered,Net Banking
508293,11984,2026-05-12,Cancelled,Credit Card
508294,10579,2024-04-03,Processing,Credit Card
508295,10316,2024-08-01,Shipped,Cash on Delivery
508296,10306,2026-05-16,Returned,UPI
508297,11198,2025-09-24,Delivered,UPI
508298,10620,2025-08-13,Cancelled,Cash on Delivery
508299,11247,2025-01-04,Delivered,Cash on Delivery
508300,11519,2025-05-22,Delivered,UPI
508301,10012,2025-05-13,Delivered,UPI
508302,11720,2024-06-29,Delivered,Net Banking
508303,10059,2025-06-01,Shipped,UPI
508304,10229,2025-04-15,Delivered,Debit Card
508305,11450,2024-10-12,Delivered,Net Banking
508306,11244,2024-11-08,Delivered,Debit Card
508307,11957,2025-12-02,Delivered,Credit Card
508308,11135,2025-09-08,Delivered,Net Banking
508309,10835,2025-03-05,Delivered,Cash on Delivery
508310,11338,2025-07-05,Returned,Net Banking
508311,11525,2024-08-08,Shipped,Credit Card
508312,11343,2025-03-31,Delivered,Wallet
508313,10742,2025-05-27,Delivered,Credit Card
508314,11919,2024-08-18,Delivered,UPI
508315,10604,2024-06-03,Delivered,UPI
508316,10694,2025-04-25,Delivered,Credit Card
508317,10556,2026-05-08,Delivered,UPI
508318,10600,2025-02-25,Delivered,Net Banking
508319,10426,2026-04-03,Processing,UPI
508320,11163,2026-02-16,Delivered,Credit Card
508321,11458,2025-11-10,Delivered,Cash on Delivery
508322,10859,2026-03-27,Delivered,UPI
508323,11846,2025-01-10,Shipped,Debit Card
508324,10948,2025-11-24,Returned,Cash on Delivery
508325,10935,2024-05-12,Delivered,UPI
508326,10139,2024-10-18,Delivered,Credit Card
508327,11808,2025-06-01,Delivered,UPI
508328,10297,2024-02-04,Delivered,Debit Card
508329,10329,2025-11-29,Delivered,Credit Card
508330,11871,2026-04-24,Delivered,Wallet
508331,11040,2024-04-06,Delivered,Debit Card
508332,10137,2026-06-24,Delivered,Debit Card
508333,10884,2024-03-21,Delivered,Cash on Delivery
508334,11181,2024-04-25,Delivered,UPI
508335,10021,2025-11-27,Cancelled,Net Banking
508336,11510,2025-09-17,Delivered,Net Banking
508337,11338,2026-05-04,Delivered,Debit Card
508338,10024,2025-01-23,Shipped,Debit Card
508339,11237,2025-06-06,Processing,UPI
508340,10446,2024-05-15,Delivered,Net Banking
508341,11469,2025-09-23,Delivered,Debit Card
508342,10755,2026-06-30,Delivered,Net Banking
508343,10405,2025-06-28,Delivered,Cash on Delivery
508344,11014,2026-05-02,Delivered,Debit Card
508345,10887,2024-12-25,Shipped,Wallet
508346,10684,2026-06-16,Delivered,UPI
508347,11757,2025-05-04,Delivered,UPI
508348,11298,2024-05-11,Delivered,Credit Card
508349,10975,2024-11-27,Delivered,UPI
508350,10453,2025-03-25,Delivered,Debit Card
508351,11138,2024-03-02,Delivered,Credit Card
508352,10051,2026-03-28,Processing,Debit Card
508353,11770,2024-08-06,Shipped,Wallet
508354,10004,2025-09-08,Delivered,Net Banking
508355,11398,2026-04-19,Delivered,Credit Card
508356,10692,2025-01-31,Returned,Wallet
508357,11439,2025-07-10,Delivered,Net Banking
508358,10724,2025-04-16,Shipped,Net Banking
508359,10053,2025-11-28,Delivered,UPI
508360,11898,2024-02-05,Delivered,Debit Card
508361,11532,2024-11-24,Delivered,UPI
508362,10090,2025-07-12,Processing,UPI
508363,10066,2024-03-24,Cancelled,UPI
508364,11061,2026-02-23,Delivered,Net Banking
508365,11914,2025-07-31,Shipped,UPI
508366,11156,2024-01-03,Processing,Credit Card
508367,10022,2024-01-12,Processing,Debit Card
508368,11399,2024-05-26,Delivered,Credit Card
508369,10856,2025-08-29,Delivered,Credit Card
508370,11278,2025-04-17,Returned,Cash on Delivery
508371,10701,2025-03-16,Delivered,Cash on Delivery
508372,10017,2025-05-27,Delivered,Cash on Delivery
508373,10037,2025-03-27,Delivered,Net Banking
508374,11264,2024-11-09,Delivered,UPI
508375,11271,2024-01-07,Delivered,UPI
508376,10645,2024-01-26,Delivered,Credit Card
508377,10165,2025-09-21,Cancelled,Cash on Delivery
508378,11546,2025-11-09,Delivered,UPI
508379,10303,2024-08-06,Returned,UPI
508380,10377,2024-08-09,Cancelled,Net Banking
508381,10905,2025-01-07,Processing,Debit Card
508382,11433,2025-08-11,Delivered,Credit Card
508383,11991,2025-06-25,Processing,Cash on Delivery
508384,11251,2025-05-25,Delivered,Debit Card
508385,11921,2024-02-03,Delivered,Cash on Delivery
508386,11305,2025-01-28,Cancelled,Credit Card
508387,11696,2025-11-18,Delivered,Credit Card
508388,10352,2025-06-22,Cancelled,UPI
508389,10113,2026-01-06,Delivered,Credit Card
508390,11339,2025-09-26,Delivered,UPI
508391,11951,2026-04-01,Shipped,UPI
508392,11474,2025-06-06,Delivered,UPI
508393,10687,2025-06-03,Delivered,Credit Card
508394,10979,2025-05-24,Processing,UPI
508395,10225,2024-08-29,Delivered,UPI
508396,10681,2025-02-02,Delivered,Credit Card
508397,11366,2024-06-03,Shipped,UPI
508398,10334,2025-01-27,Delivered,UPI
508399,10964,2024-05-16,Delivered,Wallet
508400,10580,2025-03-24,Delivered,Credit Card
508401,10982,2026-05-21,Delivered,Net Banking
508402,11528,2025-02-16,Returned,UPI
508403,11770,2025-11-05,Delivered,Credit Card
508404,10819,2025-02-04,Shipped,UPI
508405,11655,2026-04-07,Delivered,Credit Card
508406,11406,2024-07-11,Delivered,Cash on Delivery
508407,11844,2026-01-31,Cancelled,Cash on Delivery
508408,11481,2025-10-23,Delivered,Credit Card
508409,11102,2026-03-22,Delivered,Credit Card
508410,11349,2024-05-01,Processing,Net Banking
508411,10636,2026-03-27,Shipped,Debit Card
508412,11348,2026-04-09,Delivered,Credit Card
508413,11418,2024-09-27,Processing,Credit Card
508414,11222,2025-07-24,Returned,Credit Card
508415,10207,2025-06-19,Delivered,Credit Card
508416,11037,2024-02-14,Delivered,Credit Card
508417,11422,2025-04-24,Delivered,UPI
508418,10396,2025-08-24,Delivered,Debit Card
508419,11575,2024-07-06,Delivered,Credit Card
508420,11686,2024-11-26,Delivered,Credit Card
508421,11078,2025-06-18,Shipped,Credit Card
508422,11929,2026-04-28,Delivered,Debit Card
508423,11716,2024-02-25,Delivered,Credit Card
508424,10933,2026-05-04,Delivered,UPI
508425,11769,2026-01-15,Delivered,Credit Card
508426,11867,2026-02-11,Delivered,UPI
508427,10217,2024-02-13,Delivered,Credit Card
508428,11996,2025-06-02,Delivered,Debit Card
508429,10010,2024-12-02,Delivered,Credit Card
508430,10973,2026-04-19,Delivered,Credit Card
508431,11876,2025-11-07,Delivered,Credit Card
508432,11449,2025-08-16,Delivered,Credit Card
508433,10534,2024-01-26,Shipped,UPI
508434,11288,2026-03-09,Delivered,Wallet
508435,10430,2025-03-23,Delivered,Debit Card
508436,10475,2024-05-26,Delivered,Debit Card
508437,11824,2026-03-09,Delivered,UPI
508438,10095,2026-04-05,Delivered,Cash on Delivery
508439,11925,2025-03-29,Delivered,Debit Card
508440,10907,2025-08-27,Returned,Credit Card
508441,10130,2025-07-11,Delivered,Net Banking
508442,11575,2024-10-03,Delivered,Credit Card
508443,10097,2025-11-14,Processing,Cash on Delivery
508444,10651,2026-06-30,Cancelled,UPI
508445,10482,2026-05-02,Delivered,Cash on Delivery
508446,11569,2025-09-19,Delivered,Wallet
508447,10794,2024-11-24,Delivered,Credit Card
508448,11310,2026-04-09,Processing,Cash on Delivery
508449,10145,2026-04-26,Delivered,UPI
508450,11392,2024-01-06,Delivered,Debit Card
508451,11422,2024-11-04,Delivered,Credit Card
508452,10572,2025-05-19,Delivered,Credit Card
508453,11763,2025-06-11,Shipped,Credit Card
508454,10941,2025-10-12,Delivered,Debit Card
508455,11335,2025-04-13,Delivered,Debit Card
508456,10364,2024-01-13,Delivered,UPI
508457,11866,2024-05-31,Shipped,Credit Card
508458,10494,2025-11-27,Delivered,UPI
508459,11253,2025-09-25,Cancelled,Debit Card
508460,10180,2025-08-17,Delivered,UPI
508461,10090,2025-02-06,Delivered,Credit Card
508462,10254,2024-09-07,Delivered,Wallet
508463,11886,2024-10-08,Delivered,Wallet
508464,10422,2025-09-21,Delivered,Credit Card
508465,11760,2025-04-05,Delivered,UPI
508466,11161,2024-04-29,Delivered,Debit Card
508467,10178,2024-12-30,Delivered,Credit Card
508468,10883,2026-01-22,Processing,UPI
508469,10959,2025-06-30,Delivered,Wallet
508470,10534,2026-03-01,Processing,Credit Card
508471,11209,2025-04-09,Processing,Credit Card
508472,11723,2025-03-19,Delivered,Credit Card
508473,11768,2026-05-16,Delivered,Cash on Delivery
508474,11051,2025-04-08,Delivered,Net Banking
508475,11788,2024-05-03,Processing,UPI
508476,11847,2025-01-02,Delivered,Net Banking
508477,10177,2025-08-14,Delivered,Cash on Delivery
508478,11270,2024-11-11,Delivered,Net Banking
508479,11547,2025-01-09,Delivered,UPI
508480,10032,2026-03-07,Delivered,Debit Card
508481,11207,2025-02-01,Delivered,Cash on Delivery
508482,11827,2024-10-05,Delivered,UPI
508483,10537,2024-04-08,Delivered,Debit Card
508484,11715,2025-01-02,Delivered,Debit Card
508485,11868,2025-11-30,Cancelled,Debit Card
508486,11271,2024-09-30,Delivered,UPI
508487,11259,2025-03-05,Delivered,UPI
508488,11070,2025-08-22,Delivered,Debit Card
508489,10819,2026-04-27,Delivered,UPI
508490,10906,2026-01-13,Delivered,Credit Card
508491,11045,2024-09-18,Delivered,Credit Card
508492,10965,2024-05-30,Processing,UPI
508493,11653,2025-09-04,Processing,Credit Card
508494,11539,2024-08-20,Delivered,Wallet
508495,10696,2024-12-24,Shipped,Credit Card
508496,11027,2024-04-05,Delivered,UPI
508497,10431,2025-12-08,Processing,UPI
508498,10353,2024-05-26,Delivered,Credit Card
508499,10738,2024-12-13,Delivered,Credit Card
508500,10117,2025-01-06,Delivered,Cash on Delivery
508501,11710,2024-02-08,Delivered,Debit Card
508502,10253,2025-12-09,Processing,Credit Card
508503,10654,2025-07-18,Delivered,Credit Card
508504,10503,2025-05-09,Delivered,Debit Card
508505,10414,2024-06-11,Delivered,UPI
508506,10736,2024-02-18,Processing,Credit Card
508507,11439,2024-02-20,Delivered,Credit Card
508508,11785,2025-07-24,Delivered,Credit Card
508509,10378,2025-11-13,Delivered,Debit Card
508510,10479,2025-12-27,Delivered,Cash on Delivery
508511,10940,2025-12-31,Delivered,UPI
508512,10640,2024-12-25,Shipped,Cash on Delivery
508513,11600,2024-01-02,Returned,Debit Card
508514,10447,2024-08-11,Shipped,Net Banking
508515,10805,2025-12-19,Delivered,Debit Card
508516,11092,2025-11-28,Delivered,Cash on Delivery
508517,10764,2025-04-08,Processing,Debit Card
508518,11235,2024-01-22,Delivered,UPI
508519,11600,2025-12-10,Shipped,Credit Card
508520,11065,2026-01-14,Delivered,Cash on Delivery
508521,10914,2024-07-26,Processing,Credit Card
508522,11904,2026-01-04,Delivered,Cash on Delivery
508523,11964,2025-08-07,Cancelled,Cash on Delivery
508524,11991,2026-03-21,Delivered,Credit Card
508525,10033,2025-07-25,Shipped,Cash on Delivery
508526,11675,2024-03-22,Delivered,Credit Card
508527,11798,2025-08-13,Delivered,UPI
508528,11611,2024-04-08,Delivered,Debit Card
508529,11500,2024-08-24,Delivered,Cash on Delivery
508530,10733,2026-03-07,Delivered,Credit Card
508531,11452,2026-06-02,Delivered,UPI
508532,11160,2025-03-09,Returned,Debit Card
508533,11663,2024-09-22,Processing,Net Banking
508534,10703,2024-12-24,Shipped,Debit Card
508535,11486,2024-08-09,Delivered,Credit Card
508536,11569,2025-06-07,Delivered,Credit Card
508537,11668,2025-01-19,Delivered,Debit Card
508538,10344,2024-02-23,Delivered,UPI
508539,11728,2025-07-10,Delivered,Cash on Delivery
508540,10434,2025-08-10,Processing,UPI
508541,11875,2025-08-31,Delivered,Credit Card
508542,10078,2026-05-12,Delivered,Cash on Delivery
508543,10448,2025-10-04,Delivered,Debit Card
508544,11218,2025-09-08,Delivered,Net Banking
508545,11087,2024-07-12,Delivered,UPI
508546,11378,2025-02-28,Delivered,Credit Card
508547,10808,2025-01-31,Delivered,Net Banking
508548,10007,2026-05-27,Delivered,Cash on Delivery
508549,11236,2025-03-09,Shipped,Debit Card
508550,11022,2025-09-20,Returned,UPI
508551,11018,2025-05-08,Delivered,UPI
508552,10754,2024-02-22,Delivered,Cash on Delivery
508553,11782,2026-05-04,Delivered,Debit Card
508554,11585,2025-09-03,Shipped,UPI
508555,10363,2024-07-29,Delivered,Credit Card
508556,10078,2024-02-24,Delivered,UPI
508557,10363,2026-05-05,Delivered,UPI
508558,10098,2024-10-07,Cancelled,Cash on Delivery
508559,11419,2024-01-16,Delivered,Debit Card
508560,11241,2025-07-16,Delivered,UPI
508561,10926,2024-01-15,Delivered,Cash on Delivery
508562,11184,2024-07-15,Delivered,Wallet
508563,11617,2026-03-26,Delivered,Cash on Delivery
508564,11663,2024-02-04,Cancelled,Net Banking
508565,10870,2025-11-17,Shipped,Wallet
508566,11185,2025-07-18,Cancelled,UPI
508567,11154,2024-10-06,Cancelled,Cash on Delivery
508568,11899,2024-09-17,Delivered,Credit Card
508569,11524,2025-03-09,Processing,UPI
508570,10629,2025-05-01,Shipped,UPI
508571,11774,2026-03-23,Delivered,UPI
508572,10796,2024-08-26,Delivered,Net Banking
508573,11516,2025-06-22,Returned,Cash on Delivery
508574,11956,2025-09-18,Shipped,UPI
508575,11618,2024-01-12,Shipped,Cash on Delivery
508576,10216,2026-03-28,Delivered,Net Banking
508577,10412,2026-06-24,Processing,UPI
508578,11592,2024-03-20,Delivered,Net Banking
508579,10247,2024-08-27,Delivered,UPI
508580,10024,2025-12-18,Shipped,UPI
508581,10517,2026-01-08,Delivered,Debit Card
508582,10974,2024-05-22,Delivered,Cash on Delivery
508583,10257,2026-04-17,Shipped,UPI
508584,10307,2024-10-27,Delivered,Credit Card
508585,10678,2024-09-25,Delivered,Debit Card
508586,11198,2024-11-22,Delivered,Net Banking
508587,11089,2025-09-05,Delivered,Cash on Delivery
508588,11597,2024-07-07,Delivered,Credit Card
508589,11962,2025-05-10,Delivered,Cash on Delivery
508590,10067,2024-03-09,Processing,Debit Card
508591,11377,2024-05-14,Delivered,UPI
508592,10328,2025-12-02,Cancelled,Debit Card
508593,10721,2024-12-16,Delivered,Credit Card
508594,10686,2025-12-25,Delivered,Net Banking
508595,11402,2025-11-04,Shipped,Credit Card
508596,10512,2026-06-29,Delivered,UPI
508597,11790,2024-05-05,Returned,Wallet
508598,10767,2026-05-03,Delivered,Cash on Delivery
508599,11631,2026-03-25,Processing,Credit Card
508600,11904,2025-01-31,Delivered,Net Banking
508601,11022,2024-05-03,Processing,Wallet
508602,10203,2024-05-01,Delivered,UPI
508603,11403,2025-04-11,Delivered,Debit Card
508604,10847,2024-01-10,Delivered,UPI
508605,10677,2024-03-28,Processing,Net Banking
508606,10915,2025-04-30,Delivered,UPI
508607,10600,2025-05-29,Delivered,Net Banking
508608,10561,2026-02-24,Delivered,UPI
508609,11980,2026-06-08,Delivered,Credit Card
508610,10558,2024-09-01,Shipped,Net Banking
508611,10918,2024-10-28,Shipped,UPI
508612,11430,2024-06-30,Delivered,Cash on Delivery
508613,10442,2024-07-24,Shipped,UPI
508614,11236,2025-02-04,Delivered,Credit Card
508615,11792,2026-06-25,Delivered,Net Banking
508616,11626,2026-03-26,Delivered,UPI
508617,10058,2026-04-13,Delivered,Debit Card
508618,10811,2025-02-16,Processing,Credit Card
508619,10001,2025-08-23,Cancelled,Debit Card
508620,11214,2025-10-21,Cancelled,Debit Card
508621,10651,2024-08-09,Shipped,Credit Card
508622,11788,2025-02-26,Delivered,Credit Card
508623,10352,2025-05-17,Delivered,UPI
508624,11703,2024-12-06,Delivered,Cash on Delivery
508625,10685,2025-03-07,Shipped,Credit Card
508626,11841,2025-02-06,Delivered,Credit Card
508627,10400,2024-02-25,Returned,UPI
508628,10538,2025-12-02,Delivered,Net Banking
508629,10703,2026-04-02,Delivered,Debit Card
508630,11971,2025-11-19,Processing,UPI
508631,11468,2026-05-02,Delivered,Cash on Delivery
508632,11633,2025-01-29,Delivered,Cash on Delivery
508633,11106,2024-02-20,Delivered,Cash on Delivery
508634,11590,2024-09-01,Returned,Debit Card
508635,11254,2026-02-18,Delivered,Credit Card
508636,11336,2024-05-07,Delivered,UPI
508637,11675,2025-05-14,Delivered,Credit Card
508638,11967,2024-01-02,Delivered,Debit Card
508639,11152,2024-10-22,Delivered,UPI
508640,10884,2024-04-13,Delivered,Credit Card
508641,11307,2024-04-13,Delivered,Debit Card
508642,11484,2024-05-30,Cancelled,Net Banking
508643,11973,2025-05-06,Shipped,UPI
508644,11398,2025-09-21,Shipped,Cash on Delivery
508645,11910,2024-09-20,Delivered,Credit Card
508646,11465,2026-01-16,Delivered,Debit Card
508647,11904,2024-12-23,Delivered,Wallet
508648,11503,2025-11-03,Delivered,UPI
508649,11770,2025-04-28,Delivered,Cash on Delivery
508650,10382,2025-10-22,Delivered,Net Banking
508651,11986,2026-06-12,Delivered,Wallet
508652,10699,2026-06-26,Delivered,Credit Card
508653,11596,2025-06-20,Delivered,UPI
508654,10785,2026-05-28,Delivered,UPI
508655,10917,2025-10-02,Processing,Net Banking
508656,11496,2024-09-02,Delivered,UPI
508657,11082,2026-05-03,Processing,Credit Card
508658,11433,2024-05-12,Delivered,Wallet
508659,10159,2025-03-03,Returned,Credit Card
508660,11667,2024-05-19,Delivered,UPI
508661,10817,2025-12-17,Delivered,Net Banking
508662,11578,2026-03-28,Delivered,UPI
508663,10572,2026-01-17,Delivered,Debit Card
508664,11193,2024-04-03,Delivered,UPI
508665,11177,2024-09-04,Delivered,Credit Card
508666,10280,2024-11-06,Returned,UPI
508667,10949,2024-04-15,Processing,Net Banking
508668,11271,2025-04-29,Delivered,Credit Card
508669,11673,2024-02-01,Processing,Credit Card
508670,11775,2025-07-14,Delivered,Wallet
508671,10770,2025-06-08,Delivered,Cash on Delivery
508672,11287,2025-06-27,Delivered,Debit Card
508673,10350,2026-04-13,Delivered,Wallet
508674,11792,2025-12-18,Cancelled,UPI
508675,11737,2024-08-25,Processing,Debit Card
508676,11999,2025-06-05,Cancelled,Cash on Delivery
508677,10973,2026-01-02,Delivered,Debit Card
508678,10719,2026-02-16,Delivered,Credit Card
508679,11516,2025-08-10,Shipped,Net Banking
508680,11447,2024-03-18,Delivered,UPI
508681,10425,2025-01-31,Processing,UPI
508682,11080,2026-02-23,Delivered,Net Banking
508683,11288,2024-03-08,Processing,UPI
508684,10910,2025-06-22,Shipped,UPI
508685,10743,2025-05-08,Delivered,Credit Card
508686,10480,2024-07-22,Delivered,Credit Card
508687,10824,2024-11-10,Delivered,Credit Card
508688,10492,2026-06-11,Delivered,Net Banking
508689,10601,2025-06-27,Processing,Debit Card
508690,10370,2026-05-07,Delivered,Net Banking
508691,10753,2025-03-06,Delivered,UPI
508692,11263,2026-02-11,Delivered,Credit Card
508693,10756,2025-07-19,Delivered,Wallet
508694,10285,2026-04-12,Delivered,Credit Card
508695,11603,2024-10-25,Processing,UPI
508696,10863,2024-12-14,Shipped,Wallet
508697,11168,2024-02-06,Cancelled,Credit Card
508698,11047,2024-07-26,Delivered,Credit Card
508699,11013,2024-05-06,Delivered,UPI
508700,10877,2024-06-15,Delivered,Debit Card
508701,11512,2024-10-08,Delivered,UPI
508702,11710,2026-03-08,Delivered,Debit Card
508703,11808,2024-12-11,Delivered,Net Banking
508704,10887,2026-01-24,Delivered,Debit Card
508705,10682,2026-01-13,Delivered,UPI
508706,10166,2026-06-14,Delivered,UPI
508707,10886,2025-04-09,Delivered,Cash on Delivery
508708,11985,2026-02-13,Shipped,Cash on Delivery
508709,10521,2025-01-17,Delivered,UPI
508710,11690,2025-07-31,Shipped,Credit Card
508711,11514,2026-01-10,Delivered,Debit Card
508712,11321,2024-05-09,Delivered,Cash on Delivery
508713,11131,2024-02-22,Delivered,Cash on Delivery
508714,11513,2024-05-30,Delivered,Debit Card
508715,10197,2025-10-20,Delivered,UPI
508716,10257,2025-03-08,Shipped,Net Banking
508717,10392,2024-09-12,Shipped,Cash on Delivery
508718,11532,2025-12-01,Delivered,Credit Card
508719,10865,2024-01-14,Delivered,Credit Card
508720,10416,2024-06-07,Delivered,UPI
508721,10090,2025-03-04,Returned,Credit Card
508722,10978,2026-04-15,Delivered,Cash on Delivery
508723,10798,2025-11-14,Delivered,UPI
508724,10356,2025-09-16,Delivered,Net Banking
508725,10047,2025-10-11,Shipped,UPI
508726,11508,2024-10-12,Delivered,Credit Card
508727,11559,2025-02-12,Delivered,Debit Card
508728,10492,2026-03-19,Delivered,UPI
508729,10988,2025-10-28,Shipped,Debit Card
508730,10507,2025-06-30,Delivered,Credit Card
508731,10818,2024-03-16,Returned,Net Banking
508732,10219,2025-10-31,Processing,Wallet
508733,11893,2024-11-29,Delivered,Credit Card
508734,11442,2024-12-17,Cancelled,UPI
508735,11803,2025-09-07,Processing,Cash on Delivery
508736,10592,2024-12-25,Delivered,UPI
508737,11746,2025-06-07,Shipped,UPI
508738,11037,2024-01-12,Delivered,Cash on Delivery
508739,10397,2024-06-17,Delivered,UPI
508740,10665,2025-05-06,Delivered,Debit Card
508741,11624,2026-05-24,Processing,UPI
508742,11550,2025-11-25,Cancelled,Net Banking
508743,11441,2025-01-16,Delivered,Debit Card
508744,10453,2026-06-03,Delivered,Credit Card
508745,11296,2024-09-08,Delivered,Debit Card
508746,11882,2026-03-25,Processing,UPI
508747,10098,2025-01-03,Delivered,UPI
508748,10643,2024-03-20,Delivered,Net Banking
508749,10161,2024-01-03,Delivered,Cash on Delivery
508750,10208,2026-06-14,Delivered,Net Banking
508751,11996,2025-08-09,Delivered,Net Banking
508752,10481,2024-05-16,Delivered,Credit Card
508753,10359,2026-06-24,Delivered,Debit Card
508754,10148,2024-02-07,Processing,Debit Card
508755,11963,2024-11-01,Delivered,UPI
508756,10938,2025-11-14,Delivered,Credit Card
508757,11583,2024-02-18,Shipped,UPI
508758,10501,2026-04-07,Delivered,Credit Card
508759,11282,2025-09-11,Shipped,Net Banking
508760,11773,2026-05-17,Processing,Credit Card
508761,11343,2026-02-03,Delivered,Net Banking
508762,11035,2026-01-23,Delivered,Wallet
508763,10422,2024-07-26,Delivered,Cash on Delivery
508764,10467,2024-07-06,Delivered,Cash on Delivery
508765,11194,2024-08-09,Delivered,Cash on Delivery
508766,10903,2024-05-20,Delivered,Credit Card
508767,10093,2025-08-29,Delivered,Net Banking
508768,10392,2024-02-23,Delivered,Debit Card
508769,10865,2025-01-26,Delivered,Wallet
508770,10358,2025-06-15,Delivered,Debit Card
508771,11108,2025-05-07,Delivered,Credit Card
508772,10602,2025-03-20,Delivered,Cash on Delivery
508773,10584,2024-07-22,Shipped,Net Banking
508774,10217,2024-04-09,Cancelled,UPI
508775,11007,2026-06-21,Shipped,Debit Card
508776,10378,2025-02-28,Delivered,Debit Card
508777,11261,2025-06-27,Delivered,Debit Card
508778,11877,2025-06-01,Delivered,Wallet
508779,11825,2024-12-02,Shipped,Debit Card
508780,11334,2025-10-22,Returned,Cash on Delivery
508781,11615,2024-12-09,Delivered,Credit Card
508782,11843,2025-01-13,Delivered,UPI
508783,11364,2026-01-03,Delivered,Credit Card
508784,10514,2024-10-17,Cancelled,Debit Card
508785,11002,2025-09-30,Delivered,Cash on Delivery
508786,11715,2025-08-30,Processing,Debit Card
508787,11336,2024-01-28,Shipped,Credit Card
508788,10725,2025-09-16,Returned,Credit Card
508789,10337,2026-01-01,Delivered,Wallet
508790,10289,2024-09-03,Cancelled,UPI
508791,10755,2026-04-14,Processing,UPI
508792,11610,2024-01-19,Processing,Debit Card
508793,11106,2024-06-13,Cancelled,Net Banking
508794,10120,2026-05-13,Delivered,Credit Card
508795,11837,2026-02-20,Shipped,UPI
508796,10810,2025-11-20,Delivered,Debit Card
508797,10782,2025-07-05,Shipped,UPI
508798,11639,2024-07-02,Shipped,UPI
508799,10754,2025-03-22,Shipped,Credit Card
508800,11235,2025-05-31,Delivered,UPI
508801,11843,2024-03-22,Processing,Credit Card
508802,11037,2025-06-27,Processing,Net Banking
508803,11229,2024-03-22,Delivered,UPI
508804,10708,2024-04-25,Delivered,Credit Card
508805,11782,2024-06-04,Processing,Credit Card
508806,10151,2024-06-23,Shipped,UPI
508807,10553,2024-03-15,Delivered,Net Banking
508808,11982,2026-05-23,Delivered,UPI
508809,10969,2026-01-02,Shipped,Cash on Delivery
508810,10350,2025-04-08,Shipped,Debit Card
508811,10828,2024-12-02,Delivered,Credit Card
508812,10511,2024-06-23,Delivered,Cash on Delivery
508813,11051,2026-05-16,Processing,Credit Card
508814,10472,2025-12-29,Cancelled,UPI
508815,10799,2025-11-17,Delivered,Credit Card
508816,11816,2025-03-05,Cancelled,Debit Card
508817,10165,2024-01-26,Delivered,Net Banking
508818,11528,2025-08-05,Delivered,Debit Card
508819,10157,2025-03-21,Shipped,Cash on Delivery
508820,10915,2024-09-28,Delivered,Wallet
508821,11337,2024-10-14,Delivered,UPI
508822,11911,2024-02-22,Cancelled,Cash on Delivery
508823,10501,2026-03-06,Delivered,UPI
508824,10106,2024-05-30,Delivered,Wallet
508825,11502,2026-01-12,Delivered,UPI
508826,11788,2026-06-07,Delivered,UPI
508827,11131,2024-02-11,Delivered,Credit Card
508828,10121,2025-07-23,Delivered,UPI
508829,11002,2024-03-01,Delivered,Cash on Delivery
508830,10783,2026-01-28,Delivered,UPI
508831,10903,2025-04-08,Delivered,Credit Card
508832,10109,2024-01-20,Cancelled,Cash on Delivery
508833,10635,2025-12-06,Delivered,Debit Card
508834,11998,2025-11-29,Processing,Debit Card
508835,10092,2026-04-24,Returned,Wallet
508836,11829,2025-03-18,Delivered,UPI
508837,11036,2026-05-01,Delivered,Credit Card
508838,11170,2025-08-30,Delivered,UPI
508839,11868,2025-04-25,Cancelled,UPI
508840,10436,2024-11-23,Delivered,UPI
508841,11969,2024-09-24,Delivered,Debit Card
508842,10554,2025-07-20,Shipped,UPI
508843,10699,2025-11-06,Processing,Debit Card
508844,10900,2024-02-02,Delivered,Net Banking
508845,11204,2025-01-11,Delivered,Credit Card
508846,10646,2024-02-11,Delivered,Debit Card
508847,11587,2024-12-28,Returned,UPI
508848,10043,2025-12-30,Shipped,Net Banking
508849,11334,2025-09-22,Delivered,Credit Card
508850,11313,2024-04-23,Processing,Cash on Delivery
508851,11070,2025-10-16,Delivered,Debit Card
508852,11227,2024-01-13,Cancelled,Debit Card
508853,11496,2024-01-12,Delivered,Credit Card
508854,11809,2026-04-13,Delivered,Credit Card
508855,10437,2024-01-30,Delivered,Credit Card
508856,10954,2024-08-30,Delivered,Debit Card
508857,11125,2024-04-30,Processing,Credit Card
508858,10690,2025-06-15,Delivered,Net Banking
508859,11948,2025-04-21,Delivered,UPI
508860,11024,2026-02-04,Shipped,Cash on Delivery
508861,11186,2026-06-20,Delivered,Cash on Delivery
508862,10390,2025-11-12,Delivered,UPI
508863,10832,2025-03-02,Delivered,UPI
508864,11252,2024-02-12,Returned,Debit Card
508865,10857,2026-04-22,Delivered,UPI
508866,11541,2025-05-27,Processing,UPI
508867,10274,2024-07-17,Shipped,Credit Card
508868,10307,2025-05-09,Delivered,Debit Card
508869,10678,2024-12-23,Delivered,UPI
508870,10637,2024-11-15,Delivered,Cash on Delivery
508871,11631,2025-02-17,Delivered,UPI
508872,11736,2025-11-19,Returned,UPI
508873,10944,2024-05-29,Delivered,UPI
508874,11012,2026-05-30,Delivered,Cash on Delivery
508875,10589,2024-02-26,Delivered,Cash on Delivery
508876,11064,2024-05-14,Delivered,UPI
508877,11413,2025-09-09,Delivered,Net Banking
508878,11445,2024-05-12,Shipped,UPI
508879,11938,2025-12-10,Shipped,UPI
508880,11156,2025-11-01,Cancelled,UPI
508881,10681,2025-01-27,Delivered,Cash on Delivery
508882,10140,2025-02-18,Delivered,Credit Card
508883,11376,2026-07-01,Processing,Debit Card
508884,11608,2025-12-27,Delivered,UPI
508885,11105,2025-07-31,Delivered,Cash on Delivery
508886,11846,2024-05-08,Delivered,Wallet
508887,10634,2025-06-22,Shipped,UPI
508888,10107,2024-02-06,Shipped,Debit Card
508889,11267,2024-08-17,Delivered,Debit Card
508890,10243,2025-09-29,Delivered,Wallet
508891,10169,2025-01-07,Delivered,Credit Card
508892,11404,2026-06-27,Delivered,UPI
508893,10869,2026-05-07,Delivered,Credit Card
508894,11209,2024-03-27,Processing,Debit Card
508895,11496,2026-03-17,Returned,Credit Card
508896,10766,2026-02-28,Shipped,UPI
508897,11223,2024-04-06,Processing,Net Banking
508898,11079,2024-12-17,Returned,Cash on Delivery
508899,11161,2026-05-16,Shipped,Credit Card
508900,11407,2024-01-16,Delivered,Debit Card
508901,10761,2024-02-23,Processing,Credit Card
508902,11009,2025-04-10,Delivered,Debit Card
508903,11183,2026-05-20,Delivered,UPI
508904,10281,2024-09-11,Delivered,Credit Card
508905,10424,2025-12-06,Delivered,Credit Card
508906,10179,2025-09-25,Cancelled,Wallet
508907,10397,2024-05-13,Shipped,UPI
508908,10878,2024-09-19,Delivered,Credit Card
508909,11876,2025-07-23,Delivered,Credit Card
508910,11846,2025-03-15,Processing,Cash on Delivery
508911,11526,2024-08-04,Shipped,Credit Card
508912,11116,2024-07-02,Delivered,Credit Card
508913,10406,2025-05-23,Delivered,Debit Card
508914,10717,2026-01-26,Delivered,Credit Card
508915,11533,2025-01-12,Cancelled,Debit Card
508916,11818,2026-04-24,Delivered,Debit Card
508917,11926,2025-09-01,Processing,Debit Card
508918,10778,2025-01-03,Delivered,Debit Card
508919,10974,2025-10-07,Returned,UPI
508920,11019,2025-02-13,Delivered,Debit Card
508921,10113,2025-11-21,Shipped,Wallet
508922,10233,2026-06-16,Shipped,Credit Card
508923,10091,2025-12-20,Shipped,Net Banking
508924,11475,2024-05-09,Shipped,Debit Card
508925,10449,2024-03-06,Delivered,Net Banking
508926,11401,2026-01-08,Delivered,Credit Card
508927,10751,2026-02-12,Delivered,Wallet
508928,11589,2025-06-01,Shipped,UPI
508929,10232,2024-08-11,Shipped,UPI
508930,10651,2026-03-15,Delivered,UPI
508931,10410,2025-02-13,Processing,Debit Card
508932,10873,2024-09-23,Delivered,Debit Card
508933,11124,2024-11-30,Delivered,Debit Card
508934,10337,2024-09-27,Delivered,UPI
508935,11334,2024-09-14,Shipped,Debit Card
508936,11930,2024-10-24,Delivered,UPI
508937,10087,2025-09-07,Cancelled,Net Banking
508938,10173,2024-01-16,Shipped,UPI
508939,11905,2024-11-27,Delivered,Credit Card
508940,11299,2024-06-04,Delivered,Credit Card
508941,11840,2025-08-14,Shipped,Credit Card
508942,11411,2026-06-27,Processing,Net Banking
508943,11435,2025-12-20,Delivered,Wallet
508944,10316,2024-08-15,Delivered,Debit Card
508945,11024,2025-04-13,Delivered,Credit Card
508946,10731,2024-01-19,Delivered,Credit Card
508947,11668,2025-01-11,Delivered,Debit Card
508948,10087,2024-09-11,Shipped,Credit Card
508949,10037,2025-04-03,Delivered,Net Banking
508950,11114,2025-01-07,Processing,Debit Card
508951,11941,2025-09-15,Delivered,Credit Card
508952,11990,2025-05-15,Delivered,Wallet
508953,11188,2026-05-07,Cancelled,UPI
508954,10860,2024-03-03,Delivered,Debit Card
508955,10546,2026-05-12,Delivered,Credit Card
508956,11981,2025-12-22,Delivered,UPI
508957,10367,2025-10-12,Delivered,UPI
508958,10253,2026-01-23,Shipped,Debit Card
508959,11017,2024-02-16,Processing,UPI
508960,10785,2024-07-13,Shipped,Cash on Delivery
508961,10992,2024-01-01,Returned,Credit Card
508962,11804,2025-12-29,Delivered,Credit Card
508963,10540,2024-11-19,Delivered,Debit Card
508964,11754,2024-11-25,Delivered,UPI
508965,10424,2025-07-11,Shipped,UPI
508966,10648,2025-01-21,Delivered,Credit Card
508967,10009,2025-08-04,Delivered,Debit Card
508968,11358,2026-05-04,Returned,Credit Card
508969,11717,2024-10-30,Delivered,Credit Card
508970,11773,2026-03-25,Delivered,Debit Card
508971,10335,2025-05-01,Delivered,Cash on Delivery
508972,11534,2024-12-08,Delivered,Credit Card
508973,10283,2026-04-19,Delivered,Net Banking
508974,11257,2025-03-21,Delivered,UPI
508975,11405,2024-04-26,Delivered,Credit Card
508976,10306,2024-09-18,Processing,Credit Card
508977,10222,2026-02-10,Delivered,Credit Card
508978,10147,2025-04-15,Shipped,UPI
508979,11417,2025-05-26,Shipped,UPI
508980,11230,2025-09-14,Shipped,Credit Card
508981,10239,2024-06-26,Cancelled,UPI
508982,11001,2024-03-25,Delivered,Credit Card
508983,11592,2025-02-06,Delivered,Credit Card
508984,10477,2026-04-19,Delivered,UPI
508985,11212,2024-04-26,Delivered,Debit Card
508986,10586,2025-10-18,Processing,Credit Card
508987,10523,2026-06-13,Delivered,UPI
508988,10785,2024-03-29,Delivered,UPI
508989,10705,2024-05-01,Delivered,Debit Card
508990,10992,2026-03-04,Cancelled,Debit Card
508991,10411,2024-04-09,Delivered,Net Banking
508992,10781,2025-11-09,Delivered,UPI
508993,11245,2025-12-28,Cancelled,Debit Card
508994,10775,2024-10-12,Shipped,Credit Card
508995,11313,2024-09-23,Delivered,Cash on Delivery
508996,10232,2025-04-21,Delivered,Net Banking
508997,10276,2025-04-07,Shipped,UPI
508998,11732,2026-02-24,Delivered,Wallet
508999,10924,2025-06-24,Returned,Credit Card
509000,11219,2026-06-02,Shipped,Wallet
509001,11480,2024-08-07,Delivered,Credit Card
509002,10293,2024-09-13,Shipped,Credit Card
509003,11945,2024-08-08,Returned,Debit Card
509004,10848,2025-08-16,Delivered,UPI
509005,11780,2024-01-31,Delivered,Net Banking
509006,10834,2026-02-24,Shipped,UPI
509007,10812,2025-12-05,Delivered,UPI
509008,11202,2026-06-21,Shipped,Credit Card
509009,10382,2026-05-25,Delivered,Wallet
509010,11218,2024-03-05,Delivered,Wallet
509011,11967,2025-11-13,Delivered,Credit Card
509012,11291,2025-04-04,Shipped,Debit Card
509013,10141,2025-11-02,Delivered,UPI
509014,11396,2026-03-08,Delivered,Credit Card
509015,10067,2025-06-16,Delivered,Wallet
509016,10207,2024-01-03,Delivered,Net Banking
509017,10570,2026-02-28,Delivered,Debit Card
509018,10610,2025-02-03,Returned,UPI
509019,10008,2025-02-22,Shipped,Net Banking
509020,10035,2025-06-17,Delivered,Wallet
509021,11579,2026-04-12,Delivered,Wallet
509022,10910,2025-04-25,Returned,Debit Card
509023,10400,2024-07-08,Processing,UPI
509024,10859,2025-10-31,Processing,Wallet
509025,11386,2025-07-31,Delivered,Debit Card
509026,11469,2024-02-29,Delivered,UPI
509027,10577,2025-05-01,Delivered,UPI
509028,10335,2025-12-18,Delivered,Debit Card
509029,11919,2026-03-18,Delivered,Cash on Delivery
509030,11263,2024-09-15,Processing,Wallet
509031,11966,2025-04-22,Delivered,Wallet
509032,10614,2026-01-22,Delivered,Debit Card
509033,10223,2025-06-16,Processing,Wallet
509034,10764,2025-01-17,Returned,UPI
509035,10656,2024-06-17,Delivered,UPI
509036,11439,2024-02-09,Delivered,UPI
509037,11433,2025-09-22,Processing,Net Banking
509038,10144,2026-05-30,Returned,Cash on Delivery
509039,11176,2025-07-02,Delivered,Cash on Delivery
509040,10686,2025-12-13,Delivered,Cash on Delivery
509041,11230,2025-09-10,Shipped,Debit Card
509042,10783,2024-11-13,Shipped,Net Banking
509043,11075,2025-04-22,Delivered,Credit Card
509044,11432,2024-09-03,Delivered,Net Banking
509045,10587,2024-07-22,Processing,Net Banking
509046,10399,2025-06-21,Shipped,Credit Card
509047,11412,2025-08-12,Delivered,UPI
509048,11895,2026-06-20,Shipped,UPI
509049,10889,2024-08-03,Delivered,Cash on Delivery
509050,11996,2024-09-21,Delivered,Debit Card
509051,10370,2024-05-31,Delivered,Credit Card
509052,11638,2026-05-15,Delivered,Wallet
509053,11977,2025-12-14,Returned,Credit Card
509054,10600,2024-10-28,Delivered,Credit Card
509055,10296,2026-06-03,Processing,Net Banking
509056,11328,2025-10-04,Delivered,Credit Card
509057,11739,2025-03-10,Processing,Credit Card
509058,10167,2024-12-14,Returned,Net Banking
509059,11282,2025-06-03,Returned,Credit Card
509060,11743,2024-03-18,Processing,Credit Card
509061,10065,2024-06-06,Delivered,UPI
509062,11032,2026-05-04,Delivered,Cash on Delivery
509063,10154,2024-07-07,Delivered,Debit Card
509064,10353,2024-05-29,Delivered,Cash on Delivery
509065,10973,2026-02-24,Delivered,Debit Card
509066,10655,2026-05-12,Delivered,UPI
509067,10171,2026-01-16,Delivered,Credit Card
509068,11602,2024-04-04,Shipped,Credit Card
509069,10406,2026-02-04,Delivered,Net Banking
509070,11741,2024-08-31,Delivered,Debit Card
509071,10354,2024-01-11,Delivered,Debit Card
509072,11040,2026-04-20,Delivered,Net Banking
509073,11455,2024-09-01,Cancelled,UPI
509074,10961,2025-08-24,Delivered,Cash on Delivery
509075,10835,2024-03-08,Shipped,Credit Card
509076,11502,2024-06-21,Delivered,Debit Card
509077,10024,2026-03-15,Delivered,UPI
509078,11653,2025-06-24,Shipped,UPI
509079,11380,2026-06-30,Delivered,Net Banking
509080,11530,2024-06-13,Processing,Credit Card
509081,10842,2026-03-24,Cancelled,Cash on Delivery
509082,10769,2026-03-09,Delivered,Debit Card
509083,11144,2026-04-23,Shipped,Debit Card
509084,11284,2024-02-15,Delivered,Credit Card
509085,11851,2024-04-05,Delivered,Cash on Delivery
509086,11715,2025-04-28,Delivered,Wallet
509087,10108,2024-04-15,Delivered,UPI
509088,10304,2024-02-27,Returned,Credit Card
509089,11894,2026-01-10,Delivered,Cash on Delivery
509090,10777,2025-09-26,Shipped,UPI
509091,11161,2026-02-09,Delivered,Credit Card
509092,10114,2026-05-04,Delivered,Wallet
509093,10210,2024-05-10,Delivered,Credit Card
509094,10818,2026-01-28,Shipped,Wallet
509095,11435,2024-02-09,Shipped,Credit Card
509096,11545,2024-12-05,Cancelled,Debit Card
509097,11790,2024-09-28,Delivered,Credit Card
509098,10395,2024-08-04,Delivered,Credit Card
509099,10404,2025-10-18,Delivered,Cash on Delivery
509100,11084,2024-04-20,Processing,Debit Card
509101,11094,2026-01-08,Delivered,Wallet
509102,10074,2026-03-08,Delivered,Credit Card
509103,10895,2025-08-30,Shipped,Wallet
509104,11796,2024-03-15,Delivered,Net Banking
509105,10328,2025-06-28,Shipped,UPI
509106,11641,2025-07-28,Returned,Credit Card
509107,10895,2024-12-06,Delivered,UPI
509108,11049,2024-12-01,Delivered,UPI
509109,11284,2025-03-04,Returned,Cash on Delivery
509110,11412,2026-06-28,Shipped,Wallet
509111,11275,2024-01-04,Delivered,UPI
509112,10208,2025-04-09,Processing,UPI
509113,10591,2024-10-16,Delivered,UPI
509114,11691,2025-05-16,Shipped,Cash on Delivery
509115,10081,2024-01-04,Delivered,Debit Card
509116,11431,2026-04-18,Delivered,Debit Card
509117,11041,2025-02-21,Processing,Debit Card
509118,10240,2026-06-04,Delivered,Wallet
509119,10246,2024-05-20,Processing,UPI
509120,11962,2025-06-16,Processing,UPI
509121,10063,2025-09-12,Returned,Debit Card
509122,10046,2025-12-27,Delivered,Wallet
509123,10034,2024-01-09,Delivered,Net Banking
509124,11258,2025-08-02,Delivered,Cash on Delivery
509125,11853,2024-05-14,Delivered,Cash on Delivery
509126,10344,2025-01-25,Delivered,UPI
509127,11592,2024-02-18,Delivered,Debit Card
509128,11439,2024-02-22,Delivered,Cash on Delivery
509129,10460,2025-11-30,Returned,UPI
509130,10141,2025-10-17,Delivered,Debit Card
509131,10976,2026-03-28,Delivered,UPI
509132,10163,2025-10-01,Shipped,Cash on Delivery
509133,10228,2025-06-27,Delivered,UPI
509134,10933,2024-04-16,Shipped,Credit Card
509135,11632,2025-11-29,Shipped,Debit Card
509136,11989,2024-07-29,Shipped,Debit Card
509137,11256,2024-04-07,Shipped,UPI
509138,10554,2025-10-30,Processing,UPI
509139,10657,2025-06-20,Returned,Cash on Delivery
509140,11226,2024-05-16,Delivered,Wallet
509141,10347,2025-05-16,Delivered,Debit Card
509142,11038,2025-09-22,Processing,UPI
509143,11538,2025-03-31,Delivered,Net Banking
509144,11685,2025-10-17,Delivered,Debit Card
509145,10119,2025-04-05,Delivered,Credit Card
509146,10578,2024-11-18,Delivered,UPI
509147,10510,2024-07-22,Delivered,UPI
509148,11110,2024-08-23,Shipped,UPI
509149,10371,2026-01-08,Delivered,Debit Card
509150,11902,2024-12-06,Delivered,Credit Card
509151,11835,2025-10-15,Processing,Credit Card
509152,10666,2024-11-23,Processing,Debit Card
509153,10815,2025-04-24,Delivered,Debit Card
509154,10879,2025-07-08,Delivered,Debit Card
509155,10086,2025-03-12,Delivered,Credit Card
509156,11778,2025-11-10,Processing,UPI
509157,11559,2026-04-23,Delivered,UPI
509158,10665,2026-02-25,Cancelled,Debit Card
509159,11095,2026-04-21,Shipped,Credit Card
509160,10762,2024-01-28,Delivered,Credit Card
509161,10457,2025-11-24,Delivered,Credit Card
509162,10609,2025-10-25,Cancelled,UPI
509163,10215,2025-01-11,Processing,UPI
509164,11620,2024-10-13,Delivered,Debit Card
509165,11310,2024-02-18,Delivered,Credit Card
509166,11861,2026-02-04,Shipped,Debit Card
509167,10014,2026-02-06,Delivered,UPI
509168,11263,2024-03-10,Delivered,Net Banking
509169,11121,2025-06-15,Delivered,Credit Card
509170,11248,2025-05-18,Cancelled,Debit Card
509171,11980,2024-06-06,Delivered,Credit Card
509172,10781,2025-05-15,Delivered,Credit Card
509173,10283,2026-01-11,Delivered,Net Banking
509174,10025,2024-10-25,Delivered,UPI
509175,10985,2025-10-24,Delivered,UPI
509176,10348,2026-06-04,Delivered,UPI
509177,10283,2025-02-19,Delivered,Wallet
509178,10295,2024-04-07,Delivered,Cash on Delivery
509179,10554,2024-09-28,Delivered,Net Banking
509180,10232,2024-05-04,Delivered,Credit Card
509181,10972,2024-11-18,Delivered,UPI
509182,11309,2025-08-11,Delivered,Cash on Delivery
509183,10579,2024-07-04,Delivered,UPI
509184,10273,2025-04-14,Shipped,UPI
509185,11145,2026-06-30,Delivered,Cash on Delivery
509186,10172,2024-08-29,Shipped,UPI
509187,11476,2026-03-14,Delivered,Cash on Delivery
509188,10766,2024-10-04,Delivered,Net Banking
509189,10820,2025-07-14,Delivered,Cash on Delivery
509190,10499,2024-05-23,Delivered,Debit Card
509191,10566,2024-09-01,Delivered,Credit Card
509192,10292,2026-03-03,Processing,Debit Card
509193,11117,2025-06-22,Delivered,Cash on Delivery
509194,10293,2025-06-03,Delivered,Net Banking
509195,11362,2025-04-11,Delivered,Cash on Delivery
509196,10513,2024-08-11,Returned,Wallet
509197,11131,2026-04-28,Delivered,Debit Card
509198,11074,2024-12-25,Delivered,Cash on Delivery
509199,11267,2024-01-11,Delivered,UPI
509200,11517,2026-04-07,Returned,Wallet
509201,11122,2024-02-12,Cancelled,Cash on Delivery
509202,11706,2026-03-20,Delivered,UPI
509203,10519,2024-08-30,Delivered,Debit Card
509204,11503,2024-03-04,Shipped,Credit Card
509205,10686,2024-07-20,Delivered,Net Banking
509206,11257,2025-08-20,Delivered,UPI
509207,10984,2025-05-13,Delivered,Debit Card
509208,11816,2024-05-19,Delivered,Credit Card
509209,10543,2024-10-01,Delivered,Credit Card
509210,11040,2024-07-11,Delivered,Wallet
509211,10329,2025-08-19,Shipped,Debit Card
509212,11267,2026-02-28,Delivered,Credit Card
509213,10074,2024-08-20,Delivered,Cash on Delivery
509214,10824,2026-03-28,Delivered,UPI
509215,10020,2025-01-07,Processing,Credit Card
509216,10655,2024-03-16,Delivered,UPI
509217,10969,2024-10-21,Delivered,Cash on Delivery
509218,10664,2026-03-08,Delivered,Cash on Delivery
509219,10772,2026-01-08,Delivered,Debit Card
509220,10297,2025-10-27,Delivered,Credit Card
509221,11430,2024-12-30,Delivered,Credit Card
509222,11594,2025-12-09,Delivered,Debit Card
509223,10910,2025-10-10,Delivered,Debit Card
509224,10111,2025-12-23,Shipped,UPI
509225,10125,2025-05-24,Delivered,UPI
509226,11350,2025-04-08,Delivered,Cash on Delivery
509227,11858,2026-06-01,Processing,Debit Card
509228,11729,2026-05-14,Cancelled,UPI
509229,10811,2025-05-04,Delivered,Wallet
509230,10995,2024-07-01,Delivered,Credit Card
509231,10327,2025-01-08,Delivered,Net Banking
509232,10141,2025-04-06,Delivered,UPI
509233,11532,2025-09-10,Delivered,Cash on Delivery
509234,10857,2024-10-17,Delivered,UPI
509235,10994,2024-02-11,Delivered,Wallet
509236,10687,2026-01-20,Delivered,Net Banking
509237,10627,2026-05-16,Delivered,UPI
509238,11972,2024-03-16,Processing,UPI
509239,11633,2024-10-17,Delivered,Cash on Delivery
509240,11383,2025-01-30,Delivered,UPI
509241,10779,2025-11-25,Delivered,UPI
509242,11443,2025-12-07,Delivered,Debit Card
509243,10679,2024-11-09,Processing,UPI
509244,11032,2024-10-12,Processing,Debit Card
509245,10291,2025-01-04,Delivered,Debit Card
509246,11419,2024-08-07,Delivered,UPI
509247,10121,2025-02-02,Delivered,Credit Card
509248,11446,2024-08-27,Returned,UPI
509249,11208,2024-02-24,Delivered,Wallet
509250,10133,2025-10-13,Delivered,UPI
509251,11013,2025-12-19,Delivered,Debit Card
509252,10446,2024-09-18,Delivered,Debit Card
509253,10953,2024-12-31,Delivered,Net Banking
509254,10026,2025-01-02,Cancelled,Credit Card
509255,11444,2024-01-21,Delivered,UPI
509256,11020,2025-05-13,Delivered,Debit Card
509257,10725,2025-02-22,Delivered,Debit Card
509258,11752,2026-05-08,Delivered,Net Banking
509259,11290,2024-12-05,Returned,UPI
509260,11220,2025-12-26,Shipped,Net Banking
509261,10295,2024-12-22,Cancelled,UPI
509262,11001,2024-06-18,Processing,Debit Card
509263,11402,2024-11-14,Delivered,Debit Card
509264,11852,2026-03-17,Delivered,UPI
509265,11209,2024-08-22,Delivered,Wallet
509266,10345,2026-02-10,Shipped,Debit Card
509267,11356,2025-08-30,Shipped,UPI
509268,10150,2025-11-11,Delivered,UPI
509269,10626,2025-11-18,Delivered,Net Banking
509270,11835,2025-04-16,Shipped,Cash on Delivery
509271,11604,2025-07-03,Delivered,UPI
509272,11806,2024-03-04,Delivered,UPI
509273,10705,2025-09-30,Delivered,Debit Card
509274,11366,2025-10-11,Delivered,Credit Card
509275,11401,2024-04-04,Delivered,Credit Card
509276,10492,2025-04-18,Shipped,Credit Card
509277,11886,2025-04-09,Shipped,Credit Card
509278,11940,2024-10-09,Delivered,UPI
509279,10221,2024-03-01,Delivered,Credit Card
509280,11531,2024-01-10,Delivered,UPI
509281,10896,2024-07-09,Delivered,UPI
509282,11348,2024-07-29,Delivered,Wallet
509283,11109,2024-07-12,Shipped,UPI
509284,10446,2025-07-06,Processing,UPI
509285,10192,2025-01-19,Delivered,Cash on Delivery
509286,11027,2024-04-12,Processing,Wallet
509287,11675,2024-03-17,Delivered,Cash on Delivery
509288,11646,2025-08-21,Processing,UPI
509289,10550,2026-05-03,Delivered,Debit Card
509290,11721,2026-01-18,Shipped,Debit Card
509291,10712,2025-11-22,Delivered,Net Banking
509292,11123,2024-10-17,Delivered,UPI
509293,10649,2025-10-04,Delivered,Credit Card
509294,11046,2024-03-15,Shipped,UPI
509295,11059,2024-06-05,Cancelled,Debit Card
509296,11396,2024-05-07,Delivered,Credit Card
509297,10944,2024-06-16,Shipped,Credit Card
509298,11057,2024-11-22,Delivered,Debit Card
509299,11303,2024-02-09,Shipped,Cash on Delivery
509300,10836,2026-01-12,Processing,Cash on Delivery
509301,11049,2025-10-14,Delivered,Debit Card
509302,10171,2025-08-02,Delivered,UPI
509303,11740,2024-06-09,Delivered,Cash on Delivery
509304,10253,2026-03-03,Delivered,UPI
509305,11746,2024-01-06,Delivered,UPI
509306,11521,2026-06-26,Shipped,Credit Card
509307,11896,2025-10-25,Processing,Debit Card
509308,10050,2024-07-03,Delivered,UPI
509309,10435,2024-06-28,Cancelled,Credit Card
509310,10105,2025-09-26,Processing,UPI
509311,10836,2026-01-07,Delivered,Debit Card
509312,11810,2025-03-01,Returned,Net Banking
509313,11533,2024-02-24,Processing,Credit Card
509314,11408,2025-03-26,Delivered,Credit Card
509315,11697,2025-03-13,Returned,Cash on Delivery
509316,10009,2024-10-24,Delivered,Credit Card
509317,11576,2026-04-04,Delivered,Credit Card
509318,10625,2024-11-08,Delivered,Debit Card
509319,11382,2024-08-10,Shipped,Net Banking
509320,11527,2025-09-09,Returned,Net Banking
509321,11372,2025-07-18,Delivered,UPI
509322,10836,2025-07-20,Delivered,Cash on Delivery
509323,11224,2025-04-05,Delivered,Credit Card
509324,10938,2024-10-17,Processing,Cash on Delivery
509325,11257,2024-08-23,Delivered,Debit Card
509326,10918,2024-04-18,Delivered,Credit Card
509327,10789,2024-06-18,Delivered,UPI
509328,10405,2025-06-11,Delivered,Credit Card
509329,10775,2025-01-05,Cancelled,Credit Card
509330,11443,2025-11-06,Returned,Cash on Delivery
509331,11741,2026-01-04,Delivered,Cash on Delivery
509332,10207,2025-05-25,Shipped,Credit Card
509333,10366,2024-04-05,Processing,Cash on Delivery
509334,11015,2024-01-04,Delivered,Cash on Delivery
509335,11406,2024-07-27,Delivered,Wallet
509336,10340,2024-09-14,Shipped,Credit Card
509337,10650,2024-03-08,Delivered,UPI
509338,10094,2025-12-11,Shipped,Wallet
509339,10106,2024-12-01,Delivered,Debit Card
509340,10287,2025-11-08,Shipped,Credit Card
509341,11459,2024-07-09,Delivered,Credit Card
509342,11739,2024-01-10,Delivered,UPI
509343,10998,2024-05-05,Delivered,UPI
509344,10353,2025-03-05,Delivered,Credit Card
509345,11843,2025-03-13,Shipped,Debit Card
509346,10557,2025-02-03,Processing,Credit Card
509347,10310,2026-05-25,Delivered,Debit Card
509348,10277,2025-08-18,Delivered,UPI
509349,10707,2025-10-30,Delivered,UPI
509350,11472,2024-04-24,Delivered,Credit Card
509351,10795,2025-03-01,Cancelled,UPI
509352,10891,2025-07-21,Delivered,Cash on Delivery
509353,10681,2025-06-17,Shipped,Credit Card
509354,11888,2026-05-14,Delivered,Credit Card
509355,11368,2025-03-10,Delivered,Debit Card
509356,11329,2024-12-05,Delivered,Debit Card
509357,10876,2026-05-12,Shipped,UPI
509358,11063,2024-11-04,Delivered,Net Banking
509359,11770,2025-06-04,Processing,UPI
509360,11314,2024-01-26,Processing,Credit Card
509361,11628,2024-05-31,Delivered,Credit Card
509362,10081,2024-02-22,Delivered,Debit Card
509363,11720,2025-01-16,Delivered,Debit Card
509364,11902,2026-04-30,Delivered,Net Banking
509365,11337,2024-03-06,Delivered,Debit Card
509366,11913,2026-06-09,Delivered,UPI
509367,11136,2026-03-04,Delivered,Debit Card
509368,10553,2024-01-06,Delivered,Credit Card
509369,11213,2024-01-15,Delivered,Debit Card
509370,11257,2026-04-02,Delivered,Credit Card
509371,10290,2025-06-18,Processing,Credit Card
509372,10404,2024-06-07,Shipped,Net Banking
509373,10583,2026-05-20,Returned,Debit Card
509374,11095,2025-05-27,Delivered,Cash on Delivery
509375,10296,2025-08-02,Delivered,Net Banking
509376,11542,2025-09-11,Shipped,Credit Card
509377,10219,2024-07-03,Processing,UPI
509378,11880,2024-11-23,Delivered,UPI
509379,11352,2024-04-27,Delivered,UPI
509380,10679,2025-04-27,Delivered,Credit Card
509381,10746,2026-06-20,Delivered,UPI
509382,11388,2025-07-26,Delivered,Debit Card
509383,10178,2025-09-23,Delivered,Credit Card
509384,11433,2024-06-26,Delivered,UPI
509385,11105,2025-05-09,Cancelled,Credit Card
509386,10443,2026-06-26,Delivered,Net Banking
509387,11795,2024-03-21,Delivered,Credit Card
509388,11259,2024-07-05,Shipped,Cash on Delivery
509389,10328,2025-10-19,Processing,Cash on Delivery
509390,11311,2024-01-10,Delivered,Cash on Delivery
509391,10823,2024-07-07,Delivered,Debit Card
509392,11529,2026-05-12,Delivered,Net Banking
509393,10985,2024-01-18,Delivered,Credit Card
509394,12000,2025-01-26,Processing,Debit Card
509395,11855,2024-10-28,Delivered,UPI
509396,10081,2024-12-29,Cancelled,UPI
509397,10822,2024-08-23,Delivered,Wallet
509398,10405,2024-09-08,Shipped,Debit Card
509399,10901,2025-11-25,Delivered,UPI
509400,10291,2024-01-24,Cancelled,UPI
509401,11072,2024-04-28,Delivered,Credit Card
509402,10309,2024-08-29,Delivered,Cash on Delivery
509403,11247,2026-01-24,Delivered,Cash on Delivery
509404,10909,2024-12-25,Delivered,UPI
509405,11987,2024-02-01,Delivered,UPI
509406,11758,2025-04-20,Delivered,UPI
509407,11201,2025-07-26,Delivered,Debit Card
509408,10898,2025-02-21,Delivered,Debit Card
509409,11432,2024-03-21,Delivered,Net Banking
509410,11337,2026-03-13,Shipped,Debit Card
509411,10279,2026-02-22,Delivered,UPI
509412,10753,2026-04-12,Delivered,UPI
509413,11985,2026-05-30,Delivered,Credit Card
509414,10640,2024-10-16,Delivered,Net Banking
509415,10027,2025-01-19,Shipped,Debit Card
509416,11669,2026-05-26,Delivered,Wallet
509417,11866,2025-02-14,Cancelled,UPI
509418,11312,2026-02-28,Processing,Cash on Delivery
509419,11270,2025-08-14,Processing,UPI
509420,10702,2026-04-26,Delivered,Credit Card
509421,10719,2024-01-10,Delivered,UPI
509422,11829,2025-10-06,Cancelled,Credit Card
509423,11717,2026-01-01,Cancelled,UPI
509424,10998,2024-06-30,Processing,UPI
509425,10627,2025-11-02,Cancelled,Debit Card
509426,10377,2024-06-27,Cancelled,Net Banking
509427,10022,2026-04-06,Shipped,Net Banking
509428,10967,2026-04-09,Delivered,Cash on Delivery
509429,11108,2024-01-04,Delivered,Net Banking
509430,11350,2025-04-07,Delivered,Wallet
509431,11611,2024-12-15,Shipped,UPI
509432,10735,2026-03-23,Delivered,Wallet
509433,10334,2024-10-19,Delivered,Credit Card
509434,11688,2025-10-19,Returned,Credit Card
509435,11525,2024-04-16,Delivered,Debit Card
509436,11067,2024-07-13,Delivered,UPI
509437,10079,2026-06-18,Shipped,UPI
509438,10936,2024-12-17,Delivered,Credit Card
509439,11239,2025-11-30,Delivered,Net Banking
509440,11718,2026-06-02,Delivered,Cash on Delivery
509441,11017,2026-05-31,Returned,UPI
509442,10926,2024-01-18,Delivered,UPI
509443,10760,2024-07-31,Delivered,Debit Card
509444,10829,2025-10-14,Delivered,Credit Card
509445,10033,2026-04-26,Shipped,Credit Card
509446,10208,2026-06-12,Delivered,Credit Card
509447,11513,2025-10-19,Delivered,Net Banking
509448,10725,2024-04-05,Shipped,UPI
509449,11702,2025-11-08,Returned,UPI
509450,10795,2024-09-05,Delivered,UPI
509451,11994,2026-01-08,Delivered,Debit Card
509452,10362,2025-05-14,Processing,UPI
509453,10377,2024-06-16,Delivered,Debit Card
509454,11176,2026-02-09,Processing,Cash on Delivery
509455,11606,2026-06-21,Delivered,Credit Card
509456,10288,2025-04-07,Delivered,UPI
509457,11006,2026-01-11,Delivered,UPI
509458,10448,2024-02-24,Delivered,Wallet
509459,11475,2024-09-04,Processing,Credit Card
509460,11123,2024-04-26,Shipped,Net Banking
509461,11309,2024-09-16,Processing,Cash on Delivery
509462,10538,2024-12-09,Shipped,Wallet
509463,10578,2025-01-28,Delivered,Cash on Delivery
509464,11280,2024-10-21,Cancelled,Credit Card
509465,10706,2025-05-12,Processing,Debit Card
509466,11382,2024-07-19,Delivered,Wallet
509467,10308,2024-11-13,Shipped,Debit Card
509468,10603,2026-02-06,Processing,Net Banking
509469,10204,2025-05-28,Delivered,Cash on Delivery
509470,10175,2024-01-25,Delivered,Debit Card
509471,10525,2024-10-26,Delivered,Debit Card
509472,10979,2026-01-27,Returned,Debit Card
509473,10289,2024-06-13,Shipped,Credit Card
509474,10186,2026-04-21,Shipped,UPI
509475,11755,2024-09-27,Cancelled,Debit Card
509476,11031,2025-07-29,Delivered,Wallet
509477,11432,2025-03-09,Returned,Cash on Delivery
509478,11453,2025-07-24,Delivered,UPI
509479,10204,2025-12-28,Shipped,Cash on Delivery
509480,11241,2024-05-16,Delivered,UPI
509481,11722,2024-11-17,Delivered,Debit Card
509482,10897,2025-06-02,Delivered,Cash on Delivery
509483,11725,2024-08-25,Delivered,Wallet
509484,11892,2024-12-08,Delivered,Debit Card
509485,11093,2026-03-19,Delivered,Debit Card
509486,10204,2024-07-28,Delivered,Credit Card
509487,11235,2024-06-22,Cancelled,Net Banking
509488,11761,2025-06-16,Delivered,UPI
509489,11159,2024-04-01,Delivered,UPI
509490,11601,2024-01-02,Delivered,Cash on Delivery
509491,11071,2026-03-04,Shipped,UPI
509492,10840,2024-09-09,Delivered,Debit Card
509493,11892,2024-04-19,Returned,Credit Card
509494,10306,2025-08-21,Delivered,UPI
509495,10896,2025-03-15,Delivered,UPI
509496,10312,2025-02-19,Cancelled,UPI
509497,11310,2025-02-04,Delivered,UPI
509498,11844,2024-05-12,Delivered,Debit Card
509499,11996,2026-02-22,Cancelled,Debit Card
509500,10468,2024-01-02,Delivered,Credit Card
509501,11456,2025-03-17,Delivered,Cash on Delivery
509502,11749,2024-09-03,Delivered,Net Banking
509503,11668,2025-08-08,Processing,Debit Card
509504,11007,2025-05-16,Processing,Debit Card
509505,10349,2024-12-17,Delivered,Debit Card
509506,10924,2025-05-03,Delivered,UPI
509507,11553,2024-07-26,Delivered,UPI
509508,11240,2024-04-29,Delivered,Credit Card
509509,10777,2026-04-06,Processing,Net Banking
509510,10431,2025-07-14,Delivered,Credit Card
509511,11304,2025-08-19,Processing,Wallet
509512,10857,2026-07-01,Shipped,UPI
509513,10945,2026-04-05,Delivered,Credit Card
509514,11877,2025-06-17,Shipped,UPI
509515,10019,2025-12-24,Shipped,Net Banking
509516,10477,2025-04-26,Delivered,Credit Card
509517,11840,2024-08-05,Delivered,Debit Card
509518,11844,2025-07-22,Processing,Debit Card
509519,10606,2026-04-13,Shipped,UPI
509520,11989,2026-03-14,Shipped,Net Banking
509521,10424,2025-04-06,Delivered,Cash on Delivery
509522,10104,2026-05-13,Shipped,Debit Card
509523,10615,2024-06-29,Shipped,Credit Card
509524,11063,2024-02-07,Delivered,Net Banking
509525,10013,2025-01-03,Delivered,Net Banking
509526,10344,2024-07-06,Delivered,Cash on Delivery
509527,11582,2026-05-24,Shipped,UPI
509528,11244,2024-04-15,Delivered,Cash on Delivery
509529,11211,2025-05-03,Processing,Cash on Delivery
509530,11980,2025-12-06,Delivered,Credit Card
509531,10457,2024-04-11,Processing,Net Banking
509532,11794,2024-02-11,Delivered,UPI
509533,10711,2025-05-20,Shipped,UPI
509534,11850,2026-04-04,Delivered,Debit Card
509535,11567,2024-01-15,Delivered,UPI
509536,10427,2024-01-19,Returned,UPI
509537,10419,2026-04-24,Delivered,Debit Card
509538,11085,2025-07-04,Delivered,Wallet
509539,11006,2025-10-02,Delivered,UPI
509540,10470,2024-09-08,Delivered,UPI
509541,10521,2024-10-12,Processing,UPI
509542,11799,2025-03-05,Delivered,UPI
509543,11508,2024-07-14,Shipped,Cash on Delivery
509544,10383,2025-02-07,Delivered,Credit Card
509545,11451,2026-05-20,Cancelled,Debit Card
509546,10308,2025-11-14,Delivered,Credit Card
509547,10891,2026-03-04,Returned,Wallet
509548,10025,2025-03-29,Delivered,Credit Card
509549,11299,2025-12-19,Returned,Cash on Delivery
509550,10364,2025-01-19,Delivered,Debit Card
509551,10473,2025-07-17,Delivered,Wallet
509552,10380,2025-10-28,Processing,Credit Card
509553,10367,2026-01-23,Delivered,Cash on Delivery
509554,10155,2026-04-25,Delivered,Credit Card
509555,11109,2024-04-06,Delivered,Debit Card
509556,11736,2025-12-25,Processing,Debit Card
509557,10604,2025-10-09,Shipped,Credit Card
509558,11560,2025-11-03,Delivered,Credit Card
509559,11088,2024-01-14,Processing,UPI
509560,10509,2025-03-21,Delivered,Cash on Delivery
509561,10124,2026-05-27,Delivered,Credit Card
509562,11567,2026-04-01,Delivered,UPI
509563,10046,2024-07-29,Delivered,Net Banking
509564,10845,2025-03-20,Shipped,Net Banking
509565,10069,2026-02-27,Delivered,UPI
509566,11552,2026-04-29,Delivered,Credit Card
509567,11980,2024-10-29,Delivered,Debit Card
509568,10647,2026-01-03,Processing,Cash on Delivery
509569,10628,2026-02-01,Delivered,Credit Card
509570,11130,2024-05-17,Delivered,Credit Card
509571,11004,2024-01-30,Shipped,Net Banking
509572,10764,2024-02-12,Delivered,UPI
509573,10732,2024-05-12,Processing,Cash on Delivery
509574,10376,2025-11-07,Delivered,Net Banking
509575,10502,2024-12-21,Delivered,Cash on Delivery
509576,11172,2025-09-18,Delivered,Credit Card
509577,11469,2024-03-23,Delivered,UPI
509578,11502,2025-07-03,Delivered,Debit Card
509579,11033,2025-11-11,Shipped,UPI
509580,11507,2026-06-10,Delivered,UPI
509581,11185,2024-10-18,Delivered,Credit Card
509582,10713,2025-05-12,Delivered,Credit Card
509583,10707,2025-03-17,Shipped,Credit Card
509584,11038,2024-11-13,Cancelled,Credit Card
509585,10616,2025-08-07,Delivered,UPI
509586,11528,2025-05-30,Processing,Debit Card
509587,10371,2026-01-30,Shipped,Credit Card
509588,10109,2024-01-26,Delivered,Debit Card
509589,10983,2024-07-21,Delivered,Net Banking
509590,10144,2025-06-12,Delivered,Net Banking
509591,10384,2025-06-07,Delivered,Cash on Delivery
509592,10753,2026-04-03,Shipped,Wallet
509593,10009,2025-09-08,Shipped,UPI
509594,10447,2024-01-04,Delivered,Credit Card
509595,11090,2025-03-22,Delivered,Net Banking
509596,10750,2026-02-10,Cancelled,Net Banking
509597,11793,2026-03-08,Delivered,UPI
509598,10188,2026-01-02,Delivered,Wallet
509599,11440,2025-03-11,Returned,Cash on Delivery
509600,11185,2024-04-06,Delivered,Cash on Delivery
509601,11289,2024-07-13,Delivered,UPI
509602,11344,2026-02-12,Shipped,Credit Card
509603,10105,2024-11-06,Delivered,Credit Card
509604,11584,2025-11-28,Delivered,Credit Card
509605,10663,2024-02-03,Cancelled,UPI
509606,11302,2025-03-24,Delivered,UPI
509607,10588,2026-05-17,Delivered,Cash on Delivery
509608,10793,2024-08-11,Delivered,Debit Card
509609,11401,2024-01-28,Processing,Debit Card
509610,11870,2024-09-20,Delivered,UPI
509611,11756,2024-02-27,Delivered,Cash on Delivery
509612,11453,2025-07-13,Delivered,Cash on Delivery
509613,11078,2024-06-24,Delivered,Debit Card
509614,11056,2024-08-12,Shipped,Credit Card
509615,11932,2025-06-20,Processing,UPI
509616,10414,2024-10-24,Delivered,Debit Card
509617,11909,2025-08-16,Shipped,Cash on Delivery
509618,11298,2026-04-29,Shipped,Wallet
509619,11233,2026-04-30,Shipped,UPI
509620,11184,2025-10-27,Delivered,Credit Card
509621,11625,2026-06-03,Delivered,Credit Card
509622,11367,2025-11-03,Delivered,Credit Card
509623,10190,2024-03-02,Delivered,Debit Card
509624,11563,2026-05-22,Delivered,Debit Card
509625,11458,2025-06-01,Delivered,Cash on Delivery
509626,11831,2024-01-06,Delivered,UPI
509627,11873,2025-07-20,Delivered,Credit Card
509628,11899,2024-08-11,Delivered,Debit Card
509629,10086,2025-05-02,Delivered,Net Banking
509630,11261,2025-08-23,Delivered,Cash on Delivery
509631,11869,2024-01-26,Delivered,Cash on Delivery
509632,11932,2025-02-04,Delivered,Credit Card
509633,11099,2024-02-20,Returned,UPI
509634,11823,2024-04-12,Delivered,Net Banking
509635,11761,2024-07-11,Delivered,Wallet
509636,10006,2025-12-14,Shipped,Credit Card
509637,11770,2025-01-12,Delivered,UPI
509638,11276,2024-02-12,Delivered,UPI
509639,11148,2025-11-13,Delivered,Debit Card
509640,10357,2025-05-11,Delivered,Debit Card
509641,11838,2024-05-09,Delivered,UPI
509642,10591,2025-05-28,Delivered,UPI
509643,10836,2024-08-15,Delivered,Debit Card
509644,10596,2025-08-03,Delivered,Credit Card
509645,11940,2026-05-15,Delivered,UPI
509646,10967,2024-10-15,Shipped,Debit Card
509647,10229,2025-11-11,Delivered,UPI
509648,10022,2024-01-22,Delivered,UPI
509649,11961,2025-01-06,Delivered,UPI
509650,10472,2026-03-22,Shipped,Credit Card
509651,11542,2024-03-09,Delivered,UPI
509652,10059,2026-04-28,Processing,UPI
509653,11794,2024-03-26,Delivered,UPI
509654,11302,2025-03-16,Returned,Net Banking
509655,10450,2024-06-14,Delivered,Net Banking
509656,11779,2024-01-19,Shipped,UPI
509657,10596,2024-11-14,Delivered,Debit Card
509658,11996,2025-06-14,Delivered,UPI
509659,11200,2025-10-21,Shipped,Cash on Delivery
509660,10898,2024-10-15,Returned,UPI
509661,10118,2025-03-25,Shipped,UPI
509662,10521,2024-06-15,Delivered,Credit Card
509663,10117,2025-10-28,Delivered,UPI
509664,11707,2024-06-03,Delivered,UPI
509665,10201,2026-02-25,Delivered,Credit Card
509666,10227,2024-06-12,Delivered,Debit Card
509667,10249,2025-08-29,Delivered,UPI
509668,11949,2024-10-29,Delivered,Credit Card
509669,11942,2026-06-28,Cancelled,Cash on Delivery
509670,11430,2024-09-13,Delivered,UPI
509671,10148,2026-05-16,Delivered,UPI
509672,11008,2026-02-02,Delivered,Debit Card
509673,11897,2025-03-03,Delivered,UPI
509674,10194,2025-03-28,Delivered,Net Banking
509675,11588,2024-11-19,Shipped,UPI
509676,10037,2025-01-25,Delivered,UPI
509677,11608,2025-03-01,Delivered,Net Banking
509678,11090,2024-05-13,Delivered,Cash on Delivery
509679,11776,2024-10-21,Delivered,Net Banking
509680,10828,2026-03-10,Delivered,UPI
509681,11571,2026-06-12,Delivered,Debit Card
509682,11686,2024-02-20,Shipped,Wallet
509683,10650,2025-10-30,Delivered,Credit Card
509684,11285,2024-08-06,Delivered,Wallet
509685,10922,2025-08-19,Delivered,Debit Card
509686,10864,2025-07-21,Delivered,Cash on Delivery
509687,11600,2026-03-13,Delivered,UPI
509688,10453,2025-10-03,Delivered,Cash on Delivery
509689,10240,2026-01-21,Processing,Cash on Delivery
509690,10961,2026-01-01,Delivered,Net Banking
509691,11644,2025-08-14,Delivered,Wallet
509692,10326,2025-01-09,Delivered,Net Banking
509693,10681,2024-11-03,Delivered,Debit Card
509694,11335,2024-11-12,Delivered,Debit Card
509695,10954,2024-11-23,Delivered,Cash on Delivery
509696,11212,2024-09-20,Delivered,Net Banking
509697,11057,2024-10-10,Delivered,Debit Card
509698,11621,2025-06-02,Delivered,Debit Card
509699,11751,2024-09-03,Delivered,Cash on Delivery
509700,10900,2024-11-14,Shipped,UPI
509701,10864,2025-10-09,Delivered,Net Banking
509702,10558,2024-10-26,Delivered,Debit Card
509703,10888,2024-04-07,Delivered,Cash on Delivery
509704,11673,2024-01-16,Delivered,UPI
509705,11004,2025-11-29,Delivered,Debit Card
509706,11382,2026-05-15,Delivered,UPI
509707,10837,2025-09-15,Delivered,Debit Card
509708,11414,2024-02-25,Delivered,Net Banking
509709,11425,2025-05-29,Delivered,Debit Card
509710,11057,2024-09-04,Delivered,Debit Card
509711,11869,2024-10-19,Delivered,Credit Card
509712,11752,2026-04-21,Delivered,Debit Card
509713,10317,2026-01-22,Processing,Cash on Delivery
509714,10456,2025-11-02,Cancelled,Net Banking
509715,11910,2025-04-02,Returned,UPI
509716,10804,2025-06-11,Delivered,Credit Card
509717,10621,2026-04-16,Delivered,Net Banking
509718,11593,2025-08-26,Cancelled,Credit Card
509719,11205,2025-06-12,Shipped,Debit Card
509720,10266,2024-03-29,Delivered,Cash on Delivery
509721,10184,2026-06-28,Processing,Cash on Delivery
509722,11617,2026-01-08,Delivered,UPI
509723,11530,2024-11-29,Shipped,Credit Card
509724,10706,2024-08-16,Returned,Debit Card
509725,11725,2026-06-02,Returned,Cash on Delivery
509726,10252,2026-05-23,Delivered,UPI
509727,11739,2025-01-18,Delivered,UPI
509728,10159,2024-07-30,Delivered,Debit Card
509729,11273,2025-12-29,Delivered,Credit Card
509730,11687,2025-07-24,Delivered,UPI
509731,11239,2026-04-01,Delivered,Wallet
509732,11558,2025-05-12,Delivered,Credit Card
509733,10688,2025-05-18,Delivered,UPI
509734,10577,2024-05-10,Cancelled,UPI
509735,10532,2025-07-04,Processing,UPI
509736,10233,2024-11-27,Delivered,UPI
509737,10555,2024-07-06,Delivered,Credit Card
509738,10495,2025-12-14,Delivered,UPI
509739,11514,2024-11-11,Delivered,Debit Card
509740,10426,2024-07-13,Delivered,Credit Card
509741,10332,2026-05-26,Shipped,Debit Card
509742,11467,2026-05-29,Shipped,Wallet
509743,11076,2025-03-27,Delivered,Wallet
509744,10432,2024-09-26,Cancelled,Credit Card
509745,11412,2024-05-27,Returned,Credit Card
509746,10433,2025-07-26,Processing,Debit Card
509747,11572,2025-07-11,Cancelled,Credit Card
509748,10065,2025-07-19,Delivered,Net Banking
509749,11181,2025-12-01,Cancelled,Debit Card
509750,11194,2025-03-05,Cancelled,UPI
509751,10746,2025-09-15,Delivered,Credit Card
509752,11378,2025-08-21,Delivered,Cash on Delivery
509753,10760,2025-12-27,Delivered,Debit Card
509754,11307,2025-11-09,Delivered,Net Banking
509755,10448,2024-02-02,Shipped,Net Banking
509756,11138,2025-07-19,Delivered,Credit Card
509757,11513,2026-06-09,Processing,Credit Card
509758,11933,2025-05-26,Shipped,Debit Card
509759,10721,2025-04-28,Delivered,UPI
509760,10946,2025-07-07,Delivered,Debit Card
509761,10953,2025-05-26,Shipped,UPI
509762,11721,2025-01-01,Delivered,Cash on Delivery
509763,11926,2026-06-26,Cancelled,Net Banking
509764,11293,2024-03-05,Processing,UPI
509765,11645,2026-01-13,Delivered,Net Banking
509766,10169,2024-05-25,Delivered,Net Banking
509767,11519,2024-07-07,Processing,Net Banking
509768,11621,2025-07-07,Processing,Credit Card
509769,11430,2025-08-05,Delivered,Debit Card
509770,11169,2026-04-26,Returned,Debit Card
509771,11800,2024-09-25,Delivered,Credit Card
509772,11308,2024-01-24,Delivered,Debit Card
509773,11693,2024-08-20,Delivered,UPI
509774,10361,2025-05-11,Shipped,Cash on Delivery
509775,11331,2024-11-22,Returned,Wallet
509776,10875,2024-08-18,Delivered,Credit Card
509777,11737,2026-04-14,Delivered,Credit Card
509778,11762,2025-05-27,Delivered,UPI
509779,11688,2025-09-05,Processing,Cash on Delivery
509780,10431,2025-11-15,Shipped,UPI
509781,10985,2025-01-08,Delivered,Net Banking
509782,10001,2025-11-02,Processing,Cash on Delivery
509783,11960,2026-05-29,Delivered,Credit Card
509784,10516,2025-10-23,Cancelled,Net Banking
509785,11249,2024-09-28,Processing,Credit Card
509786,10976,2025-12-12,Delivered,Credit Card
509787,11810,2024-08-03,Returned,Cash on Delivery
509788,11643,2024-03-07,Delivered,Credit Card
509789,11554,2025-02-09,Returned,UPI
509790,11287,2025-04-10,Delivered,Debit Card
509791,10239,2025-03-04,Processing,Debit Card
509792,11839,2024-08-27,Delivered,Debit Card
509793,10126,2024-09-06,Delivered,Credit Card
509794,10912,2026-04-21,Returned,Debit Card
509795,10759,2024-09-23,Delivered,Credit Card
509796,10782,2025-12-15,Delivered,Credit Card
509797,11955,2024-08-23,Processing,UPI
509798,10463,2024-04-08,Delivered,Debit Card
509799,11160,2024-02-27,Delivered,Net Banking
509800,10437,2024-08-10,Returned,UPI
509801,11824,2026-02-07,Delivered,UPI
509802,11473,2025-02-19,Delivered,Net Banking
509803,10830,2025-09-26,Shipped,Credit Card
509804,10161,2026-05-29,Shipped,Credit Card
509805,10306,2024-02-13,Delivered,Debit Card
509806,10486,2024-04-10,Delivered,Credit Card
509807,10813,2026-04-20,Delivered,UPI
509808,11772,2025-06-02,Delivered,Net Banking
509809,10240,2025-07-18,Delivered,UPI
509810,11154,2024-11-07,Cancelled,Cash on Delivery
509811,10695,2026-01-24,Delivered,Net Banking
509812,10094,2025-08-13,Delivered,UPI
509813,11239,2024-08-23,Cancelled,Net Banking
509814,11409,2025-08-15,Delivered,Debit Card
509815,11919,2024-01-04,Cancelled,Wallet
509816,11014,2024-08-07,Processing,Net Banking
509817,10651,2024-07-05,Delivered,Credit Card
509818,11710,2025-12-18,Delivered,Debit Card
509819,10495,2025-11-02,Delivered,Debit Card
509820,11365,2024-03-24,Delivered,Net Banking
509821,11887,2026-04-07,Delivered,Credit Card
509822,10009,2026-01-16,Delivered,Cash on Delivery
509823,11851,2025-01-31,Delivered,Credit Card
509824,10412,2024-07-12,Processing,Wallet
509825,10964,2025-01-18,Delivered,Credit Card
509826,10516,2025-06-22,Delivered,UPI
509827,10290,2025-07-29,Delivered,UPI
509828,11405,2024-11-13,Delivered,Cash on Delivery
509829,10965,2024-04-02,Shipped,Net Banking
509830,11019,2025-07-10,Shipped,Credit Card
509831,10968,2025-10-05,Delivered,Cash on Delivery
509832,11495,2024-09-01,Delivered,UPI
509833,11933,2025-08-06,Delivered,UPI
509834,11026,2025-06-03,Cancelled,UPI
509835,10312,2025-04-02,Delivered,Credit Card
509836,10655,2024-01-08,Shipped,Credit Card
509837,10993,2024-10-07,Delivered,UPI
509838,10208,2024-12-07,Delivered,UPI
509839,10459,2026-01-31,Delivered,Credit Card
509840,10406,2026-01-24,Delivered,UPI
509841,11946,2026-03-08,Delivered,Debit Card
509842,10802,2025-02-26,Delivered,Debit Card
509843,11759,2024-10-25,Delivered,UPI
509844,11103,2025-03-31,Returned,UPI
509845,11013,2025-12-23,Delivered,Debit Card
509846,11878,2025-07-21,Cancelled,Net Banking
509847,11384,2025-07-02,Delivered,Credit Card
509848,10480,2025-01-31,Delivered,Debit Card
509849,10564,2025-09-27,Delivered,Wallet
509850,11333,2026-03-02,Shipped,Net Banking
509851,10005,2025-09-01,Shipped,Credit Card
509852,10306,2025-01-03,Shipped,Cash on Delivery
509853,10149,2026-02-05,Delivered,Debit Card
509854,11428,2026-05-10,Delivered,Debit Card
509855,10883,2025-12-28,Shipped,Debit Card
509856,10023,2026-03-11,Processing,Credit Card
509857,11484,2024-08-30,Delivered,Cash on Delivery
509858,11312,2025-01-19,Processing,UPI
509859,11438,2024-08-15,Delivered,Credit Card
509860,10327,2024-11-29,Delivered,UPI
509861,11750,2025-10-31,Delivered,Net Banking
509862,10361,2025-09-09,Delivered,UPI
509863,11142,2024-01-03,Delivered,Credit Card
509864,11118,2025-11-20,Shipped,Cash on Delivery
509865,10438,2024-06-24,Returned,UPI
509866,10751,2024-06-18,Delivered,UPI
509867,10105,2025-05-11,Delivered,Debit Card
509868,10943,2024-08-08,Delivered,Credit Card
509869,11355,2026-05-29,Delivered,UPI
509870,10618,2024-05-13,Delivered,Credit Card
509871,11076,2024-05-18,Delivered,UPI
509872,11907,2025-11-25,Delivered,UPI
509873,10470,2024-09-18,Shipped,Net Banking
509874,10582,2025-10-14,Delivered,Credit Card
509875,10240,2025-09-14,Delivered,Credit Card
509876,11085,2024-06-21,Shipped,UPI
509877,10408,2025-06-13,Delivered,Wallet
509878,11709,2025-05-05,Delivered,Net Banking
509879,10582,2024-03-27,Delivered,Credit Card
509880,11329,2025-11-28,Delivered,Net Banking
509881,10379,2026-02-21,Cancelled,Credit Card
509882,10646,2026-05-14,Shipped,UPI
509883,10343,2024-03-21,Delivered,Credit Card
509884,11105,2024-06-11,Delivered,Debit Card
509885,10056,2026-01-23,Delivered,Credit Card
509886,10166,2024-10-04,Cancelled,Credit Card
509887,11003,2025-07-25,Shipped,Net Banking
509888,11092,2024-11-14,Delivered,Cash on Delivery
509889,10660,2024-07-17,Delivered,Cash on Delivery
509890,10863,2025-07-24,Cancelled,Debit Card
509891,10833,2024-07-06,Processing,Debit Card
509892,11516,2024-05-04,Delivered,Debit Card
509893,10893,2025-04-29,Delivered,Credit Card
509894,11696,2024-06-25,Delivered,Net Banking
509895,10435,2024-06-24,Delivered,UPI
509896,10400,2025-12-13,Delivered,Cash on Delivery
509897,10808,2025-04-27,Delivered,Credit Card
509898,10164,2025-05-09,Delivered,UPI
509899,11343,2024-05-10,Shipped,UPI
509900,10782,2024-05-26,Delivered,Net Banking
509901,10733,2024-12-22,Delivered,UPI
509902,11069,2024-12-20,Delivered,Debit Card
509903,10165,2025-02-16,Delivered,Credit Card
509904,10754,2024-05-02,Processing,Debit Card
509905,11945,2026-03-31,Delivered,Debit Card
509906,11258,2024-11-27,Cancelled,Wallet
509907,11148,2026-01-15,Shipped,Credit Card
509908,11012,2024-12-31,Shipped,Credit Card
509909,10938,2025-03-07,Delivered,UPI
509910,11874,2024-04-12,Delivered,Credit Card
509911,11861,2025-09-09,Cancelled,Cash on Delivery
509912,10819,2024-02-24,Delivered,UPI
509913,11850,2025-11-13,Cancelled,Wallet
509914,10165,2026-03-15,Delivered,UPI
509915,10640,2024-11-26,Delivered,Net Banking
509916,10604,2026-03-21,Delivered,Debit Card
509917,11395,2025-09-30,Delivered,Cash on Delivery
509918,11212,2024-01-03,Delivered,Debit Card
509919,10946,2024-07-04,Cancelled,Debit Card
509920,10513,2025-08-08,Processing,UPI
509921,11014,2025-10-02,Delivered,Credit Card
509922,10538,2024-03-26,Delivered,Net Banking
509923,10995,2025-09-17,Delivered,UPI
509924,10680,2026-01-09,Delivered,Net Banking
509925,11778,2024-03-24,Returned,Credit Card
509926,11493,2026-03-14,Shipped,Credit Card
509927,10351,2025-05-01,Delivered,Debit Card
509928,11881,2025-07-16,Processing,UPI
509929,11318,2024-02-16,Delivered,Debit Card
509930,10701,2025-07-13,Returned,Cash on Delivery
509931,11061,2025-02-18,Shipped,UPI
509932,10391,2024-12-05,Delivered,UPI
509933,10094,2025-12-13,Shipped,UPI
509934,10842,2024-08-15,Delivered,Credit Card
509935,11565,2024-02-24,Delivered,Net Banking
509936,10704,2025-03-31,Delivered,Cash on Delivery
509937,10769,2025-11-10,Delivered,Credit Card
509938,11981,2024-05-02,Delivered,UPI
509939,11975,2026-06-17,Delivered,UPI
509940,10928,2025-09-05,Delivered,Credit Card
509941,10089,2026-05-02,Processing,Credit Card
509942,11359,2025-03-05,Delivered,Cash on Delivery
509943,11430,2024-04-22,Delivered,UPI
509944,11828,2024-06-11,Delivered,Net Banking
509945,11897,2025-04-02,Delivered,Credit Card
509946,11259,2025-06-21,Returned,Cash on Delivery
509947,10215,2025-11-01,Delivered,Cash on Delivery
509948,10499,2025-12-27,Delivered,Cash on Delivery
509949,11434,2025-11-27,Delivered,Credit Card
509950,11215,2025-06-21,Delivered,Credit Card
509951,10872,2024-01-17,Delivered,UPI
509952,10804,2025-04-28,Delivered,UPI
509953,11420,2026-01-18,Delivered,Debit Card
509954,10845,2026-02-12,Shipped,Wallet
509955,10310,2026-01-31,Delivered,Debit Card
509956,11959,2024-01-10,Delivered,Credit Card
509957,10699,2025-02-01,Delivered,UPI
509958,10558,2025-07-17,Delivered,Debit Card
509959,10139,2024-08-13,Shipped,UPI
509960,10938,2025-01-09,Delivered,UPI
509961,11973,2024-03-29,Delivered,UPI
509962,10320,2024-06-25,Delivered,Cash on Delivery
509963,10490,2024-01-06,Delivered,Credit Card
509964,10358,2026-06-13,Delivered,Wallet
509965,10189,2026-02-23,Delivered,Credit Card
509966,11207,2025-01-03,Delivered,Debit Card
509967,10597,2024-01-04,Delivered,Cash on Delivery
509968,11503,2024-11-02,Delivered,Cash on Delivery
509969,10802,2025-01-31,Delivered,UPI
509970,11273,2024-06-03,Delivered,UPI
509971,10179,2025-08-27,Processing,UPI
509972,10659,2026-06-29,Delivered,Credit Card
509973,10829,2026-02-09,Delivered,UPI
509974,10120,2026-02-20,Delivered,Debit Card
509975,10839,2026-01-28,Delivered,Credit Card
509976,10941,2024-03-04,Processing,Wallet
509977,10808,2025-05-18,Delivered,Net Banking
509978,11009,2025-05-31,Delivered,Net Banking
509979,11595,2024-04-02,Delivered,Debit Card
509980,11542,2024-05-14,Shipped,UPI
509981,10029,2025-05-31,Returned,UPI
509982,11281,2025-10-15,Delivered,Credit Card
509983,11809,2024-07-09,Delivered,Cash on Delivery
509984,11743,2025-03-17,Delivered,UPI
509985,10647,2024-03-09,Returned,Credit Card
509986,11566,2024-04-10,Shipped,Net Banking
509987,11602,2025-06-13,Delivered,Credit Card
509988,10732,2025-05-23,Delivered,Cash on Delivery
509989,11739,2025-11-15,Delivered,Cash on Delivery
509990,11265,2026-04-11,Delivered,UPI
509991,11503,2024-06-22,Shipped,Debit Card
509992,11495,2024-11-07,Delivered,UPI
509993,11563,2026-02-20,Delivered,Credit Card
509994,11914,2024-02-16,Returned,Cash on Delivery
509995,11715,2026-01-26,Cancelled,UPI
509996,10845,2026-05-12,Delivered,Cash on Delivery
509997,11125,2024-04-01,Delivered,Wallet
509998,11297,2024-05-09,Cancelled,Debit Card
509999,11714,2025-09-16,Delivered,Credit Card
510000,10786,2025-03-09,Returned,UPI
