order_item_id,order_id,product_id,quantity,unit_price,discount
1,500001,114,2,24883.58,0.1
2,500001,127,1,16509.71,0.05
3,500002,121,3,43178.12,0.1
4,500003,138,2,5148.37,0.1
5,500004,38,2,33762.69,0.15
6,500005,23,1,45229.71,0.0
7,500005,182,2,25258.66,0.15
8,500005,6,4,15719.14,0.1
9,500006,15,3,13558.11,0.1
10,500007,78,1,9475.8,0.1
11,500007,130,3,1826.9,0.15
12,500008,62,1,3498.04,0.0
13,500008,77,4,45039.66,0.1
14,500008,95,2,7858.6,0.1
15,500009,89,4,2812.94,0.0
16,500010,5,4,32053.9,0.05
17,500010,109,1,20240.83,0.05
18,500011,110,4,13452.58,0.0
19,500012,80,2,26747.7,0.05
20,500013,5,1,32053.9,0.0
21,500014,183,3,2591.66,0.1
22,500015,13,1,41294.2,0.1
23,500015,28,1,34955.61,0.0
24,500016,18,1,17846.96,0.2
25,500017,17,3,17031.55,0.0
26,500017,141,3,9199.37,0.0
27,500018,111,2,41282.72,0.1
28,500018,87,3,3216.87,0.0
29,500018,79,3,36534.8,0.2
30,500019,133,1,18726.1,0.1
31,500019,182,1,25258.66,0.1
32,500019,151,2,15178.52,0.05
33,500020,171,2,22643.94,0.2
34,500020,19,1,21391.84,0.0
35,500021,42,4,17076.73,0.05
36,500021,180,2,6088.9,0.05
37,500021,69,1,20234.72,0.2
38,500021,179,1,47254.91,0.0
39,500022,35,1,3103.89,0.0
40,500022,105,1,28367.27,0.0
41,500022,79,3,36534.8,0.1
42,500023,104,4,17663.08,0.15
43,500023,131,1,935.86,0.05
44,500024,123,4,44154.33,0.1
45,500024,10,4,34430.26,0.0
46,500025,113,1,20936.8,0.1
47,500026,3,1,2440.7,0.0
48,500026,153,3,34143.04,0.1
49,500027,70,1,9185.74,0.15
50,500027,28,1,34955.61,0.1
51,500028,188,4,6070.27,0.1
52,500028,177,3,7521.62,0.1
53,500028,113,2,20936.8,0.0
54,500028,33,3,15090.93,0.05
55,500028,24,4,29412.47,0.1
56,500029,198,3,44779.95,0.1
57,500029,61,4,23045.67,0.0
58,500029,104,3,17663.08,0.0
59,500029,189,3,36176.21,0.2
60,500029,118,4,47968.75,0.05
61,500030,58,4,38058.28,0.0
62,500031,150,3,23255.73,0.1
63,500031,107,2,13631.76,0.05
64,500031,108,3,22454.46,0.05
65,500031,125,2,41076.3,0.05
66,500031,143,1,8499.37,0.05
67,500032,80,2,26747.7,0.1
68,500032,50,1,37071.05,0.0
69,500032,126,3,4890.52,0.15
70,500033,41,1,790.54,0.0
71,500033,197,3,20725.99,0.15
72,500033,83,4,10948.99,0.2
73,500034,175,2,7528.69,0.1
74,500034,129,1,39450.63,0.2
75,500034,80,1,26747.7,0.0
76,500034,110,2,13452.58,0.05
77,500035,26,4,13443.96,0.0
78,500035,107,3,13631.76,0.05
79,500036,24,1,29412.47,0.05
80,500036,52,3,43157.07,0.15
81,500037,62,2,3498.04,0.05
82,500037,10,2,34430.26,0.0
83,500037,41,2,790.54,0.0
84,500037,119,3,20465.15,0.1
85,500038,13,3,41294.2,0.0
86,500039,120,1,14551.18,0.0
87,500039,31,1,31665.76,0.05
88,500039,87,4,3216.87,0.0
89,500040,47,3,7728.9,0.2
90,500040,124,3,16664.22,0.0
91,500040,195,2,39570.05,0.2
92,500041,176,4,42034.94,0.05
93,500041,79,2,36534.8,0.1
94,500041,117,4,5573.85,0.05
95,500041,1,3,45769.48,0.0
96,500042,132,1,47935.67,0.0
97,500043,65,1,26891.02,0.2
98,500043,81,1,15504.13,0.2
99,500043,45,2,19474.91,0.0
100,500044,23,2,45229.71,0.1
101,500045,196,1,8761.57,0.05
102,500045,140,4,19515.46,0.1
103,500045,128,4,39089.34,0.0
104,500045,46,1,6300.09,0.1
105,500046,15,2,13558.11,0.0
106,500046,34,2,15395.87,0.0
107,500047,80,3,26747.7,0.0
108,500047,198,3,44779.95,0.1
109,500047,24,4,29412.47,0.05
110,500048,122,2,7953.1,0.1
111,500048,82,1,26994.56,0.1
112,500048,14,1,28958.7,0.05
113,500048,158,3,17301.25,0.0
114,500049,123,4,44154.33,0.05
115,500049,41,1,790.54,0.0
116,500050,55,1,45214.9,0.2
117,500050,109,3,20240.83,0.15
118,500051,189,4,36176.21,0.05
119,500051,113,1,20936.8,0.05
120,500052,81,4,15504.13,0.0
121,500052,125,4,41076.3,0.1
122,500053,1,2,45769.48,0.15
123,500053,107,3,13631.76,0.0
124,500053,20,1,27803.61,0.1
125,500054,41,2,790.54,0.05
126,500054,66,2,7626.75,0.0
127,500054,92,2,38084.76,0.05
128,500055,113,4,20936.8,0.0
129,500056,90,4,42489.82,0.0
130,500056,93,4,33594.98,0.0
131,500057,5,3,32053.9,0.05
132,500057,136,2,48294.58,0.1
133,500058,58,2,38058.28,0.05
134,500059,111,4,41282.72,0.1
135,500059,37,2,8747.32,0.1
136,500059,12,3,8809.95,0.0
137,500060,33,2,15090.93,0.15
138,500060,93,3,33594.98,0.2
139,500061,198,4,44779.95,0.1
140,500062,45,4,19474.91,0.05
141,500062,57,4,1412.7,0.0
142,500062,173,3,31442.32,0.1
143,500063,84,2,26499.83,0.1
144,500063,69,1,20234.72,0.15
145,500064,70,2,9185.74,0.05
146,500064,119,3,20465.15,0.15
147,500064,175,4,7528.69,0.15
148,500065,33,2,15090.93,0.15
149,500066,43,2,25517.07,0.05
150,500067,145,2,5674.44,0.0
151,500068,58,2,38058.28,0.1
152,500068,16,4,17752.56,0.0
153,500069,74,3,9594.57,0.05
154,500069,55,2,45214.9,0.1
155,500069,57,4,1412.7,0.0
156,500070,133,3,18726.1,0.15
157,500070,65,2,26891.02,0.05
158,500071,23,2,45229.71,0.05
159,500072,147,1,51028.85,0.0
160,500072,120,2,14551.18,0.1
161,500073,176,4,42034.94,0.05
162,500073,38,2,33762.69,0.05
163,500074,46,2,6300.09,0.05
164,500074,12,1,8809.95,0.0
165,500074,59,3,542.46,0.1
166,500075,42,2,17076.73,0.1
167,500076,49,4,33529.65,0.15
168,500076,197,3,20725.99,0.1
169,500076,15,4,13558.11,0.1
170,500077,40,3,12159.56,0.15
171,500077,29,4,40427.0,0.0
172,500077,26,4,13443.96,0.05
173,500078,2,4,42946.4,0.05
174,500078,149,4,33795.66,0.15
175,500078,145,1,5674.44,0.1
176,500079,7,3,32012.11,0.1
177,500079,84,4,26499.83,0.05
178,500080,21,3,873.24,0.2
179,500081,118,1,47968.75,0.0
180,500082,104,3,17663.08,0.05
181,500082,8,3,16654.82,0.0
182,500082,148,4,30748.98,0.15
183,500082,75,1,7343.48,0.1
184,500083,195,1,39570.05,0.05
185,500083,192,4,906.98,0.1
186,500084,10,2,34430.26,0.1
187,500084,153,4,34143.04,0.2
188,500085,138,1,5148.37,0.1
189,500085,164,2,54714.33,0.0
190,500086,37,1,8747.32,0.05
191,500087,199,1,40427.21,0.0
192,500087,5,4,32053.9,0.15
193,500088,129,4,39450.63,0.15
194,500088,37,4,8747.32,0.15
195,500089,129,1,39450.63,0.05
196,500090,13,1,41294.2,0.1
197,500090,93,4,33594.98,0.05
198,500090,14,3,28958.7,0.05
199,500090,87,4,3216.87,0.1
200,500091,118,2,47968.75,0.15
201,500092,68,4,731.88,0.0
202,500092,141,2,9199.37,0.05
203,500092,117,2,5573.85,0.1
204,500093,173,3,31442.32,0.1
205,500093,154,1,24420.47,0.0
206,500094,68,2,731.88,0.0
207,500094,79,2,36534.8,0.05
208,500094,103,1,33485.32,0.1
209,500094,117,3,5573.85,0.0
210,500095,86,2,25389.28,0.1
211,500095,44,4,23585.72,0.1
212,500095,80,2,26747.7,0.05
213,500095,53,3,41659.1,0.1
214,500096,84,2,26499.83,0.15
215,500096,71,1,40831.91,0.05
216,500097,158,2,17301.25,0.1
217,500097,159,3,25532.77,0.1
218,500098,79,3,36534.8,0.05
219,500098,19,3,21391.84,0.2
220,500098,154,3,24420.47,0.15
221,500098,5,2,32053.9,0.05
222,500098,193,2,1419.66,0.05
223,500099,64,4,23845.3,0.0
224,500099,54,3,28353.11,0.05
225,500100,162,3,16150.96,0.2
226,500101,119,1,20465.15,0.0
227,500101,75,1,7343.48,0.1
228,500101,130,1,1826.9,0.1
229,500102,167,4,1520.89,0.15
230,500102,74,1,9594.57,0.15
231,500103,13,4,41294.2,0.0
232,500104,180,3,6088.9,0.2
233,500104,62,3,3498.04,0.0
234,500104,24,4,29412.47,0.05
235,500104,57,4,1412.7,0.1
236,500105,198,4,44779.95,0.0
237,500105,82,3,26994.56,0.1
238,500105,189,4,36176.21,0.05
239,500105,173,3,31442.32,0.2
240,500105,35,4,3103.89,0.0
241,500106,142,3,32662.03,0.05
242,500107,161,1,45736.6,0.0
243,500107,75,1,7343.48,0.15
244,500108,75,4,7343.48,0.0
245,500109,46,1,6300.09,0.0
246,500109,119,3,20465.15,0.1
247,500109,157,2,26053.23,0.05
248,500109,142,1,32662.03,0.0
249,500110,49,1,33529.65,0.0
250,500110,114,2,24883.58,0.15
251,500110,157,4,26053.23,0.1
252,500110,160,3,24067.85,0.0
253,500111,38,1,33762.69,0.0
254,500111,45,4,19474.91,0.05
255,500111,105,4,28367.27,0.0
256,500111,36,2,32323.45,0.15
257,500112,93,3,33594.98,0.0
258,500113,38,3,33762.69,0.15
259,500114,196,3,8761.57,0.0
260,500114,185,1,11835.89,0.15
261,500115,42,3,17076.73,0.05
262,500116,183,1,2591.66,0.0
263,500117,161,3,45736.6,0.1
264,500118,146,4,4466.06,0.1
265,500118,4,3,4600.28,0.2
266,500118,72,1,33843.05,0.0
267,500119,178,3,16239.3,0.1
268,500119,111,2,41282.72,0.1
269,500119,39,1,42117.5,0.1
270,500120,84,1,26499.83,0.2
271,500120,100,3,46791.69,0.05
272,500120,153,1,34143.04,0.05
273,500121,129,4,39450.63,0.1
274,500122,4,3,4600.28,0.2
275,500122,193,2,1419.66,0.1
276,500122,143,3,8499.37,0.1
277,500123,111,3,41282.72,0.1
278,500123,94,4,30089.86,0.2
279,500124,108,1,22454.46,0.05
280,500124,177,3,7521.62,0.15
281,500125,26,4,13443.96,0.1
282,500125,143,4,8499.37,0.0
283,500126,103,2,33485.32,0.05
284,500126,122,3,7953.1,0.05
285,500126,141,4,9199.37,0.1
286,500127,165,2,6409.81,0.15
287,500128,165,2,6409.81,0.0
288,500128,51,2,42529.03,0.15
289,500128,15,1,13558.11,0.1
290,500129,135,3,25804.56,0.1
291,500129,95,2,7858.6,0.1
292,500130,35,1,3103.89,0.0
293,500130,49,2,33529.65,0.1
294,500130,108,1,22454.46,0.05
295,500131,102,3,25753.85,0.0
296,500131,51,2,42529.03,0.05
297,500131,141,4,9199.37,0.15
298,500131,18,2,17846.96,0.05
299,500132,72,1,33843.05,0.05
300,500132,100,2,46791.69,0.15
301,500132,50,3,37071.05,0.0
302,500133,124,1,16664.22,0.0
303,500133,100,4,46791.69,0.1
304,500134,43,2,25517.07,0.05
305,500134,55,4,45214.9,0.1
306,500135,193,3,1419.66,0.0
307,500135,195,3,39570.05,0.2
308,500136,53,1,41659.1,0.2
309,500136,177,4,7521.62,0.15
310,500136,137,4,11644.84,0.05
311,500136,69,2,20234.72,0.0
312,500137,45,1,19474.91,0.15
313,500137,78,4,9475.8,0.15
314,500137,27,1,52025.44,0.1
315,500137,183,3,2591.66,0.0
316,500137,132,3,47935.67,0.05
317,500138,58,2,38058.28,0.05
318,500138,193,2,1419.66,0.2
319,500138,160,2,24067.85,0.1
320,500139,85,3,30473.88,0.0
321,500139,31,3,31665.76,0.1
322,500139,42,3,17076.73,0.15
323,500140,146,4,4466.06,0.1
324,500140,164,3,54714.33,0.1
325,500140,96,2,33785.82,0.1
326,500141,146,3,4466.06,0.0
327,500141,95,3,7858.6,0.15
328,500141,141,1,9199.37,0.1
329,500142,133,2,18726.1,0.0
330,500143,59,3,542.46,0.05
331,500143,120,1,14551.18,0.1
332,500144,4,3,4600.28,0.0
333,500144,127,4,16509.71,0.2
334,500145,49,3,33529.65,0.1
335,500145,46,4,6300.09,0.15
336,500146,8,2,16654.82,0.05
337,500146,128,4,39089.34,0.2
338,500147,119,3,20465.15,0.1
339,500147,78,4,9475.8,0.0
340,500147,14,4,28958.7,0.0
341,500147,100,2,46791.69,0.1
342,500147,128,2,39089.34,0.15
343,500148,193,2,1419.66,0.1
344,500148,189,4,36176.21,0.05
345,500148,125,3,41076.3,0.05
346,500148,104,3,17663.08,0.1
347,500149,188,1,6070.27,0.2
348,500149,122,1,7953.1,0.1
349,500149,54,3,28353.11,0.0
350,500149,99,4,51437.59,0.05
351,500150,143,1,8499.37,0.05
352,500150,39,1,42117.5,0.2
353,500150,199,4,40427.21,0.15
354,500150,181,2,20017.36,0.1
355,500151,17,4,17031.55,0.1
356,500151,43,1,25517.07,0.15
357,500151,60,2,42396.67,0.1
358,500152,58,2,38058.28,0.05
359,500152,21,3,873.24,0.2
360,500152,196,4,8761.57,0.05
361,500153,53,1,41659.1,0.0
362,500154,140,1,19515.46,0.1
363,500154,69,3,20234.72,0.0
364,500154,64,4,23845.3,0.1
365,500154,102,2,25753.85,0.1
366,500155,8,1,16654.82,0.05
367,500156,164,2,54714.33,0.0
368,500156,186,2,13953.35,0.05
369,500156,122,2,7953.1,0.1
370,500157,62,3,3498.04,0.15
371,500158,139,3,36696.68,0.1
372,500158,59,1,542.46,0.1
373,500159,178,4,16239.3,0.1
374,500159,37,4,8747.32,0.05
375,500160,149,4,33795.66,0.05
376,500160,200,2,20741.6,0.1
377,500160,194,3,14529.69,0.0
378,500161,94,3,30089.86,0.2
379,500161,15,4,13558.11,0.1
380,500161,71,1,40831.91,0.1
381,500161,155,3,51623.31,0.15
382,500162,168,3,9316.31,0.1
383,500163,174,2,3057.35,0.15
384,500164,145,2,5674.44,0.0
385,500164,83,2,10948.99,0.1
386,500164,32,3,30436.6,0.2
387,500164,132,3,47935.67,0.05
388,500165,196,2,8761.57,0.0
389,500166,169,1,42129.24,0.1
390,500166,195,2,39570.05,0.0
391,500166,36,1,32323.45,0.15
392,500167,157,3,26053.23,0.0
393,500167,129,1,39450.63,0.0
394,500167,145,3,5674.44,0.0
395,500168,71,3,40831.91,0.05
396,500168,77,2,45039.66,0.05
397,500168,116,1,16741.69,0.0
398,500169,143,2,8499.37,0.1
399,500170,101,3,36836.08,0.1
400,500170,152,4,47494.55,0.15
401,500170,134,1,24171.94,0.15
402,500171,122,4,7953.1,0.0
403,500171,169,1,42129.24,0.0
404,500171,180,3,6088.9,0.05
405,500171,75,4,7343.48,0.1
406,500171,67,1,32514.47,0.05
407,500172,102,4,25753.85,0.1
408,500172,79,2,36534.8,0.15
409,500173,124,1,16664.22,0.1
410,500173,80,4,26747.7,0.0
411,500173,43,4,25517.07,0.0
412,500174,82,3,26994.56,0.1
413,500175,164,3,54714.33,0.1
414,500175,72,1,33843.05,0.1
415,500175,105,4,28367.27,0.0
416,500175,117,1,5573.85,0.15
417,500175,80,2,26747.7,0.1
418,500176,100,4,46791.69,0.05
419,500177,14,4,28958.7,0.05
420,500177,84,4,26499.83,0.1
421,500178,17,3,17031.55,0.05
422,500179,146,1,4466.06,0.0
423,500179,46,3,6300.09,0.1
424,500179,122,2,7953.1,0.0
425,500179,84,4,26499.83,0.0
426,500179,83,4,10948.99,0.15
427,500180,180,1,6088.9,0.0
428,500180,114,2,24883.58,0.0
429,500181,189,3,36176.21,0.15
430,500182,114,2,24883.58,0.05
431,500183,38,4,33762.69,0.1
432,500183,167,4,1520.89,0.2
433,500183,80,4,26747.7,0.15
434,500183,194,4,14529.69,0.1
435,500184,94,4,30089.86,0.2
436,500185,29,2,40427.0,0.05
437,500185,3,4,2440.7,0.1
438,500185,126,2,4890.52,0.0
439,500186,186,2,13953.35,0.0
440,500186,50,3,37071.05,0.1
441,500187,67,1,32514.47,0.1
442,500187,75,2,7343.48,0.1
443,500187,7,2,32012.11,0.15
444,500188,57,3,1412.7,0.1
445,500188,159,1,25532.77,0.0
446,500188,75,2,7343.48,0.2
447,500189,135,3,25804.56,0.0
448,500189,197,2,20725.99,0.05
449,500189,167,2,1520.89,0.15
450,500189,143,3,8499.37,0.05
451,500190,121,3,43178.12,0.15
452,500191,66,1,7626.75,0.05
453,500191,194,4,14529.69,0.05
454,500192,161,3,45736.6,0.0
455,500193,160,2,24067.85,0.1
456,500193,73,3,32339.91,0.0
457,500194,195,4,39570.05,0.1
458,500194,90,3,42489.82,0.15
459,500195,167,3,1520.89,0.05
460,500195,47,3,7728.9,0.15
461,500196,95,1,7858.6,0.15
462,500196,136,4,48294.58,0.0
463,500196,49,3,33529.65,0.1
464,500196,198,3,44779.95,0.2
465,500197,177,1,7521.62,0.15
466,500197,50,1,37071.05,0.1
467,500197,61,3,23045.67,0.2
468,500197,122,2,7953.1,0.15
469,500198,25,1,28894.26,0.05
470,500198,185,4,11835.89,0.1
471,500199,189,1,36176.21,0.15
472,500199,194,4,14529.69,0.0
473,500199,78,1,9475.8,0.05
474,500200,17,2,17031.55,0.15
475,500200,106,3,49815.63,0.1
476,500200,147,4,51028.85,0.05
477,500201,70,4,9185.74,0.15
478,500201,170,4,31500.56,0.0
479,500201,156,1,9479.93,0.0
480,500201,51,3,42529.03,0.1
481,500201,81,2,15504.13,0.0
482,500202,117,1,5573.85,0.05
483,500203,37,4,8747.32,0.05
484,500203,34,2,15395.87,0.0
485,500204,190,4,52000.43,0.0
486,500204,10,1,34430.26,0.0
487,500205,84,3,26499.83,0.1
488,500205,58,3,38058.28,0.1
489,500206,168,4,9316.31,0.1
490,500206,181,2,20017.36,0.1
491,500207,57,1,1412.7,0.15
492,500208,38,1,33762.69,0.05
493,500209,48,4,32151.32,0.2
494,500209,146,2,4466.06,0.05
495,500209,81,2,15504.13,0.0
496,500210,84,2,26499.83,0.15
497,500211,14,2,28958.7,0.2
498,500211,36,3,32323.45,0.05
499,500212,37,3,8747.32,0.15
500,500212,191,2,39507.0,0.05
501,500213,146,1,4466.06,0.05
502,500213,52,4,43157.07,0.1
503,500213,109,3,20240.83,0.05
504,500214,41,2,790.54,0.0
505,500214,6,4,15719.14,0.2
506,500214,76,4,1551.17,0.0
507,500215,170,2,31500.56,0.0
508,500215,116,2,16741.69,0.0
509,500215,60,3,42396.67,0.05
510,500215,48,1,32151.32,0.2
511,500215,140,3,19515.46,0.05
512,500216,130,1,1826.9,0.15
513,500216,142,2,32662.03,0.0
514,500217,64,1,23845.3,0.15
515,500218,21,4,873.24,0.1
516,500219,111,2,41282.72,0.2
517,500219,12,3,8809.95,0.0
518,500220,181,2,20017.36,0.1
519,500220,124,3,16664.22,0.0
520,500221,109,4,20240.83,0.1
521,500221,17,2,17031.55,0.2
522,500221,159,4,25532.77,0.1
523,500221,32,4,30436.6,0.2
524,500222,160,3,24067.85,0.1
525,500222,132,1,47935.67,0.0
526,500223,188,4,6070.27,0.0
527,500223,121,4,43178.12,0.15
528,500224,168,1,9316.31,0.2
529,500224,144,4,43009.16,0.0
530,500224,166,1,16527.13,0.1
531,500224,105,3,28367.27,0.1
532,500225,146,3,4466.06,0.15
533,500225,108,3,22454.46,0.0
534,500225,111,4,41282.72,0.15
535,500226,180,2,6088.9,0.0
536,500226,195,4,39570.05,0.0
537,500226,156,4,9479.93,0.2
538,500227,80,2,26747.7,0.1
539,500227,170,2,31500.56,0.1
540,500228,109,1,20240.83,0.1
541,500229,30,3,8599.09,0.0
542,500229,91,3,37325.93,0.1
543,500230,53,2,41659.1,0.15
544,500231,93,2,33594.98,0.15
545,500231,98,2,35512.2,0.0
546,500232,146,3,4466.06,0.15
547,500232,78,4,9475.8,0.2
548,500232,193,2,1419.66,0.1
549,500232,55,3,45214.9,0.1
550,500233,51,2,42529.03,0.0
551,500233,60,3,42396.67,0.15
552,500234,114,4,24883.58,0.15
553,500235,166,4,16527.13,0.05
554,500236,98,3,35512.2,0.0
555,500236,133,4,18726.1,0.0
556,500236,78,4,9475.8,0.15
557,500236,108,3,22454.46,0.2
558,500237,45,3,19474.91,0.05
559,500238,22,4,20749.3,0.05
560,500238,131,3,935.86,0.15
561,500239,199,2,40427.21,0.0
562,500239,158,2,17301.25,0.05
563,500239,104,2,17663.08,0.1
564,500240,89,3,2812.94,0.1
565,500241,110,4,13452.58,0.0
566,500241,76,1,1551.17,0.0
567,500241,96,1,33785.82,0.05
568,500242,173,3,31442.32,0.15
569,500243,142,1,32662.03,0.0
570,500243,196,1,8761.57,0.1
571,500243,97,1,9014.15,0.05
572,500244,30,2,8599.09,0.05
573,500245,69,4,20234.72,0.0
574,500246,180,2,6088.9,0.1
575,500247,3,4,2440.7,0.15
576,500247,8,4,16654.82,0.15
577,500247,82,2,26994.56,0.1
578,500247,138,2,5148.37,0.05
579,500248,21,4,873.24,0.2
580,500248,172,3,35356.68,0.2
581,500249,31,2,31665.76,0.1
582,500249,96,3,33785.82,0.1
583,500249,59,4,542.46,0.0
584,500249,98,2,35512.2,0.05
585,500250,8,3,16654.82,0.15
586,500250,89,4,2812.94,0.0
587,500251,163,1,1143.45,0.1
588,500251,128,2,39089.34,0.05
589,500251,160,3,24067.85,0.05
590,500252,109,3,20240.83,0.05
591,500252,185,2,11835.89,0.0
592,500253,2,4,42946.4,0.0
593,500253,186,1,13953.35,0.0
594,500254,165,1,6409.81,0.0
595,500254,189,4,36176.21,0.05
596,500254,62,3,3498.04,0.1
597,500255,27,1,52025.44,0.1
598,500256,191,4,39507.0,0.1
599,500256,142,4,32662.03,0.0
600,500256,193,2,1419.66,0.1
601,500256,53,2,41659.1,0.15
602,500257,46,4,6300.09,0.1
603,500257,31,2,31665.76,0.0
604,500257,18,1,17846.96,0.15
605,500257,95,3,7858.6,0.15
606,500258,25,4,28894.26,0.1
607,500259,163,4,1143.45,0.0
608,500259,108,2,22454.46,0.0
609,500259,95,2,7858.6,0.1
610,500259,179,1,47254.91,0.1
611,500260,114,1,24883.58,0.0
612,500261,139,3,36696.68,0.0
613,500261,54,1,28353.11,0.2
614,500261,28,3,34955.61,0.05
615,500262,159,2,25532.77,0.15
616,500262,162,4,16150.96,0.0
617,500262,75,4,7343.48,0.0
618,500262,185,1,11835.89,0.1
619,500263,24,4,29412.47,0.05
620,500264,32,4,30436.6,0.1
621,500265,131,3,935.86,0.1
622,500265,164,1,54714.33,0.1
623,500265,95,4,7858.6,0.0
624,500266,103,3,33485.32,0.15
625,500266,190,1,52000.43,0.0
626,500267,40,4,12159.56,0.1
627,500267,2,4,42946.4,0.05
628,500268,176,3,42034.94,0.05
629,500268,117,2,5573.85,0.0
630,500268,138,3,5148.37,0.0
631,500269,105,3,28367.27,0.0
632,500270,129,2,39450.63,0.05
633,500271,154,1,24420.47,0.2
634,500271,57,4,1412.7,0.15
635,500271,128,1,39089.34,0.0
636,500271,121,2,43178.12,0.1
637,500271,164,2,54714.33,0.05
638,500272,21,1,873.24,0.1
639,500272,113,3,20936.8,0.1
640,500272,76,4,1551.17,0.1
641,500273,82,2,26994.56,0.0
642,500273,183,1,2591.66,0.0
643,500273,197,4,20725.99,0.0
644,500274,12,1,8809.95,0.05
645,500274,33,1,15090.93,0.05
646,500275,87,3,3216.87,0.1
647,500275,40,3,12159.56,0.0
648,500275,23,3,45229.71,0.0
649,500275,9,1,26670.95,0.15
650,500275,96,4,33785.82,0.1
651,500276,187,4,50291.33,0.0
652,500277,181,2,20017.36,0.1
653,500278,66,2,7626.75,0.05
654,500278,131,3,935.86,0.15
655,500279,112,2,22042.94,0.0
656,500279,28,2,34955.61,0.0
657,500279,91,1,37325.93,0.05
658,500280,26,3,13443.96,0.1
659,500281,72,1,33843.05,0.1
660,500281,104,1,17663.08,0.0
661,500282,119,4,20465.15,0.05
662,500282,66,1,7626.75,0.2
663,500283,125,3,41076.3,0.0
664,500283,122,1,7953.1,0.15
665,500283,145,3,5674.44,0.15
666,500284,173,3,31442.32,0.0
667,500285,84,1,26499.83,0.0
668,500285,128,3,39089.34,0.05
669,500285,191,1,39507.0,0.2
670,500286,37,3,8747.32,0.15
671,500286,133,2,18726.1,0.1
672,500287,48,1,32151.32,0.05
673,500287,183,2,2591.66,0.1
674,500288,75,4,7343.48,0.05
675,500289,84,1,26499.83,0.1
676,500289,124,1,16664.22,0.05
677,500289,133,4,18726.1,0.15
678,500289,49,2,33529.65,0.05
679,500289,67,3,32514.47,0.1
680,500290,50,4,37071.05,0.1
681,500290,85,2,30473.88,0.0
682,500290,184,4,46019.64,0.15
683,500291,155,1,51623.31,0.15
684,500292,187,4,50291.33,0.1
685,500292,175,1,7528.69,0.2
686,500293,25,1,28894.26,0.0
687,500294,35,3,3103.89,0.15
688,500294,65,3,26891.02,0.15
689,500295,26,4,13443.96,0.1
690,500295,183,3,2591.66,0.2
691,500295,112,2,22042.94,0.2
692,500296,4,3,4600.28,0.1
693,500297,186,4,13953.35,0.1
694,500297,156,3,9479.93,0.05
695,500297,90,3,42489.82,0.0
696,500297,163,2,1143.45,0.05
697,500298,61,3,23045.67,0.05
698,500298,55,3,45214.9,0.05
699,500299,118,1,47968.75,0.15
700,500300,134,4,24171.94,0.05
701,500301,157,1,26053.23,0.0
702,500302,132,4,47935.67,0.1
703,500302,155,3,51623.31,0.0
704,500302,147,2,51028.85,0.05
705,500302,136,2,48294.58,0.0
706,500303,7,2,32012.11,0.0
707,500303,57,1,1412.7,0.15
708,500304,200,1,20741.6,0.1
709,500304,169,1,42129.24,0.05
710,500304,107,4,13631.76,0.15
711,500305,126,4,4890.52,0.15
712,500306,30,2,8599.09,0.0
713,500306,119,2,20465.15,0.2
714,500307,147,1,51028.85,0.0
715,500307,58,1,38058.28,0.05
716,500308,198,1,44779.95,0.05
717,500308,46,2,6300.09,0.0
718,500309,111,2,41282.72,0.0
719,500310,24,4,29412.47,0.05
720,500311,101,4,36836.08,0.1
721,500311,8,3,16654.82,0.15
722,500311,131,2,935.86,0.0
723,500311,198,1,44779.95,0.1
724,500311,99,4,51437.59,0.0
725,500312,67,3,32514.47,0.0
726,500312,6,4,15719.14,0.05
727,500312,95,1,7858.6,0.0
728,500313,43,3,25517.07,0.05
729,500314,142,2,32662.03,0.05
730,500314,11,1,10297.51,0.1
731,500314,52,2,43157.07,0.0
732,500315,147,2,51028.85,0.0
733,500315,61,3,23045.67,0.0
734,500316,29,4,40427.0,0.1
735,500316,95,4,7858.6,0.0
736,500316,150,1,23255.73,0.15
737,500317,185,4,11835.89,0.1
738,500317,63,3,14212.89,0.0
739,500317,68,1,731.88,0.0
740,500317,128,1,39089.34,0.2
741,500317,25,1,28894.26,0.1
742,500318,101,1,36836.08,0.15
743,500319,155,1,51623.31,0.0
744,500319,36,1,32323.45,0.15
745,500319,104,4,17663.08,0.1
746,500319,16,1,17752.56,0.0
747,500319,182,4,25258.66,0.05
748,500320,186,1,13953.35,0.0
749,500321,186,2,13953.35,0.1
750,500322,24,2,29412.47,0.1
751,500322,46,1,6300.09,0.0
752,500322,149,4,33795.66,0.05
753,500323,49,4,33529.65,0.05
754,500323,193,2,1419.66,0.15
755,500323,181,4,20017.36,0.05
756,500324,109,1,20240.83,0.1
757,500325,150,1,23255.73,0.0
758,500326,11,2,10297.51,0.05
759,500327,8,1,16654.82,0.05
760,500327,173,3,31442.32,0.1
761,500328,32,3,30436.6,0.0
762,500328,126,1,4890.52,0.15
763,500329,197,2,20725.99,0.1
764,500330,47,2,7728.9,0.2
765,500330,24,4,29412.47,0.15
766,500330,26,1,13443.96,0.0
767,500330,186,4,13953.35,0.0
768,500330,83,2,10948.99,0.1
769,500331,34,1,15395.87,0.05
770,500331,20,1,27803.61,0.1
771,500331,124,1,16664.22,0.1
772,500332,157,3,26053.23,0.1
773,500332,132,4,47935.67,0.0
774,500332,143,3,8499.37,0.05
775,500332,135,3,25804.56,0.1
776,500332,121,2,43178.12,0.15
777,500333,17,3,17031.55,0.15
778,500334,162,3,16150.96,0.15
779,500335,163,1,1143.45,0.0
780,500335,111,1,41282.72,0.1
781,500336,155,1,51623.31,0.05
782,500336,182,3,25258.66,0.15
783,500337,106,3,49815.63,0.0
784,500337,195,1,39570.05,0.05
785,500337,14,4,28958.7,0.15
786,500338,34,2,15395.87,0.05
787,500339,140,4,19515.46,0.05
788,500339,147,3,51028.85,0.2
789,500339,172,4,35356.68,0.2
790,500339,100,2,46791.69,0.1
791,500340,180,2,6088.9,0.05
792,500340,157,3,26053.23,0.15
793,500341,46,2,6300.09,0.05
794,500341,85,1,30473.88,0.15
795,500342,1,2,45769.48,0.1
796,500342,35,3,3103.89,0.1
797,500343,143,1,8499.37,0.1
798,500344,82,2,26994.56,0.2
799,500345,12,4,8809.95,0.1
800,500345,49,1,33529.65,0.1
801,500345,161,2,45736.6,0.0
802,500345,185,2,11835.89,0.0
803,500345,92,1,38084.76,0.0
804,500346,38,2,33762.69,0.15
805,500346,36,4,32323.45,0.05
806,500347,76,2,1551.17,0.2
807,500348,25,1,28894.26,0.05
808,500349,30,2,8599.09,0.05
809,500350,176,3,42034.94,0.1
810,500350,187,2,50291.33,0.2
811,500350,79,2,36534.8,0.1
812,500350,68,4,731.88,0.05
813,500351,117,3,5573.85,0.0
814,500351,110,3,13452.58,0.15
815,500351,22,4,20749.3,0.0
816,500352,180,4,6088.9,0.0
817,500352,132,1,47935.67,0.0
818,500353,189,2,36176.21,0.1
819,500353,182,4,25258.66,0.15
820,500353,71,1,40831.91,0.2
821,500353,115,2,2799.41,0.1
822,500353,138,1,5148.37,0.05
823,500354,173,3,31442.32,0.0
824,500354,152,1,47494.55,0.15
825,500355,112,3,22042.94,0.05
826,500355,139,2,36696.68,0.0
827,500355,117,4,5573.85,0.0
828,500355,81,1,15504.13,0.0
829,500356,57,2,1412.7,0.05
830,500356,140,3,19515.46,0.15
831,500357,148,2,30748.98,0.1
832,500357,189,2,36176.21,0.0
833,500357,75,2,7343.48,0.0
834,500357,54,1,28353.11,0.0
835,500358,94,3,30089.86,0.05
836,500358,95,2,7858.6,0.1
837,500358,85,3,30473.88,0.1
838,500358,69,2,20234.72,0.0
839,500359,37,3,8747.32,0.05
840,500359,98,4,35512.2,0.0
841,500360,196,2,8761.57,0.05
842,500361,91,1,37325.93,0.0
843,500362,181,2,20017.36,0.05
844,500363,105,3,28367.27,0.1
845,500364,52,3,43157.07,0.1
846,500364,183,3,2591.66,0.0
847,500365,63,1,14212.89,0.05
848,500365,50,3,37071.05,0.15
849,500366,116,2,16741.69,0.0
850,500367,112,3,22042.94,0.1
851,500367,63,3,14212.89,0.2
852,500367,105,1,28367.27,0.15
853,500367,8,1,16654.82,0.15
854,500368,189,1,36176.21,0.1
855,500369,61,1,23045.67,0.1
856,500370,56,2,31457.37,0.0
857,500371,62,3,3498.04,0.0
858,500371,81,4,15504.13,0.2
859,500371,128,4,39089.34,0.05
860,500371,58,2,38058.28,0.2
861,500371,11,4,10297.51,0.05
862,500372,185,4,11835.89,0.15
863,500372,6,1,15719.14,0.15
864,500373,25,4,28894.26,0.1
865,500374,48,4,32151.32,0.15
866,500375,47,2,7728.9,0.05
867,500375,7,3,32012.11,0.0
868,500376,70,4,9185.74,0.1
869,500376,47,4,7728.9,0.05
870,500376,42,2,17076.73,0.0
871,500376,162,4,16150.96,0.15
872,500376,198,4,44779.95,0.05
873,500377,104,3,17663.08,0.1
874,500377,185,3,11835.89,0.0
875,500378,130,1,1826.9,0.0
876,500378,107,4,13631.76,0.1
877,500379,84,4,26499.83,0.2
878,500379,24,2,29412.47,0.05
879,500380,117,3,5573.85,0.0
880,500381,62,4,3498.04,0.0
881,500381,187,2,50291.33,0.15
882,500382,139,4,36696.68,0.1
883,500382,51,3,42529.03,0.0
884,500383,81,1,15504.13,0.0
885,500383,91,2,37325.93,0.1
886,500383,133,3,18726.1,0.1
887,500384,138,2,5148.37,0.05
888,500385,73,2,32339.91,0.1
889,500386,46,4,6300.09,0.1
890,500386,97,4,9014.15,0.1
891,500387,51,4,42529.03,0.1
892,500387,24,2,29412.47,0.1
893,500387,141,1,9199.37,0.0
894,500388,108,4,22454.46,0.1
895,500388,153,4,34143.04,0.1
896,500389,54,1,28353.11,0.1
897,500389,25,2,28894.26,0.15
898,500389,112,4,22042.94,0.1
899,500390,136,1,48294.58,0.0
900,500390,15,2,13558.11,0.1
901,500390,27,4,52025.44,0.15
902,500390,108,3,22454.46,0.15
903,500391,9,4,26670.95,0.05
904,500391,33,4,15090.93,0.1
905,500391,146,3,4466.06,0.0
906,500391,80,3,26747.7,0.0
907,500392,154,1,24420.47,0.0
908,500392,16,3,17752.56,0.15
909,500393,121,3,43178.12,0.1
910,500393,41,2,790.54,0.1
911,500393,56,1,31457.37,0.1
912,500393,168,3,9316.31,0.15
913,500394,171,2,22643.94,0.05
914,500394,27,3,52025.44,0.0
915,500394,107,3,13631.76,0.15
916,500395,42,1,17076.73,0.2
917,500395,149,3,33795.66,0.1
918,500395,40,4,12159.56,0.15
919,500396,51,4,42529.03,0.0
920,500396,32,3,30436.6,0.0
921,500397,144,3,43009.16,0.15
922,500398,108,4,22454.46,0.1
923,500398,151,1,15178.52,0.1
924,500399,77,1,45039.66,0.0
925,500399,123,4,44154.33,0.2
926,500399,15,1,13558.11,0.0
927,500400,166,1,16527.13,0.15
928,500400,197,2,20725.99,0.1
929,500400,163,4,1143.45,0.2
930,500400,25,3,28894.26,0.15
931,500400,148,1,30748.98,0.15
932,500401,138,3,5148.37,0.15
933,500401,36,4,32323.45,0.0
934,500402,176,3,42034.94,0.1
935,500402,68,2,731.88,0.1
936,500402,173,1,31442.32,0.05
937,500402,19,3,21391.84,0.15
938,500402,121,3,43178.12,0.0
939,500403,165,4,6409.81,0.1
940,500404,71,3,40831.91,0.1
941,500404,40,1,12159.56,0.1
942,500404,188,3,6070.27,0.15
943,500404,164,1,54714.33,0.0
944,500404,142,2,32662.03,0.15
945,500405,106,3,49815.63,0.1
946,500405,71,1,40831.91,0.05
947,500406,172,3,35356.68,0.0
948,500406,59,2,542.46,0.15
949,500406,9,2,26670.95,0.0
950,500407,177,3,7521.62,0.0
951,500407,167,2,1520.89,0.0
952,500408,174,3,3057.35,0.15
953,500408,131,2,935.86,0.1
954,500408,102,1,25753.85,0.0
955,500408,16,4,17752.56,0.05
956,500408,27,3,52025.44,0.0
957,500409,188,3,6070.27,0.05
958,500410,22,4,20749.3,0.0
959,500410,25,2,28894.26,0.0
960,500411,104,1,17663.08,0.05
961,500411,79,3,36534.8,0.15
962,500411,41,4,790.54,0.15
963,500411,55,4,45214.9,0.0
964,500412,167,3,1520.89,0.0
965,500413,51,4,42529.03,0.1
966,500413,105,1,28367.27,0.05
967,500414,107,3,13631.76,0.0
968,500414,155,4,51623.31,0.0
969,500415,78,3,9475.8,0.0
970,500415,167,3,1520.89,0.1
971,500415,193,3,1419.66,0.1
972,500416,121,2,43178.12,0.0
973,500416,39,1,42117.5,0.2
974,500416,34,4,15395.87,0.0
975,500416,128,1,39089.34,0.05
976,500417,113,3,20936.8,0.1
977,500418,79,4,36534.8,0.1
978,500418,81,1,15504.13,0.1
979,500418,91,3,37325.93,0.05
980,500419,129,1,39450.63,0.0
981,500419,12,2,8809.95,0.1
982,500420,184,2,46019.64,0.1
983,500420,110,1,13452.58,0.05
984,500420,116,4,16741.69,0.05
985,500421,117,4,5573.85,0.1
986,500422,175,3,7528.69,0.1
987,500423,114,1,24883.58,0.1
988,500423,63,3,14212.89,0.05
989,500424,130,4,1826.9,0.2
990,500425,147,3,51028.85,0.1
991,500425,10,1,34430.26,0.0
992,500425,54,2,28353.11,0.2
993,500426,92,3,38084.76,0.2
994,500427,144,1,43009.16,0.1
995,500427,79,4,36534.8,0.0
996,500427,189,2,36176.21,0.0
997,500427,146,3,4466.06,0.15
998,500428,31,1,31665.76,0.15
999,500428,139,1,36696.68,0.1
1000,500428,116,1,16741.69,0.05
1001,500428,36,3,32323.45,0.1
1002,500429,184,4,46019.64,0.2
1003,500429,109,2,20240.83,0.05
1004,500429,42,2,17076.73,0.1
1005,500430,36,3,32323.45,0.1
1006,500430,51,4,42529.03,0.1
1007,500430,157,2,26053.23,0.0
1008,500430,185,2,11835.89,0.0
1009,500431,177,3,7521.62,0.15
1010,500431,191,4,39507.0,0.2
1011,500431,185,4,11835.89,0.1
1012,500431,195,3,39570.05,0.1
1013,500431,169,3,42129.24,0.0
1014,500432,171,1,22643.94,0.05
1015,500432,78,3,9475.8,0.1
1016,500432,93,2,33594.98,0.0
1017,500433,100,1,46791.69,0.05
1018,500433,185,3,11835.89,0.0
1019,500433,132,1,47935.67,0.05
1020,500434,156,3,9479.93,0.05
1021,500434,66,2,7626.75,0.2
1022,500435,23,2,45229.71,0.0
1023,500435,66,3,7626.75,0.15
1024,500435,175,2,7528.69,0.1
1025,500436,166,1,16527.13,0.1
1026,500436,135,1,25804.56,0.0
1027,500436,155,1,51623.31,0.1
1028,500437,52,4,43157.07,0.0
1029,500437,9,1,26670.95,0.2
1030,500438,45,2,19474.91,0.0
1031,500438,61,1,23045.67,0.0
1032,500439,188,2,6070.27,0.05
1033,500440,108,2,22454.46,0.0
1034,500440,139,1,36696.68,0.05
1035,500440,197,1,20725.99,0.15
1036,500441,120,3,14551.18,0.1
1037,500441,80,1,26747.7,0.15
1038,500441,56,1,31457.37,0.2
1039,500441,151,1,15178.52,0.0
1040,500442,16,4,17752.56,0.0
1041,500443,126,1,4890.52,0.15
1042,500444,106,3,49815.63,0.1
1043,500444,37,2,8747.32,0.0
1044,500444,154,2,24420.47,0.0
1045,500444,70,2,9185.74,0.05
1046,500444,16,2,17752.56,0.1
1047,500445,36,2,32323.45,0.05
1048,500446,110,4,13452.58,0.1
1049,500446,123,1,44154.33,0.15
1050,500446,162,4,16150.96,0.05
1051,500447,1,1,45769.48,0.1
1052,500447,123,3,44154.33,0.1
1053,500448,101,3,36836.08,0.0
1054,500448,85,4,30473.88,0.15
1055,500449,21,4,873.24,0.0
1056,500450,90,2,42489.82,0.1
1057,500451,199,4,40427.21,0.05
1058,500451,50,1,37071.05,0.05
1059,500452,31,3,31665.76,0.15
1060,500452,193,3,1419.66,0.0
1061,500453,148,2,30748.98,0.2
1062,500453,165,1,6409.81,0.05
1063,500453,139,3,36696.68,0.1
1064,500454,86,2,25389.28,0.0
1065,500454,22,1,20749.3,0.05
1066,500454,102,3,25753.85,0.05
1067,500454,19,2,21391.84,0.2
1068,500454,148,2,30748.98,0.0
1069,500455,114,2,24883.58,0.0
1070,500455,81,4,15504.13,0.1
1071,500455,40,3,12159.56,0.1
1072,500456,142,2,32662.03,0.05
1073,500456,83,4,10948.99,0.1
1074,500457,106,2,49815.63,0.05
1075,500457,167,3,1520.89,0.15
1076,500458,152,3,47494.55,0.0
1077,500459,12,1,8809.95,0.1
1078,500459,63,1,14212.89,0.1
1079,500459,30,1,8599.09,0.1
1080,500460,19,1,21391.84,0.0
1081,500460,145,4,5674.44,0.1
1082,500461,3,1,2440.7,0.05
1083,500461,8,2,16654.82,0.05
1084,500461,71,4,40831.91,0.1
1085,500461,106,1,49815.63,0.1
1086,500462,33,3,15090.93,0.05
1087,500462,158,1,17301.25,0.1
1088,500462,123,4,44154.33,0.15
1089,500463,71,1,40831.91,0.1
1090,500464,65,4,26891.02,0.1
1091,500464,149,1,33795.66,0.0
1092,500465,98,4,35512.2,0.1
1093,500465,34,2,15395.87,0.05
1094,500465,130,3,1826.9,0.05
1095,500466,135,2,25804.56,0.0
1096,500466,113,4,20936.8,0.15
1097,500466,170,1,31500.56,0.0
1098,500466,111,4,41282.72,0.0
1099,500467,12,4,8809.95,0.0
1100,500467,153,4,34143.04,0.0
1101,500468,181,1,20017.36,0.1
1102,500468,72,2,33843.05,0.0
1103,500468,168,2,9316.31,0.2
1104,500469,76,3,1551.17,0.1
1105,500470,183,4,2591.66,0.0
1106,500470,17,4,17031.55,0.1
1107,500470,45,2,19474.91,0.1
1108,500470,103,2,33485.32,0.1
1109,500471,16,4,17752.56,0.05
1110,500471,50,2,37071.05,0.05
1111,500472,70,4,9185.74,0.15
1112,500472,179,3,47254.91,0.15
1113,500472,131,4,935.86,0.15
1114,500473,173,2,31442.32,0.1
1115,500473,145,1,5674.44,0.0
1116,500474,121,3,43178.12,0.0
1117,500474,7,1,32012.11,0.0
1118,500474,134,4,24171.94,0.0
1119,500474,99,3,51437.59,0.2
1120,500474,172,1,35356.68,0.05
1121,500475,190,1,52000.43,0.0
1122,500475,174,3,3057.35,0.1
1123,500475,107,1,13631.76,0.0
1124,500476,149,2,33795.66,0.05
1125,500477,184,4,46019.64,0.0
1126,500477,107,3,13631.76,0.0
1127,500478,99,1,51437.59,0.15
1128,500479,53,1,41659.1,0.0
1129,500479,28,1,34955.61,0.0
1130,500479,104,1,17663.08,0.0
1131,500479,183,1,2591.66,0.05
1132,500480,94,4,30089.86,0.05
1133,500480,36,3,32323.45,0.15
1134,500480,51,2,42529.03,0.05
1135,500481,25,3,28894.26,0.05
1136,500481,19,1,21391.84,0.15
1137,500482,104,3,17663.08,0.05
1138,500482,52,4,43157.07,0.0
1139,500483,172,3,35356.68,0.05
1140,500483,79,1,36534.8,0.0
1141,500483,83,4,10948.99,0.2
1142,500483,199,1,40427.21,0.1
1143,500484,7,1,32012.11,0.1
1144,500484,120,3,14551.18,0.15
1145,500484,149,2,33795.66,0.1
1146,500484,124,1,16664.22,0.1
1147,500485,62,1,3498.04,0.0
1148,500485,84,4,26499.83,0.1
1149,500486,123,4,44154.33,0.0
1150,500486,53,2,41659.1,0.2
1151,500486,142,3,32662.03,0.0
1152,500487,145,2,5674.44,0.15
1153,500488,58,1,38058.28,0.1
1154,500488,167,2,1520.89,0.05
1155,500489,180,4,6088.9,0.0
1156,500489,36,3,32323.45,0.05
1157,500489,174,4,3057.35,0.05
1158,500489,128,4,39089.34,0.1
1159,500489,191,4,39507.0,0.05
1160,500490,89,3,2812.94,0.0
1161,500490,142,1,32662.03,0.15
1162,500490,106,3,49815.63,0.15
1163,500491,183,2,2591.66,0.2
1164,500492,3,4,2440.7,0.05
1165,500492,32,3,30436.6,0.15
1166,500493,188,1,6070.27,0.15
1167,500493,121,2,43178.12,0.05
1168,500494,49,2,33529.65,0.15
1169,500495,128,1,39089.34,0.0
1170,500495,95,2,7858.6,0.1
1171,500495,142,4,32662.03,0.0
1172,500495,51,3,42529.03,0.05
1173,500495,163,2,1143.45,0.0
1174,500496,116,4,16741.69,0.0
1175,500497,101,1,36836.08,0.1
1176,500497,34,4,15395.87,0.05
1177,500498,31,1,31665.76,0.1
1178,500498,115,4,2799.41,0.15
1179,500498,38,3,33762.69,0.0
1180,500498,180,1,6088.9,0.0
1181,500499,47,2,7728.9,0.05
1182,500500,84,2,26499.83,0.05
1183,500500,61,4,23045.67,0.0
1184,500501,114,4,24883.58,0.0
1185,500501,123,4,44154.33,0.05
1186,500501,76,4,1551.17,0.1
1187,500502,92,1,38084.76,0.2
1188,500502,48,4,32151.32,0.05
1189,500503,123,3,44154.33,0.1
1190,500503,72,2,33843.05,0.0
1191,500504,82,3,26994.56,0.05
1192,500504,150,3,23255.73,0.1
1193,500505,4,2,4600.28,0.0
1194,500505,60,3,42396.67,0.15
1195,500505,35,1,3103.89,0.1
1196,500505,188,2,6070.27,0.2
1197,500505,76,4,1551.17,0.0
1198,500506,44,2,23585.72,0.1
1199,500506,187,1,50291.33,0.0
1200,500506,132,3,47935.67,0.05
1201,500506,75,2,7343.48,0.0
1202,500507,42,4,17076.73,0.1
1203,500508,144,4,43009.16,0.2
1204,500508,118,1,47968.75,0.05
1205,500509,130,3,1826.9,0.15
1206,500509,139,4,36696.68,0.1
1207,500509,63,1,14212.89,0.0
1208,500510,30,3,8599.09,0.1
1209,500510,180,1,6088.9,0.1
1210,500511,111,4,41282.72,0.1
1211,500512,61,2,23045.67,0.0
1212,500512,94,2,30089.86,0.15
1213,500513,173,2,31442.32,0.1
1214,500513,54,4,28353.11,0.15
1215,500514,144,3,43009.16,0.15
1216,500514,147,4,51028.85,0.15
1217,500514,94,3,30089.86,0.05
1218,500514,174,4,3057.35,0.0
1219,500515,168,3,9316.31,0.1
1220,500516,140,1,19515.46,0.1
1221,500517,68,2,731.88,0.0
1222,500517,136,1,48294.58,0.1
1223,500517,198,4,44779.95,0.0
1224,500517,34,2,15395.87,0.05
1225,500518,169,4,42129.24,0.1
1226,500518,12,1,8809.95,0.1
1227,500518,33,4,15090.93,0.15
1228,500518,110,4,13452.58,0.15
1229,500519,151,2,15178.52,0.05
1230,500519,16,4,17752.56,0.15
1231,500520,48,4,32151.32,0.0
1232,500520,200,3,20741.6,0.0
1233,500520,99,1,51437.59,0.15
1234,500521,144,1,43009.16,0.1
1235,500521,71,1,40831.91,0.0
1236,500521,166,2,16527.13,0.1
1237,500521,64,4,23845.3,0.05
1238,500522,139,2,36696.68,0.0
1239,500523,190,4,52000.43,0.05
1240,500523,149,4,33795.66,0.1
1241,500523,182,4,25258.66,0.05
1242,500524,129,2,39450.63,0.0
1243,500524,134,1,24171.94,0.1
1244,500524,86,2,25389.28,0.0
1245,500525,29,3,40427.0,0.1
1246,500525,200,3,20741.6,0.15
1247,500526,92,4,38084.76,0.15
1248,500526,63,2,14212.89,0.15
1249,500526,67,1,32514.47,0.0
1250,500526,70,2,9185.74,0.0
1251,500526,47,3,7728.9,0.15
1252,500527,108,2,22454.46,0.1
1253,500527,82,1,26994.56,0.1
1254,500527,45,4,19474.91,0.15
1255,500527,141,3,9199.37,0.0
1256,500527,175,2,7528.69,0.1
1257,500528,56,3,31457.37,0.15
1258,500528,170,4,31500.56,0.05
1259,500529,154,3,24420.47,0.1
1260,500530,3,1,2440.7,0.15
1261,500530,190,1,52000.43,0.15
1262,500530,73,3,32339.91,0.15
1263,500530,16,3,17752.56,0.15
1264,500531,181,1,20017.36,0.1
1265,500531,161,2,45736.6,0.05
1266,500532,40,2,12159.56,0.2
1267,500533,118,3,47968.75,0.15
1268,500533,141,3,9199.37,0.1
1269,500533,193,4,1419.66,0.0
1270,500534,38,2,33762.69,0.15
1271,500534,61,4,23045.67,0.2
1272,500534,153,3,34143.04,0.2
1273,500535,157,1,26053.23,0.05
1274,500536,114,1,24883.58,0.05
1275,500537,45,4,19474.91,0.0
1276,500537,92,4,38084.76,0.0
1277,500537,103,2,33485.32,0.05
1278,500537,70,4,9185.74,0.15
1279,500538,26,2,13443.96,0.05
1280,500538,178,4,16239.3,0.0
1281,500538,185,2,11835.89,0.15
1282,500538,16,1,17752.56,0.0
1283,500538,83,1,10948.99,0.15
1284,500539,82,2,26994.56,0.05
1285,500539,20,4,27803.61,0.1
1286,500540,39,3,42117.5,0.0
1287,500541,115,4,2799.41,0.05
1288,500541,39,2,42117.5,0.05
1289,500542,99,2,51437.59,0.05
1290,500542,83,3,10948.99,0.0
1291,500543,53,2,41659.1,0.1
1292,500543,130,2,1826.9,0.05
1293,500544,51,4,42529.03,0.1
1294,500544,79,2,36534.8,0.1
1295,500545,82,4,26994.56,0.0
1296,500546,61,1,23045.67,0.1
1297,500546,148,2,30748.98,0.0
1298,500546,138,1,5148.37,0.0
1299,500547,42,2,17076.73,0.05
1300,500547,121,2,43178.12,0.15
1301,500547,101,3,36836.08,0.1
1302,500547,151,1,15178.52,0.15
1303,500548,102,4,25753.85,0.05
1304,500548,196,3,8761.57,0.15
1305,500548,41,1,790.54,0.1
1306,500549,6,1,15719.14,0.0
1307,500549,59,1,542.46,0.0
1308,500550,187,3,50291.33,0.0
1309,500550,27,1,52025.44,0.15
1310,500550,17,1,17031.55,0.0
1311,500551,24,1,29412.47,0.15
1312,500551,166,2,16527.13,0.0
1313,500552,57,1,1412.7,0.0
1314,500552,146,2,4466.06,0.05
1315,500553,135,1,25804.56,0.1
1316,500553,191,2,39507.0,0.0
1317,500553,103,2,33485.32,0.0
1318,500554,68,2,731.88,0.2
1319,500554,8,1,16654.82,0.2
1320,500554,161,3,45736.6,0.0
1321,500554,181,4,20017.36,0.0
1322,500555,106,1,49815.63,0.1
1323,500555,113,1,20936.8,0.1
1324,500555,48,4,32151.32,0.15
1325,500555,172,2,35356.68,0.0
1326,500556,178,1,16239.3,0.0
1327,500557,49,1,33529.65,0.05
1328,500557,32,3,30436.6,0.15
1329,500557,23,4,45229.71,0.2
1330,500558,82,1,26994.56,0.0
1331,500559,172,1,35356.68,0.15
1332,500559,177,4,7521.62,0.05
1333,500559,113,4,20936.8,0.2
1334,500560,53,2,41659.1,0.0
1335,500560,21,2,873.24,0.0
1336,500561,101,4,36836.08,0.1
1337,500561,116,2,16741.69,0.05
1338,500561,21,1,873.24,0.2
1339,500562,178,3,16239.3,0.15
1340,500562,107,2,13631.76,0.2
1341,500562,175,3,7528.69,0.2
1342,500562,157,1,26053.23,0.05
1343,500563,161,4,45736.6,0.1
1344,500564,59,3,542.46,0.1
1345,500564,22,4,20749.3,0.1
1346,500564,9,2,26670.95,0.1
1347,500564,62,3,3498.04,0.0
1348,500565,85,2,30473.88,0.2
1349,500565,87,4,3216.87,0.1
1350,500565,28,2,34955.61,0.15
1351,500566,78,2,9475.8,0.2
1352,500566,53,2,41659.1,0.15
1353,500567,165,1,6409.81,0.05
1354,500567,186,4,13953.35,0.0
1355,500568,154,2,24420.47,0.15
1356,500568,120,2,14551.18,0.05
1357,500569,16,2,17752.56,0.15
1358,500570,169,3,42129.24,0.05
1359,500571,11,3,10297.51,0.05
1360,500571,3,4,2440.7,0.1
1361,500571,192,4,906.98,0.1
1362,500572,84,4,26499.83,0.0
1363,500573,159,4,25532.77,0.0
1364,500573,10,3,34430.26,0.15
1365,500574,22,4,20749.3,0.05
1366,500574,5,1,32053.9,0.1
1367,500574,107,3,13631.76,0.1
1368,500574,143,3,8499.37,0.05
1369,500575,136,4,48294.58,0.1
1370,500575,121,4,43178.12,0.2
1371,500575,78,2,9475.8,0.15
1372,500576,190,4,52000.43,0.1
1373,500577,110,2,13452.58,0.05
1374,500577,188,1,6070.27,0.2
1375,500577,67,2,32514.47,0.1
1376,500578,166,2,16527.13,0.1
1377,500579,57,3,1412.7,0.05
1378,500579,35,3,3103.89,0.1
1379,500579,124,1,16664.22,0.0
1380,500580,49,2,33529.65,0.1
1381,500581,175,4,7528.69,0.0
1382,500582,93,3,33594.98,0.1
1383,500582,106,3,49815.63,0.05
1384,500582,135,4,25804.56,0.15
1385,500582,39,4,42117.5,0.15
1386,500583,53,2,41659.1,0.1
1387,500584,128,3,39089.34,0.1
1388,500585,93,3,33594.98,0.1
1389,500586,47,2,7728.9,0.05
1390,500586,130,2,1826.9,0.05
1391,500587,44,4,23585.72,0.0
1392,500587,77,3,45039.66,0.2
1393,500587,162,1,16150.96,0.1
1394,500587,25,3,28894.26,0.0
1395,500588,76,2,1551.17,0.15
1396,500589,103,4,33485.32,0.15
1397,500590,58,4,38058.28,0.15
1398,500590,84,3,26499.83,0.0
1399,500590,108,3,22454.46,0.05
1400,500590,61,3,23045.67,0.05
1401,500591,136,1,48294.58,0.1
1402,500592,152,4,47494.55,0.0
1403,500593,88,1,22349.99,0.0
1404,500594,38,3,33762.69,0.1
1405,500594,112,3,22042.94,0.05
1406,500594,65,1,26891.02,0.15
1407,500594,3,3,2440.7,0.1
1408,500595,101,1,36836.08,0.05
1409,500595,116,4,16741.69,0.15
1410,500596,101,3,36836.08,0.1
1411,500596,53,4,41659.1,0.0
1412,500597,56,1,31457.37,0.1
1413,500597,89,1,2812.94,0.0
1414,500598,80,2,26747.7,0.0
1415,500598,97,1,9014.15,0.05
1416,500599,124,1,16664.22,0.1
1417,500599,117,4,5573.85,0.05
1418,500599,79,4,36534.8,0.05
1419,500600,53,2,41659.1,0.05
1420,500600,116,1,16741.69,0.0
1421,500600,59,4,542.46,0.0
1422,500600,106,1,49815.63,0.05
1423,500601,181,3,20017.36,0.15
1424,500601,112,3,22042.94,0.0
1425,500601,152,3,47494.55,0.15
1426,500602,97,2,9014.15,0.05
1427,500602,94,4,30089.86,0.1
1428,500602,168,2,9316.31,0.15
1429,500602,155,1,51623.31,0.15
1430,500603,173,1,31442.32,0.15
1431,500604,162,4,16150.96,0.0
1432,500604,71,4,40831.91,0.2
1433,500605,65,2,26891.02,0.05
1434,500605,101,1,36836.08,0.1
1435,500606,165,2,6409.81,0.05
1436,500607,31,1,31665.76,0.1
1437,500608,152,3,47494.55,0.1
1438,500609,38,2,33762.69,0.0
1439,500610,133,2,18726.1,0.2
1440,500610,9,4,26670.95,0.1
1441,500610,62,3,3498.04,0.0
1442,500610,177,2,7521.62,0.1
1443,500611,84,2,26499.83,0.1
1444,500612,15,1,13558.11,0.05
1445,500612,193,2,1419.66,0.05
1446,500613,116,3,16741.69,0.1
1447,500614,48,1,32151.32,0.2
1448,500614,36,2,32323.45,0.05
1449,500615,32,1,30436.6,0.15
1450,500616,125,1,41076.3,0.0
1451,500617,193,4,1419.66,0.05
1452,500617,55,1,45214.9,0.1
1453,500618,130,4,1826.9,0.1
1454,500619,178,3,16239.3,0.0
1455,500619,105,1,28367.27,0.0
1456,500620,158,2,17301.25,0.0
1457,500620,10,4,34430.26,0.0
1458,500620,118,2,47968.75,0.15
1459,500621,165,3,6409.81,0.1
1460,500621,120,1,14551.18,0.0
1461,500621,151,3,15178.52,0.0
1462,500621,56,2,31457.37,0.0
1463,500622,112,1,22042.94,0.05
1464,500622,172,1,35356.68,0.1
1465,500623,198,1,44779.95,0.1
1466,500623,32,4,30436.6,0.0
1467,500624,115,2,2799.41,0.15
1468,500624,22,3,20749.3,0.15
1469,500625,71,3,40831.91,0.2
1470,500625,100,1,46791.69,0.15
1471,500626,85,4,30473.88,0.05
1472,500626,62,1,3498.04,0.2
1473,500627,200,1,20741.6,0.0
1474,500627,34,2,15395.87,0.0
1475,500628,45,1,19474.91,0.0
1476,500628,1,4,45769.48,0.15
1477,500629,72,4,33843.05,0.1
1478,500629,99,2,51437.59,0.0
1479,500629,197,1,20725.99,0.1
1480,500630,185,1,11835.89,0.1
1481,500630,140,1,19515.46,0.2
1482,500631,163,2,1143.45,0.0
1483,500632,168,3,9316.31,0.15
1484,500632,180,2,6088.9,0.1
1485,500632,16,1,17752.56,0.05
1486,500633,180,3,6088.9,0.15
1487,500633,83,2,10948.99,0.1
1488,500633,187,3,50291.33,0.15
1489,500634,126,3,4890.52,0.05
1490,500634,157,3,26053.23,0.0
1491,500634,1,1,45769.48,0.2
1492,500635,13,1,41294.2,0.05
1493,500636,32,1,30436.6,0.05
1494,500636,128,1,39089.34,0.05
1495,500636,168,1,9316.31,0.0
1496,500637,171,3,22643.94,0.0
1497,500637,109,2,20240.83,0.0
1498,500637,116,2,16741.69,0.05
1499,500637,192,4,906.98,0.0
1500,500637,85,4,30473.88,0.15
1501,500638,82,2,26994.56,0.2
1502,500639,138,2,5148.37,0.0
1503,500639,63,1,14212.89,0.05
1504,500640,16,3,17752.56,0.1
1505,500640,89,2,2812.94,0.2
1506,500641,99,3,51437.59,0.1
1507,500641,23,2,45229.71,0.2
1508,500641,51,2,42529.03,0.05
1509,500642,31,3,31665.76,0.1
1510,500642,178,4,16239.3,0.0
1511,500643,42,1,17076.73,0.1
1512,500643,77,4,45039.66,0.05
1513,500643,129,3,39450.63,0.0
1514,500644,189,4,36176.21,0.0
1515,500645,172,2,35356.68,0.1
1516,500646,25,1,28894.26,0.0
1517,500647,183,4,2591.66,0.1
1518,500648,30,3,8599.09,0.05
1519,500648,54,1,28353.11,0.15
1520,500648,31,1,31665.76,0.1
1521,500648,108,4,22454.46,0.1
1522,500649,163,4,1143.45,0.05
1523,500650,184,3,46019.64,0.0
1524,500651,31,2,31665.76,0.0
1525,500651,7,1,32012.11,0.1
1526,500651,109,3,20240.83,0.15
1527,500651,28,2,34955.61,0.2
1528,500652,130,1,1826.9,0.1
1529,500652,152,3,47494.55,0.15
1530,500653,43,1,25517.07,0.1
1531,500653,119,3,20465.15,0.05
1532,500654,126,2,4890.52,0.0
1533,500655,114,2,24883.58,0.05
1534,500655,143,4,8499.37,0.05
1535,500655,160,3,24067.85,0.1
1536,500655,22,3,20749.3,0.05
1537,500656,19,1,21391.84,0.0
1538,500656,18,4,17846.96,0.05
1539,500657,88,2,22349.99,0.0
1540,500658,58,2,38058.28,0.0
1541,500658,77,3,45039.66,0.1
1542,500658,156,4,9479.93,0.05
1543,500659,105,3,28367.27,0.15
1544,500659,150,3,23255.73,0.1
1545,500660,23,4,45229.71,0.1
1546,500660,2,4,42946.4,0.0
1547,500661,195,2,39570.05,0.1
1548,500661,155,4,51623.31,0.15
1549,500662,51,2,42529.03,0.1
1550,500662,3,4,2440.7,0.0
1551,500663,101,1,36836.08,0.05
1552,500663,155,4,51623.31,0.2
1553,500664,188,3,6070.27,0.0
1554,500665,154,3,24420.47,0.05
1555,500665,149,2,33795.66,0.05
1556,500665,142,2,32662.03,0.1
1557,500666,65,2,26891.02,0.15
1558,500667,180,4,6088.9,0.15
1559,500667,8,4,16654.82,0.15
1560,500667,51,4,42529.03,0.05
1561,500668,179,4,47254.91,0.0
1562,500669,162,3,16150.96,0.1
1563,500669,3,3,2440.7,0.05
1564,500670,108,1,22454.46,0.0
1565,500670,7,1,32012.11,0.05
1566,500671,88,4,22349.99,0.15
1567,500671,189,3,36176.21,0.1
1568,500671,92,4,38084.76,0.1
1569,500672,52,4,43157.07,0.15
1570,500672,148,4,30748.98,0.0
1571,500672,183,4,2591.66,0.15
1572,500673,12,3,8809.95,0.0
1573,500673,1,3,45769.48,0.05
1574,500674,45,2,19474.91,0.1
1575,500674,165,1,6409.81,0.15
1576,500674,156,3,9479.93,0.05
1577,500674,5,3,32053.9,0.0
1578,500675,139,4,36696.68,0.0
1579,500675,38,2,33762.69,0.15
1580,500675,19,2,21391.84,0.1
1581,500675,26,3,13443.96,0.05
1582,500675,131,3,935.86,0.05
1583,500676,128,3,39089.34,0.0
1584,500676,87,3,3216.87,0.0
1585,500676,170,4,31500.56,0.1
1586,500676,71,2,40831.91,0.2
1587,500676,85,3,30473.88,0.05
1588,500677,31,4,31665.76,0.15
1589,500677,11,2,10297.51,0.0
1590,500678,17,4,17031.55,0.0
1591,500679,102,3,25753.85,0.15
1592,500679,9,3,26670.95,0.15
1593,500679,150,3,23255.73,0.1
1594,500680,189,3,36176.21,0.0
1595,500681,167,3,1520.89,0.15
1596,500681,129,2,39450.63,0.0
1597,500681,37,4,8747.32,0.1
1598,500682,29,4,40427.0,0.0
1599,500683,142,4,32662.03,0.2
1600,500683,35,2,3103.89,0.05
1601,500683,34,4,15395.87,0.1
1602,500684,156,1,9479.93,0.2
1603,500685,120,4,14551.18,0.15
1604,500685,199,3,40427.21,0.1
1605,500685,27,4,52025.44,0.05
1606,500685,187,3,50291.33,0.1
1607,500686,183,1,2591.66,0.15
1608,500686,75,3,7343.48,0.0
1609,500686,195,1,39570.05,0.15
1610,500687,106,3,49815.63,0.1
1611,500688,103,1,33485.32,0.1
1612,500688,130,1,1826.9,0.15
1613,500689,195,1,39570.05,0.0
1614,500689,21,1,873.24,0.05
1615,500690,145,4,5674.44,0.15
1616,500690,86,3,25389.28,0.05
1617,500690,135,4,25804.56,0.1
1618,500690,93,4,33594.98,0.05
1619,500691,53,3,41659.1,0.1
1620,500691,68,1,731.88,0.1
1621,500692,161,2,45736.6,0.1
1622,500692,195,2,39570.05,0.05
1623,500693,116,3,16741.69,0.0
1624,500693,23,2,45229.71,0.05
1625,500694,13,1,41294.2,0.0
1626,500694,196,4,8761.57,0.0
1627,500694,91,4,37325.93,0.1
1628,500695,48,1,32151.32,0.05
1629,500696,158,3,17301.25,0.1
1630,500696,49,3,33529.65,0.1
1631,500696,18,1,17846.96,0.05
1632,500696,116,2,16741.69,0.15
1633,500696,192,2,906.98,0.05
1634,500697,129,2,39450.63,0.0
1635,500697,59,1,542.46,0.0
1636,500698,52,2,43157.07,0.05
1637,500698,150,4,23255.73,0.0
1638,500698,159,4,25532.77,0.15
1639,500698,172,1,35356.68,0.0
1640,500699,124,2,16664.22,0.15
1641,500699,130,1,1826.9,0.05
1642,500699,192,3,906.98,0.0
1643,500700,145,4,5674.44,0.05
1644,500701,185,4,11835.89,0.2
1645,500702,36,2,32323.45,0.15
1646,500703,149,4,33795.66,0.1
1647,500704,101,1,36836.08,0.1
1648,500705,150,4,23255.73,0.0
1649,500705,76,4,1551.17,0.05
1650,500705,58,2,38058.28,0.0
1651,500705,128,3,39089.34,0.05
1652,500706,165,1,6409.81,0.15
1653,500706,53,1,41659.1,0.05
1654,500707,197,3,20725.99,0.0
1655,500707,108,3,22454.46,0.0
1656,500708,25,3,28894.26,0.0
1657,500708,106,2,49815.63,0.1
1658,500709,12,3,8809.95,0.0
1659,500710,42,2,17076.73,0.1
1660,500710,85,1,30473.88,0.15
1661,500711,8,2,16654.82,0.05
1662,500712,41,4,790.54,0.0
1663,500712,110,4,13452.58,0.1
1664,500712,79,4,36534.8,0.1
1665,500712,66,4,7626.75,0.1
1666,500713,109,1,20240.83,0.15
1667,500713,91,4,37325.93,0.0
1668,500713,164,4,54714.33,0.15
1669,500714,28,1,34955.61,0.15
1670,500715,21,3,873.24,0.0
1671,500715,42,1,17076.73,0.1
1672,500715,69,4,20234.72,0.2
1673,500716,82,4,26994.56,0.1
1674,500716,80,3,26747.7,0.05
1675,500717,136,4,48294.58,0.05
1676,500718,179,3,47254.91,0.05
1677,500719,170,2,31500.56,0.0
1678,500720,62,4,3498.04,0.15
1679,500720,131,2,935.86,0.1
1680,500720,19,3,21391.84,0.15
1681,500721,70,3,9185.74,0.05
1682,500721,146,4,4466.06,0.0
1683,500721,107,1,13631.76,0.2
1684,500721,184,1,46019.64,0.0
1685,500722,120,4,14551.18,0.1
1686,500722,130,4,1826.9,0.05
1687,500723,187,2,50291.33,0.15
1688,500724,126,1,4890.52,0.0
1689,500724,13,2,41294.2,0.05
1690,500725,143,3,8499.37,0.2
1691,500725,181,4,20017.36,0.05
1692,500726,176,2,42034.94,0.1
1693,500727,195,2,39570.05,0.05
1694,500727,160,3,24067.85,0.1
1695,500728,126,3,4890.52,0.05
1696,500729,38,4,33762.69,0.05
1697,500730,159,3,25532.77,0.0
1698,500730,76,3,1551.17,0.0
1699,500731,43,2,25517.07,0.0
1700,500732,191,3,39507.0,0.0
1701,500732,125,1,41076.3,0.1
1702,500732,133,1,18726.1,0.0
1703,500733,28,1,34955.61,0.1
1704,500733,24,2,29412.47,0.0
1705,500733,125,1,41076.3,0.15
1706,500734,151,1,15178.52,0.0
1707,500734,25,1,28894.26,0.1
1708,500735,116,4,16741.69,0.15
1709,500735,110,3,13452.58,0.05
1710,500735,57,4,1412.7,0.05
1711,500735,9,2,26670.95,0.0
1712,500735,93,3,33594.98,0.15
1713,500736,28,1,34955.61,0.0
1714,500736,190,3,52000.43,0.0
1715,500736,172,1,35356.68,0.1
1716,500737,136,4,48294.58,0.0
1717,500737,160,4,24067.85,0.0
1718,500737,88,4,22349.99,0.2
1719,500738,91,3,37325.93,0.05
1720,500738,16,4,17752.56,0.05
1721,500738,165,1,6409.81,0.05
1722,500739,42,3,17076.73,0.1
1723,500739,138,1,5148.37,0.0
1724,500739,178,1,16239.3,0.05
1725,500740,192,3,906.98,0.15
1726,500740,160,2,24067.85,0.0
1727,500741,190,1,52000.43,0.2
1728,500741,58,2,38058.28,0.2
1729,500742,123,4,44154.33,0.05
1730,500742,87,2,3216.87,0.0
1731,500743,100,2,46791.69,0.0
1732,500743,147,4,51028.85,0.1
1733,500744,154,3,24420.47,0.15
1734,500744,73,2,32339.91,0.1
1735,500745,124,1,16664.22,0.05
1736,500745,171,3,22643.94,0.0
1737,500745,55,4,45214.9,0.05
1738,500745,126,3,4890.52,0.0
1739,500745,45,1,19474.91,0.05
1740,500746,163,4,1143.45,0.0
1741,500746,20,1,27803.61,0.0
1742,500747,79,3,36534.8,0.05
1743,500747,117,2,5573.85,0.0
1744,500748,49,2,33529.65,0.15
1745,500748,13,4,41294.2,0.0
1746,500749,59,2,542.46,0.05
1747,500749,169,3,42129.24,0.0
1748,500749,35,1,3103.89,0.1
1749,500750,117,2,5573.85,0.05
1750,500750,72,1,33843.05,0.1
1751,500750,98,4,35512.2,0.0
1752,500751,67,3,32514.47,0.05
1753,500751,129,4,39450.63,0.15
1754,500751,170,2,31500.56,0.1
1755,500752,177,4,7521.62,0.0
1756,500753,26,1,13443.96,0.05
1757,500753,108,4,22454.46,0.0
1758,500753,172,1,35356.68,0.05
1759,500753,23,1,45229.71,0.1
1760,500754,28,3,34955.61,0.0
1761,500754,117,4,5573.85,0.15
1762,500754,158,3,17301.25,0.1
1763,500754,176,1,42034.94,0.0
1764,500755,89,2,2812.94,0.0
1765,500755,117,1,5573.85,0.1
1766,500755,24,2,29412.47,0.05
1767,500755,186,3,13953.35,0.05
1768,500756,66,1,7626.75,0.1
1769,500756,195,3,39570.05,0.05
1770,500756,90,4,42489.82,0.2
1771,500757,37,4,8747.32,0.1
1772,500758,80,2,26747.7,0.0
1773,500758,109,1,20240.83,0.2
1774,500758,19,4,21391.84,0.1
1775,500758,27,3,52025.44,0.2
1776,500758,157,3,26053.23,0.1
1777,500759,124,1,16664.22,0.2
1778,500760,59,3,542.46,0.0
1779,500761,40,1,12159.56,0.15
1780,500761,12,3,8809.95,0.0
1781,500761,127,4,16509.71,0.05
1782,500762,72,1,33843.05,0.1
1783,500762,102,3,25753.85,0.1
1784,500763,99,4,51437.59,0.15
1785,500763,177,4,7521.62,0.0
1786,500763,195,3,39570.05,0.1
1787,500764,46,2,6300.09,0.2
1788,500764,184,4,46019.64,0.05
1789,500764,20,3,27803.61,0.1
1790,500765,170,3,31500.56,0.0
1791,500766,13,2,41294.2,0.15
1792,500766,190,3,52000.43,0.0
1793,500766,131,1,935.86,0.0
1794,500767,119,1,20465.15,0.0
1795,500767,66,1,7626.75,0.0
1796,500767,34,2,15395.87,0.2
1797,500767,130,1,1826.9,0.0
1798,500768,160,3,24067.85,0.0
1799,500768,53,3,41659.1,0.0
1800,500768,60,2,42396.67,0.0
1801,500768,155,2,51623.31,0.15
1802,500769,142,4,32662.03,0.1
1803,500770,54,1,28353.11,0.05
1804,500770,154,3,24420.47,0.2
1805,500771,40,1,12159.56,0.0
1806,500772,39,4,42117.5,0.0
1807,500772,187,2,50291.33,0.15
1808,500772,22,1,20749.3,0.1
1809,500773,77,4,45039.66,0.05
1810,500773,193,1,1419.66,0.1
1811,500773,120,1,14551.18,0.05
1812,500774,94,3,30089.86,0.0
1813,500774,146,3,4466.06,0.05
1814,500775,122,1,7953.1,0.0
1815,500776,193,3,1419.66,0.05
1816,500776,112,1,22042.94,0.05
1817,500776,161,4,45736.6,0.0
1818,500777,199,2,40427.21,0.1
1819,500777,150,3,23255.73,0.0
1820,500777,167,2,1520.89,0.0
1821,500778,124,2,16664.22,0.2
1822,500778,14,2,28958.7,0.0
1823,500779,193,4,1419.66,0.2
1824,500780,43,4,25517.07,0.2
1825,500780,36,4,32323.45,0.1
1826,500781,165,2,6409.81,0.0
1827,500781,60,2,42396.67,0.1
1828,500781,49,2,33529.65,0.1
1829,500781,152,2,47494.55,0.05
1830,500782,92,4,38084.76,0.1
1831,500782,194,2,14529.69,0.2
1832,500783,54,1,28353.11,0.1
1833,500783,191,2,39507.0,0.15
1834,500783,124,3,16664.22,0.05
1835,500784,185,2,11835.89,0.05
1836,500785,166,1,16527.13,0.1
1837,500785,184,4,46019.64,0.1
1838,500786,101,4,36836.08,0.0
1839,500787,150,3,23255.73,0.1
1840,500787,129,1,39450.63,0.05
1841,500788,196,3,8761.57,0.15
1842,500789,151,3,15178.52,0.2
1843,500789,47,3,7728.9,0.15
1844,500790,29,4,40427.0,0.1
1845,500790,127,3,16509.71,0.1
1846,500791,99,2,51437.59,0.0
1847,500791,143,1,8499.37,0.05
1848,500791,15,2,13558.11,0.1
1849,500791,97,4,9014.15,0.0
1850,500792,49,2,33529.65,0.1
1851,500792,53,1,41659.1,0.2
1852,500793,168,2,9316.31,0.05
1853,500794,120,4,14551.18,0.1
1854,500795,37,2,8747.32,0.05
1855,500796,65,3,26891.02,0.05
1856,500796,148,3,30748.98,0.1
1857,500796,122,1,7953.1,0.0
1858,500797,197,4,20725.99,0.1
1859,500797,100,1,46791.69,0.05
1860,500797,175,4,7528.69,0.15
1861,500798,142,1,32662.03,0.0
1862,500798,119,1,20465.15,0.0
1863,500799,157,3,26053.23,0.15
1864,500799,16,3,17752.56,0.05
1865,500799,92,4,38084.76,0.1
1866,500799,187,1,50291.33,0.15
1867,500800,55,3,45214.9,0.1
1868,500801,181,1,20017.36,0.1
1869,500801,74,3,9594.57,0.05
1870,500802,136,3,48294.58,0.2
1871,500803,112,3,22042.94,0.05
1872,500804,101,3,36836.08,0.0
1873,500804,187,1,50291.33,0.0
1874,500805,103,3,33485.32,0.2
1875,500805,98,2,35512.2,0.0
1876,500805,39,1,42117.5,0.05
1877,500806,55,1,45214.9,0.0
1878,500806,154,4,24420.47,0.05
1879,500806,118,3,47968.75,0.0
1880,500806,60,4,42396.67,0.05
1881,500807,91,4,37325.93,0.05
1882,500807,16,4,17752.56,0.1
1883,500808,45,3,19474.91,0.1
1884,500808,181,1,20017.36,0.0
1885,500809,105,2,28367.27,0.2
1886,500809,156,3,9479.93,0.2
1887,500809,67,1,32514.47,0.1
1888,500809,141,3,9199.37,0.1
1889,500810,164,3,54714.33,0.1
1890,500810,91,4,37325.93,0.15
1891,500810,43,3,25517.07,0.2
1892,500811,188,1,6070.27,0.15
1893,500811,145,3,5674.44,0.1
1894,500811,13,2,41294.2,0.2
1895,500812,109,1,20240.83,0.05
1896,500812,98,4,35512.2,0.05
1897,500813,124,3,16664.22,0.0
1898,500813,102,3,25753.85,0.05
1899,500814,141,1,9199.37,0.0
1900,500814,149,1,33795.66,0.0
1901,500814,105,3,28367.27,0.1
1902,500815,153,2,34143.04,0.1
1903,500816,118,3,47968.75,0.15
1904,500816,153,4,34143.04,0.0
1905,500817,18,3,17846.96,0.05
1906,500818,146,2,4466.06,0.05
1907,500818,89,4,2812.94,0.1
1908,500818,92,2,38084.76,0.1
1909,500819,31,1,31665.76,0.1
1910,500819,137,2,11644.84,0.1
1911,500820,95,1,7858.6,0.0
1912,500821,123,4,44154.33,0.1
1913,500821,189,2,36176.21,0.1
1914,500822,1,3,45769.48,0.1
1915,500823,24,4,29412.47,0.2
1916,500823,118,2,47968.75,0.15
1917,500823,166,2,16527.13,0.05
1918,500824,9,2,26670.95,0.1
1919,500824,117,2,5573.85,0.1
1920,500824,193,2,1419.66,0.05
1921,500824,186,1,13953.35,0.05
1922,500825,100,2,46791.69,0.1
1923,500825,37,3,8747.32,0.15
1924,500826,131,4,935.86,0.1
1925,500827,147,1,51028.85,0.15
1926,500827,68,4,731.88,0.05
1927,500827,73,1,32339.91,0.1
1928,500827,51,3,42529.03,0.05
1929,500828,151,1,15178.52,0.1
1930,500828,138,4,5148.37,0.05
1931,500828,97,3,9014.15,0.15
1932,500828,191,4,39507.0,0.1
1933,500829,103,2,33485.32,0.1
1934,500829,82,2,26994.56,0.2
1935,500829,197,3,20725.99,0.05
1936,500830,82,3,26994.56,0.1
1937,500830,134,3,24171.94,0.15
1938,500831,199,4,40427.21,0.15
1939,500832,8,1,16654.82,0.15
1940,500832,159,3,25532.77,0.15
1941,500832,200,3,20741.6,0.0
1942,500832,198,1,44779.95,0.0
1943,500832,40,1,12159.56,0.0
1944,500833,177,1,7521.62,0.0
1945,500833,19,3,21391.84,0.0
1946,500834,47,2,7728.9,0.1
1947,500834,168,4,9316.31,0.0
1948,500835,103,2,33485.32,0.0
1949,500835,79,2,36534.8,0.1
1950,500835,88,1,22349.99,0.0
1951,500836,162,1,16150.96,0.15
1952,500836,184,4,46019.64,0.05
1953,500836,57,4,1412.7,0.2
1954,500837,113,4,20936.8,0.0
1955,500838,61,1,23045.67,0.1
1956,500838,188,3,6070.27,0.05
1957,500838,149,4,33795.66,0.05
1958,500838,71,2,40831.91,0.1
1959,500838,33,2,15090.93,0.1
1960,500839,186,3,13953.35,0.1
1961,500839,148,3,30748.98,0.15
1962,500840,181,1,20017.36,0.15
1963,500841,117,3,5573.85,0.1
1964,500842,36,3,32323.45,0.0
1965,500842,79,4,36534.8,0.05
1966,500843,7,3,32012.11,0.15
1967,500843,99,1,51437.59,0.15
1968,500844,28,2,34955.61,0.0
1969,500845,91,4,37325.93,0.15
1970,500845,46,2,6300.09,0.1
1971,500846,161,1,45736.6,0.05
1972,500846,145,1,5674.44,0.15
1973,500847,36,1,32323.45,0.15
1974,500847,138,2,5148.37,0.0
1975,500848,9,3,26670.95,0.05
1976,500848,105,3,28367.27,0.15
1977,500848,83,2,10948.99,0.0
1978,500848,154,1,24420.47,0.05
1979,500848,111,4,41282.72,0.2
1980,500849,147,4,51028.85,0.1
1981,500850,5,1,32053.9,0.15
1982,500850,68,1,731.88,0.1
1983,500850,9,3,26670.95,0.15
1984,500850,63,4,14212.89,0.15
1985,500851,97,1,9014.15,0.0
1986,500851,71,4,40831.91,0.0
1987,500852,6,1,15719.14,0.1
1988,500853,4,2,4600.28,0.1
1989,500854,80,1,26747.7,0.1
1990,500854,57,4,1412.7,0.2
1991,500854,79,3,36534.8,0.15
1992,500854,77,2,45039.66,0.1
1993,500854,95,4,7858.6,0.05
1994,500855,189,1,36176.21,0.1
1995,500856,161,2,45736.6,0.05
1996,500857,30,1,8599.09,0.2
1997,500857,87,4,3216.87,0.1
1998,500858,175,2,7528.69,0.1
1999,500858,187,2,50291.33,0.1
2000,500858,39,1,42117.5,0.05
2001,500859,200,1,20741.6,0.0
2002,500859,53,4,41659.1,0.1
2003,500860,179,1,47254.91,0.0
2004,500861,110,1,13452.58,0.05
2005,500861,159,1,25532.77,0.1
2006,500862,27,3,52025.44,0.05
2007,500862,125,2,41076.3,0.1
2008,500862,96,2,33785.82,0.05
2009,500862,160,2,24067.85,0.1
2010,500863,71,2,40831.91,0.2
2011,500863,189,2,36176.21,0.1
2012,500863,135,3,25804.56,0.05
2013,500863,160,3,24067.85,0.05
2014,500864,185,4,11835.89,0.0
2015,500864,92,3,38084.76,0.15
2016,500864,136,3,48294.58,0.1
2017,500864,162,2,16150.96,0.15
2018,500864,195,4,39570.05,0.0
2019,500865,84,3,26499.83,0.05
2020,500865,138,1,5148.37,0.15
2021,500866,182,1,25258.66,0.0
2022,500867,74,2,9594.57,0.0
2023,500868,179,2,47254.91,0.0
2024,500868,42,3,17076.73,0.15
2025,500868,139,4,36696.68,0.0
2026,500868,118,4,47968.75,0.0
2027,500869,108,4,22454.46,0.0
2028,500869,188,2,6070.27,0.1
2029,500869,63,2,14212.89,0.05
2030,500870,158,3,17301.25,0.05
2031,500870,76,1,1551.17,0.1
2032,500870,36,3,32323.45,0.0
2033,500871,88,2,22349.99,0.05
2034,500871,157,4,26053.23,0.15
2035,500872,152,2,47494.55,0.15
2036,500872,32,3,30436.6,0.0
2037,500873,34,3,15395.87,0.05
2038,500873,6,2,15719.14,0.15
2039,500874,22,1,20749.3,0.0
2040,500874,176,1,42034.94,0.05
2041,500875,123,4,44154.33,0.0
2042,500875,136,4,48294.58,0.1
2043,500876,158,3,17301.25,0.0
2044,500877,71,3,40831.91,0.1
2045,500878,7,4,32012.11,0.1
2046,500879,101,2,36836.08,0.05
2047,500879,154,4,24420.47,0.15
2048,500879,167,4,1520.89,0.0
2049,500879,59,2,542.46,0.1
2050,500879,111,3,41282.72,0.1
2051,500880,119,1,20465.15,0.05
2052,500880,68,1,731.88,0.1
2053,500880,192,4,906.98,0.0
2054,500880,19,3,21391.84,0.2
2055,500880,17,4,17031.55,0.0
2056,500881,142,4,32662.03,0.0
2057,500881,7,3,32012.11,0.0
2058,500881,14,3,28958.7,0.0
2059,500882,70,1,9185.74,0.05
2060,500882,154,4,24420.47,0.0
2061,500882,78,3,9475.8,0.0
2062,500882,41,3,790.54,0.0
2063,500883,188,2,6070.27,0.0
2064,500884,100,1,46791.69,0.05
2065,500885,33,2,15090.93,0.0
2066,500886,29,1,40427.0,0.15
2067,500887,70,2,9185.74,0.1
2068,500887,130,3,1826.9,0.05
2069,500887,30,3,8599.09,0.15
2070,500888,163,4,1143.45,0.05
2071,500889,66,3,7626.75,0.05
2072,500889,37,2,8747.32,0.1
2073,500889,158,2,17301.25,0.1
2074,500889,56,4,31457.37,0.1
2075,500889,97,3,9014.15,0.1
2076,500890,114,3,24883.58,0.2
2077,500890,125,2,41076.3,0.1
2078,500890,197,3,20725.99,0.15
2079,500891,183,4,2591.66,0.05
2080,500892,18,1,17846.96,0.05
2081,500892,161,4,45736.6,0.1
2082,500892,138,2,5148.37,0.2
2083,500893,61,3,23045.67,0.1
2084,500893,151,1,15178.52,0.05
2085,500893,78,3,9475.8,0.0
2086,500893,107,4,13631.76,0.0
2087,500894,67,2,32514.47,0.0
2088,500894,125,4,41076.3,0.1
2089,500895,105,1,28367.27,0.05
2090,500896,35,2,3103.89,0.15
2091,500896,8,2,16654.82,0.0
2092,500897,72,3,33843.05,0.05
2093,500897,84,4,26499.83,0.2
2094,500898,101,2,36836.08,0.15
2095,500898,92,2,38084.76,0.0
2096,500898,112,4,22042.94,0.05
2097,500899,142,2,32662.03,0.15
2098,500900,150,2,23255.73,0.2
2099,500900,6,4,15719.14,0.0
2100,500900,59,2,542.46,0.1
2101,500900,146,3,4466.06,0.1
2102,500901,20,3,27803.61,0.15
2103,500902,101,3,36836.08,0.1
2104,500902,109,2,20240.83,0.1
2105,500902,118,2,47968.75,0.0
2106,500902,159,3,25532.77,0.1
2107,500902,36,1,32323.45,0.15
2108,500903,46,2,6300.09,0.0
2109,500904,28,2,34955.61,0.05
2110,500904,111,1,41282.72,0.15
2111,500904,147,2,51028.85,0.2
2112,500904,168,2,9316.31,0.05
2113,500905,54,1,28353.11,0.05
2114,500906,37,2,8747.32,0.0
2115,500906,22,2,20749.3,0.05
2116,500906,125,3,41076.3,0.2
2117,500907,160,1,24067.85,0.0
2118,500907,80,1,26747.7,0.05
2119,500907,45,3,19474.91,0.05
2120,500907,102,1,25753.85,0.15
2121,500908,90,3,42489.82,0.2
2122,500908,188,3,6070.27,0.1
2123,500909,57,2,1412.7,0.15
2124,500910,76,1,1551.17,0.1
2125,500910,80,2,26747.7,0.05
2126,500910,105,2,28367.27,0.05
2127,500910,168,2,9316.31,0.1
2128,500910,86,3,25389.28,0.15
2129,500911,135,4,25804.56,0.1
2130,500911,198,2,44779.95,0.1
2131,500911,168,4,9316.31,0.0
2132,500911,185,4,11835.89,0.0
2133,500911,196,3,8761.57,0.05
2134,500912,12,2,8809.95,0.1
2135,500912,15,4,13558.11,0.0
2136,500912,138,4,5148.37,0.0
2137,500913,6,2,15719.14,0.05
2138,500913,28,1,34955.61,0.0
2139,500914,94,3,30089.86,0.05
2140,500915,50,3,37071.05,0.0
2141,500915,20,2,27803.61,0.05
2142,500916,44,4,23585.72,0.0
2143,500916,200,4,20741.6,0.1
2144,500916,187,1,50291.33,0.1
2145,500917,12,4,8809.95,0.0
2146,500918,107,4,13631.76,0.1
2147,500919,172,4,35356.68,0.1
2148,500919,137,4,11644.84,0.0
2149,500919,100,1,46791.69,0.2
2150,500919,116,2,16741.69,0.2
2151,500920,172,2,35356.68,0.1
2152,500920,22,1,20749.3,0.1
2153,500920,135,1,25804.56,0.1
2154,500921,75,4,7343.48,0.15
2155,500921,17,4,17031.55,0.1
2156,500921,152,1,47494.55,0.1
2157,500922,19,2,21391.84,0.05
2158,500922,26,2,13443.96,0.2
2159,500922,70,1,9185.74,0.15
2160,500922,138,3,5148.37,0.1
2161,500922,7,4,32012.11,0.05
2162,500923,40,1,12159.56,0.0
2163,500923,55,3,45214.9,0.15
2164,500924,96,1,33785.82,0.1
2165,500924,40,1,12159.56,0.0
2166,500925,63,2,14212.89,0.0
2167,500925,44,3,23585.72,0.0
2168,500925,197,3,20725.99,0.15
2169,500925,103,3,33485.32,0.1
2170,500926,118,2,47968.75,0.1
2171,500926,143,3,8499.37,0.15
2172,500926,21,4,873.24,0.1
2173,500926,60,1,42396.67,0.05
2174,500926,9,4,26670.95,0.0
2175,500927,73,2,32339.91,0.1
2176,500928,161,4,45736.6,0.1
2177,500928,11,2,10297.51,0.05
2178,500929,75,2,7343.48,0.1
2179,500929,181,3,20017.36,0.0
2180,500930,132,2,47935.67,0.0
2181,500931,122,3,7953.1,0.0
2182,500932,149,4,33795.66,0.15
2183,500933,146,2,4466.06,0.0
2184,500933,78,4,9475.8,0.05
2185,500933,47,1,7728.9,0.05
2186,500934,135,4,25804.56,0.2
2187,500935,180,1,6088.9,0.1
2188,500935,123,1,44154.33,0.05
2189,500935,3,3,2440.7,0.0
2190,500935,186,4,13953.35,0.05
2191,500936,105,4,28367.27,0.15
2192,500936,21,1,873.24,0.0
2193,500937,44,4,23585.72,0.15
2194,500937,40,3,12159.56,0.15
2195,500938,71,3,40831.91,0.05
2196,500938,145,4,5674.44,0.0
2197,500938,31,3,31665.76,0.1
2198,500939,61,3,23045.67,0.1
2199,500939,115,2,2799.41,0.0
2200,500939,174,1,3057.35,0.0
2201,500940,177,3,7521.62,0.0
2202,500940,74,3,9594.57,0.05
2203,500940,49,4,33529.65,0.1
2204,500941,157,1,26053.23,0.15
2205,500941,130,4,1826.9,0.05
2206,500941,165,1,6409.81,0.1
2207,500941,146,4,4466.06,0.15
2208,500942,167,1,1520.89,0.1
2209,500942,149,1,33795.66,0.2
2210,500942,106,1,49815.63,0.0
2211,500943,45,2,19474.91,0.1
2212,500943,75,4,7343.48,0.1
2213,500943,186,2,13953.35,0.15
2214,500944,121,3,43178.12,0.05
2215,500944,80,4,26747.7,0.1
2216,500944,178,4,16239.3,0.05
2217,500945,47,1,7728.9,0.2
2218,500945,100,3,46791.69,0.0
2219,500946,51,1,42529.03,0.0
2220,500946,144,3,43009.16,0.0
2221,500946,91,3,37325.93,0.1
2222,500947,47,1,7728.9,0.1
2223,500947,10,4,34430.26,0.05
2224,500948,78,1,9475.8,0.1
2225,500948,131,1,935.86,0.2
2226,500948,142,3,32662.03,0.0
2227,500948,105,3,28367.27,0.15
2228,500948,161,4,45736.6,0.05
2229,500949,33,1,15090.93,0.1
2230,500949,118,3,47968.75,0.15
2231,500950,14,1,28958.7,0.15
2232,500951,151,2,15178.52,0.1
2233,500951,193,1,1419.66,0.1
2234,500952,11,2,10297.51,0.05
2235,500952,106,2,49815.63,0.0
2236,500953,109,4,20240.83,0.05
2237,500953,23,4,45229.71,0.0
2238,500954,94,2,30089.86,0.15
2239,500954,73,2,32339.91,0.0
2240,500955,7,1,32012.11,0.1
2241,500955,91,4,37325.93,0.1
2242,500955,127,4,16509.71,0.0
2243,500955,45,1,19474.91,0.05
2244,500955,113,4,20936.8,0.1
2245,500956,72,2,33843.05,0.15
2246,500957,46,4,6300.09,0.0
2247,500957,172,1,35356.68,0.2
2248,500957,147,1,51028.85,0.1
2249,500957,146,1,4466.06,0.0
2250,500957,118,1,47968.75,0.0
2251,500958,91,1,37325.93,0.15
2252,500958,132,2,47935.67,0.1
2253,500958,180,2,6088.9,0.05
2254,500959,85,4,30473.88,0.2
2255,500960,101,1,36836.08,0.1
2256,500961,133,1,18726.1,0.05
2257,500961,109,1,20240.83,0.0
2258,500961,3,3,2440.7,0.15
2259,500961,65,3,26891.02,0.1
2260,500962,162,4,16150.96,0.05
2261,500962,63,1,14212.89,0.1
2262,500962,179,1,47254.91,0.15
2263,500963,162,2,16150.96,0.05
2264,500964,2,1,42946.4,0.1
2265,500964,148,3,30748.98,0.2
2266,500965,142,4,32662.03,0.0
2267,500966,61,3,23045.67,0.15
2268,500966,145,2,5674.44,0.1
2269,500966,100,2,46791.69,0.1
2270,500967,147,4,51028.85,0.1
2271,500968,200,2,20741.6,0.0
2272,500968,137,1,11644.84,0.15
2273,500969,192,4,906.98,0.0
2274,500969,10,4,34430.26,0.15
2275,500970,49,2,33529.65,0.2
2276,500970,199,3,40427.21,0.05
2277,500971,170,4,31500.56,0.1
2278,500972,69,1,20234.72,0.1
2279,500972,153,4,34143.04,0.05
2280,500972,52,2,43157.07,0.2
2281,500973,45,4,19474.91,0.2
2282,500973,102,1,25753.85,0.05
2283,500973,40,4,12159.56,0.0
2284,500974,159,3,25532.77,0.05
2285,500974,158,3,17301.25,0.1
2286,500974,113,3,20936.8,0.15
2287,500975,147,4,51028.85,0.15
2288,500975,161,1,45736.6,0.1
2289,500975,53,2,41659.1,0.1
2290,500975,28,3,34955.61,0.15
2291,500976,33,2,15090.93,0.15
2292,500976,95,3,7858.6,0.0
2293,500976,115,4,2799.41,0.05
2294,500977,88,2,22349.99,0.1
2295,500978,39,3,42117.5,0.1
2296,500979,120,1,14551.18,0.0
2297,500979,167,2,1520.89,0.15
2298,500979,149,3,33795.66,0.0
2299,500980,167,4,1520.89,0.05
2300,500980,30,2,8599.09,0.15
2301,500980,2,4,42946.4,0.0
2302,500981,11,4,10297.51,0.1
2303,500981,121,1,43178.12,0.1
2304,500981,122,1,7953.1,0.05
2305,500981,82,4,26994.56,0.1
2306,500981,35,4,3103.89,0.15
2307,500982,114,1,24883.58,0.1
2308,500983,66,1,7626.75,0.0
2309,500984,7,2,32012.11,0.1
2310,500984,92,3,38084.76,0.0
2311,500984,107,4,13631.76,0.1
2312,500984,191,1,39507.0,0.1
2313,500985,75,3,7343.48,0.05
2314,500985,83,3,10948.99,0.0
2315,500985,125,3,41076.3,0.0
2316,500985,26,1,13443.96,0.05
2317,500986,154,4,24420.47,0.05
2318,500986,133,3,18726.1,0.15
2319,500987,2,1,42946.4,0.05
2320,500987,26,1,13443.96,0.05
2321,500988,130,2,1826.9,0.0
2322,500988,65,4,26891.02,0.15
2323,500988,114,2,24883.58,0.0
2324,500988,44,4,23585.72,0.0
2325,500989,7,4,32012.11,0.1
2326,500989,133,2,18726.1,0.0
2327,500990,4,1,4600.28,0.0
2328,500990,147,4,51028.85,0.2
2329,500990,167,4,1520.89,0.05
2330,500991,63,3,14212.89,0.05
2331,500991,41,3,790.54,0.05
2332,500991,156,1,9479.93,0.2
2333,500991,184,1,46019.64,0.15
2334,500991,172,4,35356.68,0.15
2335,500992,161,2,45736.6,0.0
2336,500993,121,2,43178.12,0.15
2337,500994,103,2,33485.32,0.0
2338,500994,14,4,28958.7,0.05
2339,500994,47,3,7728.9,0.1
2340,500994,98,3,35512.2,0.0
2341,500995,32,2,30436.6,0.0
2342,500995,125,3,41076.3,0.15
2343,500996,124,4,16664.22,0.0
2344,500997,194,4,14529.69,0.0
2345,500997,150,2,23255.73,0.0
2346,500998,51,1,42529.03,0.1
2347,500998,145,2,5674.44,0.0
2348,500999,9,1,26670.95,0.1
2349,501000,71,3,40831.91,0.0
2350,501000,12,2,8809.95,0.15
2351,501000,26,2,13443.96,0.1
2352,501001,73,3,32339.91,0.1
2353,501002,142,2,32662.03,0.05
2354,501003,118,1,47968.75,0.05
2355,501004,22,1,20749.3,0.05
2356,501004,82,2,26994.56,0.0
2357,501005,2,3,42946.4,0.15
2358,501005,180,4,6088.9,0.1
2359,501005,192,2,906.98,0.0
2360,501005,18,3,17846.96,0.1
2361,501006,82,2,26994.56,0.0
2362,501006,190,3,52000.43,0.05
2363,501007,98,2,35512.2,0.1
2364,501007,10,1,34430.26,0.0
2365,501007,182,3,25258.66,0.1
2366,501007,145,2,5674.44,0.1
2367,501008,176,3,42034.94,0.1
2368,501009,96,3,33785.82,0.0
2369,501009,3,1,2440.7,0.1
2370,501010,7,4,32012.11,0.05
2371,501010,133,1,18726.1,0.15
2372,501011,57,4,1412.7,0.15
2373,501011,45,2,19474.91,0.0
2374,501011,22,4,20749.3,0.2
2375,501012,127,4,16509.71,0.05
2376,501012,123,1,44154.33,0.1
2377,501013,175,3,7528.69,0.1
2378,501013,152,2,47494.55,0.1
2379,501013,65,3,26891.02,0.0
2380,501014,85,4,30473.88,0.1
2381,501014,45,1,19474.91,0.0
2382,501015,92,1,38084.76,0.05
2383,501015,36,1,32323.45,0.0
2384,501015,130,3,1826.9,0.05
2385,501015,29,1,40427.0,0.15
2386,501016,178,2,16239.3,0.0
2387,501016,87,4,3216.87,0.0
2388,501016,147,4,51028.85,0.2
2389,501017,128,3,39089.34,0.0
2390,501017,158,3,17301.25,0.1
2391,501017,4,3,4600.28,0.15
2392,501017,83,2,10948.99,0.2
2393,501018,129,2,39450.63,0.1
2394,501019,99,4,51437.59,0.0
2395,501020,78,4,9475.8,0.0
2396,501020,16,1,17752.56,0.0
2397,501021,56,3,31457.37,0.1
2398,501021,16,1,17752.56,0.05
2399,501022,13,2,41294.2,0.05
2400,501022,65,4,26891.02,0.0
2401,501022,184,2,46019.64,0.2
2402,501023,177,1,7521.62,0.05
2403,501024,113,1,20936.8,0.1
2404,501024,199,2,40427.21,0.0
2405,501025,168,2,9316.31,0.2
2406,501026,146,1,4466.06,0.1
2407,501026,9,3,26670.95,0.2
2408,501027,192,2,906.98,0.1
2409,501028,178,3,16239.3,0.1
2410,501028,133,3,18726.1,0.1
2411,501028,51,1,42529.03,0.0
2412,501028,193,2,1419.66,0.15
2413,501029,160,2,24067.85,0.0
2414,501030,89,3,2812.94,0.1
2415,501030,56,1,31457.37,0.15
2416,501031,164,2,54714.33,0.1
2417,501032,125,4,41076.3,0.05
2418,501033,26,4,13443.96,0.15
2419,501033,113,3,20936.8,0.1
2420,501034,191,1,39507.0,0.2
2421,501035,194,2,14529.69,0.2
2422,501035,200,3,20741.6,0.0
2423,501036,106,2,49815.63,0.0
2424,501037,143,3,8499.37,0.05
2425,501037,138,2,5148.37,0.0
2426,501037,83,4,10948.99,0.1
2427,501038,81,2,15504.13,0.05
2428,501038,25,2,28894.26,0.1
2429,501038,152,3,47494.55,0.05
2430,501038,40,1,12159.56,0.1
2431,501039,143,2,8499.37,0.15
2432,501039,126,2,4890.52,0.1
2433,501039,150,4,23255.73,0.15
2434,501040,150,4,23255.73,0.15
2435,501041,159,3,25532.77,0.15
2436,501041,154,2,24420.47,0.1
2437,501042,20,1,27803.61,0.0
2438,501043,143,2,8499.37,0.1
2439,501043,165,2,6409.81,0.1
2440,501044,57,2,1412.7,0.15
2441,501044,112,3,22042.94,0.0
2442,501044,44,2,23585.72,0.05
2443,501044,67,2,32514.47,0.15
2444,501045,131,1,935.86,0.2
2445,501046,117,3,5573.85,0.0
2446,501047,11,4,10297.51,0.1
2447,501047,76,1,1551.17,0.05
2448,501047,5,1,32053.9,0.0
2449,501047,89,4,2812.94,0.05
2450,501048,119,4,20465.15,0.0
2451,501048,104,3,17663.08,0.0
2452,501049,44,3,23585.72,0.0
2453,501050,42,4,17076.73,0.2
2454,501050,105,2,28367.27,0.0
2455,501050,163,2,1143.45,0.2
2456,501050,121,3,43178.12,0.0
2457,501050,195,2,39570.05,0.0
2458,501051,169,3,42129.24,0.0
2459,501052,26,3,13443.96,0.1
2460,501052,40,2,12159.56,0.0
2461,501052,148,4,30748.98,0.0
2462,501053,45,3,19474.91,0.05
2463,501054,116,4,16741.69,0.2
2464,501054,190,4,52000.43,0.0
2465,501054,6,2,15719.14,0.05
2466,501054,99,1,51437.59,0.1
2467,501054,20,3,27803.61,0.1
2468,501055,117,3,5573.85,0.1
2469,501055,164,3,54714.33,0.0
2470,501055,191,2,39507.0,0.1
2471,501056,158,4,17301.25,0.05
2472,501057,38,1,33762.69,0.05
2473,501057,147,2,51028.85,0.0
2474,501057,127,2,16509.71,0.0
2475,501057,139,2,36696.68,0.1
2476,501057,152,2,47494.55,0.2
2477,501058,194,3,14529.69,0.1
2478,501059,107,1,13631.76,0.0
2479,501059,194,1,14529.69,0.15
2480,501059,74,1,9594.57,0.0
2481,501059,192,2,906.98,0.1
2482,501060,167,3,1520.89,0.05
2483,501060,106,3,49815.63,0.1
2484,501060,80,2,26747.7,0.15
2485,501061,122,1,7953.1,0.0
2486,501062,147,4,51028.85,0.1
2487,501062,183,3,2591.66,0.0
2488,501063,29,4,40427.0,0.05
2489,501064,32,4,30436.6,0.0
2490,501064,77,1,45039.66,0.1
2491,501065,6,1,15719.14,0.1
2492,501065,52,4,43157.07,0.1
2493,501066,96,4,33785.82,0.05
2494,501066,16,1,17752.56,0.1
2495,501067,176,2,42034.94,0.0
2496,501067,107,3,13631.76,0.2
2497,501067,183,1,2591.66,0.0
2498,501067,41,3,790.54,0.05
2499,501068,13,2,41294.2,0.0
2500,501068,166,3,16527.13,0.15
2501,501068,54,1,28353.11,0.0
2502,501068,59,2,542.46,0.15
2503,501069,174,3,3057.35,0.0
2504,501069,128,4,39089.34,0.15
2505,501070,124,4,16664.22,0.15
2506,501070,200,2,20741.6,0.0
2507,501070,106,1,49815.63,0.1
2508,501071,84,3,26499.83,0.0
2509,501072,22,2,20749.3,0.15
2510,501072,34,4,15395.87,0.05
2511,501072,71,3,40831.91,0.05
2512,501072,189,3,36176.21,0.15
2513,501072,28,2,34955.61,0.2
2514,501073,167,4,1520.89,0.1
2515,501073,151,1,15178.52,0.0
2516,501073,13,4,41294.2,0.15
2517,501073,138,2,5148.37,0.05
2518,501074,63,3,14212.89,0.1
2519,501074,167,1,1520.89,0.0
2520,501074,70,3,9185.74,0.1
2521,501074,31,1,31665.76,0.05
2522,501074,86,4,25389.28,0.05
2523,501075,35,1,3103.89,0.1
2524,501075,99,1,51437.59,0.1
2525,501075,154,1,24420.47,0.05
2526,501076,57,3,1412.7,0.0
2527,501076,62,3,3498.04,0.1
2528,501077,62,1,3498.04,0.15
2529,501078,131,4,935.86,0.0
2530,501078,82,2,26994.56,0.0
2531,501079,143,1,8499.37,0.0
2532,501080,25,3,28894.26,0.1
2533,501080,7,3,32012.11,0.1
2534,501081,8,3,16654.82,0.0
2535,501081,103,1,33485.32,0.05
2536,501082,9,3,26670.95,0.1
2537,501082,62,4,3498.04,0.0
2538,501082,88,4,22349.99,0.15
2539,501083,6,1,15719.14,0.0
2540,501083,4,4,4600.28,0.0
2541,501083,173,4,31442.32,0.0
2542,501084,172,3,35356.68,0.0
2543,501085,165,1,6409.81,0.0
2544,501085,120,2,14551.18,0.15
2545,501085,49,2,33529.65,0.2
2546,501086,1,3,45769.48,0.05
2547,501086,161,4,45736.6,0.1
2548,501087,158,2,17301.25,0.1
2549,501088,37,4,8747.32,0.1
2550,501088,163,4,1143.45,0.1
2551,501089,87,4,3216.87,0.0
2552,501090,124,4,16664.22,0.1
2553,501090,111,4,41282.72,0.0
2554,501091,187,2,50291.33,0.0
2555,501092,43,1,25517.07,0.1
2556,501093,31,4,31665.76,0.1
2557,501093,16,1,17752.56,0.1
2558,501094,39,2,42117.5,0.1
2559,501094,8,2,16654.82,0.15
2560,501095,60,3,42396.67,0.0
2561,501095,21,3,873.24,0.15
2562,501095,7,2,32012.11,0.0
2563,501095,123,1,44154.33,0.1
2564,501096,55,2,45214.9,0.05
2565,501097,13,4,41294.2,0.05
2566,501097,91,3,37325.93,0.0
2567,501098,79,4,36534.8,0.1
2568,501099,112,2,22042.94,0.0
2569,501100,1,3,45769.48,0.2
2570,501100,39,2,42117.5,0.0
2571,501101,31,1,31665.76,0.1
2572,501101,1,1,45769.48,0.0
2573,501102,95,1,7858.6,0.05
2574,501102,58,1,38058.28,0.1
2575,501102,23,1,45229.71,0.05
2576,501103,199,2,40427.21,0.0
2577,501103,154,4,24420.47,0.05
2578,501103,21,2,873.24,0.2
2579,501104,58,3,38058.28,0.15
2580,501104,46,3,6300.09,0.1
2581,501104,137,1,11644.84,0.1
2582,501104,181,4,20017.36,0.0
2583,501105,151,2,15178.52,0.1
2584,501105,38,4,33762.69,0.0
2585,501105,111,2,41282.72,0.15
2586,501105,42,2,17076.73,0.2
2587,501106,143,2,8499.37,0.0
2588,501107,115,3,2799.41,0.05
2589,501108,77,2,45039.66,0.0
2590,501108,34,2,15395.87,0.2
2591,501109,18,3,17846.96,0.1
2592,501109,130,2,1826.9,0.1
2593,501110,111,4,41282.72,0.0
2594,501110,189,3,36176.21,0.0
2595,501111,166,2,16527.13,0.1
2596,501111,25,1,28894.26,0.1
2597,501112,124,4,16664.22,0.1
2598,501112,84,1,26499.83,0.0
2599,501112,99,2,51437.59,0.1
2600,501112,71,2,40831.91,0.0
2601,501112,74,4,9594.57,0.1
2602,501113,168,1,9316.31,0.1
2603,501113,91,1,37325.93,0.2
2604,501114,61,4,23045.67,0.2
2605,501114,42,4,17076.73,0.2
2606,501114,196,1,8761.57,0.15
2607,501114,137,4,11644.84,0.1
2608,501115,84,1,26499.83,0.2
2609,501115,22,4,20749.3,0.15
2610,501115,59,4,542.46,0.1
2611,501115,35,1,3103.89,0.15
2612,501115,115,1,2799.41,0.1
2613,501116,184,1,46019.64,0.1
2614,501116,28,3,34955.61,0.15
2615,501117,51,2,42529.03,0.1
2616,501118,39,3,42117.5,0.15
2617,501118,163,2,1143.45,0.15
2618,501119,144,2,43009.16,0.15
2619,501119,17,3,17031.55,0.05
2620,501120,38,2,33762.69,0.1
2621,501120,139,3,36696.68,0.2
2622,501120,68,1,731.88,0.05
2623,501120,149,3,33795.66,0.0
2624,501121,109,4,20240.83,0.0
2625,501121,177,3,7521.62,0.15
2626,501121,199,4,40427.21,0.0
2627,501121,123,3,44154.33,0.05
2628,501121,70,2,9185.74,0.2
2629,501122,163,2,1143.45,0.15
2630,501123,163,2,1143.45,0.05
2631,501124,97,3,9014.15,0.0
2632,501124,163,3,1143.45,0.05
2633,501124,5,2,32053.9,0.0
2634,501124,198,1,44779.95,0.05
2635,501125,124,1,16664.22,0.0
2636,501125,40,1,12159.56,0.15
2637,501126,93,2,33594.98,0.1
2638,501126,36,3,32323.45,0.2
2639,501126,123,2,44154.33,0.1
2640,501127,122,3,7953.1,0.05
2641,501127,192,3,906.98,0.1
2642,501128,27,1,52025.44,0.1
2643,501129,7,4,32012.11,0.1
2644,501130,156,1,9479.93,0.1
2645,501131,110,2,13452.58,0.2
2646,501131,162,3,16150.96,0.1
2647,501132,10,4,34430.26,0.1
2648,501133,47,4,7728.9,0.05
2649,501133,24,3,29412.47,0.15
2650,501134,128,2,39089.34,0.1
2651,501134,143,4,8499.37,0.1
2652,501134,93,3,33594.98,0.0
2653,501135,182,1,25258.66,0.0
2654,501136,192,4,906.98,0.0
2655,501136,159,2,25532.77,0.05
2656,501136,169,4,42129.24,0.0
2657,501136,183,3,2591.66,0.1
2658,501137,56,3,31457.37,0.0
2659,501138,117,4,5573.85,0.0
2660,501138,69,4,20234.72,0.0
2661,501138,61,3,23045.67,0.1
2662,501139,136,2,48294.58,0.1
2663,501140,98,3,35512.2,0.1
2664,501140,90,4,42489.82,0.0
2665,501140,100,2,46791.69,0.0
2666,501140,19,4,21391.84,0.2
2667,501141,42,3,17076.73,0.1
2668,501142,85,2,30473.88,0.0
2669,501142,172,2,35356.68,0.05
2670,501143,51,1,42529.03,0.0
2671,501143,22,3,20749.3,0.1
2672,501143,6,2,15719.14,0.1
2673,501143,107,3,13631.76,0.0
2674,501143,24,3,29412.47,0.0
2675,501144,1,4,45769.48,0.05
2676,501145,126,2,4890.52,0.05
2677,501145,195,2,39570.05,0.0
2678,501145,85,4,30473.88,0.0
2679,501146,174,4,3057.35,0.0
2680,501146,56,4,31457.37,0.0
2681,501146,71,3,40831.91,0.15
2682,501147,69,1,20234.72,0.05
2683,501147,50,4,37071.05,0.05
2684,501148,50,2,37071.05,0.05
2685,501149,148,3,30748.98,0.15
2686,501149,84,4,26499.83,0.05
2687,501149,116,4,16741.69,0.15
2688,501149,79,3,36534.8,0.1
2689,501150,81,2,15504.13,0.2
2690,501150,120,1,14551.18,0.0
2691,501150,93,4,33594.98,0.0
2692,501150,147,1,51028.85,0.1
2693,501151,172,2,35356.68,0.15
2694,501152,118,2,47968.75,0.1
2695,501152,157,2,26053.23,0.05
2696,501152,95,1,7858.6,0.1
2697,501152,75,1,7343.48,0.15
2698,501153,51,4,42529.03,0.1
2699,501153,112,4,22042.94,0.0
2700,501153,148,1,30748.98,0.1
2701,501153,135,2,25804.56,0.0
2702,501154,59,2,542.46,0.15
2703,501154,137,2,11644.84,0.1
2704,501155,135,3,25804.56,0.0
2705,501155,37,2,8747.32,0.0
2706,501155,87,3,3216.87,0.0
2707,501156,33,3,15090.93,0.0
2708,501157,88,3,22349.99,0.2
2709,501157,128,1,39089.34,0.0
2710,501158,65,4,26891.02,0.1
2711,501158,130,1,1826.9,0.1
2712,501158,99,2,51437.59,0.05
2713,501158,151,4,15178.52,0.0
2714,501158,178,2,16239.3,0.0
2715,501159,175,1,7528.69,0.0
2716,501159,105,3,28367.27,0.1
2717,501159,43,3,25517.07,0.1
2718,501160,105,4,28367.27,0.2
2719,501161,181,3,20017.36,0.0
2720,501161,70,2,9185.74,0.15
2721,501161,42,1,17076.73,0.05
2722,501162,128,2,39089.34,0.1
2723,501163,182,4,25258.66,0.15
2724,501164,177,4,7521.62,0.05
2725,501165,101,3,36836.08,0.0
2726,501166,14,2,28958.7,0.05
2727,501166,194,3,14529.69,0.1
2728,501167,111,1,41282.72,0.1
2729,501167,186,1,13953.35,0.1
2730,501168,134,3,24171.94,0.05
2731,501168,39,1,42117.5,0.1
2732,501168,102,4,25753.85,0.15
2733,501169,45,3,19474.91,0.2
2734,501169,181,3,20017.36,0.2
2735,501169,84,3,26499.83,0.1
2736,501169,6,4,15719.14,0.0
2737,501170,197,1,20725.99,0.1
2738,501170,183,3,2591.66,0.0
2739,501171,66,2,7626.75,0.0
2740,501172,100,4,46791.69,0.05
2741,501172,183,3,2591.66,0.2
2742,501172,10,3,34430.26,0.2
2743,501172,149,4,33795.66,0.1
2744,501172,187,1,50291.33,0.2
2745,501173,95,1,7858.6,0.1
2746,501174,155,1,51623.31,0.05
2747,501174,103,1,33485.32,0.0
2748,501175,42,3,17076.73,0.05
2749,501176,20,2,27803.61,0.15
2750,501176,116,4,16741.69,0.0
2751,501176,32,1,30436.6,0.15
2752,501176,127,2,16509.71,0.2
2753,501177,70,3,9185.74,0.2
2754,501177,93,2,33594.98,0.15
2755,501178,48,1,32151.32,0.0
2756,501178,192,4,906.98,0.2
2757,501178,57,2,1412.7,0.2
2758,501178,123,1,44154.33,0.15
2759,501178,143,3,8499.37,0.15
2760,501179,191,4,39507.0,0.0
2761,501179,142,4,32662.03,0.1
2762,501179,162,2,16150.96,0.0
2763,501179,12,3,8809.95,0.0
2764,501179,54,4,28353.11,0.05
2765,501180,161,1,45736.6,0.0
2766,501180,121,1,43178.12,0.1
2767,501180,125,1,41076.3,0.2
2768,501180,44,1,23585.72,0.0
2769,501180,96,1,33785.82,0.15
2770,501181,19,1,21391.84,0.2
2771,501181,30,2,8599.09,0.0
2772,501181,61,2,23045.67,0.1
2773,501182,76,2,1551.17,0.15
2774,501182,104,4,17663.08,0.0
2775,501182,15,1,13558.11,0.0
2776,501183,94,4,30089.86,0.1
2777,501183,5,4,32053.9,0.0
2778,501183,40,2,12159.56,0.1
2779,501183,170,1,31500.56,0.1
2780,501183,129,4,39450.63,0.1
2781,501184,43,3,25517.07,0.0
2782,501185,164,1,54714.33,0.0
2783,501185,82,4,26994.56,0.0
2784,501185,171,2,22643.94,0.05
2785,501186,146,2,4466.06,0.05
2786,501187,36,3,32323.45,0.0
2787,501187,163,1,1143.45,0.15
2788,501188,54,1,28353.11,0.2
2789,501188,92,2,38084.76,0.05
2790,501189,149,2,33795.66,0.1
2791,501189,122,1,7953.1,0.05
2792,501189,146,4,4466.06,0.0
2793,501189,55,4,45214.9,0.1
2794,501189,51,3,42529.03,0.1
2795,501190,142,4,32662.03,0.15
2796,501190,35,2,3103.89,0.1
2797,501191,105,4,28367.27,0.05
2798,501191,40,3,12159.56,0.05
2799,501192,43,4,25517.07,0.0
2800,501192,121,2,43178.12,0.1
2801,501192,14,2,28958.7,0.0
2802,501193,33,3,15090.93,0.0
2803,501193,114,1,24883.58,0.1
2804,501193,130,1,1826.9,0.2
2805,501194,108,1,22454.46,0.2
2806,501195,147,1,51028.85,0.1
2807,501195,136,3,48294.58,0.1
2808,501196,74,2,9594.57,0.1
2809,501196,34,1,15395.87,0.0
2810,501196,179,2,47254.91,0.1
2811,501197,107,4,13631.76,0.05
2812,501197,168,1,9316.31,0.05
2813,501197,143,2,8499.37,0.1
2814,501197,28,4,34955.61,0.05
2815,501198,31,4,31665.76,0.0
2816,501198,54,3,28353.11,0.1
2817,501198,116,1,16741.69,0.05
2818,501198,5,4,32053.9,0.15
2819,501198,78,3,9475.8,0.0
2820,501199,71,2,40831.91,0.1
2821,501200,166,3,16527.13,0.2
2822,501201,165,3,6409.81,0.1
2823,501201,161,3,45736.6,0.1
2824,501201,103,3,33485.32,0.0
2825,501202,71,2,40831.91,0.15
2826,501202,75,1,7343.48,0.0
2827,501203,48,2,32151.32,0.0
2828,501203,183,2,2591.66,0.1
2829,501203,42,1,17076.73,0.05
2830,501204,3,4,2440.7,0.15
2831,501204,64,1,23845.3,0.0
2832,501204,32,2,30436.6,0.0
2833,501204,100,2,46791.69,0.0
2834,501205,142,3,32662.03,0.0
2835,501206,146,1,4466.06,0.1
2836,501206,132,2,47935.67,0.1
2837,501206,120,2,14551.18,0.05
2838,501206,145,3,5674.44,0.1
2839,501207,142,1,32662.03,0.1
2840,501208,145,4,5674.44,0.0
2841,501208,154,2,24420.47,0.0
2842,501208,28,4,34955.61,0.05
2843,501208,153,3,34143.04,0.0
2844,501208,127,3,16509.71,0.05
2845,501209,180,1,6088.9,0.1
2846,501209,182,3,25258.66,0.0
2847,501210,69,3,20234.72,0.0
2848,501210,187,2,50291.33,0.2
2849,501210,163,3,1143.45,0.05
2850,501210,142,1,32662.03,0.1
2851,501211,21,3,873.24,0.1
2852,501212,52,3,43157.07,0.1
2853,501212,4,2,4600.28,0.1
2854,501213,110,3,13452.58,0.0
2855,501214,15,4,13558.11,0.0
2856,501214,1,1,45769.48,0.05
2857,501214,194,2,14529.69,0.1
2858,501215,166,4,16527.13,0.1
2859,501215,79,4,36534.8,0.0
2860,501215,109,3,20240.83,0.0
2861,501215,61,1,23045.67,0.05
2862,501215,123,1,44154.33,0.15
2863,501216,64,3,23845.3,0.2
2864,501216,8,2,16654.82,0.0
2865,501216,197,3,20725.99,0.0
2866,501216,54,4,28353.11,0.1
2867,501217,174,1,3057.35,0.0
2868,501217,8,4,16654.82,0.05
2869,501217,40,2,12159.56,0.1
2870,501218,163,1,1143.45,0.1
2871,501219,143,1,8499.37,0.0
2872,501219,192,3,906.98,0.0
2873,501219,161,3,45736.6,0.0
2874,501219,180,4,6088.9,0.05
2875,501219,123,4,44154.33,0.05
2876,501220,94,2,30089.86,0.0
2877,501220,22,1,20749.3,0.05
2878,501221,23,4,45229.71,0.0
2879,501221,194,1,14529.69,0.0
2880,501221,103,2,33485.32,0.0
2881,501222,131,1,935.86,0.1
2882,501223,73,1,32339.91,0.05
2883,501223,118,1,47968.75,0.05
2884,501223,188,1,6070.27,0.0
2885,501223,91,2,37325.93,0.0
2886,501224,85,1,30473.88,0.05
2887,501224,128,2,39089.34,0.15
2888,501225,197,2,20725.99,0.2
2889,501225,185,3,11835.89,0.1
2890,501226,172,3,35356.68,0.1
2891,501227,179,1,47254.91,0.1
2892,501227,110,3,13452.58,0.05
2893,501228,71,3,40831.91,0.15
2894,501229,8,4,16654.82,0.05
2895,501229,197,2,20725.99,0.05
2896,501229,99,1,51437.59,0.0
2897,501229,37,3,8747.32,0.1
2898,501230,26,3,13443.96,0.05
2899,501230,126,1,4890.52,0.2
2900,501230,123,2,44154.33,0.05
2901,501231,123,1,44154.33,0.0
2902,501231,72,3,33843.05,0.0
2903,501231,71,4,40831.91,0.0
2904,501231,5,1,32053.9,0.1
2905,501231,39,4,42117.5,0.0
2906,501232,30,2,8599.09,0.1
2907,501232,39,2,42117.5,0.1
2908,501233,63,4,14212.89,0.1
2909,501233,34,3,15395.87,0.1
2910,501233,9,1,26670.95,0.05
2911,501234,181,1,20017.36,0.05
2912,501234,53,1,41659.1,0.1
2913,501235,193,4,1419.66,0.0
2914,501235,170,1,31500.56,0.0
2915,501235,163,4,1143.45,0.05
2916,501235,20,3,27803.61,0.05
2917,501236,5,2,32053.9,0.15
2918,501236,3,2,2440.7,0.2
2919,501237,4,1,4600.28,0.1
2920,501237,115,2,2799.41,0.0
2921,501238,112,2,22042.94,0.0
2922,501238,59,2,542.46,0.05
2923,501239,80,4,26747.7,0.15
2924,501239,178,2,16239.3,0.0
2925,501240,5,4,32053.9,0.05
2926,501240,163,2,1143.45,0.05
2927,501240,22,2,20749.3,0.05
2928,501240,162,4,16150.96,0.0
2929,501241,28,3,34955.61,0.15
2930,501242,197,4,20725.99,0.0
2931,501242,40,4,12159.56,0.2
2932,501242,114,3,24883.58,0.15
2933,501243,145,4,5674.44,0.0
2934,501243,56,1,31457.37,0.1
2935,501244,110,3,13452.58,0.0
2936,501245,7,3,32012.11,0.15
2937,501245,37,3,8747.32,0.2
2938,501245,4,2,4600.28,0.05
2939,501245,113,4,20936.8,0.0
2940,501245,108,3,22454.46,0.15
2941,501246,133,4,18726.1,0.05
2942,501246,66,4,7626.75,0.1
2943,501246,154,3,24420.47,0.1
2944,501247,40,2,12159.56,0.15
2945,501247,133,3,18726.1,0.15
2946,501247,54,4,28353.11,0.05
2947,501247,159,2,25532.77,0.05
2948,501247,69,4,20234.72,0.1
2949,501248,61,4,23045.67,0.1
2950,501248,90,1,42489.82,0.15
2951,501249,12,2,8809.95,0.05
2952,501249,178,3,16239.3,0.0
2953,501249,91,2,37325.93,0.0
2954,501250,55,3,45214.9,0.0
2955,501250,48,3,32151.32,0.1
2956,501250,34,1,15395.87,0.1
2957,501251,96,3,33785.82,0.15
2958,501251,132,2,47935.67,0.15
2959,501252,25,1,28894.26,0.15
2960,501253,83,2,10948.99,0.2
2961,501254,47,1,7728.9,0.0
2962,501255,15,1,13558.11,0.05
2963,501255,87,1,3216.87,0.1
2964,501255,172,1,35356.68,0.05
2965,501256,164,1,54714.33,0.1
2966,501256,66,1,7626.75,0.0
2967,501256,80,3,26747.7,0.1
2968,501257,198,1,44779.95,0.0
2969,501257,165,1,6409.81,0.05
2970,501257,150,2,23255.73,0.1
2971,501258,185,3,11835.89,0.15
2972,501259,76,3,1551.17,0.1
2973,501259,190,2,52000.43,0.1
2974,501259,135,2,25804.56,0.15
2975,501260,13,1,41294.2,0.2
2976,501261,50,4,37071.05,0.0
2977,501261,100,1,46791.69,0.0
2978,501261,155,2,51623.31,0.1
2979,501261,69,1,20234.72,0.15
2980,501262,121,1,43178.12,0.1
2981,501262,198,2,44779.95,0.0
2982,501263,170,3,31500.56,0.05
2983,501263,83,4,10948.99,0.1
2984,501263,16,3,17752.56,0.1
2985,501264,74,2,9594.57,0.0
2986,501265,31,3,31665.76,0.15
2987,501265,106,2,49815.63,0.0
2988,501266,178,4,16239.3,0.0
2989,501266,167,2,1520.89,0.15
2990,501267,162,4,16150.96,0.0
2991,501267,78,2,9475.8,0.0
2992,501268,59,1,542.46,0.0
2993,501269,153,4,34143.04,0.0
2994,501269,40,2,12159.56,0.15
2995,501270,26,1,13443.96,0.05
2996,501271,77,4,45039.66,0.0
2997,501271,63,4,14212.89,0.05
2998,501271,151,1,15178.52,0.15
2999,501271,64,3,23845.3,0.0
3000,501272,27,4,52025.44,0.1
3001,501272,192,2,906.98,0.1
3002,501273,100,4,46791.69,0.15
3003,501273,15,3,13558.11,0.15
3004,501274,123,1,44154.33,0.05
3005,501274,141,3,9199.37,0.0
3006,501275,51,4,42529.03,0.1
3007,501275,130,1,1826.9,0.0
3008,501275,126,4,4890.52,0.1
3009,501276,188,1,6070.27,0.15
3010,501277,2,2,42946.4,0.0
3011,501277,14,2,28958.7,0.15
3012,501277,1,3,45769.48,0.15
3013,501278,137,4,11644.84,0.15
3014,501278,74,1,9594.57,0.0
3015,501278,187,4,50291.33,0.1
3016,501278,87,2,3216.87,0.1
3017,501279,192,4,906.98,0.05
3018,501279,46,3,6300.09,0.2
3019,501280,185,4,11835.89,0.2
3020,501281,172,1,35356.68,0.0
3021,501282,62,4,3498.04,0.15
3022,501282,131,2,935.86,0.05
3023,501282,118,4,47968.75,0.15
3024,501282,148,1,30748.98,0.05
3025,501282,171,1,22643.94,0.15
3026,501283,170,3,31500.56,0.1
3027,501284,79,4,36534.8,0.15
3028,501285,4,1,4600.28,0.15
3029,501285,92,2,38084.76,0.05
3030,501285,2,4,42946.4,0.1
3031,501285,82,4,26994.56,0.1
3032,501286,179,3,47254.91,0.15
3033,501286,102,1,25753.85,0.1
3034,501286,150,3,23255.73,0.15
3035,501286,25,1,28894.26,0.15
3036,501287,147,2,51028.85,0.1
3037,501287,95,1,7858.6,0.0
3038,501288,99,3,51437.59,0.05
3039,501289,190,1,52000.43,0.1
3040,501289,145,4,5674.44,0.05
3041,501290,108,2,22454.46,0.1
3042,501290,81,3,15504.13,0.0
3043,501290,23,4,45229.71,0.05
3044,501291,129,3,39450.63,0.15
3045,501292,31,4,31665.76,0.0
3046,501293,193,2,1419.66,0.15
3047,501293,65,2,26891.02,0.0
3048,501293,32,2,30436.6,0.0
3049,501293,102,1,25753.85,0.1
3050,501294,87,1,3216.87,0.0
3051,501294,139,1,36696.68,0.1
3052,501294,117,3,5573.85,0.05
3053,501295,137,2,11644.84,0.15
3054,501295,169,2,42129.24,0.05
3055,501296,6,2,15719.14,0.2
3056,501296,154,3,24420.47,0.0
3057,501296,178,4,16239.3,0.15
3058,501296,159,1,25532.77,0.05
3059,501297,154,2,24420.47,0.2
3060,501297,172,4,35356.68,0.2
3061,501298,65,2,26891.02,0.15
3062,501298,97,1,9014.15,0.0
3063,501298,195,2,39570.05,0.0
3064,501298,43,3,25517.07,0.1
3065,501298,157,2,26053.23,0.0
3066,501299,149,4,33795.66,0.0
3067,501300,137,2,11644.84,0.0
3068,501300,68,4,731.88,0.05
3069,501301,119,4,20465.15,0.05
3070,501301,45,2,19474.91,0.0
3071,501301,196,2,8761.57,0.05
3072,501302,199,4,40427.21,0.05
3073,501302,17,3,17031.55,0.1
3074,501303,174,4,3057.35,0.1
3075,501303,45,4,19474.91,0.1
3076,501304,142,3,32662.03,0.1
3077,501304,128,2,39089.34,0.15
3078,501304,75,3,7343.48,0.0
3079,501305,15,1,13558.11,0.1
3080,501305,32,2,30436.6,0.1
3081,501306,68,2,731.88,0.2
3082,501307,15,2,13558.11,0.05
3083,501307,103,1,33485.32,0.05
3084,501308,7,4,32012.11,0.05
3085,501308,173,1,31442.32,0.0
3086,501308,198,4,44779.95,0.1
3087,501309,198,1,44779.95,0.0
3088,501309,164,2,54714.33,0.1
3089,501309,105,4,28367.27,0.2
3090,501310,137,1,11644.84,0.0
3091,501310,188,3,6070.27,0.0
3092,501311,145,3,5674.44,0.05
3093,501312,50,3,37071.05,0.1
3094,501313,147,3,51028.85,0.0
3095,501313,39,4,42117.5,0.15
3096,501313,114,3,24883.58,0.0
3097,501313,59,3,542.46,0.1
3098,501314,194,1,14529.69,0.1
3099,501314,87,4,3216.87,0.0
3100,501314,189,4,36176.21,0.0
3101,501314,153,4,34143.04,0.15
3102,501315,184,1,46019.64,0.2
3103,501315,15,1,13558.11,0.05
3104,501316,104,2,17663.08,0.2
3105,501316,165,3,6409.81,0.2
3106,501317,53,1,41659.1,0.15
3107,501318,29,4,40427.0,0.0
3108,501318,191,2,39507.0,0.05
3109,501319,50,3,37071.05,0.15
3110,501319,82,1,26994.56,0.05
3111,501320,170,1,31500.56,0.15
3112,501320,189,3,36176.21,0.0
3113,501321,68,2,731.88,0.0
3114,501322,16,4,17752.56,0.05
3115,501323,86,3,25389.28,0.2
3116,501323,191,3,39507.0,0.05
3117,501323,196,2,8761.57,0.05
3118,501323,140,3,19515.46,0.0
3119,501324,139,1,36696.68,0.0
3120,501324,126,4,4890.52,0.0
3121,501325,187,2,50291.33,0.05
3122,501325,81,2,15504.13,0.0
3123,501325,167,1,1520.89,0.0
3124,501325,129,2,39450.63,0.05
3125,501326,174,1,3057.35,0.1
3126,501326,62,1,3498.04,0.1
3127,501326,130,1,1826.9,0.0
3128,501327,148,4,30748.98,0.1
3129,501327,192,3,906.98,0.05
3130,501327,194,2,14529.69,0.05
3131,501327,33,2,15090.93,0.05
3132,501328,18,1,17846.96,0.0
3133,501329,153,3,34143.04,0.0
3134,501330,56,2,31457.37,0.05
3135,501330,66,1,7626.75,0.15
3136,501331,200,3,20741.6,0.2
3137,501331,10,4,34430.26,0.0
3138,501332,174,1,3057.35,0.0
3139,501333,171,4,22643.94,0.1
3140,501333,196,4,8761.57,0.15
3141,501334,190,3,52000.43,0.15
3142,501335,114,1,24883.58,0.05
3143,501336,143,3,8499.37,0.0
3144,501336,92,1,38084.76,0.05
3145,501336,150,1,23255.73,0.0
3146,501336,75,2,7343.48,0.0
3147,501336,123,4,44154.33,0.15
3148,501337,25,1,28894.26,0.1
3149,501337,78,1,9475.8,0.1
3150,501338,114,4,24883.58,0.05
3151,501338,105,3,28367.27,0.15
3152,501339,58,1,38058.28,0.2
3153,501340,188,4,6070.27,0.15
3154,501340,63,4,14212.89,0.0
3155,501340,32,2,30436.6,0.1
3156,501340,161,1,45736.6,0.1
3157,501341,16,2,17752.56,0.0
3158,501341,68,1,731.88,0.1
3159,501341,36,2,32323.45,0.05
3160,501341,183,1,2591.66,0.05
3161,501341,114,1,24883.58,0.0
3162,501342,148,1,30748.98,0.1
3163,501343,127,2,16509.71,0.2
3164,501343,158,3,17301.25,0.15
3165,501344,157,3,26053.23,0.1
3166,501344,94,3,30089.86,0.1
3167,501344,7,3,32012.11,0.0
3168,501345,87,4,3216.87,0.05
3169,501346,162,3,16150.96,0.1
3170,501346,43,2,25517.07,0.1
3171,501347,145,3,5674.44,0.0
3172,501348,63,1,14212.89,0.0
3173,501349,116,2,16741.69,0.0
3174,501349,173,3,31442.32,0.15
3175,501350,49,3,33529.65,0.05
3176,501350,9,2,26670.95,0.05
3177,501351,61,3,23045.67,0.0
3178,501351,28,1,34955.61,0.05
3179,501352,126,1,4890.52,0.05
3180,501353,104,1,17663.08,0.0
3181,501353,68,2,731.88,0.05
3182,501354,158,1,17301.25,0.2
3183,501354,99,3,51437.59,0.1
3184,501354,14,2,28958.7,0.1
3185,501354,145,2,5674.44,0.05
3186,501355,101,2,36836.08,0.1
3187,501355,13,1,41294.2,0.0
3188,501356,33,2,15090.93,0.2
3189,501356,117,3,5573.85,0.0
3190,501357,181,1,20017.36,0.05
3191,501357,22,1,20749.3,0.15
3192,501358,42,4,17076.73,0.05
3193,501358,57,3,1412.7,0.0
3194,501358,147,1,51028.85,0.1
3195,501358,142,4,32662.03,0.1
3196,501359,100,2,46791.69,0.0
3197,501359,136,3,48294.58,0.0
3198,501359,148,1,30748.98,0.15
3199,501360,52,2,43157.07,0.0
3200,501361,89,2,2812.94,0.05
3201,501362,198,4,44779.95,0.2
3202,501362,179,2,47254.91,0.15
3203,501363,119,3,20465.15,0.15
3204,501363,105,2,28367.27,0.05
3205,501363,181,4,20017.36,0.05
3206,501364,15,1,13558.11,0.1
3207,501365,83,2,10948.99,0.2
3208,501365,28,4,34955.61,0.0
3209,501366,93,4,33594.98,0.1
3210,501366,4,3,4600.28,0.05
3211,501366,28,1,34955.61,0.1
3212,501367,100,4,46791.69,0.05
3213,501367,94,3,30089.86,0.1
3214,501368,117,2,5573.85,0.05
3215,501368,136,2,48294.58,0.05
3216,501368,193,4,1419.66,0.1
3217,501369,194,4,14529.69,0.2
3218,501369,92,3,38084.76,0.0
3219,501370,141,3,9199.37,0.05
3220,501370,53,3,41659.1,0.1
3221,501370,17,3,17031.55,0.05
3222,501371,65,4,26891.02,0.0
3223,501371,183,2,2591.66,0.2
3224,501371,140,2,19515.46,0.1
3225,501372,146,1,4466.06,0.0
3226,501372,45,4,19474.91,0.0
3227,501372,126,1,4890.52,0.05
3228,501372,153,1,34143.04,0.0
3229,501372,139,4,36696.68,0.1
3230,501373,108,1,22454.46,0.0
3231,501373,2,4,42946.4,0.0
3232,501373,187,3,50291.33,0.05
3233,501374,24,3,29412.47,0.1
3234,501374,115,3,2799.41,0.1
3235,501375,185,1,11835.89,0.0
3236,501375,200,3,20741.6,0.1
3237,501375,171,3,22643.94,0.1
3238,501376,125,4,41076.3,0.05
3239,501376,28,1,34955.61,0.2
3240,501376,104,1,17663.08,0.15
3241,501377,47,2,7728.9,0.1
3242,501377,2,4,42946.4,0.0
3243,501378,101,4,36836.08,0.0
3244,501378,36,3,32323.45,0.0
3245,501379,78,1,9475.8,0.1
3246,501380,168,1,9316.31,0.2
3247,501380,12,2,8809.95,0.0
3248,501380,54,4,28353.11,0.2
3249,501381,89,1,2812.94,0.1
3250,501381,61,1,23045.67,0.15
3251,501382,106,4,49815.63,0.15
3252,501383,71,4,40831.91,0.1
3253,501383,90,1,42489.82,0.05
3254,501384,68,3,731.88,0.0
3255,501384,40,2,12159.56,0.1
3256,501384,83,3,10948.99,0.2
3257,501384,82,1,26994.56,0.0
3258,501384,167,4,1520.89,0.2
3259,501385,137,4,11644.84,0.0
3260,501386,143,2,8499.37,0.1
3261,501386,170,2,31500.56,0.1
3262,501387,38,2,33762.69,0.0
3263,501387,56,1,31457.37,0.05
3264,501387,86,1,25389.28,0.1
3265,501387,23,3,45229.71,0.05
3266,501388,9,4,26670.95,0.0
3267,501388,112,3,22042.94,0.1
3268,501388,171,1,22643.94,0.1
3269,501388,123,1,44154.33,0.15
3270,501388,28,1,34955.61,0.05
3271,501389,130,1,1826.9,0.15
3272,501389,119,3,20465.15,0.0
3273,501390,72,1,33843.05,0.05
3274,501391,11,1,10297.51,0.1
3275,501391,4,1,4600.28,0.05
3276,501392,99,1,51437.59,0.05
3277,501392,172,3,35356.68,0.05
3278,501393,193,3,1419.66,0.0
3279,501393,28,1,34955.61,0.2
3280,501394,130,3,1826.9,0.05
3281,501394,102,3,25753.85,0.2
3282,501395,150,4,23255.73,0.0
3283,501395,151,4,15178.52,0.05
3284,501395,17,4,17031.55,0.05
3285,501396,26,2,13443.96,0.05
3286,501396,17,1,17031.55,0.1
3287,501396,90,3,42489.82,0.1
3288,501397,14,4,28958.7,0.15
3289,501397,25,3,28894.26,0.2
3290,501397,146,4,4466.06,0.0
3291,501397,168,2,9316.31,0.0
3292,501398,26,1,13443.96,0.2
3293,501398,196,1,8761.57,0.2
3294,501398,42,3,17076.73,0.1
3295,501399,177,1,7521.62,0.15
3296,501399,41,3,790.54,0.15
3297,501400,1,2,45769.48,0.1
3298,501401,78,1,9475.8,0.0
3299,501401,11,4,10297.51,0.2
3300,501401,6,4,15719.14,0.05
3301,501402,196,2,8761.57,0.0
3302,501402,93,1,33594.98,0.2
3303,501402,118,1,47968.75,0.05
3304,501403,93,1,33594.98,0.0
3305,501403,117,3,5573.85,0.0
3306,501404,5,2,32053.9,0.0
3307,501405,61,3,23045.67,0.0
3308,501405,193,2,1419.66,0.15
3309,501405,119,1,20465.15,0.1
3310,501406,128,1,39089.34,0.1
3311,501407,83,4,10948.99,0.05
3312,501407,195,3,39570.05,0.15
3313,501407,192,2,906.98,0.0
3314,501408,44,3,23585.72,0.0
3315,501409,196,2,8761.57,0.15
3316,501409,72,1,33843.05,0.15
3317,501410,74,2,9594.57,0.1
3318,501410,81,1,15504.13,0.0
3319,501411,4,2,4600.28,0.1
3320,501411,200,4,20741.6,0.1
3321,501412,153,2,34143.04,0.1
3322,501412,36,1,32323.45,0.0
3323,501412,113,2,20936.8,0.0
3324,501413,1,4,45769.48,0.1
3325,501414,54,2,28353.11,0.15
3326,501415,67,4,32514.47,0.2
3327,501416,149,1,33795.66,0.0
3328,501417,80,1,26747.7,0.1
3329,501417,133,2,18726.1,0.1
3330,501418,92,1,38084.76,0.1
3331,501419,43,3,25517.07,0.05
3332,501419,56,1,31457.37,0.1
3333,501420,42,1,17076.73,0.1
3334,501420,112,2,22042.94,0.05
3335,501420,197,2,20725.99,0.1
3336,501421,160,2,24067.85,0.0
3337,501421,7,4,32012.11,0.05
3338,501421,79,1,36534.8,0.15
3339,501421,41,2,790.54,0.2
3340,501422,32,1,30436.6,0.0
3341,501423,44,1,23585.72,0.0
3342,501423,178,4,16239.3,0.05
3343,501423,74,3,9594.57,0.05
3344,501423,124,1,16664.22,0.0
3345,501424,171,2,22643.94,0.2
3346,501424,29,2,40427.0,0.0
3347,501424,57,1,1412.7,0.1
3348,501424,87,2,3216.87,0.0
3349,501424,93,4,33594.98,0.15
3350,501425,118,3,47968.75,0.1
3351,501425,187,3,50291.33,0.05
3352,501425,195,4,39570.05,0.1
3353,501426,70,1,9185.74,0.1
3354,501426,126,1,4890.52,0.1
3355,501426,71,1,40831.91,0.15
3356,501427,17,3,17031.55,0.0
3357,501427,142,3,32662.03,0.0
3358,501428,54,4,28353.11,0.05
3359,501429,115,1,2799.41,0.1
3360,501429,147,4,51028.85,0.0
3361,501429,141,2,9199.37,0.1
3362,501429,104,3,17663.08,0.0
3363,501429,59,1,542.46,0.1
3364,501430,131,1,935.86,0.1
3365,501430,84,3,26499.83,0.0
3366,501430,190,1,52000.43,0.2
3367,501430,2,1,42946.4,0.05
3368,501430,182,3,25258.66,0.0
3369,501431,160,3,24067.85,0.05
3370,501431,199,4,40427.21,0.15
3371,501432,106,2,49815.63,0.1
3372,501433,13,3,41294.2,0.1
3373,501434,172,4,35356.68,0.1
3374,501434,75,1,7343.48,0.05
3375,501435,47,2,7728.9,0.05
3376,501435,128,2,39089.34,0.2
3377,501435,76,2,1551.17,0.15
3378,501435,21,2,873.24,0.05
3379,501436,74,2,9594.57,0.15
3380,501437,179,3,47254.91,0.0
3381,501437,146,3,4466.06,0.0
3382,501438,128,4,39089.34,0.15
3383,501438,95,4,7858.6,0.1
3384,501438,149,2,33795.66,0.2
3385,501438,63,2,14212.89,0.0
3386,501439,42,4,17076.73,0.1
3387,501439,7,1,32012.11,0.05
3388,501440,65,4,26891.02,0.05
3389,501440,72,1,33843.05,0.0
3390,501441,196,3,8761.57,0.1
3391,501441,82,2,26994.56,0.0
3392,501442,56,2,31457.37,0.05
3393,501443,102,2,25753.85,0.15
3394,501443,159,2,25532.77,0.0
3395,501444,189,4,36176.21,0.1
3396,501445,75,1,7343.48,0.1
3397,501445,45,4,19474.91,0.0
3398,501445,54,4,28353.11,0.05
3399,501446,139,1,36696.68,0.05
3400,501446,1,4,45769.48,0.1
3401,501447,121,3,43178.12,0.15
3402,501447,3,1,2440.7,0.1
3403,501447,21,2,873.24,0.0
3404,501448,145,4,5674.44,0.1
3405,501448,132,2,47935.67,0.05
3406,501449,13,3,41294.2,0.0
3407,501449,3,3,2440.7,0.2
3408,501449,59,4,542.46,0.0
3409,501449,190,2,52000.43,0.0
3410,501450,2,3,42946.4,0.1
3411,501450,75,2,7343.48,0.15
3412,501450,7,2,32012.11,0.15
3413,501451,129,1,39450.63,0.15
3414,501451,66,2,7626.75,0.15
3415,501451,121,1,43178.12,0.05
3416,501452,20,1,27803.61,0.2
3417,501452,130,1,1826.9,0.05
3418,501453,114,4,24883.58,0.15
3419,501453,11,2,10297.51,0.15
3420,501454,150,4,23255.73,0.1
3421,501454,23,3,45229.71,0.15
3422,501454,139,2,36696.68,0.0
3423,501455,36,3,32323.45,0.1
3424,501455,71,4,40831.91,0.2
3425,501455,110,3,13452.58,0.0
3426,501456,192,4,906.98,0.0
3427,501456,69,4,20234.72,0.15
3428,501456,116,2,16741.69,0.1
3429,501457,148,1,30748.98,0.2
3430,501458,43,1,25517.07,0.1
3431,501459,36,1,32323.45,0.1
3432,501460,123,2,44154.33,0.15
3433,501461,140,4,19515.46,0.15
3434,501461,113,3,20936.8,0.1
3435,501461,9,2,26670.95,0.05
3436,501462,109,4,20240.83,0.0
3437,501462,185,3,11835.89,0.1
3438,501463,78,4,9475.8,0.0
3439,501463,190,1,52000.43,0.15
3440,501464,181,4,20017.36,0.1
3441,501465,70,4,9185.74,0.1
3442,501465,111,4,41282.72,0.15
3443,501465,17,3,17031.55,0.15
3444,501466,50,1,37071.05,0.0
3445,501467,40,1,12159.56,0.15
3446,501468,174,2,3057.35,0.05
3447,501468,136,3,48294.58,0.2
3448,501468,107,2,13631.76,0.05
3449,501469,6,2,15719.14,0.0
3450,501469,167,2,1520.89,0.1
3451,501469,18,2,17846.96,0.0
3452,501470,196,3,8761.57,0.0
3453,501471,78,4,9475.8,0.0
3454,501472,151,4,15178.52,0.2
3455,501472,135,1,25804.56,0.1
3456,501473,130,3,1826.9,0.15
3457,501473,154,4,24420.47,0.1
3458,501474,151,3,15178.52,0.2
3459,501475,23,3,45229.71,0.0
3460,501475,197,4,20725.99,0.1
3461,501476,133,3,18726.1,0.15
3462,501476,87,1,3216.87,0.0
3463,501477,170,1,31500.56,0.2
3464,501477,101,4,36836.08,0.15
3465,501478,77,2,45039.66,0.05
3466,501478,76,1,1551.17,0.15
3467,501478,55,1,45214.9,0.0
3468,501479,131,4,935.86,0.1
3469,501479,108,4,22454.46,0.15
3470,501479,167,2,1520.89,0.05
3471,501479,157,3,26053.23,0.05
3472,501480,187,4,50291.33,0.0
3473,501481,32,1,30436.6,0.1
3474,501482,146,2,4466.06,0.0
3475,501483,173,4,31442.32,0.0
3476,501484,147,2,51028.85,0.1
3477,501484,94,4,30089.86,0.0
3478,501485,155,4,51623.31,0.1
3479,501486,1,4,45769.48,0.1
3480,501486,171,4,22643.94,0.15
3481,501486,15,2,13558.11,0.1
3482,501486,163,2,1143.45,0.1
3483,501487,125,4,41076.3,0.15
3484,501487,137,1,11644.84,0.1
3485,501487,67,4,32514.47,0.15
3486,501487,69,4,20234.72,0.1
3487,501488,73,4,32339.91,0.15
3488,501488,67,1,32514.47,0.05
3489,501488,117,2,5573.85,0.15
3490,501489,196,4,8761.57,0.1
3491,501489,58,2,38058.28,0.1
3492,501490,199,4,40427.21,0.0
3493,501490,171,4,22643.94,0.15
3494,501490,94,2,30089.86,0.05
3495,501491,177,3,7521.62,0.05
3496,501491,197,3,20725.99,0.0
3497,501492,170,4,31500.56,0.0
3498,501492,70,4,9185.74,0.0
3499,501492,197,3,20725.99,0.1
3500,501493,53,1,41659.1,0.05
3501,501494,53,4,41659.1,0.1
3502,501494,23,3,45229.71,0.15
3503,501494,196,3,8761.57,0.1
3504,501494,107,3,13631.76,0.05
3505,501495,189,4,36176.21,0.1
3506,501495,112,4,22042.94,0.0
3507,501496,90,2,42489.82,0.0
3508,501497,197,2,20725.99,0.05
3509,501497,7,2,32012.11,0.05
3510,501498,148,3,30748.98,0.0
3511,501499,31,4,31665.76,0.0
3512,501499,125,1,41076.3,0.05
3513,501499,7,3,32012.11,0.0
3514,501499,12,1,8809.95,0.0
3515,501499,123,4,44154.33,0.1
3516,501500,70,4,9185.74,0.1
3517,501500,89,3,2812.94,0.0
3518,501500,39,3,42117.5,0.0
3519,501501,66,4,7626.75,0.05
3520,501501,22,4,20749.3,0.2
3521,501501,143,2,8499.37,0.15
3522,501501,186,4,13953.35,0.15
3523,501502,98,4,35512.2,0.05
3524,501502,197,4,20725.99,0.05
3525,501502,18,1,17846.96,0.0
3526,501502,160,1,24067.85,0.05
3527,501502,41,4,790.54,0.1
3528,501503,71,3,40831.91,0.0
3529,501503,66,1,7626.75,0.0
3530,501504,103,1,33485.32,0.0
3531,501504,16,4,17752.56,0.1
3532,501504,77,2,45039.66,0.2
3533,501505,80,3,26747.7,0.05
3534,501505,81,2,15504.13,0.05
3535,501505,182,4,25258.66,0.05
3536,501505,119,2,20465.15,0.05
3537,501506,182,2,25258.66,0.15
3538,501507,103,1,33485.32,0.2
3539,501508,60,2,42396.67,0.0
3540,501508,66,3,7626.75,0.1
3541,501509,132,3,47935.67,0.05
3542,501509,67,3,32514.47,0.15
3543,501509,32,4,30436.6,0.1
3544,501510,144,2,43009.16,0.0
3545,501510,74,1,9594.57,0.0
3546,501510,149,2,33795.66,0.05
3547,501511,88,1,22349.99,0.0
3548,501511,115,1,2799.41,0.0
3549,501512,88,1,22349.99,0.15
3550,501512,140,1,19515.46,0.1
3551,501512,96,3,33785.82,0.1
3552,501512,200,3,20741.6,0.1
3553,501513,34,3,15395.87,0.0
3554,501513,71,1,40831.91,0.15
3555,501513,88,3,22349.99,0.1
3556,501514,16,3,17752.56,0.15
3557,501514,17,4,17031.55,0.1
3558,501515,39,2,42117.5,0.1
3559,501515,40,2,12159.56,0.1
3560,501515,43,2,25517.07,0.15
3561,501516,180,2,6088.9,0.05
3562,501516,74,3,9594.57,0.05
3563,501516,64,1,23845.3,0.0
3564,501516,86,1,25389.28,0.1
3565,501517,65,1,26891.02,0.2
3566,501517,26,1,13443.96,0.0
3567,501518,59,2,542.46,0.15
3568,501518,169,4,42129.24,0.05
3569,501519,101,3,36836.08,0.05
3570,501519,88,4,22349.99,0.15
3571,501519,148,1,30748.98,0.1
3572,501520,81,3,15504.13,0.05
3573,501520,123,4,44154.33,0.0
3574,501521,170,2,31500.56,0.1
3575,501522,52,3,43157.07,0.2
3576,501522,137,4,11644.84,0.1
3577,501522,66,4,7626.75,0.15
3578,501522,6,4,15719.14,0.15
3579,501523,98,2,35512.2,0.0
3580,501524,176,3,42034.94,0.2
3581,501525,1,1,45769.48,0.1
3582,501525,144,2,43009.16,0.05
3583,501525,128,4,39089.34,0.1
3584,501525,176,4,42034.94,0.2
3585,501526,47,2,7728.9,0.0
3586,501526,9,1,26670.95,0.0
3587,501526,198,3,44779.95,0.0
3588,501527,48,1,32151.32,0.0
3589,501527,4,4,4600.28,0.1
3590,501528,113,4,20936.8,0.05
3591,501528,135,2,25804.56,0.0
3592,501529,37,1,8747.32,0.1
3593,501530,29,2,40427.0,0.15
3594,501531,92,4,38084.76,0.0
3595,501531,161,3,45736.6,0.15
3596,501531,118,3,47968.75,0.1
3597,501531,65,3,26891.02,0.1
3598,501532,45,3,19474.91,0.1
3599,501533,177,4,7521.62,0.05
3600,501534,69,1,20234.72,0.05
3601,501534,3,4,2440.7,0.05
3602,501534,155,1,51623.31,0.0
3603,501535,156,3,9479.93,0.2
3604,501535,23,1,45229.71,0.05
3605,501535,119,1,20465.15,0.15
3606,501535,26,2,13443.96,0.15
3607,501536,32,1,30436.6,0.2
3608,501536,198,2,44779.95,0.0
3609,501536,7,3,32012.11,0.0
3610,501537,64,1,23845.3,0.1
3611,501538,150,3,23255.73,0.0
3612,501539,108,4,22454.46,0.0
3613,501539,143,1,8499.37,0.05
3614,501539,170,1,31500.56,0.1
3615,501539,159,4,25532.77,0.15
3616,501539,37,2,8747.32,0.15
3617,501540,123,1,44154.33,0.05
3618,501540,108,4,22454.46,0.0
3619,501540,109,3,20240.83,0.1
3620,501541,148,1,30748.98,0.05
3621,501541,195,2,39570.05,0.1
3622,501541,134,3,24171.94,0.1
3623,501541,5,4,32053.9,0.1
3624,501542,173,2,31442.32,0.0
3625,501542,62,4,3498.04,0.15
3626,501543,148,1,30748.98,0.2
3627,501543,86,2,25389.28,0.05
3628,501543,48,1,32151.32,0.1
3629,501544,13,1,41294.2,0.0
3630,501544,88,2,22349.99,0.2
3631,501544,144,4,43009.16,0.1
3632,501544,192,3,906.98,0.0
3633,501544,170,4,31500.56,0.0
3634,501545,40,3,12159.56,0.0
3635,501545,86,3,25389.28,0.1
3636,501546,76,2,1551.17,0.1
3637,501546,101,1,36836.08,0.05
3638,501547,135,2,25804.56,0.05
3639,501548,185,4,11835.89,0.05
3640,501548,74,1,9594.57,0.0
3641,501548,144,1,43009.16,0.0
3642,501549,67,2,32514.47,0.0
3643,501550,155,2,51623.31,0.0
3644,501551,14,1,28958.7,0.0
3645,501551,153,3,34143.04,0.0
3646,501551,6,4,15719.14,0.1
3647,501552,160,1,24067.85,0.15
3648,501552,56,4,31457.37,0.0
3649,501552,131,3,935.86,0.2
3650,501553,34,3,15395.87,0.1
3651,501553,182,3,25258.66,0.1
3652,501554,30,4,8599.09,0.05
3653,501554,118,1,47968.75,0.1
3654,501554,11,4,10297.51,0.2
3655,501554,147,3,51028.85,0.05
3656,501554,156,4,9479.93,0.1
3657,501555,144,3,43009.16,0.0
3658,501556,32,3,30436.6,0.15
3659,501556,85,4,30473.88,0.05
3660,501557,61,2,23045.67,0.2
3661,501557,89,2,2812.94,0.0
3662,501558,51,1,42529.03,0.0
3663,501558,113,1,20936.8,0.1
3664,501559,51,4,42529.03,0.1
3665,501559,173,2,31442.32,0.1
3666,501559,41,2,790.54,0.1
3667,501560,27,4,52025.44,0.0
3668,501560,25,2,28894.26,0.1
3669,501560,101,4,36836.08,0.2
3670,501561,191,3,39507.0,0.05
3671,501561,91,2,37325.93,0.15
3672,501561,16,2,17752.56,0.1
3673,501562,12,1,8809.95,0.1
3674,501562,139,3,36696.68,0.0
3675,501562,103,1,33485.32,0.05
3676,501563,16,4,17752.56,0.0
3677,501563,163,2,1143.45,0.1
3678,501563,115,4,2799.41,0.1
3679,501563,129,1,39450.63,0.1
3680,501563,110,1,13452.58,0.1
3681,501564,172,4,35356.68,0.0
3682,501564,13,1,41294.2,0.05
3683,501564,3,3,2440.7,0.05
3684,501564,32,2,30436.6,0.15
3685,501565,21,2,873.24,0.0
3686,501565,172,2,35356.68,0.1
3687,501566,127,2,16509.71,0.0
3688,501566,170,3,31500.56,0.15
3689,501566,15,2,13558.11,0.1
3690,501567,2,4,42946.4,0.05
3691,501567,171,1,22643.94,0.0
3692,501568,119,2,20465.15,0.1
3693,501568,142,3,32662.03,0.1
3694,501568,164,3,54714.33,0.1
3695,501569,100,4,46791.69,0.0
3696,501570,42,3,17076.73,0.0
3697,501570,144,2,43009.16,0.2
3698,501571,132,4,47935.67,0.0
3699,501571,92,2,38084.76,0.05
3700,501571,80,2,26747.7,0.0
3701,501571,127,1,16509.71,0.0
3702,501572,198,3,44779.95,0.1
3703,501572,104,4,17663.08,0.15
3704,501572,91,4,37325.93,0.0
3705,501573,87,1,3216.87,0.1
3706,501574,8,2,16654.82,0.0
3707,501574,2,4,42946.4,0.05
3708,501575,92,4,38084.76,0.05
3709,501575,185,3,11835.89,0.1
3710,501576,188,4,6070.27,0.05
3711,501576,110,2,13452.58,0.0
3712,501576,96,3,33785.82,0.0
3713,501577,32,3,30436.6,0.1
3714,501578,44,4,23585.72,0.15
3715,501578,65,3,26891.02,0.1
3716,501579,119,2,20465.15,0.15
3717,501579,104,1,17663.08,0.05
3718,501579,162,2,16150.96,0.05
3719,501580,187,1,50291.33,0.0
3720,501580,168,1,9316.31,0.1
3721,501581,17,1,17031.55,0.15
3722,501582,138,3,5148.37,0.2
3723,501582,84,4,26499.83,0.05
3724,501582,157,1,26053.23,0.05
3725,501583,192,4,906.98,0.05
3726,501583,104,1,17663.08,0.1
3727,501583,147,4,51028.85,0.1
3728,501584,25,1,28894.26,0.15
3729,501584,186,3,13953.35,0.15
3730,501585,80,2,26747.7,0.0
3731,501586,157,3,26053.23,0.0
3732,501586,109,1,20240.83,0.15
3733,501586,154,1,24420.47,0.1
3734,501587,29,1,40427.0,0.0
3735,501587,174,2,3057.35,0.0
3736,501588,168,1,9316.31,0.0
3737,501588,181,4,20017.36,0.2
3738,501589,110,1,13452.58,0.0
3739,501589,27,3,52025.44,0.1
3740,501590,171,1,22643.94,0.05
3741,501590,150,4,23255.73,0.15
3742,501591,133,1,18726.1,0.1
3743,501591,64,3,23845.3,0.0
3744,501591,7,3,32012.11,0.0
3745,501591,178,2,16239.3,0.0
3746,501592,199,1,40427.21,0.0
3747,501592,190,1,52000.43,0.0
3748,501592,183,4,2591.66,0.0
3749,501592,191,1,39507.0,0.05
3750,501592,169,3,42129.24,0.1
3751,501593,112,4,22042.94,0.0
3752,501593,187,3,50291.33,0.05
3753,501593,113,1,20936.8,0.1
3754,501594,59,2,542.46,0.1
3755,501595,196,3,8761.57,0.2
3756,501595,98,4,35512.2,0.2
3757,501596,10,4,34430.26,0.0
3758,501597,117,3,5573.85,0.1
3759,501597,11,3,10297.51,0.05
3760,501597,102,3,25753.85,0.1
3761,501598,56,2,31457.37,0.1
3762,501598,194,2,14529.69,0.0
3763,501599,146,3,4466.06,0.0
3764,501599,37,3,8747.32,0.1
3765,501599,89,2,2812.94,0.15
3766,501599,152,3,47494.55,0.2
3767,501599,156,1,9479.93,0.2
3768,501600,14,1,28958.7,0.05
3769,501600,38,3,33762.69,0.05
3770,501601,192,3,906.98,0.15
3771,501602,127,2,16509.71,0.15
3772,501602,63,4,14212.89,0.05
3773,501603,158,4,17301.25,0.1
3774,501603,103,4,33485.32,0.1
3775,501604,157,4,26053.23,0.15
3776,501605,168,2,9316.31,0.2
3777,501605,114,4,24883.58,0.0
3778,501606,197,2,20725.99,0.05
3779,501607,158,1,17301.25,0.15
3780,501608,36,2,32323.45,0.1
3781,501608,183,1,2591.66,0.0
3782,501609,162,3,16150.96,0.0
3783,501609,173,1,31442.32,0.15
3784,501609,194,4,14529.69,0.0
3785,501610,164,1,54714.33,0.05
3786,501610,120,1,14551.18,0.1
3787,501610,31,4,31665.76,0.1
3788,501610,59,2,542.46,0.2
3789,501611,53,3,41659.1,0.15
3790,501612,122,3,7953.1,0.05
3791,501612,58,3,38058.28,0.0
3792,501613,116,2,16741.69,0.0
3793,501613,144,1,43009.16,0.05
3794,501613,96,2,33785.82,0.05
3795,501613,104,3,17663.08,0.1
3796,501614,23,3,45229.71,0.05
3797,501614,103,2,33485.32,0.2
3798,501614,114,1,24883.58,0.05
3799,501614,137,4,11644.84,0.1
3800,501614,116,1,16741.69,0.0
3801,501615,53,2,41659.1,0.1
3802,501615,154,2,24420.47,0.1
3803,501615,2,2,42946.4,0.1
3804,501615,166,2,16527.13,0.0
3805,501616,157,1,26053.23,0.1
3806,501616,144,3,43009.16,0.2
3807,501617,21,1,873.24,0.15
3808,501617,28,3,34955.61,0.05
3809,501617,61,3,23045.67,0.1
3810,501617,198,2,44779.95,0.2
3811,501618,75,4,7343.48,0.0
3812,501618,155,2,51623.31,0.15
3813,501618,25,3,28894.26,0.0
3814,501619,10,2,34430.26,0.1
3815,501620,118,4,47968.75,0.1
3816,501621,55,3,45214.9,0.05
3817,501621,194,1,14529.69,0.15
3818,501621,81,3,15504.13,0.1
3819,501621,155,2,51623.31,0.1
3820,501622,97,1,9014.15,0.0
3821,501622,25,4,28894.26,0.0
3822,501622,150,1,23255.73,0.1
3823,501622,32,1,30436.6,0.0
3824,501623,11,2,10297.51,0.1
3825,501623,91,1,37325.93,0.05
3826,501624,138,1,5148.37,0.15
3827,501624,158,1,17301.25,0.05
3828,501624,133,1,18726.1,0.1
3829,501625,133,2,18726.1,0.15
3830,501625,178,1,16239.3,0.15
3831,501626,139,4,36696.68,0.1
3832,501626,95,1,7858.6,0.05
3833,501626,50,3,37071.05,0.1
3834,501627,146,4,4466.06,0.1
3835,501627,136,3,48294.58,0.15
3836,501628,67,3,32514.47,0.2
3837,501628,22,1,20749.3,0.1
3838,501629,80,2,26747.7,0.1
3839,501629,57,4,1412.7,0.2
3840,501630,106,2,49815.63,0.1
3841,501630,140,1,19515.46,0.1
3842,501631,6,3,15719.14,0.15
3843,501631,54,3,28353.11,0.05
3844,501631,60,3,42396.67,0.15
3845,501631,24,1,29412.47,0.1
3846,501631,153,3,34143.04,0.0
3847,501632,120,4,14551.18,0.1
3848,501632,43,4,25517.07,0.0
3849,501632,13,4,41294.2,0.1
3850,501632,164,1,54714.33,0.0
3851,501633,177,1,7521.62,0.1
3852,501634,93,1,33594.98,0.1
3853,501635,89,2,2812.94,0.05
3854,501636,74,2,9594.57,0.05
3855,501637,184,4,46019.64,0.05
3856,501637,37,1,8747.32,0.05
3857,501638,145,3,5674.44,0.1
3858,501638,146,2,4466.06,0.0
3859,501639,50,1,37071.05,0.15
3860,501640,70,3,9185.74,0.0
3861,501640,145,4,5674.44,0.15
3862,501640,171,1,22643.94,0.05
3863,501640,30,3,8599.09,0.0
3864,501640,9,1,26670.95,0.05
3865,501641,29,4,40427.0,0.0
3866,501641,99,1,51437.59,0.15
3867,501641,105,3,28367.27,0.0
3868,501642,167,4,1520.89,0.0
3869,501643,140,2,19515.46,0.0
3870,501643,90,4,42489.82,0.0
3871,501643,193,1,1419.66,0.2
3872,501644,140,3,19515.46,0.05
3873,501644,180,3,6088.9,0.2
3874,501645,187,3,50291.33,0.15
3875,501645,159,2,25532.77,0.1
3876,501645,105,3,28367.27,0.0
3877,501646,198,1,44779.95,0.1
3878,501646,126,4,4890.52,0.1
3879,501647,18,1,17846.96,0.05
3880,501648,71,4,40831.91,0.1
3881,501648,57,3,1412.7,0.0
3882,501649,76,4,1551.17,0.05
3883,501649,93,2,33594.98,0.2
3884,501649,198,4,44779.95,0.1
3885,501649,73,2,32339.91,0.0
3886,501649,57,2,1412.7,0.0
3887,501650,91,1,37325.93,0.05
3888,501650,85,2,30473.88,0.15
3889,501650,49,3,33529.65,0.0
3890,501651,87,2,3216.87,0.0
3891,501651,88,1,22349.99,0.15
3892,501651,89,2,2812.94,0.0
3893,501652,102,1,25753.85,0.0
3894,501652,143,4,8499.37,0.0
3895,501652,80,2,26747.7,0.1
3896,501652,85,3,30473.88,0.15
3897,501653,92,1,38084.76,0.0
3898,501653,39,4,42117.5,0.1
3899,501653,199,4,40427.21,0.05
3900,501653,129,4,39450.63,0.0
3901,501654,112,2,22042.94,0.1
3902,501654,115,4,2799.41,0.0
3903,501654,51,1,42529.03,0.0
3904,501654,27,2,52025.44,0.0
3905,501655,153,1,34143.04,0.15
3906,501656,73,1,32339.91,0.05
3907,501657,175,1,7528.69,0.05
3908,501657,59,4,542.46,0.05
3909,501657,169,4,42129.24,0.0
3910,501658,187,4,50291.33,0.2
3911,501658,82,4,26994.56,0.05
3912,501658,136,2,48294.58,0.0
3913,501658,127,1,16509.71,0.0
3914,501658,14,3,28958.7,0.1
3915,501659,99,1,51437.59,0.0
3916,501659,190,2,52000.43,0.05
3917,501660,4,1,4600.28,0.0
3918,501660,18,2,17846.96,0.15
3919,501660,21,1,873.24,0.0
3920,501660,175,4,7528.69,0.1
3921,501660,69,1,20234.72,0.0
3922,501661,128,3,39089.34,0.05
3923,501661,83,4,10948.99,0.15
3924,501661,62,2,3498.04,0.05
3925,501662,194,3,14529.69,0.2
3926,501663,97,1,9014.15,0.2
3927,501663,34,2,15395.87,0.05
3928,501663,77,1,45039.66,0.1
3929,501663,110,2,13452.58,0.05
3930,501664,57,1,1412.7,0.15
3931,501664,124,4,16664.22,0.2
3932,501664,130,4,1826.9,0.2
3933,501664,178,4,16239.3,0.1
3934,501665,23,1,45229.71,0.15
3935,501665,139,2,36696.68,0.05
3936,501666,22,3,20749.3,0.05
3937,501666,191,2,39507.0,0.0
3938,501666,124,4,16664.22,0.15
3939,501667,6,4,15719.14,0.1
3940,501667,75,3,7343.48,0.0
3941,501668,195,1,39570.05,0.0
3942,501668,143,2,8499.37,0.0
3943,501669,138,4,5148.37,0.1
3944,501669,144,2,43009.16,0.05
3945,501670,121,2,43178.12,0.15
3946,501670,53,1,41659.1,0.0
3947,501671,56,1,31457.37,0.05
3948,501671,134,3,24171.94,0.1
3949,501671,130,1,1826.9,0.1
3950,501672,177,4,7521.62,0.05
3951,501673,42,1,17076.73,0.05
3952,501674,194,4,14529.69,0.1
3953,501675,189,1,36176.21,0.1
3954,501675,44,3,23585.72,0.0
3955,501676,134,4,24171.94,0.05
3956,501676,132,2,47935.67,0.05
3957,501677,145,1,5674.44,0.1
3958,501677,111,2,41282.72,0.0
3959,501678,100,4,46791.69,0.0
3960,501678,40,2,12159.56,0.1
3961,501679,76,2,1551.17,0.05
3962,501680,155,3,51623.31,0.1
3963,501680,182,4,25258.66,0.1
3964,501680,96,3,33785.82,0.2
3965,501681,152,1,47494.55,0.0
3966,501681,117,1,5573.85,0.05
3967,501681,21,4,873.24,0.0
3968,501682,41,4,790.54,0.2
3969,501682,47,2,7728.9,0.15
3970,501682,103,2,33485.32,0.1
3971,501683,113,3,20936.8,0.0
3972,501684,67,4,32514.47,0.15
3973,501684,173,1,31442.32,0.15
3974,501684,167,2,1520.89,0.05
3975,501685,77,1,45039.66,0.05
3976,501685,173,4,31442.32,0.0
3977,501686,174,3,3057.35,0.1
3978,501686,172,3,35356.68,0.0
3979,501686,53,1,41659.1,0.0
3980,501687,168,1,9316.31,0.2
3981,501688,169,1,42129.24,0.2
3982,501688,138,3,5148.37,0.15
3983,501688,135,3,25804.56,0.2
3984,501689,134,3,24171.94,0.05
3985,501689,37,1,8747.32,0.1
3986,501689,97,3,9014.15,0.1
3987,501689,83,1,10948.99,0.0
3988,501689,96,1,33785.82,0.15
3989,501690,47,4,7728.9,0.1
3990,501690,57,4,1412.7,0.05
3991,501690,138,1,5148.37,0.15
3992,501690,4,1,4600.28,0.1
3993,501691,21,1,873.24,0.05
3994,501691,188,3,6070.27,0.05
3995,501691,27,4,52025.44,0.15
3996,501691,172,4,35356.68,0.0
3997,501692,81,4,15504.13,0.15
3998,501693,138,4,5148.37,0.05
3999,501693,39,4,42117.5,0.2
4000,501694,194,1,14529.69,0.1
4001,501695,172,2,35356.68,0.15
4002,501695,8,2,16654.82,0.15
4003,501696,118,4,47968.75,0.2
4004,501696,185,2,11835.89,0.15
4005,501696,38,1,33762.69,0.0
4006,501697,181,1,20017.36,0.05
4007,501697,54,3,28353.11,0.05
4008,501697,87,1,3216.87,0.1
4009,501698,91,3,37325.93,0.0
4010,501698,86,1,25389.28,0.1
4011,501698,97,2,9014.15,0.0
4012,501698,66,4,7626.75,0.15
4013,501698,190,2,52000.43,0.2
4014,501699,139,1,36696.68,0.0
4015,501699,181,1,20017.36,0.15
4016,501699,190,2,52000.43,0.15
4017,501699,79,1,36534.8,0.0
4018,501699,123,1,44154.33,0.05
4019,501700,23,1,45229.71,0.1
4020,501701,80,4,26747.7,0.05
4021,501701,35,3,3103.89,0.1
4022,501701,144,3,43009.16,0.2
4023,501701,181,4,20017.36,0.0
4024,501702,91,2,37325.93,0.2
4025,501702,119,2,20465.15,0.05
4026,501702,150,2,23255.73,0.15
4027,501702,52,3,43157.07,0.15
4028,501703,170,3,31500.56,0.05
4029,501703,117,4,5573.85,0.0
4030,501703,22,4,20749.3,0.2
4031,501704,149,4,33795.66,0.2
4032,501705,200,4,20741.6,0.15
4033,501706,124,3,16664.22,0.0
4034,501706,32,2,30436.6,0.05
4035,501707,180,1,6088.9,0.15
4036,501708,99,4,51437.59,0.0
4037,501709,173,1,31442.32,0.0
4038,501710,114,4,24883.58,0.1
4039,501710,170,1,31500.56,0.2
4040,501711,84,2,26499.83,0.1
4041,501711,24,4,29412.47,0.1
4042,501712,132,2,47935.67,0.0
4043,501713,58,3,38058.28,0.05
4044,501713,48,4,32151.32,0.15
4045,501713,122,1,7953.1,0.0
4046,501713,110,1,13452.58,0.05
4047,501714,26,1,13443.96,0.05
4048,501715,12,4,8809.95,0.05
4049,501715,46,4,6300.09,0.0
4050,501716,124,4,16664.22,0.0
4051,501716,195,4,39570.05,0.2
4052,501717,121,3,43178.12,0.1
4053,501717,26,2,13443.96,0.1
4054,501718,146,4,4466.06,0.05
4055,501718,126,3,4890.52,0.1
4056,501719,13,3,41294.2,0.15
4057,501719,190,1,52000.43,0.0
4058,501719,76,1,1551.17,0.1
4059,501720,98,3,35512.2,0.0
4060,501720,195,1,39570.05,0.0
4061,501721,15,1,13558.11,0.15
4062,501722,26,4,13443.96,0.0
4063,501722,20,2,27803.61,0.1
4064,501723,115,2,2799.41,0.05
4065,501724,13,2,41294.2,0.0
4066,501724,63,2,14212.89,0.0
4067,501724,154,3,24420.47,0.2
4068,501724,182,3,25258.66,0.0
4069,501724,60,2,42396.67,0.0
4070,501725,103,1,33485.32,0.05
4071,501725,113,4,20936.8,0.0
4072,501726,57,3,1412.7,0.1
4073,501727,136,1,48294.58,0.0
4074,501727,123,3,44154.33,0.1
4075,501727,147,4,51028.85,0.0
4076,501728,58,4,38058.28,0.1
4077,501728,182,1,25258.66,0.1
4078,501728,110,3,13452.58,0.0
4079,501729,146,3,4466.06,0.1
4080,501729,145,1,5674.44,0.05
4081,501730,140,2,19515.46,0.05
4082,501730,166,3,16527.13,0.05
4083,501730,50,2,37071.05,0.05
4084,501730,199,4,40427.21,0.15
4085,501730,135,1,25804.56,0.15
4086,501731,95,3,7858.6,0.0
4087,501731,82,3,26994.56,0.2
4088,501732,10,3,34430.26,0.1
4089,501733,25,2,28894.26,0.05
4090,501733,162,4,16150.96,0.1
4091,501733,79,2,36534.8,0.15
4092,501734,181,3,20017.36,0.1
4093,501734,177,4,7521.62,0.05
4094,501734,166,4,16527.13,0.1
4095,501734,68,3,731.88,0.15
4096,501735,158,3,17301.25,0.05
4097,501736,184,4,46019.64,0.2
4098,501737,128,2,39089.34,0.05
4099,501737,168,3,9316.31,0.0
4100,501738,56,3,31457.37,0.15
4101,501738,118,1,47968.75,0.0
4102,501738,102,2,25753.85,0.05
4103,501739,105,4,28367.27,0.05
4104,501740,152,4,47494.55,0.1
4105,501740,146,3,4466.06,0.0
4106,501740,84,4,26499.83,0.1
4107,501740,61,2,23045.67,0.2
4108,501740,44,2,23585.72,0.1
4109,501741,186,3,13953.35,0.15
4110,501742,23,2,45229.71,0.0
4111,501742,6,3,15719.14,0.05
4112,501742,29,3,40427.0,0.0
4113,501743,72,3,33843.05,0.0
4114,501743,32,4,30436.6,0.0
4115,501743,6,4,15719.14,0.0
4116,501743,5,1,32053.9,0.0
4117,501744,61,3,23045.67,0.1
4118,501745,61,3,23045.67,0.1
4119,501745,199,4,40427.21,0.15
4120,501746,192,2,906.98,0.0
4121,501747,159,4,25532.77,0.0
4122,501747,9,1,26670.95,0.1
4123,501747,90,1,42489.82,0.1
4124,501748,84,2,26499.83,0.05
4125,501748,110,3,13452.58,0.15
4126,501749,18,4,17846.96,0.15
4127,501749,90,2,42489.82,0.2
4128,501749,198,2,44779.95,0.15
4129,501750,157,4,26053.23,0.1
4130,501750,112,1,22042.94,0.0
4131,501751,170,1,31500.56,0.0
4132,501751,143,2,8499.37,0.2
4133,501752,73,4,32339.91,0.1
4134,501753,143,3,8499.37,0.15
4135,501754,63,1,14212.89,0.05
4136,501754,156,4,9479.93,0.1
4137,501755,50,3,37071.05,0.05
4138,501755,166,1,16527.13,0.1
4139,501755,161,1,45736.6,0.1
4140,501755,171,2,22643.94,0.0
4141,501756,180,2,6088.9,0.15
4142,501756,94,2,30089.86,0.0
4143,501756,114,4,24883.58,0.1
4144,501757,90,2,42489.82,0.0
4145,501757,183,1,2591.66,0.15
4146,501758,24,2,29412.47,0.05
4147,501758,13,2,41294.2,0.2
4148,501758,99,4,51437.59,0.2
4149,501758,74,3,9594.57,0.1
4150,501758,125,1,41076.3,0.1
4151,501759,68,4,731.88,0.1
4152,501760,90,1,42489.82,0.2
4153,501760,91,2,37325.93,0.0
4154,501760,41,3,790.54,0.05
4155,501760,188,2,6070.27,0.1
4156,501760,184,2,46019.64,0.1
4157,501761,70,4,9185.74,0.0
4158,501762,90,2,42489.82,0.0
4159,501763,5,4,32053.9,0.1
4160,501763,95,4,7858.6,0.05
4161,501763,156,2,9479.93,0.1
4162,501763,70,4,9185.74,0.0
4163,501764,126,2,4890.52,0.15
4164,501764,64,4,23845.3,0.0
4165,501765,69,2,20234.72,0.1
4166,501765,97,4,9014.15,0.0
4167,501765,141,1,9199.37,0.0
4168,501765,27,2,52025.44,0.1
4169,501766,132,3,47935.67,0.0
4170,501766,169,2,42129.24,0.05
4171,501766,53,3,41659.1,0.05
4172,501767,6,3,15719.14,0.2
4173,501768,167,3,1520.89,0.05
4174,501769,74,2,9594.57,0.05
4175,501769,71,3,40831.91,0.15
4176,501770,91,4,37325.93,0.15
4177,501770,74,3,9594.57,0.0
4178,501771,37,1,8747.32,0.1
4179,501771,189,2,36176.21,0.05
4180,501772,170,1,31500.56,0.05
4181,501773,92,2,38084.76,0.15
4182,501774,93,2,33594.98,0.0
4183,501774,198,1,44779.95,0.1
4184,501775,145,1,5674.44,0.05
4185,501776,100,1,46791.69,0.1
4186,501776,87,1,3216.87,0.2
4187,501777,130,4,1826.9,0.1
4188,501778,137,3,11644.84,0.05
4189,501778,101,4,36836.08,0.15
4190,501778,185,4,11835.89,0.1
4191,501778,78,4,9475.8,0.05
4192,501779,84,4,26499.83,0.0
4193,501779,125,2,41076.3,0.15
4194,501779,57,3,1412.7,0.05
4195,501780,77,4,45039.66,0.05
4196,501781,82,2,26994.56,0.05
4197,501781,96,4,33785.82,0.1
4198,501781,176,1,42034.94,0.1
4199,501782,98,3,35512.2,0.1
4200,501782,126,2,4890.52,0.1
4201,501783,143,2,8499.37,0.2
4202,501783,65,3,26891.02,0.15
4203,501784,116,1,16741.69,0.05
4204,501785,93,1,33594.98,0.05
4205,501785,49,3,33529.65,0.1
4206,501786,85,2,30473.88,0.05
4207,501786,133,4,18726.1,0.1
4208,501786,56,2,31457.37,0.0
4209,501786,118,3,47968.75,0.05
4210,501787,50,1,37071.05,0.0
4211,501788,91,4,37325.93,0.05
4212,501788,55,3,45214.9,0.0
4213,501788,164,4,54714.33,0.0
4214,501789,60,2,42396.67,0.05
4215,501790,20,4,27803.61,0.1
4216,501790,196,2,8761.57,0.0
4217,501791,185,2,11835.89,0.0
4218,501791,177,4,7521.62,0.2
4219,501792,71,4,40831.91,0.0
4220,501793,126,3,4890.52,0.15
4221,501794,33,3,15090.93,0.05
4222,501794,63,1,14212.89,0.0
4223,501795,99,1,51437.59,0.05
4224,501795,25,3,28894.26,0.1
4225,501796,3,2,2440.7,0.0
4226,501796,105,2,28367.27,0.05
4227,501796,81,3,15504.13,0.05
4228,501796,102,2,25753.85,0.05
4229,501797,159,4,25532.77,0.05
4230,501797,90,3,42489.82,0.15
4231,501797,67,3,32514.47,0.05
4232,501798,190,4,52000.43,0.15
4233,501798,141,4,9199.37,0.05
4234,501798,87,4,3216.87,0.0
4235,501798,27,2,52025.44,0.05
4236,501799,103,2,33485.32,0.15
4237,501799,196,2,8761.57,0.1
4238,501799,48,3,32151.32,0.1
4239,501799,87,1,3216.87,0.1
4240,501800,163,3,1143.45,0.0
4241,501801,101,3,36836.08,0.15
4242,501801,74,4,9594.57,0.0
4243,501801,189,1,36176.21,0.05
4244,501801,106,4,49815.63,0.1
4245,501802,93,1,33594.98,0.15
4246,501802,131,4,935.86,0.0
4247,501802,107,2,13631.76,0.2
4248,501802,86,1,25389.28,0.05
4249,501802,197,1,20725.99,0.0
4250,501803,134,4,24171.94,0.1
4251,501803,95,2,7858.6,0.0
4252,501804,84,3,26499.83,0.15
4253,501804,22,4,20749.3,0.05
4254,501804,98,1,35512.2,0.15
4255,501805,118,3,47968.75,0.0
4256,501805,158,3,17301.25,0.1
4257,501806,112,4,22042.94,0.05
4258,501807,35,1,3103.89,0.2
4259,501808,2,3,42946.4,0.0
4260,501809,179,4,47254.91,0.2
4261,501809,146,3,4466.06,0.1
4262,501810,150,4,23255.73,0.1
4263,501810,42,3,17076.73,0.15
4264,501810,131,2,935.86,0.0
4265,501811,73,4,32339.91,0.15
4266,501812,7,2,32012.11,0.0
4267,501813,108,1,22454.46,0.2
4268,501814,72,4,33843.05,0.1
4269,501814,91,1,37325.93,0.0
4270,501814,173,4,31442.32,0.0
4271,501814,154,3,24420.47,0.0
4272,501814,134,3,24171.94,0.0
4273,501815,42,2,17076.73,0.2
4274,501815,65,1,26891.02,0.1
4275,501815,22,2,20749.3,0.15
4276,501816,144,4,43009.16,0.05
4277,501817,145,4,5674.44,0.05
4278,501817,129,2,39450.63,0.1
4279,501817,36,3,32323.45,0.0
4280,501818,133,1,18726.1,0.0
4281,501818,18,3,17846.96,0.2
4282,501818,194,1,14529.69,0.0
4283,501818,102,4,25753.85,0.1
4284,501819,15,1,13558.11,0.1
4285,501819,130,4,1826.9,0.1
4286,501819,76,2,1551.17,0.1
4287,501820,153,2,34143.04,0.05
4288,501820,91,2,37325.93,0.0
4289,501820,132,1,47935.67,0.15
4290,501820,162,3,16150.96,0.0
4291,501821,182,2,25258.66,0.1
4292,501821,97,3,9014.15,0.2
4293,501822,19,3,21391.84,0.15
4294,501823,170,1,31500.56,0.15
4295,501823,13,4,41294.2,0.2
4296,501823,39,4,42117.5,0.05
4297,501823,36,4,32323.45,0.05
4298,501824,53,2,41659.1,0.0
4299,501824,71,3,40831.91,0.05
4300,501824,179,2,47254.91,0.15
4301,501824,189,4,36176.21,0.05
4302,501825,65,4,26891.02,0.0
4303,501826,6,3,15719.14,0.2
4304,501826,125,1,41076.3,0.0
4305,501827,31,1,31665.76,0.1
4306,501827,162,4,16150.96,0.0
4307,501828,151,4,15178.52,0.0
4308,501828,111,4,41282.72,0.1
4309,501829,30,4,8599.09,0.05
4310,501829,107,4,13631.76,0.2
4311,501830,130,4,1826.9,0.0
4312,501831,117,4,5573.85,0.05
4313,501831,142,2,32662.03,0.05
4314,501832,27,2,52025.44,0.2
4315,501833,14,4,28958.7,0.0
4316,501834,26,3,13443.96,0.0
4317,501834,89,3,2812.94,0.2
4318,501835,11,1,10297.51,0.15
4319,501835,123,4,44154.33,0.1
4320,501836,108,3,22454.46,0.0
4321,501836,154,2,24420.47,0.1
4322,501837,19,3,21391.84,0.15
4323,501838,44,4,23585.72,0.05
4324,501838,28,4,34955.61,0.05
4325,501839,160,2,24067.85,0.05
4326,501840,158,2,17301.25,0.0
4327,501841,26,4,13443.96,0.05
4328,501841,166,4,16527.13,0.2
4329,501841,152,2,47494.55,0.1
4330,501842,200,1,20741.6,0.1
4331,501842,56,4,31457.37,0.15
4332,501842,84,3,26499.83,0.05
4333,501843,14,1,28958.7,0.2
4334,501843,152,2,47494.55,0.05
4335,501844,196,3,8761.57,0.2
4336,501844,42,2,17076.73,0.15
4337,501844,98,4,35512.2,0.1
4338,501845,89,1,2812.94,0.15
4339,501845,148,1,30748.98,0.0
4340,501846,21,1,873.24,0.15
4341,501847,10,3,34430.26,0.1
4342,501847,145,2,5674.44,0.0
4343,501848,46,2,6300.09,0.15
4344,501848,8,1,16654.82,0.2
4345,501848,60,3,42396.67,0.1
4346,501849,160,1,24067.85,0.2
4347,501849,35,2,3103.89,0.0
4348,501850,194,3,14529.69,0.2
4349,501850,80,2,26747.7,0.15
4350,501850,105,3,28367.27,0.0
4351,501851,63,1,14212.89,0.1
4352,501851,59,2,542.46,0.0
4353,501851,113,3,20936.8,0.1
4354,501851,34,3,15395.87,0.1
4355,501852,57,3,1412.7,0.05
4356,501853,128,1,39089.34,0.0
4357,501853,86,4,25389.28,0.05
4358,501853,172,2,35356.68,0.1
4359,501853,140,3,19515.46,0.0
4360,501854,67,4,32514.47,0.1
4361,501854,40,2,12159.56,0.1
4362,501854,100,4,46791.69,0.15
4363,501855,198,4,44779.95,0.15
4364,501855,22,4,20749.3,0.15
4365,501856,178,3,16239.3,0.15
4366,501856,33,1,15090.93,0.0
4367,501857,169,3,42129.24,0.05
4368,501857,174,3,3057.35,0.0
4369,501858,63,3,14212.89,0.1
4370,501859,146,1,4466.06,0.05
4371,501860,34,3,15395.87,0.1
4372,501860,86,2,25389.28,0.1
4373,501861,116,1,16741.69,0.1
4374,501862,177,4,7521.62,0.15
4375,501863,192,1,906.98,0.15
4376,501864,27,4,52025.44,0.15
4377,501864,62,4,3498.04,0.05
4378,501864,39,2,42117.5,0.0
4379,501864,25,3,28894.26,0.0
4380,501864,6,4,15719.14,0.0
4381,501865,48,4,32151.32,0.0
4382,501866,60,2,42396.67,0.05
4383,501866,36,1,32323.45,0.1
4384,501866,73,4,32339.91,0.1
4385,501866,196,3,8761.57,0.0
4386,501866,153,1,34143.04,0.15
4387,501867,50,1,37071.05,0.0
4388,501867,71,1,40831.91,0.15
4389,501868,152,2,47494.55,0.0
4390,501869,58,4,38058.28,0.0
4391,501870,168,4,9316.31,0.05
4392,501871,121,4,43178.12,0.15
4393,501871,73,1,32339.91,0.0
4394,501872,66,2,7626.75,0.1
4395,501873,118,1,47968.75,0.1
4396,501873,35,1,3103.89,0.05
4397,501873,160,3,24067.85,0.1
4398,501873,1,3,45769.48,0.0
4399,501874,157,2,26053.23,0.05
4400,501874,161,3,45736.6,0.1
4401,501875,141,4,9199.37,0.05
4402,501875,65,3,26891.02,0.05
4403,501876,200,4,20741.6,0.15
4404,501876,115,1,2799.41,0.0
4405,501877,66,4,7626.75,0.05
4406,501877,10,2,34430.26,0.0
4407,501877,130,1,1826.9,0.05
4408,501878,126,4,4890.52,0.0
4409,501878,156,1,9479.93,0.0
4410,501878,106,4,49815.63,0.15
4411,501878,191,2,39507.0,0.1
4412,501878,185,2,11835.89,0.1
4413,501879,116,4,16741.69,0.1
4414,501879,4,2,4600.28,0.05
4415,501880,32,3,30436.6,0.05
4416,501880,43,2,25517.07,0.1
4417,501881,24,3,29412.47,0.1
4418,501881,56,1,31457.37,0.05
4419,501881,196,4,8761.57,0.2
4420,501881,181,3,20017.36,0.0
4421,501881,96,2,33785.82,0.1
4422,501882,136,1,48294.58,0.0
4423,501882,47,3,7728.9,0.1
4424,501882,6,1,15719.14,0.0
4425,501882,66,2,7626.75,0.15
4426,501882,181,4,20017.36,0.1
4427,501883,166,1,16527.13,0.2
4428,501883,48,3,32151.32,0.0
4429,501883,49,1,33529.65,0.0
4430,501884,76,1,1551.17,0.0
4431,501884,198,3,44779.95,0.05
4432,501884,157,4,26053.23,0.2
4433,501885,192,3,906.98,0.0
4434,501885,136,2,48294.58,0.05
4435,501886,124,2,16664.22,0.1
4436,501886,194,3,14529.69,0.2
4437,501887,151,2,15178.52,0.0
4438,501887,195,2,39570.05,0.0
4439,501888,183,4,2591.66,0.05
4440,501888,132,1,47935.67,0.1
4441,501889,196,3,8761.57,0.05
4442,501889,25,3,28894.26,0.05
4443,501889,123,3,44154.33,0.05
4444,501889,140,4,19515.46,0.1
4445,501890,73,4,32339.91,0.05
4446,501890,182,3,25258.66,0.0
4447,501891,71,1,40831.91,0.1
4448,501891,154,1,24420.47,0.05
4449,501892,162,2,16150.96,0.2
4450,501892,66,3,7626.75,0.15
4451,501892,95,1,7858.6,0.1
4452,501893,42,4,17076.73,0.0
4453,501894,104,4,17663.08,0.1
4454,501894,32,2,30436.6,0.1
4455,501895,30,4,8599.09,0.1
4456,501895,77,2,45039.66,0.0
4457,501895,118,2,47968.75,0.0
4458,501896,166,2,16527.13,0.2
4459,501897,184,2,46019.64,0.05
4460,501898,121,2,43178.12,0.1
4461,501899,7,4,32012.11,0.0
4462,501900,49,2,33529.65,0.0
4463,501900,165,4,6409.81,0.1
4464,501901,14,4,28958.7,0.1
4465,501901,27,3,52025.44,0.1
4466,501901,108,3,22454.46,0.1
4467,501902,71,1,40831.91,0.0
4468,501902,156,4,9479.93,0.0
4469,501903,130,4,1826.9,0.05
4470,501903,9,2,26670.95,0.15
4471,501903,95,1,7858.6,0.0
4472,501904,60,1,42396.67,0.15
4473,501905,84,1,26499.83,0.0
4474,501905,100,2,46791.69,0.05
4475,501905,19,1,21391.84,0.2
4476,501905,65,4,26891.02,0.1
4477,501906,145,3,5674.44,0.1
4478,501906,109,4,20240.83,0.2
4479,501907,46,1,6300.09,0.1
4480,501907,15,2,13558.11,0.15
4481,501907,121,2,43178.12,0.15
4482,501908,16,1,17752.56,0.05
4483,501909,132,3,47935.67,0.05
4484,501909,181,3,20017.36,0.15
4485,501909,9,3,26670.95,0.1
4486,501910,154,3,24420.47,0.0
4487,501910,87,4,3216.87,0.1
4488,501911,10,2,34430.26,0.0
4489,501911,3,1,2440.7,0.2
4490,501911,140,3,19515.46,0.15
4491,501911,171,2,22643.94,0.0
4492,501911,77,3,45039.66,0.0
4493,501912,95,4,7858.6,0.0
4494,501912,75,1,7343.48,0.0
4495,501913,104,4,17663.08,0.1
4496,501913,13,3,41294.2,0.05
4497,501913,64,4,23845.3,0.15
4498,501913,110,1,13452.58,0.05
4499,501914,142,1,32662.03,0.05
4500,501914,42,4,17076.73,0.0
4501,501915,128,1,39089.34,0.05
4502,501916,28,4,34955.61,0.1
4503,501916,101,3,36836.08,0.1
4504,501916,90,2,42489.82,0.2
4505,501917,92,2,38084.76,0.05
4506,501918,129,4,39450.63,0.05
4507,501918,196,3,8761.57,0.1
4508,501918,148,3,30748.98,0.1
4509,501919,86,4,25389.28,0.0
4510,501919,9,4,26670.95,0.1
4511,501920,40,3,12159.56,0.1
4512,501920,45,4,19474.91,0.2
4513,501920,100,4,46791.69,0.0
4514,501921,79,4,36534.8,0.05
4515,501921,13,1,41294.2,0.2
4516,501922,72,3,33843.05,0.1
4517,501922,11,1,10297.51,0.0
4518,501923,127,2,16509.71,0.1
4519,501923,7,2,32012.11,0.05
4520,501923,98,1,35512.2,0.1
4521,501924,84,4,26499.83,0.15
4522,501924,86,1,25389.28,0.1
4523,501924,62,3,3498.04,0.1
4524,501925,120,3,14551.18,0.05
4525,501925,17,2,17031.55,0.1
4526,501925,193,3,1419.66,0.2
4527,501926,73,3,32339.91,0.0
4528,501926,111,1,41282.72,0.15
4529,501926,102,3,25753.85,0.15
4530,501927,115,4,2799.41,0.1
4531,501927,63,4,14212.89,0.15
4532,501928,134,3,24171.94,0.0
4533,501928,105,2,28367.27,0.05
4534,501928,57,1,1412.7,0.05
4535,501929,100,3,46791.69,0.2
4536,501929,132,1,47935.67,0.15
4537,501930,94,2,30089.86,0.05
4538,501931,83,1,10948.99,0.05
4539,501931,9,1,26670.95,0.1
4540,501931,98,3,35512.2,0.0
4541,501932,177,2,7521.62,0.05
4542,501932,59,1,542.46,0.05
4543,501933,162,1,16150.96,0.2
4544,501933,129,2,39450.63,0.1
4545,501933,152,3,47494.55,0.1
4546,501933,189,3,36176.21,0.0
4547,501934,86,1,25389.28,0.15
4548,501934,90,1,42489.82,0.15
4549,501934,111,2,41282.72,0.05
4550,501934,65,2,26891.02,0.1
4551,501934,30,4,8599.09,0.15
4552,501935,54,4,28353.11,0.2
4553,501935,118,3,47968.75,0.1
4554,501935,120,4,14551.18,0.1
4555,501935,40,1,12159.56,0.0
4556,501936,39,2,42117.5,0.0
4557,501936,28,2,34955.61,0.15
4558,501937,11,1,10297.51,0.1
4559,501937,73,1,32339.91,0.1
4560,501937,152,3,47494.55,0.15
4561,501938,34,1,15395.87,0.2
4562,501938,47,4,7728.9,0.0
4563,501939,83,4,10948.99,0.1
4564,501940,87,2,3216.87,0.1
4565,501940,92,1,38084.76,0.15
4566,501940,82,2,26994.56,0.15
4567,501941,42,1,17076.73,0.15
4568,501941,196,1,8761.57,0.0
4569,501941,31,1,31665.76,0.1
4570,501942,38,3,33762.69,0.05
4571,501943,123,2,44154.33,0.1
4572,501943,51,2,42529.03,0.1
4573,501943,155,3,51623.31,0.1
4574,501943,187,4,50291.33,0.0
4575,501944,89,3,2812.94,0.2
4576,501944,131,4,935.86,0.05
4577,501944,109,4,20240.83,0.0
4578,501944,65,1,26891.02,0.05
4579,501945,52,1,43157.07,0.05
4580,501945,192,1,906.98,0.1
4581,501946,112,3,22042.94,0.1
4582,501947,158,2,17301.25,0.1
4583,501947,131,3,935.86,0.0
4584,501947,85,4,30473.88,0.1
4585,501947,98,4,35512.2,0.05
4586,501948,115,4,2799.41,0.1
4587,501949,181,4,20017.36,0.1
4588,501950,143,1,8499.37,0.05
4589,501950,43,3,25517.07,0.15
4590,501951,163,2,1143.45,0.0
4591,501951,126,3,4890.52,0.1
4592,501951,183,3,2591.66,0.1
4593,501952,63,1,14212.89,0.0
4594,501952,106,3,49815.63,0.1
4595,501952,57,1,1412.7,0.05
4596,501953,127,1,16509.71,0.0
4597,501953,53,1,41659.1,0.1
4598,501953,148,1,30748.98,0.1
4599,501954,186,3,13953.35,0.0
4600,501954,61,3,23045.67,0.05
4601,501954,54,2,28353.11,0.1
4602,501954,140,3,19515.46,0.0
4603,501955,38,1,33762.69,0.05
4604,501955,68,1,731.88,0.2
4605,501955,109,3,20240.83,0.0
4606,501956,86,2,25389.28,0.15
4607,501956,49,3,33529.65,0.15
4608,501956,117,3,5573.85,0.1
4609,501957,67,1,32514.47,0.15
4610,501958,125,3,41076.3,0.05
4611,501958,26,1,13443.96,0.0
4612,501959,12,2,8809.95,0.05
4613,501959,137,1,11644.84,0.0
4614,501960,79,1,36534.8,0.15
4615,501961,151,3,15178.52,0.1
4616,501961,80,2,26747.7,0.1
4617,501962,61,3,23045.67,0.0
4618,501963,105,4,28367.27,0.2
4619,501964,17,4,17031.55,0.1
4620,501964,133,1,18726.1,0.0
4621,501965,70,2,9185.74,0.0
4622,501966,123,1,44154.33,0.1
4623,501967,189,4,36176.21,0.0
4624,501967,188,2,6070.27,0.05
4625,501967,192,1,906.98,0.0
4626,501968,29,1,40427.0,0.15
4627,501968,123,4,44154.33,0.0
4628,501968,144,3,43009.16,0.1
4629,501969,93,3,33594.98,0.1
4630,501969,192,3,906.98,0.1
4631,501969,143,3,8499.37,0.0
4632,501970,57,4,1412.7,0.0
4633,501971,119,1,20465.15,0.05
4634,501971,138,3,5148.37,0.0
4635,501971,4,1,4600.28,0.1
4636,501972,182,4,25258.66,0.1
4637,501972,43,4,25517.07,0.15
4638,501972,77,4,45039.66,0.1
4639,501973,89,2,2812.94,0.1
4640,501974,188,3,6070.27,0.15
4641,501975,110,4,13452.58,0.05
4642,501975,194,2,14529.69,0.1
4643,501976,159,2,25532.77,0.15
4644,501976,152,3,47494.55,0.1
4645,501977,89,3,2812.94,0.15
4646,501978,51,4,42529.03,0.0
4647,501979,52,4,43157.07,0.0
4648,501979,10,1,34430.26,0.1
4649,501980,167,2,1520.89,0.1
4650,501980,165,3,6409.81,0.0
4651,501981,3,4,2440.7,0.1
4652,501981,199,4,40427.21,0.0
4653,501982,24,4,29412.47,0.1
4654,501982,131,3,935.86,0.1
4655,501982,159,4,25532.77,0.2
4656,501982,121,3,43178.12,0.0
4657,501982,180,4,6088.9,0.0
4658,501983,109,4,20240.83,0.1
4659,501984,54,2,28353.11,0.2
4660,501984,199,3,40427.21,0.15
4661,501984,144,4,43009.16,0.0
4662,501985,154,4,24420.47,0.15
4663,501985,193,4,1419.66,0.1
4664,501986,41,1,790.54,0.05
4665,501986,36,4,32323.45,0.05
4666,501986,171,1,22643.94,0.0
4667,501987,126,4,4890.52,0.15
4668,501987,74,3,9594.57,0.1
4669,501987,123,1,44154.33,0.2
4670,501988,155,1,51623.31,0.2
4671,501988,56,3,31457.37,0.1
4672,501989,57,2,1412.7,0.15
4673,501989,150,4,23255.73,0.0
4674,501989,100,1,46791.69,0.2
4675,501990,26,4,13443.96,0.0
4676,501990,175,4,7528.69,0.1
4677,501990,5,2,32053.9,0.05
4678,501991,33,3,15090.93,0.15
4679,501991,23,3,45229.71,0.0
4680,501991,40,2,12159.56,0.0
4681,501992,179,1,47254.91,0.1
4682,501993,172,4,35356.68,0.0
4683,501993,188,4,6070.27,0.1
4684,501994,93,3,33594.98,0.0
4685,501994,158,2,17301.25,0.2
4686,501994,3,3,2440.7,0.05
4687,501994,66,2,7626.75,0.0
4688,501995,26,3,13443.96,0.15
4689,501995,182,4,25258.66,0.15
4690,501996,117,2,5573.85,0.1
4691,501997,44,4,23585.72,0.15
4692,501997,87,3,3216.87,0.1
4693,501997,80,2,26747.7,0.15
4694,501997,12,3,8809.95,0.05
4695,501997,191,2,39507.0,0.15
4696,501998,150,2,23255.73,0.1
4697,501998,119,2,20465.15,0.05
4698,501998,29,2,40427.0,0.15
4699,501998,188,3,6070.27,0.0
4700,501998,135,2,25804.56,0.05
4701,501999,108,3,22454.46,0.0
4702,501999,162,2,16150.96,0.0
4703,502000,53,3,41659.1,0.15
4704,502000,125,2,41076.3,0.0
4705,502001,173,1,31442.32,0.0
4706,502002,165,2,6409.81,0.1
4707,502002,127,3,16509.71,0.15
4708,502003,93,4,33594.98,0.0
4709,502003,178,2,16239.3,0.1
4710,502003,52,4,43157.07,0.15
4711,502003,22,4,20749.3,0.2
4712,502003,25,1,28894.26,0.1
4713,502004,89,2,2812.94,0.05
4714,502005,190,1,52000.43,0.2
4715,502005,159,1,25532.77,0.15
4716,502006,150,2,23255.73,0.0
4717,502006,58,3,38058.28,0.05
4718,502006,31,3,31665.76,0.0
4719,502006,157,4,26053.23,0.0
4720,502007,105,3,28367.27,0.15
4721,502007,182,2,25258.66,0.05
4722,502008,137,2,11644.84,0.0
4723,502008,7,4,32012.11,0.1
4724,502008,46,3,6300.09,0.15
4725,502008,102,1,25753.85,0.05
4726,502008,113,3,20936.8,0.2
4727,502009,195,2,39570.05,0.0
4728,502009,88,1,22349.99,0.1
4729,502010,37,1,8747.32,0.05
4730,502011,142,3,32662.03,0.15
4731,502011,76,1,1551.17,0.1
4732,502011,39,3,42117.5,0.0
4733,502011,6,4,15719.14,0.1
4734,502011,87,2,3216.87,0.1
4735,502012,52,2,43157.07,0.0
4736,502013,199,4,40427.21,0.1
4737,502013,94,1,30089.86,0.0
4738,502013,148,3,30748.98,0.1
4739,502014,106,4,49815.63,0.0
4740,502015,3,4,2440.7,0.2
4741,502015,88,4,22349.99,0.05
4742,502015,13,2,41294.2,0.1
4743,502016,84,4,26499.83,0.1
4744,502017,177,4,7521.62,0.1
4745,502017,145,4,5674.44,0.1
4746,502017,165,3,6409.81,0.0
4747,502018,106,3,49815.63,0.0
4748,502018,43,1,25517.07,0.1
4749,502018,142,2,32662.03,0.05
4750,502018,73,4,32339.91,0.0
4751,502018,185,3,11835.89,0.1
4752,502019,76,1,1551.17,0.05
4753,502020,150,1,23255.73,0.0
4754,502020,35,3,3103.89,0.0
4755,502021,185,3,11835.89,0.15
4756,502021,110,2,13452.58,0.05
4757,502021,30,1,8599.09,0.0
4758,502022,114,2,24883.58,0.1
4759,502022,68,4,731.88,0.0
4760,502022,71,3,40831.91,0.1
4761,502022,63,4,14212.89,0.1
4762,502022,87,3,3216.87,0.2
4763,502023,155,4,51623.31,0.15
4764,502023,12,3,8809.95,0.0
4765,502024,77,4,45039.66,0.1
4766,502024,163,1,1143.45,0.0
4767,502024,73,1,32339.91,0.1
4768,502024,154,4,24420.47,0.05
4769,502024,127,2,16509.71,0.05
4770,502025,53,3,41659.1,0.05
4771,502025,45,4,19474.91,0.0
4772,502025,70,3,9185.74,0.1
4773,502025,20,1,27803.61,0.05
4774,502026,12,1,8809.95,0.1
4775,502026,196,2,8761.57,0.15
4776,502026,34,4,15395.87,0.1
4777,502027,45,2,19474.91,0.1
4778,502027,79,2,36534.8,0.2
4779,502028,161,3,45736.6,0.0
4780,502028,138,3,5148.37,0.2
4781,502029,25,4,28894.26,0.1
4782,502029,122,3,7953.1,0.1
4783,502029,119,1,20465.15,0.15
4784,502030,154,2,24420.47,0.05
4785,502030,117,3,5573.85,0.1
4786,502030,55,1,45214.9,0.05
4787,502031,65,3,26891.02,0.15
4788,502032,29,3,40427.0,0.05
4789,502032,40,4,12159.56,0.1
4790,502033,97,2,9014.15,0.05
4791,502033,1,1,45769.48,0.15
4792,502033,184,4,46019.64,0.05
4793,502033,197,4,20725.99,0.05
4794,502034,110,3,13452.58,0.1
4795,502034,123,1,44154.33,0.0
4796,502035,50,2,37071.05,0.15
4797,502035,145,2,5674.44,0.15
4798,502036,188,2,6070.27,0.1
4799,502036,17,2,17031.55,0.0
4800,502037,120,4,14551.18,0.05
4801,502038,88,1,22349.99,0.05
4802,502039,20,2,27803.61,0.15
4803,502039,38,4,33762.69,0.1
4804,502040,182,3,25258.66,0.0
4805,502040,161,1,45736.6,0.1
4806,502040,55,2,45214.9,0.2
4807,502041,56,1,31457.37,0.1
4808,502041,126,1,4890.52,0.05
4809,502041,72,1,33843.05,0.05
4810,502042,26,1,13443.96,0.1
4811,502043,18,4,17846.96,0.2
4812,502043,124,4,16664.22,0.1
4813,502044,62,4,3498.04,0.15
4814,502044,82,4,26994.56,0.05
4815,502044,152,2,47494.55,0.15
4816,502045,161,4,45736.6,0.1
4817,502046,60,1,42396.67,0.0
4818,502046,13,4,41294.2,0.0
4819,502046,37,4,8747.32,0.0
4820,502046,99,2,51437.59,0.0
4821,502046,118,1,47968.75,0.1
4822,502047,140,3,19515.46,0.2
4823,502047,45,1,19474.91,0.2
4824,502047,143,4,8499.37,0.0
4825,502048,122,4,7953.1,0.1
4826,502048,163,4,1143.45,0.1
4827,502048,7,4,32012.11,0.1
4828,502048,98,1,35512.2,0.05
4829,502048,40,1,12159.56,0.15
4830,502049,133,2,18726.1,0.1
4831,502049,43,1,25517.07,0.05
4832,502049,44,2,23585.72,0.1
4833,502050,193,2,1419.66,0.1
4834,502050,166,4,16527.13,0.2
4835,502050,188,2,6070.27,0.0
4836,502050,179,1,47254.91,0.05
4837,502050,40,3,12159.56,0.2
4838,502051,4,3,4600.28,0.1
4839,502051,63,2,14212.89,0.0
4840,502051,38,1,33762.69,0.2
4841,502052,170,2,31500.56,0.0
4842,502053,120,1,14551.18,0.1
4843,502053,11,1,10297.51,0.05
4844,502053,96,2,33785.82,0.15
4845,502054,39,2,42117.5,0.1
4846,502055,120,4,14551.18,0.1
4847,502055,104,4,17663.08,0.0
4848,502056,194,3,14529.69,0.0
4849,502056,77,4,45039.66,0.0
4850,502057,187,3,50291.33,0.05
4851,502057,130,2,1826.9,0.0
4852,502057,155,3,51623.31,0.15
4853,502058,64,2,23845.3,0.1
4854,502058,163,3,1143.45,0.05
4855,502058,179,3,47254.91,0.15
4856,502059,16,1,17752.56,0.0
4857,502059,140,1,19515.46,0.15
4858,502059,70,1,9185.74,0.05
4859,502059,176,2,42034.94,0.0
4860,502060,44,1,23585.72,0.05
4861,502061,112,2,22042.94,0.05
4862,502061,44,3,23585.72,0.2
4863,502061,171,2,22643.94,0.0
4864,502061,19,1,21391.84,0.2
4865,502061,159,4,25532.77,0.2
4866,502062,76,1,1551.17,0.0
4867,502062,172,3,35356.68,0.1
4868,502062,110,3,13452.58,0.1
4869,502063,95,2,7858.6,0.1
4870,502063,24,4,29412.47,0.05
4871,502064,123,2,44154.33,0.15
4872,502065,30,3,8599.09,0.1
4873,502065,46,1,6300.09,0.0
4874,502066,189,2,36176.21,0.05
4875,502067,58,2,38058.28,0.05
4876,502067,81,2,15504.13,0.05
4877,502068,143,4,8499.37,0.05
4878,502069,116,1,16741.69,0.15
4879,502069,157,3,26053.23,0.05
4880,502070,52,4,43157.07,0.1
4881,502070,161,2,45736.6,0.1
4882,502070,61,4,23045.67,0.0
4883,502071,85,2,30473.88,0.05
4884,502071,55,1,45214.9,0.1
4885,502072,64,2,23845.3,0.1
4886,502072,127,1,16509.71,0.05
4887,502072,172,1,35356.68,0.2
4888,502072,132,1,47935.67,0.0
4889,502073,61,3,23045.67,0.1
4890,502074,176,3,42034.94,0.1
4891,502074,116,1,16741.69,0.0
4892,502075,56,2,31457.37,0.05
4893,502075,168,1,9316.31,0.1
4894,502075,78,1,9475.8,0.0
4895,502075,15,4,13558.11,0.05
4896,502076,101,4,36836.08,0.0
4897,502076,29,3,40427.0,0.05
4898,502077,25,4,28894.26,0.0
4899,502077,32,3,30436.6,0.1
4900,502078,39,1,42117.5,0.15
4901,502078,139,4,36696.68,0.05
4902,502078,127,4,16509.71,0.1
4903,502078,145,4,5674.44,0.15
4904,502079,135,4,25804.56,0.15
4905,502079,173,3,31442.32,0.1
4906,502080,175,2,7528.69,0.1
4907,502080,57,2,1412.7,0.1
4908,502080,70,3,9185.74,0.05
4909,502080,107,3,13631.76,0.0
4910,502081,96,2,33785.82,0.0
4911,502081,79,4,36534.8,0.0
4912,502081,163,3,1143.45,0.0
4913,502081,17,3,17031.55,0.2
4914,502081,68,1,731.88,0.15
4915,502082,132,2,47935.67,0.2
4916,502083,197,3,20725.99,0.15
4917,502083,22,1,20749.3,0.1
4918,502083,56,2,31457.37,0.05
4919,502084,109,4,20240.83,0.0
4920,502084,43,3,25517.07,0.05
4921,502084,127,1,16509.71,0.0
4922,502085,141,2,9199.37,0.1
4923,502085,129,3,39450.63,0.1
4924,502085,109,4,20240.83,0.15
4925,502085,191,2,39507.0,0.05
4926,502085,185,1,11835.89,0.05
4927,502086,148,1,30748.98,0.0
4928,502086,49,4,33529.65,0.05
4929,502087,178,2,16239.3,0.1
4930,502087,99,1,51437.59,0.1
4931,502087,54,4,28353.11,0.05
4932,502088,102,2,25753.85,0.1
4933,502088,114,2,24883.58,0.15
4934,502089,174,1,3057.35,0.15
4935,502089,72,2,33843.05,0.05
4936,502090,119,3,20465.15,0.15
4937,502090,128,4,39089.34,0.15
4938,502090,21,4,873.24,0.1
4939,502091,118,2,47968.75,0.15
4940,502091,4,2,4600.28,0.1
4941,502091,47,3,7728.9,0.0
4942,502091,124,1,16664.22,0.1
4943,502091,182,3,25258.66,0.05
4944,502092,16,1,17752.56,0.1
4945,502093,113,1,20936.8,0.1
4946,502094,116,1,16741.69,0.1
4947,502094,5,2,32053.9,0.0
4948,502094,193,1,1419.66,0.1
4949,502094,82,1,26994.56,0.05
4950,502094,7,4,32012.11,0.0
4951,502095,164,1,54714.33,0.0
4952,502095,70,3,9185.74,0.15
4953,502096,94,2,30089.86,0.1
4954,502097,178,3,16239.3,0.2
4955,502097,193,3,1419.66,0.15
4956,502098,131,4,935.86,0.05
4957,502098,2,2,42946.4,0.05
4958,502098,191,2,39507.0,0.1
4959,502098,47,1,7728.9,0.05
4960,502099,83,2,10948.99,0.0
4961,502099,22,4,20749.3,0.0
4962,502099,187,2,50291.33,0.05
4963,502099,107,2,13631.76,0.2
4964,502099,9,4,26670.95,0.1
4965,502100,48,1,32151.32,0.2
4966,502100,182,4,25258.66,0.0
4967,502101,67,4,32514.47,0.1
4968,502101,65,4,26891.02,0.05
4969,502101,137,4,11644.84,0.1
4970,502102,160,1,24067.85,0.0
4971,502102,177,1,7521.62,0.15
4972,502103,148,1,30748.98,0.15
4973,502103,62,2,3498.04,0.0
4974,502104,103,3,33485.32,0.0
4975,502104,161,3,45736.6,0.05
4976,502104,44,2,23585.72,0.0
4977,502105,133,3,18726.1,0.0
4978,502106,200,3,20741.6,0.0
4979,502106,190,1,52000.43,0.05
4980,502107,123,3,44154.33,0.05
4981,502108,38,4,33762.69,0.1
4982,502109,31,3,31665.76,0.15
4983,502109,51,1,42529.03,0.05
4984,502110,188,1,6070.27,0.05
4985,502110,44,1,23585.72,0.0
4986,502110,61,4,23045.67,0.0
4987,502110,87,1,3216.87,0.1
4988,502110,199,3,40427.21,0.0
4989,502111,170,1,31500.56,0.05
4990,502111,135,4,25804.56,0.0
4991,502112,191,4,39507.0,0.1
4992,502112,163,4,1143.45,0.05
4993,502112,118,3,47968.75,0.1
4994,502113,98,1,35512.2,0.1
4995,502114,143,3,8499.37,0.2
4996,502114,194,2,14529.69,0.15
4997,502114,155,4,51623.31,0.05
4998,502114,42,1,17076.73,0.0
4999,502115,150,3,23255.73,0.15
5000,502115,146,4,4466.06,0.2
5001,502115,140,1,19515.46,0.1
5002,502116,6,4,15719.14,0.0
5003,502116,133,1,18726.1,0.05
5004,502116,99,2,51437.59,0.0
5005,502116,183,1,2591.66,0.1
5006,502116,90,4,42489.82,0.0
5007,502117,155,3,51623.31,0.05
5008,502117,181,1,20017.36,0.1
5009,502118,182,4,25258.66,0.1
5010,502118,20,1,27803.61,0.05
5011,502119,64,3,23845.3,0.0
5012,502120,29,2,40427.0,0.0
5013,502121,187,2,50291.33,0.0
5014,502121,199,3,40427.21,0.15
5015,502122,148,3,30748.98,0.2
5016,502122,128,4,39089.34,0.05
5017,502122,156,1,9479.93,0.0
5018,502123,70,3,9185.74,0.2
5019,502124,170,3,31500.56,0.15
5020,502124,82,1,26994.56,0.0
5021,502124,57,4,1412.7,0.1
5022,502125,58,2,38058.28,0.1
5023,502125,25,2,28894.26,0.0
5024,502125,138,4,5148.37,0.0
5025,502126,82,1,26994.56,0.0
5026,502126,14,3,28958.7,0.2
5027,502127,91,4,37325.93,0.15
5028,502127,178,3,16239.3,0.0
5029,502127,61,3,23045.67,0.1
5030,502128,142,3,32662.03,0.1
5031,502128,151,3,15178.52,0.1
5032,502129,32,4,30436.6,0.15
5033,502129,166,4,16527.13,0.1
5034,502129,178,1,16239.3,0.05
5035,502129,81,2,15504.13,0.1
5036,502129,181,3,20017.36,0.15
5037,502130,103,4,33485.32,0.2
5038,502130,145,3,5674.44,0.05
5039,502130,69,2,20234.72,0.15
5040,502131,53,3,41659.1,0.0
5041,502131,173,4,31442.32,0.2
5042,502131,55,3,45214.9,0.2
5043,502131,1,4,45769.48,0.05
5044,502132,189,2,36176.21,0.05
5045,502132,134,2,24171.94,0.05
5046,502133,133,2,18726.1,0.2
5047,502133,134,1,24171.94,0.15
5048,502133,84,3,26499.83,0.1
5049,502134,23,4,45229.71,0.0
5050,502134,104,4,17663.08,0.15
5051,502134,51,4,42529.03,0.1
5052,502134,198,2,44779.95,0.1
5053,502134,95,1,7858.6,0.2
5054,502135,84,4,26499.83,0.0
5055,502136,62,1,3498.04,0.0
5056,502136,44,2,23585.72,0.0
5057,502137,57,1,1412.7,0.1
5058,502137,133,4,18726.1,0.15
5059,502137,71,3,40831.91,0.1
5060,502137,176,4,42034.94,0.2
5061,502138,196,2,8761.57,0.0
5062,502138,69,4,20234.72,0.1
5063,502139,1,4,45769.48,0.1
5064,502139,23,4,45229.71,0.15
5065,502140,39,3,42117.5,0.1
5066,502140,176,4,42034.94,0.15
5067,502140,180,1,6088.9,0.15
5068,502141,136,2,48294.58,0.2
5069,502141,24,3,29412.47,0.0
5070,502141,152,2,47494.55,0.1
5071,502141,97,4,9014.15,0.0
5072,502142,151,3,15178.52,0.1
5073,502143,189,3,36176.21,0.0
5074,502143,199,2,40427.21,0.05
5075,502144,198,2,44779.95,0.05
5076,502144,181,3,20017.36,0.05
5077,502145,177,3,7521.62,0.15
5078,502146,24,4,29412.47,0.2
5079,502147,42,1,17076.73,0.2
5080,502147,24,2,29412.47,0.1
5081,502147,94,1,30089.86,0.2
5082,502148,2,3,42946.4,0.05
5083,502148,39,4,42117.5,0.0
5084,502148,28,3,34955.61,0.15
5085,502148,114,1,24883.58,0.1
5086,502149,79,3,36534.8,0.0
5087,502149,108,2,22454.46,0.15
5088,502149,95,2,7858.6,0.05
5089,502149,178,4,16239.3,0.1
5090,502149,62,4,3498.04,0.0
5091,502150,44,1,23585.72,0.1
5092,502150,100,1,46791.69,0.0
5093,502150,143,4,8499.37,0.0
5094,502150,161,3,45736.6,0.15
5095,502150,196,2,8761.57,0.1
5096,502151,33,3,15090.93,0.15
5097,502151,106,2,49815.63,0.0
5098,502151,29,2,40427.0,0.0
5099,502151,160,3,24067.85,0.2
5100,502151,54,4,28353.11,0.0
5101,502152,58,2,38058.28,0.0
5102,502153,136,3,48294.58,0.15
5103,502153,71,4,40831.91,0.0
5104,502154,191,1,39507.0,0.0
5105,502155,21,3,873.24,0.15
5106,502155,79,4,36534.8,0.1
5107,502155,20,3,27803.61,0.1
5108,502156,82,4,26994.56,0.15
5109,502156,96,3,33785.82,0.0
5110,502156,69,1,20234.72,0.15
5111,502156,15,3,13558.11,0.0
5112,502156,150,3,23255.73,0.15
5113,502157,123,4,44154.33,0.05
5114,502158,121,4,43178.12,0.1
5115,502158,149,4,33795.66,0.0
5116,502159,148,3,30748.98,0.05
5117,502159,182,4,25258.66,0.05
5118,502160,138,3,5148.37,0.1
5119,502161,162,4,16150.96,0.1
5120,502161,90,1,42489.82,0.05
5121,502161,12,2,8809.95,0.0
5122,502161,164,3,54714.33,0.05
5123,502162,45,2,19474.91,0.15
5124,502162,196,4,8761.57,0.15
5125,502163,37,1,8747.32,0.0
5126,502163,35,2,3103.89,0.0
5127,502164,99,3,51437.59,0.0
5128,502164,102,1,25753.85,0.05
5129,502164,36,2,32323.45,0.05
5130,502164,38,3,33762.69,0.0
5131,502164,97,1,9014.15,0.05
5132,502165,24,3,29412.47,0.1
5133,502166,8,3,16654.82,0.05
5134,502166,172,4,35356.68,0.15
5135,502167,99,1,51437.59,0.05
5136,502167,101,2,36836.08,0.2
5137,502167,142,4,32662.03,0.05
5138,502168,151,1,15178.52,0.1
5139,502168,155,1,51623.31,0.05
5140,502169,5,2,32053.9,0.0
5141,502169,183,2,2591.66,0.2
5142,502170,198,1,44779.95,0.05
5143,502170,60,2,42396.67,0.05
5144,502171,140,4,19515.46,0.0
5145,502172,181,2,20017.36,0.0
5146,502173,167,1,1520.89,0.15
5147,502173,24,3,29412.47,0.15
5148,502173,200,2,20741.6,0.05
5149,502173,115,3,2799.41,0.0
5150,502174,19,2,21391.84,0.05
5151,502175,124,1,16664.22,0.2
5152,502175,195,1,39570.05,0.2
5153,502175,134,2,24171.94,0.05
5154,502175,171,3,22643.94,0.1
5155,502175,111,1,41282.72,0.0
5156,502176,103,4,33485.32,0.05
5157,502177,170,3,31500.56,0.0
5158,502177,88,3,22349.99,0.05
5159,502177,23,3,45229.71,0.15
5160,502177,78,2,9475.8,0.15
5161,502178,22,3,20749.3,0.1
5162,502178,146,1,4466.06,0.05
5163,502178,95,4,7858.6,0.1
5164,502178,6,1,15719.14,0.05
5165,502178,103,1,33485.32,0.0
5166,502179,61,3,23045.67,0.15
5167,502180,169,2,42129.24,0.15
5168,502180,84,2,26499.83,0.1
5169,502180,173,4,31442.32,0.15
5170,502181,183,2,2591.66,0.1
5171,502181,41,4,790.54,0.15
5172,502181,80,3,26747.7,0.05
5173,502182,77,2,45039.66,0.1
5174,502182,79,2,36534.8,0.1
5175,502183,38,4,33762.69,0.1
5176,502183,47,4,7728.9,0.15
5177,502183,144,2,43009.16,0.05
5178,502183,180,3,6088.9,0.0
5179,502184,61,1,23045.67,0.15
5180,502185,135,4,25804.56,0.15
5181,502185,102,3,25753.85,0.05
5182,502185,115,2,2799.41,0.05
5183,502185,194,3,14529.69,0.0
5184,502185,57,1,1412.7,0.15
5185,502186,47,2,7728.9,0.0
5186,502186,27,1,52025.44,0.0
5187,502187,32,3,30436.6,0.1
5188,502187,62,4,3498.04,0.05
5189,502188,23,3,45229.71,0.1
5190,502188,29,2,40427.0,0.1
5191,502189,13,3,41294.2,0.15
5192,502189,147,1,51028.85,0.15
5193,502190,134,3,24171.94,0.0
5194,502190,166,1,16527.13,0.1
5195,502191,38,4,33762.69,0.1
5196,502192,52,2,43157.07,0.1
5197,502192,48,2,32151.32,0.05
5198,502192,6,1,15719.14,0.1
5199,502192,131,2,935.86,0.2
5200,502193,69,2,20234.72,0.2
5201,502193,196,2,8761.57,0.15
5202,502194,143,3,8499.37,0.1
5203,502194,153,4,34143.04,0.15
5204,502195,140,1,19515.46,0.05
5205,502195,168,4,9316.31,0.2
5206,502195,2,2,42946.4,0.0
5207,502195,144,2,43009.16,0.0
5208,502196,24,2,29412.47,0.15
5209,502196,73,4,32339.91,0.0
5210,502196,132,1,47935.67,0.0
5211,502196,143,2,8499.37,0.2
5212,502197,41,2,790.54,0.1
5213,502197,109,4,20240.83,0.05
5214,502197,85,4,30473.88,0.1
5215,502198,85,4,30473.88,0.1
5216,502199,160,3,24067.85,0.0
5217,502199,20,4,27803.61,0.0
5218,502199,200,4,20741.6,0.1
5219,502199,72,3,33843.05,0.05
5220,502200,44,4,23585.72,0.0
5221,502201,34,1,15395.87,0.15
5222,502201,24,1,29412.47,0.1
5223,502202,183,4,2591.66,0.0
5224,502202,3,4,2440.7,0.05
5225,502202,185,1,11835.89,0.1
5226,502202,18,3,17846.96,0.0
5227,502203,50,4,37071.05,0.15
5228,502204,30,1,8599.09,0.0
5229,502205,95,2,7858.6,0.05
5230,502205,142,3,32662.03,0.1
5231,502206,127,3,16509.71,0.1
5232,502206,44,2,23585.72,0.2
5233,502207,140,3,19515.46,0.0
5234,502207,43,4,25517.07,0.0
5235,502208,33,1,15090.93,0.0
5236,502208,53,4,41659.1,0.1
5237,502208,167,2,1520.89,0.1
5238,502209,102,4,25753.85,0.1
5239,502209,192,1,906.98,0.2
5240,502209,193,3,1419.66,0.05
5241,502209,182,2,25258.66,0.05
5242,502210,50,3,37071.05,0.0
5243,502210,137,4,11644.84,0.1
5244,502210,31,4,31665.76,0.0
5245,502210,70,4,9185.74,0.05
5246,502210,117,3,5573.85,0.15
5247,502211,189,4,36176.21,0.1
5248,502212,76,3,1551.17,0.05
5249,502212,9,2,26670.95,0.0
5250,502212,37,4,8747.32,0.15
5251,502213,110,1,13452.58,0.05
5252,502213,87,3,3216.87,0.2
5253,502213,80,3,26747.7,0.0
5254,502213,118,3,47968.75,0.05
5255,502214,188,2,6070.27,0.0
5256,502215,196,3,8761.57,0.05
5257,502215,128,4,39089.34,0.2
5258,502216,186,4,13953.35,0.05
5259,502217,94,1,30089.86,0.0
5260,502218,137,1,11644.84,0.1
5261,502219,42,1,17076.73,0.15
5262,502219,12,4,8809.95,0.1
5263,502219,29,2,40427.0,0.1
5264,502220,75,1,7343.48,0.1
5265,502220,12,1,8809.95,0.0
5266,502220,120,1,14551.18,0.2
5267,502221,169,1,42129.24,0.0
5268,502222,3,3,2440.7,0.1
5269,502222,92,2,38084.76,0.1
5270,502223,5,4,32053.9,0.15
5271,502224,170,3,31500.56,0.0
5272,502225,159,2,25532.77,0.15
5273,502225,21,4,873.24,0.1
5274,502225,41,1,790.54,0.1
5275,502225,57,2,1412.7,0.0
5276,502226,61,1,23045.67,0.1
5277,502226,91,3,37325.93,0.2
5278,502227,11,3,10297.51,0.15
5279,502227,155,1,51623.31,0.0
5280,502227,93,3,33594.98,0.0
5281,502228,73,3,32339.91,0.05
5282,502228,158,2,17301.25,0.1
5283,502229,186,3,13953.35,0.1
5284,502230,40,4,12159.56,0.0
5285,502230,44,4,23585.72,0.0
5286,502230,165,2,6409.81,0.05
5287,502230,11,4,10297.51,0.15
5288,502231,1,1,45769.48,0.1
5289,502232,176,1,42034.94,0.05
5290,502232,183,1,2591.66,0.0
5291,502233,106,3,49815.63,0.15
5292,502233,59,4,542.46,0.05
5293,502233,78,4,9475.8,0.1
5294,502234,136,2,48294.58,0.1
5295,502234,168,3,9316.31,0.0
5296,502235,145,3,5674.44,0.0
5297,502235,136,4,48294.58,0.2
5298,502235,146,3,4466.06,0.0
5299,502235,124,3,16664.22,0.0
5300,502236,40,4,12159.56,0.05
5301,502236,76,4,1551.17,0.15
5302,502236,155,2,51623.31,0.1
5303,502236,190,2,52000.43,0.1
5304,502236,153,2,34143.04,0.05
5305,502237,114,1,24883.58,0.0
5306,502238,111,3,41282.72,0.0
5307,502239,174,1,3057.35,0.2
5308,502239,153,3,34143.04,0.1
5309,502239,154,4,24420.47,0.1
5310,502240,87,3,3216.87,0.0
5311,502241,21,1,873.24,0.2
5312,502241,125,4,41076.3,0.1
5313,502242,144,2,43009.16,0.0
5314,502242,82,2,26994.56,0.05
5315,502243,40,1,12159.56,0.1
5316,502243,80,2,26747.7,0.15
5317,502243,127,1,16509.71,0.1
5318,502243,111,3,41282.72,0.2
5319,502244,153,3,34143.04,0.1
5320,502244,34,3,15395.87,0.2
5321,502244,58,1,38058.28,0.15
5322,502244,66,2,7626.75,0.1
5323,502245,165,4,6409.81,0.05
5324,502246,43,2,25517.07,0.2
5325,502247,102,1,25753.85,0.0
5326,502247,165,4,6409.81,0.0
5327,502247,101,4,36836.08,0.05
5328,502247,175,1,7528.69,0.1
5329,502247,80,3,26747.7,0.15
5330,502248,49,2,33529.65,0.05
5331,502249,25,3,28894.26,0.1
5332,502250,52,4,43157.07,0.1
5333,502251,148,4,30748.98,0.0
5334,502251,154,3,24420.47,0.0
5335,502252,51,4,42529.03,0.05
5336,502253,180,1,6088.9,0.1
5337,502253,164,2,54714.33,0.05
5338,502254,130,1,1826.9,0.05
5339,502255,116,2,16741.69,0.0
5340,502255,80,2,26747.7,0.15
5341,502255,94,1,30089.86,0.0
5342,502256,137,2,11644.84,0.0
5343,502257,88,4,22349.99,0.05
5344,502257,131,2,935.86,0.15
5345,502257,23,3,45229.71,0.1
5346,502258,173,1,31442.32,0.05
5347,502258,102,3,25753.85,0.05
5348,502258,94,3,30089.86,0.2
5349,502259,25,4,28894.26,0.05
5350,502259,145,2,5674.44,0.05
5351,502260,164,1,54714.33,0.0
5352,502260,124,3,16664.22,0.15
5353,502260,101,4,36836.08,0.1
5354,502260,19,2,21391.84,0.05
5355,502260,138,3,5148.37,0.1
5356,502261,140,3,19515.46,0.0
5357,502261,125,2,41076.3,0.1
5358,502262,20,3,27803.61,0.1
5359,502263,137,4,11644.84,0.2
5360,502263,173,2,31442.32,0.0
5361,502264,26,2,13443.96,0.2
5362,502265,59,1,542.46,0.0
5363,502266,159,1,25532.77,0.1
5364,502266,88,3,22349.99,0.0
5365,502266,154,2,24420.47,0.15
5366,502266,134,2,24171.94,0.0
5367,502267,84,2,26499.83,0.1
5368,502267,77,1,45039.66,0.05
5369,502267,126,2,4890.52,0.0
5370,502267,175,4,7528.69,0.1
5371,502268,134,3,24171.94,0.15
5372,502268,192,2,906.98,0.15
5373,502269,196,3,8761.57,0.0
5374,502269,71,2,40831.91,0.15
5375,502270,30,4,8599.09,0.1
5376,502270,23,1,45229.71,0.05
5377,502271,45,4,19474.91,0.0
5378,502272,49,3,33529.65,0.1
5379,502273,156,4,9479.93,0.1
5380,502273,79,1,36534.8,0.0
5381,502274,85,3,30473.88,0.05
5382,502274,185,1,11835.89,0.0
5383,502275,124,2,16664.22,0.05
5384,502276,54,3,28353.11,0.2
5385,502276,176,1,42034.94,0.2
5386,502276,72,3,33843.05,0.0
5387,502277,76,1,1551.17,0.1
5388,502277,72,2,33843.05,0.0
5389,502278,195,4,39570.05,0.0
5390,502278,37,4,8747.32,0.05
5391,502279,117,2,5573.85,0.2
5392,502279,28,1,34955.61,0.0
5393,502279,71,4,40831.91,0.05
5394,502279,13,1,41294.2,0.1
5395,502280,113,3,20936.8,0.0
5396,502280,123,4,44154.33,0.1
5397,502280,145,3,5674.44,0.1
5398,502281,151,3,15178.52,0.0
5399,502281,8,1,16654.82,0.2
5400,502282,71,1,40831.91,0.05
5401,502283,94,4,30089.86,0.0
5402,502283,70,1,9185.74,0.0
5403,502283,132,4,47935.67,0.05
5404,502284,155,4,51623.31,0.05
5405,502284,156,2,9479.93,0.0
5406,502284,195,2,39570.05,0.0
5407,502285,160,1,24067.85,0.05
5408,502285,38,3,33762.69,0.0
5409,502286,63,3,14212.89,0.1
5410,502286,64,1,23845.3,0.1
5411,502286,80,4,26747.7,0.1
5412,502287,186,4,13953.35,0.0
5413,502288,88,4,22349.99,0.1
5414,502288,97,2,9014.15,0.0
5415,502289,10,2,34430.26,0.0
5416,502289,111,4,41282.72,0.0
5417,502289,145,2,5674.44,0.05
5418,502289,122,1,7953.1,0.15
5419,502290,18,1,17846.96,0.15
5420,502291,146,2,4466.06,0.1
5421,502291,50,3,37071.05,0.1
5422,502292,156,2,9479.93,0.1
5423,502292,49,1,33529.65,0.0
5424,502292,108,3,22454.46,0.1
5425,502292,171,2,22643.94,0.1
5426,502293,75,4,7343.48,0.1
5427,502294,130,1,1826.9,0.15
5428,502294,87,1,3216.87,0.0
5429,502294,76,1,1551.17,0.0
5430,502294,84,2,26499.83,0.15
5431,502294,136,3,48294.58,0.1
5432,502295,8,3,16654.82,0.0
5433,502295,163,2,1143.45,0.05
5434,502295,80,4,26747.7,0.1
5435,502295,75,2,7343.48,0.0
5436,502296,60,4,42396.67,0.05
5437,502296,159,3,25532.77,0.15
5438,502296,138,1,5148.37,0.0
5439,502297,119,4,20465.15,0.0
5440,502297,96,1,33785.82,0.15
5441,502297,171,4,22643.94,0.2
5442,502298,34,1,15395.87,0.05
5443,502298,162,2,16150.96,0.1
5444,502298,67,2,32514.47,0.0
5445,502298,18,3,17846.96,0.15
5446,502299,25,4,28894.26,0.05
5447,502300,128,3,39089.34,0.05
5448,502300,180,1,6088.9,0.2
5449,502300,155,1,51623.31,0.05
5450,502301,116,2,16741.69,0.1
5451,502301,109,4,20240.83,0.15
5452,502302,126,2,4890.52,0.15
5453,502302,89,1,2812.94,0.15
5454,502302,130,2,1826.9,0.1
5455,502302,55,2,45214.9,0.1
5456,502303,65,2,26891.02,0.05
5457,502303,17,4,17031.55,0.05
5458,502304,121,4,43178.12,0.1
5459,502304,30,4,8599.09,0.1
5460,502304,155,3,51623.31,0.0
5461,502305,17,2,17031.55,0.2
5462,502306,198,2,44779.95,0.1
5463,502307,77,1,45039.66,0.1
5464,502307,75,3,7343.48,0.05
5465,502307,22,4,20749.3,0.15
5466,502307,50,3,37071.05,0.1
5467,502308,9,3,26670.95,0.0
5468,502308,177,2,7521.62,0.0
5469,502309,94,4,30089.86,0.0
5470,502309,15,2,13558.11,0.15
5471,502310,58,3,38058.28,0.15
5472,502310,60,2,42396.67,0.2
5473,502310,14,2,28958.7,0.05
5474,502311,186,4,13953.35,0.15
5475,502312,40,4,12159.56,0.1
5476,502312,186,2,13953.35,0.05
5477,502313,3,2,2440.7,0.15
5478,502313,170,3,31500.56,0.0
5479,502314,62,3,3498.04,0.0
5480,502314,176,2,42034.94,0.15
5481,502314,100,3,46791.69,0.2
5482,502314,170,4,31500.56,0.1
5483,502315,200,4,20741.6,0.15
5484,502316,77,1,45039.66,0.0
5485,502316,136,1,48294.58,0.1
5486,502317,47,4,7728.9,0.2
5487,502317,110,2,13452.58,0.05
5488,502317,6,1,15719.14,0.1
5489,502317,30,1,8599.09,0.2
5490,502317,99,1,51437.59,0.0
5491,502318,46,2,6300.09,0.15
5492,502318,72,4,33843.05,0.05
5493,502318,43,1,25517.07,0.1
5494,502318,86,4,25389.28,0.1
5495,502319,146,3,4466.06,0.1
5496,502319,121,1,43178.12,0.1
5497,502319,127,1,16509.71,0.0
5498,502320,12,2,8809.95,0.2
5499,502320,68,3,731.88,0.15
5500,502321,149,1,33795.66,0.15
5501,502321,126,1,4890.52,0.1
5502,502321,68,1,731.88,0.15
5503,502321,65,3,26891.02,0.05
5504,502322,191,3,39507.0,0.0
5505,502322,80,3,26747.7,0.1
5506,502322,57,3,1412.7,0.05
5507,502322,89,1,2812.94,0.1
5508,502322,51,2,42529.03,0.15
5509,502323,104,4,17663.08,0.0
5510,502323,24,3,29412.47,0.05
5511,502323,175,1,7528.69,0.15
5512,502323,135,4,25804.56,0.15
5513,502324,22,1,20749.3,0.0
5514,502324,102,4,25753.85,0.15
5515,502324,28,4,34955.61,0.0
5516,502325,167,1,1520.89,0.1
5517,502325,5,4,32053.9,0.0
5518,502325,42,2,17076.73,0.05
5519,502326,127,1,16509.71,0.15
5520,502326,90,3,42489.82,0.0
5521,502326,56,1,31457.37,0.05
5522,502327,151,2,15178.52,0.05
5523,502327,100,4,46791.69,0.15
5524,502327,78,2,9475.8,0.0
5525,502328,166,1,16527.13,0.1
5526,502328,107,4,13631.76,0.1
5527,502328,168,1,9316.31,0.2
5528,502329,107,4,13631.76,0.0
5529,502330,136,4,48294.58,0.15
5530,502330,192,2,906.98,0.0
5531,502330,116,2,16741.69,0.15
5532,502331,174,3,3057.35,0.0
5533,502331,47,3,7728.9,0.05
5534,502332,71,4,40831.91,0.2
5535,502333,4,3,4600.28,0.05
5536,502334,23,1,45229.71,0.05
5537,502335,38,4,33762.69,0.05
5538,502335,163,4,1143.45,0.1
5539,502336,34,2,15395.87,0.1
5540,502337,165,3,6409.81,0.1
5541,502337,109,1,20240.83,0.0
5542,502337,93,3,33594.98,0.0
5543,502338,169,3,42129.24,0.15
5544,502338,193,4,1419.66,0.05
5545,502338,122,1,7953.1,0.0
5546,502338,32,3,30436.6,0.1
5547,502338,127,1,16509.71,0.1
5548,502339,146,3,4466.06,0.05
5549,502340,23,2,45229.71,0.0
5550,502341,35,4,3103.89,0.0
5551,502342,42,4,17076.73,0.05
5552,502342,89,2,2812.94,0.0
5553,502342,179,3,47254.91,0.2
5554,502343,186,4,13953.35,0.0
5555,502344,74,2,9594.57,0.1
5556,502345,142,1,32662.03,0.1
5557,502346,31,4,31665.76,0.0
5558,502347,95,2,7858.6,0.05
5559,502347,39,2,42117.5,0.0
5560,502347,99,3,51437.59,0.0
5561,502348,38,4,33762.69,0.15
5562,502348,105,3,28367.27,0.15
5563,502348,16,3,17752.56,0.05
5564,502349,188,3,6070.27,0.05
5565,502349,16,4,17752.56,0.05
5566,502350,34,4,15395.87,0.1
5567,502350,150,2,23255.73,0.15
5568,502351,41,2,790.54,0.0
5569,502351,171,2,22643.94,0.15
5570,502351,78,2,9475.8,0.1
5571,502352,196,3,8761.57,0.05
5572,502352,152,4,47494.55,0.0
5573,502352,183,3,2591.66,0.2
5574,502352,148,1,30748.98,0.2
5575,502352,40,2,12159.56,0.1
5576,502353,134,3,24171.94,0.0
5577,502353,126,1,4890.52,0.05
5578,502353,159,2,25532.77,0.05
5579,502354,75,3,7343.48,0.15
5580,502354,198,4,44779.95,0.05
5581,502354,61,4,23045.67,0.0
5582,502355,85,2,30473.88,0.05
5583,502355,58,3,38058.28,0.0
5584,502355,8,2,16654.82,0.05
5585,502355,167,4,1520.89,0.05
5586,502355,111,2,41282.72,0.05
5587,502356,152,1,47494.55,0.2
5588,502356,36,3,32323.45,0.15
5589,502357,1,1,45769.48,0.1
5590,502358,133,4,18726.1,0.05
5591,502358,123,2,44154.33,0.0
5592,502358,34,3,15395.87,0.0
5593,502359,83,2,10948.99,0.0
5594,502360,198,3,44779.95,0.0
5595,502360,5,2,32053.9,0.15
5596,502361,135,3,25804.56,0.05
5597,502361,120,3,14551.18,0.05
5598,502361,77,2,45039.66,0.1
5599,502362,152,2,47494.55,0.2
5600,502362,40,2,12159.56,0.05
5601,502363,68,2,731.88,0.0
5602,502363,5,4,32053.9,0.1
5603,502364,70,4,9185.74,0.1
5604,502364,146,2,4466.06,0.15
5605,502365,4,2,4600.28,0.1
5606,502366,165,4,6409.81,0.0
5607,502367,146,3,4466.06,0.0
5608,502367,1,2,45769.48,0.15
5609,502368,197,3,20725.99,0.1
5610,502369,85,1,30473.88,0.15
5611,502369,123,2,44154.33,0.05
5612,502369,53,2,41659.1,0.0
5613,502369,188,1,6070.27,0.2
5614,502369,72,3,33843.05,0.05
5615,502370,77,3,45039.66,0.05
5616,502370,169,3,42129.24,0.2
5617,502371,68,1,731.88,0.2
5618,502371,23,3,45229.71,0.15
5619,502371,152,4,47494.55,0.0
5620,502371,66,2,7626.75,0.0
5621,502372,80,3,26747.7,0.05
5622,502372,7,1,32012.11,0.0
5623,502372,188,3,6070.27,0.0
5624,502372,159,4,25532.77,0.1
5625,502372,119,3,20465.15,0.1
5626,502373,158,3,17301.25,0.0
5627,502373,137,4,11644.84,0.0
5628,502374,173,3,31442.32,0.15
5629,502374,89,4,2812.94,0.2
5630,502375,189,1,36176.21,0.05
5631,502375,17,2,17031.55,0.0
5632,502375,196,2,8761.57,0.15
5633,502375,19,1,21391.84,0.0
5634,502376,181,4,20017.36,0.0
5635,502377,170,2,31500.56,0.0
5636,502377,149,1,33795.66,0.0
5637,502378,165,4,6409.81,0.05
5638,502379,122,1,7953.1,0.2
5639,502379,119,1,20465.15,0.0
5640,502379,62,1,3498.04,0.1
5641,502380,165,4,6409.81,0.1
5642,502380,32,3,30436.6,0.1
5643,502380,62,4,3498.04,0.0
5644,502380,58,3,38058.28,0.1
5645,502381,86,4,25389.28,0.0
5646,502381,87,4,3216.87,0.1
5647,502381,196,4,8761.57,0.1
5648,502382,69,4,20234.72,0.0
5649,502382,52,3,43157.07,0.05
5650,502383,104,2,17663.08,0.05
5651,502383,179,3,47254.91,0.0
5652,502384,140,2,19515.46,0.0
5653,502384,134,4,24171.94,0.05
5654,502385,25,3,28894.26,0.1
5655,502385,11,2,10297.51,0.1
5656,502385,120,3,14551.18,0.05
5657,502386,173,4,31442.32,0.0
5658,502386,129,3,39450.63,0.05
5659,502386,181,4,20017.36,0.0
5660,502386,125,3,41076.3,0.05
5661,502387,54,3,28353.11,0.1
5662,502388,30,3,8599.09,0.1
5663,502389,58,4,38058.28,0.1
5664,502390,137,1,11644.84,0.1
5665,502390,139,2,36696.68,0.05
5666,502390,5,3,32053.9,0.1
5667,502391,107,3,13631.76,0.2
5668,502391,23,3,45229.71,0.1
5669,502391,21,3,873.24,0.0
5670,502391,154,3,24420.47,0.2
5671,502392,9,4,26670.95,0.2
5672,502392,145,4,5674.44,0.0
5673,502393,175,1,7528.69,0.1
5674,502393,154,3,24420.47,0.1
5675,502394,4,2,4600.28,0.05
5676,502394,177,2,7521.62,0.15
5677,502394,141,1,9199.37,0.0
5678,502394,53,4,41659.1,0.05
5679,502394,22,4,20749.3,0.15
5680,502395,16,2,17752.56,0.0
5681,502396,155,3,51623.31,0.2
5682,502396,95,4,7858.6,0.05
5683,502396,14,4,28958.7,0.15
5684,502396,115,4,2799.41,0.15
5685,502397,45,3,19474.91,0.0
5686,502397,53,3,41659.1,0.1
5687,502397,148,2,30748.98,0.0
5688,502397,155,4,51623.31,0.1
5689,502397,15,2,13558.11,0.15
5690,502398,171,1,22643.94,0.1
5691,502398,196,2,8761.57,0.05
5692,502398,140,4,19515.46,0.15
5693,502399,15,3,13558.11,0.15
5694,502399,68,3,731.88,0.05
5695,502400,176,1,42034.94,0.0
5696,502400,93,2,33594.98,0.1
5697,502400,77,2,45039.66,0.1
5698,502401,121,2,43178.12,0.1
5699,502402,16,2,17752.56,0.1
5700,502403,123,3,44154.33,0.15
5701,502404,55,1,45214.9,0.0
5702,502405,124,2,16664.22,0.05
5703,502405,111,1,41282.72,0.15
5704,502405,155,1,51623.31,0.2
5705,502405,140,1,19515.46,0.1
5706,502405,153,3,34143.04,0.0
5707,502406,11,1,10297.51,0.1
5708,502406,197,2,20725.99,0.15
5709,502406,2,4,42946.4,0.15
5710,502407,180,4,6088.9,0.05
5711,502407,142,1,32662.03,0.05
5712,502408,85,4,30473.88,0.05
5713,502408,199,3,40427.21,0.0
5714,502409,29,4,40427.0,0.15
5715,502409,83,1,10948.99,0.1
5716,502410,154,3,24420.47,0.0
5717,502411,166,2,16527.13,0.05
5718,502412,20,1,27803.61,0.1
5719,502412,100,1,46791.69,0.1
5720,502413,179,1,47254.91,0.05
5721,502413,47,1,7728.9,0.15
5722,502413,113,1,20936.8,0.15
5723,502413,103,4,33485.32,0.1
5724,502414,126,4,4890.52,0.0
5725,502415,188,4,6070.27,0.0
5726,502415,78,3,9475.8,0.15
5727,502415,197,3,20725.99,0.15
5728,502415,17,2,17031.55,0.1
5729,502416,193,3,1419.66,0.0
5730,502416,129,4,39450.63,0.1
5731,502417,117,2,5573.85,0.0
5732,502417,182,3,25258.66,0.0
5733,502418,68,2,731.88,0.15
5734,502419,133,3,18726.1,0.1
5735,502419,125,2,41076.3,0.15
5736,502420,45,3,19474.91,0.0
5737,502420,156,3,9479.93,0.05
5738,502421,79,3,36534.8,0.0
5739,502422,183,1,2591.66,0.15
5740,502422,186,4,13953.35,0.0
5741,502422,74,1,9594.57,0.05
5742,502422,35,2,3103.89,0.05
5743,502423,167,3,1520.89,0.0
5744,502423,161,4,45736.6,0.1
5745,502424,18,1,17846.96,0.1
5746,502425,198,4,44779.95,0.1
5747,502425,168,3,9316.31,0.15
5748,502426,163,2,1143.45,0.1
5749,502427,69,4,20234.72,0.2
5750,502427,52,1,43157.07,0.1
5751,502427,160,4,24067.85,0.05
5752,502427,5,2,32053.9,0.1
5753,502428,185,2,11835.89,0.1
5754,502429,145,2,5674.44,0.05
5755,502429,73,3,32339.91,0.15
5756,502430,36,2,32323.45,0.05
5757,502430,179,4,47254.91,0.05
5758,502430,81,4,15504.13,0.15
5759,502431,80,2,26747.7,0.05
5760,502432,96,1,33785.82,0.0
5761,502432,153,1,34143.04,0.0
5762,502433,121,3,43178.12,0.15
5763,502433,28,3,34955.61,0.1
5764,502433,11,3,10297.51,0.05
5765,502434,200,1,20741.6,0.15
5766,502434,19,2,21391.84,0.1
5767,502434,196,2,8761.57,0.15
5768,502434,125,1,41076.3,0.0
5769,502435,59,1,542.46,0.1
5770,502435,141,2,9199.37,0.05
5771,502435,162,3,16150.96,0.15
5772,502436,22,1,20749.3,0.0
5773,502437,110,4,13452.58,0.0
5774,502437,49,1,33529.65,0.15
5775,502438,161,1,45736.6,0.05
5776,502438,138,2,5148.37,0.0
5777,502439,140,2,19515.46,0.0
5778,502439,101,4,36836.08,0.0
5779,502440,64,3,23845.3,0.1
5780,502440,72,1,33843.05,0.05
5781,502440,9,4,26670.95,0.0
5782,502440,38,3,33762.69,0.1
5783,502440,88,3,22349.99,0.1
5784,502441,93,3,33594.98,0.1
5785,502442,58,1,38058.28,0.15
5786,502442,31,3,31665.76,0.0
5787,502443,80,3,26747.7,0.05
5788,502443,185,3,11835.89,0.1
5789,502444,96,3,33785.82,0.05
5790,502445,22,2,20749.3,0.15
5791,502445,134,2,24171.94,0.05
5792,502446,98,2,35512.2,0.1
5793,502447,89,4,2812.94,0.15
5794,502447,100,3,46791.69,0.0
5795,502447,12,4,8809.95,0.1
5796,502447,85,2,30473.88,0.2
5797,502448,190,2,52000.43,0.0
5798,502449,8,3,16654.82,0.0
5799,502449,170,1,31500.56,0.05
5800,502450,21,3,873.24,0.05
5801,502450,10,4,34430.26,0.15
5802,502451,15,3,13558.11,0.0
5803,502451,27,4,52025.44,0.1
5804,502452,75,4,7343.48,0.0
5805,502452,94,4,30089.86,0.0
5806,502453,109,1,20240.83,0.05
5807,502453,129,2,39450.63,0.1
5808,502454,111,2,41282.72,0.05
5809,502454,54,1,28353.11,0.0
5810,502454,44,2,23585.72,0.15
5811,502455,148,3,30748.98,0.05
5812,502455,178,3,16239.3,0.1
5813,502456,99,1,51437.59,0.1
5814,502456,195,2,39570.05,0.1
5815,502457,86,1,25389.28,0.15
5816,502457,127,1,16509.71,0.05
5817,502458,38,1,33762.69,0.1
5818,502458,82,4,26994.56,0.0
5819,502459,47,4,7728.9,0.1
5820,502459,108,1,22454.46,0.05
5821,502459,173,3,31442.32,0.0
5822,502460,167,2,1520.89,0.1
5823,502461,113,1,20936.8,0.0
5824,502461,67,4,32514.47,0.15
5825,502462,97,1,9014.15,0.0
5826,502462,67,1,32514.47,0.05
5827,502462,173,2,31442.32,0.05
5828,502462,55,2,45214.9,0.1
5829,502463,156,4,9479.93,0.05
5830,502463,167,2,1520.89,0.1
5831,502464,130,3,1826.9,0.15
5832,502464,61,4,23045.67,0.05
5833,502465,77,2,45039.66,0.05
5834,502465,135,1,25804.56,0.05
5835,502465,95,4,7858.6,0.05
5836,502466,146,1,4466.06,0.1
5837,502466,66,4,7626.75,0.1
5838,502467,43,2,25517.07,0.0
5839,502467,57,3,1412.7,0.05
5840,502468,40,4,12159.56,0.0
5841,502469,111,1,41282.72,0.05
5842,502470,182,3,25258.66,0.1
5843,502471,129,4,39450.63,0.2
5844,502471,178,3,16239.3,0.0
5845,502471,26,1,13443.96,0.15
5846,502472,113,3,20936.8,0.0
5847,502472,187,3,50291.33,0.2
5848,502473,18,2,17846.96,0.0
5849,502473,19,4,21391.84,0.2
5850,502473,43,1,25517.07,0.15
5851,502473,178,3,16239.3,0.0
5852,502474,122,1,7953.1,0.0
5853,502475,200,3,20741.6,0.0
5854,502476,98,3,35512.2,0.05
5855,502476,138,3,5148.37,0.05
5856,502476,85,4,30473.88,0.15
5857,502477,16,3,17752.56,0.0
5858,502478,171,2,22643.94,0.1
5859,502478,59,3,542.46,0.15
5860,502479,109,2,20240.83,0.0
5861,502480,52,3,43157.07,0.05
5862,502481,182,3,25258.66,0.0
5863,502481,20,4,27803.61,0.05
5864,502482,154,4,24420.47,0.2
5865,502482,17,4,17031.55,0.05
5866,502483,182,3,25258.66,0.15
5867,502484,96,4,33785.82,0.0
5868,502485,178,1,16239.3,0.05
5869,502486,36,2,32323.45,0.05
5870,502487,166,4,16527.13,0.15
5871,502487,148,3,30748.98,0.1
5872,502487,41,3,790.54,0.15
5873,502487,79,4,36534.8,0.0
5874,502487,65,1,26891.02,0.0
5875,502488,112,4,22042.94,0.1
5876,502488,15,3,13558.11,0.0
5877,502488,66,1,7626.75,0.05
5878,502489,51,1,42529.03,0.0
5879,502490,54,1,28353.11,0.1
5880,502490,176,3,42034.94,0.0
5881,502491,19,4,21391.84,0.15
5882,502492,196,2,8761.57,0.0
5883,502493,133,2,18726.1,0.15
5884,502493,115,1,2799.41,0.05
5885,502493,107,3,13631.76,0.1
5886,502493,158,2,17301.25,0.05
5887,502494,65,4,26891.02,0.05
5888,502495,73,4,32339.91,0.0
5889,502495,164,3,54714.33,0.0
5890,502495,145,1,5674.44,0.1
5891,502495,79,3,36534.8,0.2
5892,502496,115,1,2799.41,0.1
5893,502496,16,1,17752.56,0.05
5894,502496,96,2,33785.82,0.05
5895,502496,148,3,30748.98,0.05
5896,502497,43,1,25517.07,0.1
5897,502497,63,3,14212.89,0.1
5898,502497,8,1,16654.82,0.15
5899,502498,107,4,13631.76,0.05
5900,502498,135,4,25804.56,0.1
5901,502499,91,1,37325.93,0.0
5902,502500,28,1,34955.61,0.0
5903,502500,47,3,7728.9,0.1
5904,502500,185,4,11835.89,0.1
5905,502500,149,2,33795.66,0.0
5906,502501,112,4,22042.94,0.0
5907,502501,123,2,44154.33,0.2
5908,502501,197,1,20725.99,0.0
5909,502501,54,3,28353.11,0.1
5910,502502,14,2,28958.7,0.15
5911,502502,113,3,20936.8,0.0
5912,502503,105,4,28367.27,0.1
5913,502504,109,1,20240.83,0.15
5914,502505,62,2,3498.04,0.05
5915,502506,12,2,8809.95,0.0
5916,502507,96,1,33785.82,0.1
5917,502507,185,1,11835.89,0.05
5918,502508,22,4,20749.3,0.15
5919,502508,152,1,47494.55,0.15
5920,502508,131,1,935.86,0.05
5921,502508,27,2,52025.44,0.1
5922,502509,160,1,24067.85,0.15
5923,502509,36,3,32323.45,0.05
5924,502509,79,3,36534.8,0.1
5925,502510,147,4,51028.85,0.05
5926,502510,169,2,42129.24,0.15
5927,502511,137,4,11644.84,0.1
5928,502511,127,1,16509.71,0.15
5929,502511,38,3,33762.69,0.05
5930,502512,92,3,38084.76,0.05
5931,502512,7,4,32012.11,0.0
5932,502512,144,1,43009.16,0.15
5933,502513,55,4,45214.9,0.15
5934,502513,186,1,13953.35,0.05
5935,502514,28,4,34955.61,0.05
5936,502514,179,4,47254.91,0.15
5937,502514,174,1,3057.35,0.0
5938,502515,97,4,9014.15,0.05
5939,502515,175,2,7528.69,0.0
5940,502516,97,4,9014.15,0.1
5941,502516,167,3,1520.89,0.05
5942,502516,98,4,35512.2,0.0
5943,502516,145,1,5674.44,0.15
5944,502517,103,4,33485.32,0.15
5945,502518,125,3,41076.3,0.1
5946,502518,79,2,36534.8,0.1
5947,502518,7,2,32012.11,0.1
5948,502519,73,3,32339.91,0.2
5949,502519,14,3,28958.7,0.0
5950,502520,158,4,17301.25,0.05
5951,502520,97,4,9014.15,0.1
5952,502521,72,1,33843.05,0.0
5953,502521,164,4,54714.33,0.2
5954,502522,124,1,16664.22,0.0
5955,502523,52,1,43157.07,0.05
5956,502523,140,1,19515.46,0.05
5957,502523,23,1,45229.71,0.1
5958,502524,119,1,20465.15,0.0
5959,502524,49,2,33529.65,0.0
5960,502525,154,2,24420.47,0.1
5961,502525,151,2,15178.52,0.15
5962,502526,67,3,32514.47,0.1
5963,502526,8,2,16654.82,0.05
5964,502526,12,1,8809.95,0.2
5965,502526,118,4,47968.75,0.15
5966,502527,134,3,24171.94,0.05
5967,502527,82,2,26994.56,0.15
5968,502528,9,4,26670.95,0.05
5969,502528,193,2,1419.66,0.1
5970,502528,92,1,38084.76,0.05
5971,502528,65,3,26891.02,0.2
5972,502529,118,2,47968.75,0.05
5973,502530,92,2,38084.76,0.1
5974,502531,197,4,20725.99,0.05
5975,502532,61,1,23045.67,0.0
5976,502532,121,1,43178.12,0.0
5977,502532,151,4,15178.52,0.0
5978,502532,87,4,3216.87,0.1
5979,502533,72,4,33843.05,0.1
5980,502533,172,3,35356.68,0.2
5981,502533,92,1,38084.76,0.15
5982,502534,87,4,3216.87,0.1
5983,502534,101,2,36836.08,0.15
5984,502534,12,4,8809.95,0.15
5985,502534,166,3,16527.13,0.1
5986,502535,12,4,8809.95,0.15
5987,502535,91,4,37325.93,0.05
5988,502536,76,4,1551.17,0.0
5989,502537,96,2,33785.82,0.15
5990,502537,155,1,51623.31,0.05
5991,502538,100,1,46791.69,0.1
5992,502538,200,2,20741.6,0.15
5993,502539,112,1,22042.94,0.05
5994,502540,70,1,9185.74,0.05
5995,502540,166,4,16527.13,0.2
5996,502540,163,2,1143.45,0.1
5997,502541,119,3,20465.15,0.1
5998,502541,175,3,7528.69,0.0
5999,502541,164,2,54714.33,0.1
6000,502541,80,2,26747.7,0.05
6001,502542,83,2,10948.99,0.15
6002,502542,90,3,42489.82,0.15
6003,502543,127,3,16509.71,0.0
6004,502543,44,2,23585.72,0.05
6005,502543,87,3,3216.87,0.0
6006,502544,89,2,2812.94,0.05
6007,502544,195,2,39570.05,0.05
6008,502545,126,3,4890.52,0.0
6009,502546,196,4,8761.57,0.0
6010,502547,179,4,47254.91,0.05
6011,502547,163,1,1143.45,0.15
6012,502548,9,2,26670.95,0.0
6013,502548,132,2,47935.67,0.15
6014,502548,49,2,33529.65,0.1
6015,502549,79,2,36534.8,0.1
6016,502549,41,4,790.54,0.0
6017,502550,45,2,19474.91,0.0
6018,502551,9,3,26670.95,0.05
6019,502552,193,4,1419.66,0.1
6020,502552,177,2,7521.62,0.1
6021,502552,8,1,16654.82,0.1
6022,502553,43,4,25517.07,0.1
6023,502553,20,4,27803.61,0.1
6024,502554,197,2,20725.99,0.1
6025,502554,184,4,46019.64,0.05
6026,502554,72,4,33843.05,0.05
6027,502555,10,2,34430.26,0.0
6028,502556,91,1,37325.93,0.0
6029,502556,76,3,1551.17,0.1
6030,502556,5,1,32053.9,0.15
6031,502557,135,3,25804.56,0.15
6032,502557,140,4,19515.46,0.05
6033,502558,171,2,22643.94,0.1
6034,502559,199,2,40427.21,0.1
6035,502559,116,3,16741.69,0.0
6036,502560,17,1,17031.55,0.1
6037,502560,48,1,32151.32,0.15
6038,502560,34,1,15395.87,0.1
6039,502561,108,4,22454.46,0.2
6040,502561,41,3,790.54,0.15
6041,502561,173,3,31442.32,0.15
6042,502561,151,1,15178.52,0.0
6043,502562,93,4,33594.98,0.05
6044,502562,89,2,2812.94,0.15
6045,502562,21,4,873.24,0.1
6046,502562,17,1,17031.55,0.0
6047,502562,73,2,32339.91,0.05
6048,502563,106,4,49815.63,0.1
6049,502563,161,1,45736.6,0.1
6050,502564,169,1,42129.24,0.0
6051,502564,58,2,38058.28,0.1
6052,502565,196,2,8761.57,0.1
6053,502565,80,2,26747.7,0.05
6054,502566,63,2,14212.89,0.1
6055,502566,167,3,1520.89,0.0
6056,502567,67,1,32514.47,0.1
6057,502568,99,3,51437.59,0.0
6058,502568,137,4,11644.84,0.15
6059,502568,44,1,23585.72,0.1
6060,502569,190,1,52000.43,0.1
6061,502569,135,3,25804.56,0.0
6062,502569,169,4,42129.24,0.1
6063,502569,188,1,6070.27,0.05
6064,502569,18,4,17846.96,0.15
6065,502570,115,4,2799.41,0.0
6066,502571,125,3,41076.3,0.05
6067,502571,160,3,24067.85,0.2
6068,502572,67,3,32514.47,0.0
6069,502573,22,3,20749.3,0.05
6070,502573,77,1,45039.66,0.0
6071,502574,39,4,42117.5,0.0
6072,502574,100,3,46791.69,0.1
6073,502575,124,4,16664.22,0.0
6074,502575,3,4,2440.7,0.15
6075,502576,64,4,23845.3,0.1
6076,502576,55,4,45214.9,0.0
6077,502577,90,4,42489.82,0.0
6078,502577,186,3,13953.35,0.1
6079,502577,140,4,19515.46,0.1
6080,502578,139,3,36696.68,0.2
6081,502579,172,4,35356.68,0.05
6082,502579,107,4,13631.76,0.05
6083,502579,16,1,17752.56,0.2
6084,502580,192,1,906.98,0.1
6085,502580,6,1,15719.14,0.1
6086,502580,33,3,15090.93,0.15
6087,502581,112,3,22042.94,0.1
6088,502581,66,1,7626.75,0.1
6089,502582,102,2,25753.85,0.2
6090,502582,41,4,790.54,0.1
6091,502583,54,2,28353.11,0.1
6092,502583,131,3,935.86,0.15
6093,502583,174,2,3057.35,0.05
6094,502583,74,2,9594.57,0.15
6095,502584,185,3,11835.89,0.05
6096,502584,88,3,22349.99,0.05
6097,502585,89,1,2812.94,0.0
6098,502586,150,3,23255.73,0.1
6099,502587,186,2,13953.35,0.0
6100,502587,61,3,23045.67,0.1
6101,502587,142,2,32662.03,0.05
6102,502587,46,4,6300.09,0.15
6103,502588,66,3,7626.75,0.0
6104,502589,31,4,31665.76,0.0
6105,502589,67,4,32514.47,0.05
6106,502590,55,2,45214.9,0.0
6107,502590,192,1,906.98,0.15
6108,502590,35,3,3103.89,0.1
6109,502591,100,4,46791.69,0.05
6110,502591,50,2,37071.05,0.0
6111,502592,101,4,36836.08,0.05
6112,502592,94,4,30089.86,0.0
6113,502592,162,4,16150.96,0.0
6114,502593,172,3,35356.68,0.1
6115,502593,189,4,36176.21,0.15
6116,502594,58,2,38058.28,0.0
6117,502594,36,1,32323.45,0.0
6118,502594,40,3,12159.56,0.0
6119,502595,32,2,30436.6,0.05
6120,502596,193,2,1419.66,0.05
6121,502597,120,2,14551.18,0.05
6122,502598,116,3,16741.69,0.1
6123,502598,66,3,7626.75,0.0
6124,502599,26,1,13443.96,0.0
6125,502600,186,3,13953.35,0.1
6126,502600,28,1,34955.61,0.1
6127,502601,114,2,24883.58,0.05
6128,502602,193,3,1419.66,0.1
6129,502602,173,2,31442.32,0.0
6130,502603,186,4,13953.35,0.2
6131,502604,150,1,23255.73,0.15
6132,502604,16,1,17752.56,0.0
6133,502605,81,2,15504.13,0.05
6134,502605,164,3,54714.33,0.05
6135,502605,138,1,5148.37,0.0
6136,502606,70,3,9185.74,0.1
6137,502606,61,3,23045.67,0.1
6138,502607,115,2,2799.41,0.0
6139,502607,24,2,29412.47,0.0
6140,502607,144,2,43009.16,0.05
6141,502608,187,2,50291.33,0.1
6142,502608,161,4,45736.6,0.1
6143,502609,189,1,36176.21,0.05
6144,502610,70,1,9185.74,0.15
6145,502610,62,2,3498.04,0.0
6146,502611,180,3,6088.9,0.05
6147,502611,26,3,13443.96,0.0
6148,502612,199,3,40427.21,0.1
6149,502612,11,3,10297.51,0.15
6150,502612,84,3,26499.83,0.0
6151,502613,17,4,17031.55,0.0
6152,502614,64,2,23845.3,0.1
6153,502614,84,2,26499.83,0.1
6154,502614,184,2,46019.64,0.0
6155,502614,94,4,30089.86,0.0
6156,502614,113,4,20936.8,0.1
6157,502615,58,2,38058.28,0.1
6158,502615,171,1,22643.94,0.0
6159,502615,12,2,8809.95,0.15
6160,502616,22,3,20749.3,0.15
6161,502616,192,4,906.98,0.05
6162,502617,72,3,33843.05,0.1
6163,502617,194,1,14529.69,0.1
6164,502617,64,2,23845.3,0.0
6165,502617,92,1,38084.76,0.1
6166,502617,171,4,22643.94,0.15
6167,502618,107,4,13631.76,0.1
6168,502619,48,2,32151.32,0.05
6169,502619,157,4,26053.23,0.0
6170,502619,40,2,12159.56,0.0
6171,502620,30,2,8599.09,0.0
6172,502621,191,3,39507.0,0.15
6173,502621,126,2,4890.52,0.0
6174,502622,10,1,34430.26,0.0
6175,502623,33,4,15090.93,0.0
6176,502623,36,1,32323.45,0.0
6177,502623,45,1,19474.91,0.0
6178,502623,13,2,41294.2,0.1
6179,502624,52,2,43157.07,0.0
6180,502624,168,1,9316.31,0.0
6181,502625,125,3,41076.3,0.0
6182,502625,134,3,24171.94,0.15
6183,502626,73,2,32339.91,0.05
6184,502626,28,4,34955.61,0.15
6185,502626,107,4,13631.76,0.05
6186,502626,42,4,17076.73,0.2
6187,502627,43,2,25517.07,0.0
6188,502628,77,3,45039.66,0.0
6189,502628,35,4,3103.89,0.0
6190,502628,105,4,28367.27,0.0
6191,502628,149,4,33795.66,0.15
6192,502628,150,3,23255.73,0.05
6193,502629,91,4,37325.93,0.05
6194,502629,188,3,6070.27,0.1
6195,502630,109,2,20240.83,0.15
6196,502630,92,1,38084.76,0.1
6197,502630,186,2,13953.35,0.0
6198,502631,155,2,51623.31,0.15
6199,502631,97,4,9014.15,0.15
6200,502632,20,3,27803.61,0.1
6201,502632,3,3,2440.7,0.0
6202,502632,37,2,8747.32,0.1
6203,502633,11,2,10297.51,0.0
6204,502633,184,1,46019.64,0.05
6205,502633,57,1,1412.7,0.0
6206,502633,103,3,33485.32,0.1
6207,502634,109,3,20240.83,0.1
6208,502634,104,3,17663.08,0.0
6209,502635,82,3,26994.56,0.1
6210,502635,174,1,3057.35,0.1
6211,502635,190,1,52000.43,0.2
6212,502636,59,1,542.46,0.15
6213,502636,95,3,7858.6,0.0
6214,502636,81,2,15504.13,0.05
6215,502636,137,2,11644.84,0.05
6216,502636,102,2,25753.85,0.0
6217,502637,3,2,2440.7,0.05
6218,502637,74,1,9594.57,0.0
6219,502637,135,3,25804.56,0.15
6220,502638,147,4,51028.85,0.0
6221,502638,108,2,22454.46,0.1
6222,502638,149,2,33795.66,0.0
6223,502638,107,4,13631.76,0.1
6224,502638,117,3,5573.85,0.15
6225,502639,27,2,52025.44,0.05
6226,502639,142,4,32662.03,0.1
6227,502639,10,4,34430.26,0.0
6228,502640,96,3,33785.82,0.0
6229,502640,43,1,25517.07,0.1
6230,502641,33,1,15090.93,0.1
6231,502641,133,3,18726.1,0.0
6232,502641,186,2,13953.35,0.1
6233,502641,16,4,17752.56,0.05
6234,502642,194,4,14529.69,0.1
6235,502642,132,2,47935.67,0.0
6236,502642,88,2,22349.99,0.05
6237,502643,156,1,9479.93,0.1
6238,502644,138,3,5148.37,0.05
6239,502645,134,4,24171.94,0.2
6240,502646,163,1,1143.45,0.15
6241,502646,155,2,51623.31,0.1
6242,502646,94,1,30089.86,0.1
6243,502647,96,3,33785.82,0.05
6244,502647,69,1,20234.72,0.15
6245,502647,106,1,49815.63,0.1
6246,502648,45,1,19474.91,0.05
6247,502648,139,1,36696.68,0.2
6248,502648,194,1,14529.69,0.0
6249,502648,61,2,23045.67,0.15
6250,502649,26,3,13443.96,0.2
6251,502650,160,2,24067.85,0.0
6252,502651,49,2,33529.65,0.15
6253,502652,71,4,40831.91,0.05
6254,502652,170,4,31500.56,0.1
6255,502652,144,1,43009.16,0.05
6256,502653,7,3,32012.11,0.15
6257,502653,1,3,45769.48,0.0
6258,502653,34,1,15395.87,0.1
6259,502653,93,2,33594.98,0.0
6260,502654,138,4,5148.37,0.05
6261,502654,40,2,12159.56,0.1
6262,502654,72,3,33843.05,0.2
6263,502654,121,2,43178.12,0.0
6264,502655,126,1,4890.52,0.0
6265,502656,25,4,28894.26,0.1
6266,502656,37,2,8747.32,0.0
6267,502656,3,2,2440.7,0.0
6268,502657,163,2,1143.45,0.0
6269,502657,129,3,39450.63,0.1
6270,502657,137,2,11644.84,0.15
6271,502658,183,3,2591.66,0.1
6272,502658,26,1,13443.96,0.15
6273,502658,89,1,2812.94,0.0
6274,502658,113,2,20936.8,0.05
6275,502659,171,2,22643.94,0.1
6276,502659,162,3,16150.96,0.0
6277,502659,63,1,14212.89,0.05
6278,502660,18,4,17846.96,0.05
6279,502660,187,3,50291.33,0.1
6280,502661,40,4,12159.56,0.05
6281,502661,96,1,33785.82,0.0
6282,502661,85,2,30473.88,0.1
6283,502662,42,1,17076.73,0.15
6284,502662,140,3,19515.46,0.2
6285,502663,183,3,2591.66,0.05
6286,502663,46,4,6300.09,0.15
6287,502663,177,3,7521.62,0.0
6288,502664,89,3,2812.94,0.1
6289,502664,46,1,6300.09,0.05
6290,502664,123,4,44154.33,0.1
6291,502665,29,2,40427.0,0.0
6292,502665,48,1,32151.32,0.1
6293,502665,111,3,41282.72,0.1
6294,502665,114,1,24883.58,0.05
6295,502666,196,2,8761.57,0.0
6296,502667,27,2,52025.44,0.05
6297,502667,32,4,30436.6,0.2
6298,502667,194,2,14529.69,0.1
6299,502667,164,2,54714.33,0.1
6300,502668,73,2,32339.91,0.05
6301,502669,105,3,28367.27,0.05
6302,502669,132,1,47935.67,0.1
6303,502669,182,4,25258.66,0.1
6304,502670,101,3,36836.08,0.05
6305,502670,23,1,45229.71,0.1
6306,502670,176,2,42034.94,0.2
6307,502670,82,1,26994.56,0.2
6308,502671,101,4,36836.08,0.1
6309,502672,68,1,731.88,0.05
6310,502672,91,4,37325.93,0.0
6311,502672,163,4,1143.45,0.1
6312,502673,89,1,2812.94,0.1
6313,502673,135,2,25804.56,0.05
6314,502673,26,4,13443.96,0.05
6315,502674,73,1,32339.91,0.1
6316,502674,95,3,7858.6,0.05
6317,502674,106,4,49815.63,0.15
6318,502675,147,4,51028.85,0.15
6319,502676,152,3,47494.55,0.05
6320,502676,92,1,38084.76,0.0
6321,502676,146,4,4466.06,0.1
6322,502676,170,2,31500.56,0.0
6323,502677,14,3,28958.7,0.2
6324,502677,193,3,1419.66,0.1
6325,502677,132,4,47935.67,0.0
6326,502677,190,4,52000.43,0.0
6327,502677,23,1,45229.71,0.0
6328,502678,42,3,17076.73,0.15
6329,502678,15,4,13558.11,0.15
6330,502678,109,2,20240.83,0.15
6331,502679,136,4,48294.58,0.2
6332,502679,20,4,27803.61,0.1
6333,502680,104,4,17663.08,0.0
6334,502680,91,4,37325.93,0.05
6335,502680,122,1,7953.1,0.15
6336,502681,182,4,25258.66,0.1
6337,502682,58,1,38058.28,0.1
6338,502682,1,4,45769.48,0.15
6339,502682,128,2,39089.34,0.1
6340,502683,16,3,17752.56,0.0
6341,502684,137,4,11644.84,0.15
6342,502684,92,2,38084.76,0.0
6343,502685,147,4,51028.85,0.15
6344,502686,171,2,22643.94,0.05
6345,502686,55,4,45214.9,0.0
6346,502686,36,3,32323.45,0.0
6347,502687,149,3,33795.66,0.15
6348,502687,98,4,35512.2,0.1
6349,502688,148,3,30748.98,0.1
6350,502688,131,1,935.86,0.0
6351,502688,33,1,15090.93,0.05
6352,502689,23,3,45229.71,0.1
6353,502690,78,1,9475.8,0.1
6354,502690,83,4,10948.99,0.0
6355,502691,5,1,32053.9,0.0
6356,502691,196,1,8761.57,0.05
6357,502692,29,4,40427.0,0.0
6358,502692,92,1,38084.76,0.0
6359,502693,185,1,11835.89,0.0
6360,502694,142,2,32662.03,0.0
6361,502694,90,1,42489.82,0.1
6362,502694,50,3,37071.05,0.1
6363,502695,91,4,37325.93,0.0
6364,502695,57,2,1412.7,0.1
6365,502696,144,2,43009.16,0.2
6366,502696,185,3,11835.89,0.15
6367,502696,55,3,45214.9,0.05
6368,502696,190,4,52000.43,0.05
6369,502697,150,2,23255.73,0.05
6370,502697,55,3,45214.9,0.05
6371,502698,58,2,38058.28,0.0
6372,502699,155,1,51623.31,0.0
6373,502700,6,4,15719.14,0.05
6374,502701,128,4,39089.34,0.05
6375,502702,94,3,30089.86,0.1
6376,502702,41,1,790.54,0.1
6377,502702,72,4,33843.05,0.1
6378,502703,51,4,42529.03,0.0
6379,502703,44,3,23585.72,0.1
6380,502703,148,4,30748.98,0.0
6381,502704,27,2,52025.44,0.0
6382,502705,30,2,8599.09,0.2
6383,502705,107,4,13631.76,0.2
6384,502705,69,3,20234.72,0.1
6385,502705,26,3,13443.96,0.05
6386,502706,6,4,15719.14,0.05
6387,502707,157,4,26053.23,0.0
6388,502707,147,1,51028.85,0.05
6389,502707,134,2,24171.94,0.15
6390,502708,144,3,43009.16,0.0
6391,502709,172,2,35356.68,0.15
6392,502709,78,4,9475.8,0.15
6393,502710,158,1,17301.25,0.1
6394,502710,98,3,35512.2,0.1
6395,502710,175,1,7528.69,0.0
6396,502711,104,3,17663.08,0.0
6397,502712,66,3,7626.75,0.05
6398,502713,143,3,8499.37,0.0
6399,502713,5,4,32053.9,0.15
6400,502713,49,1,33529.65,0.1
6401,502714,9,4,26670.95,0.1
6402,502714,6,4,15719.14,0.2
6403,502714,176,1,42034.94,0.0
6404,502715,40,2,12159.56,0.0
6405,502715,15,2,13558.11,0.1
6406,502715,120,2,14551.18,0.05
6407,502715,132,3,47935.67,0.1
6408,502716,121,1,43178.12,0.0
6409,502716,40,3,12159.56,0.05
6410,502716,66,3,7626.75,0.1
6411,502717,67,2,32514.47,0.1
6412,502718,154,1,24420.47,0.1
6413,502718,94,1,30089.86,0.1
6414,502718,32,3,30436.6,0.0
6415,502719,1,3,45769.48,0.15
6416,502719,36,3,32323.45,0.0
6417,502719,45,4,19474.91,0.2
6418,502719,183,2,2591.66,0.1
6419,502720,31,4,31665.76,0.05
6420,502721,32,1,30436.6,0.2
6421,502722,47,2,7728.9,0.1
6422,502722,157,4,26053.23,0.15
6423,502722,65,1,26891.02,0.0
6424,502723,110,4,13452.58,0.0
6425,502723,66,4,7626.75,0.0
6426,502723,51,3,42529.03,0.1
6427,502724,155,2,51623.31,0.15
6428,502724,35,1,3103.89,0.15
6429,502725,86,2,25389.28,0.1
6430,502725,176,3,42034.94,0.2
6431,502725,183,1,2591.66,0.2
6432,502726,21,3,873.24,0.2
6433,502727,188,3,6070.27,0.0
6434,502727,158,4,17301.25,0.05
6435,502728,26,1,13443.96,0.1
6436,502728,165,4,6409.81,0.15
6437,502728,183,1,2591.66,0.1
6438,502729,54,1,28353.11,0.1
6439,502730,127,3,16509.71,0.1
6440,502730,16,2,17752.56,0.0
6441,502731,57,2,1412.7,0.1
6442,502731,168,1,9316.31,0.1
6443,502731,154,2,24420.47,0.0
6444,502732,186,4,13953.35,0.15
6445,502732,37,4,8747.32,0.0
6446,502733,141,3,9199.37,0.1
6447,502733,191,3,39507.0,0.1
6448,502733,42,2,17076.73,0.0
6449,502733,104,3,17663.08,0.1
6450,502734,161,4,45736.6,0.0
6451,502734,101,2,36836.08,0.15
6452,502734,151,4,15178.52,0.15
6453,502734,92,4,38084.76,0.1
6454,502734,19,4,21391.84,0.0
6455,502735,32,2,30436.6,0.0
6456,502735,11,4,10297.51,0.1
6457,502735,184,1,46019.64,0.05
6458,502736,40,3,12159.56,0.1
6459,502736,93,3,33594.98,0.1
6460,502736,146,2,4466.06,0.0
6461,502737,89,1,2812.94,0.2
6462,502737,78,2,9475.8,0.05
6463,502737,180,1,6088.9,0.1
6464,502737,110,1,13452.58,0.15
6465,502738,84,3,26499.83,0.0
6466,502738,129,4,39450.63,0.05
6467,502738,110,4,13452.58,0.1
6468,502739,169,1,42129.24,0.15
6469,502739,80,1,26747.7,0.15
6470,502739,78,2,9475.8,0.0
6471,502740,56,3,31457.37,0.0
6472,502741,125,4,41076.3,0.05
6473,502741,28,4,34955.61,0.1
6474,502741,81,1,15504.13,0.0
6475,502741,58,1,38058.28,0.0
6476,502742,67,3,32514.47,0.1
6477,502743,102,3,25753.85,0.05
6478,502744,112,4,22042.94,0.0
6479,502744,25,3,28894.26,0.1
6480,502745,17,2,17031.55,0.15
6481,502746,161,4,45736.6,0.0
6482,502747,146,2,4466.06,0.0
6483,502747,124,1,16664.22,0.0
6484,502748,63,4,14212.89,0.1
6485,502749,49,3,33529.65,0.0
6486,502749,30,2,8599.09,0.1
6487,502749,63,4,14212.89,0.1
6488,502749,110,1,13452.58,0.1
6489,502750,5,4,32053.9,0.2
6490,502750,59,4,542.46,0.1
6491,502750,115,4,2799.41,0.1
6492,502750,53,3,41659.1,0.0
6493,502750,177,3,7521.62,0.1
6494,502751,72,3,33843.05,0.1
6495,502751,20,1,27803.61,0.15
6496,502751,106,4,49815.63,0.0
6497,502752,133,1,18726.1,0.15
6498,502753,171,2,22643.94,0.1
6499,502753,132,3,47935.67,0.0
6500,502754,168,2,9316.31,0.05
6501,502755,114,1,24883.58,0.0
6502,502755,72,3,33843.05,0.0
6503,502755,108,3,22454.46,0.1
6504,502756,179,3,47254.91,0.05
6505,502757,198,2,44779.95,0.2
6506,502757,166,1,16527.13,0.2
6507,502758,36,2,32323.45,0.2
6508,502759,113,4,20936.8,0.1
6509,502759,187,1,50291.33,0.05
6510,502759,118,3,47968.75,0.1
6511,502759,14,4,28958.7,0.1
6512,502759,119,3,20465.15,0.15
6513,502760,197,1,20725.99,0.0
6514,502761,186,3,13953.35,0.15
6515,502761,10,2,34430.26,0.1
6516,502762,129,3,39450.63,0.0
6517,502763,39,3,42117.5,0.0
6518,502763,47,2,7728.9,0.0
6519,502764,148,3,30748.98,0.15
6520,502764,124,1,16664.22,0.05
6521,502764,40,2,12159.56,0.05
6522,502764,134,2,24171.94,0.15
6523,502765,151,1,15178.52,0.15
6524,502766,113,3,20936.8,0.0
6525,502767,116,4,16741.69,0.1
6526,502768,168,2,9316.31,0.1
6527,502768,135,3,25804.56,0.0
6528,502769,120,1,14551.18,0.1
6529,502769,64,4,23845.3,0.15
6530,502770,143,4,8499.37,0.1
6531,502770,44,3,23585.72,0.0
6532,502770,119,4,20465.15,0.05
6533,502770,68,4,731.88,0.05
6534,502771,3,1,2440.7,0.15
6535,502771,151,3,15178.52,0.1
6536,502771,112,4,22042.94,0.0
6537,502771,18,3,17846.96,0.0
6538,502772,104,1,17663.08,0.15
6539,502773,172,4,35356.68,0.0
6540,502773,89,1,2812.94,0.15
6541,502773,7,4,32012.11,0.05
6542,502773,25,3,28894.26,0.0
6543,502774,65,4,26891.02,0.05
6544,502774,23,1,45229.71,0.2
6545,502774,194,4,14529.69,0.0
6546,502774,119,4,20465.15,0.05
6547,502775,107,1,13631.76,0.0
6548,502775,33,1,15090.93,0.0
6549,502775,185,3,11835.89,0.1
6550,502776,156,3,9479.93,0.1
6551,502776,142,1,32662.03,0.1
6552,502777,155,1,51623.31,0.1
6553,502777,61,2,23045.67,0.05
6554,502777,165,4,6409.81,0.05
6555,502778,42,2,17076.73,0.1
6556,502778,173,3,31442.32,0.05
6557,502778,190,3,52000.43,0.0
6558,502779,81,4,15504.13,0.0
6559,502779,82,4,26994.56,0.1
6560,502780,53,2,41659.1,0.0
6561,502781,76,4,1551.17,0.05
6562,502781,8,4,16654.82,0.0
6563,502782,107,3,13631.76,0.15
6564,502782,63,3,14212.89,0.0
6565,502783,119,2,20465.15,0.1
6566,502784,5,3,32053.9,0.2
6567,502784,75,1,7343.48,0.0
6568,502784,34,2,15395.87,0.1
6569,502784,154,2,24420.47,0.0
6570,502785,23,2,45229.71,0.0
6571,502786,76,4,1551.17,0.05
6572,502787,95,2,7858.6,0.1
6573,502787,120,1,14551.18,0.1
6574,502788,69,4,20234.72,0.05
6575,502788,88,1,22349.99,0.05
6576,502788,199,1,40427.21,0.1
6577,502789,185,2,11835.89,0.0
6578,502790,183,2,2591.66,0.15
6579,502790,85,3,30473.88,0.2
6580,502790,21,3,873.24,0.2
6581,502791,137,1,11644.84,0.0
6582,502791,1,2,45769.48,0.0
6583,502792,176,4,42034.94,0.0
6584,502793,84,1,26499.83,0.0
6585,502794,96,3,33785.82,0.2
6586,502794,18,3,17846.96,0.2
6587,502795,60,2,42396.67,0.0
6588,502795,157,3,26053.23,0.1
6589,502796,32,3,30436.6,0.05
6590,502797,98,2,35512.2,0.05
6591,502797,27,1,52025.44,0.05
6592,502798,39,4,42117.5,0.1
6593,502798,141,3,9199.37,0.15
6594,502799,135,1,25804.56,0.0
6595,502799,90,4,42489.82,0.0
6596,502799,110,4,13452.58,0.15
6597,502799,173,3,31442.32,0.1
6598,502799,58,1,38058.28,0.0
6599,502800,104,4,17663.08,0.05
6600,502800,200,1,20741.6,0.0
6601,502800,185,4,11835.89,0.1
6602,502801,7,2,32012.11,0.2
6603,502802,82,1,26994.56,0.1
6604,502802,142,4,32662.03,0.05
6605,502803,102,4,25753.85,0.05
6606,502804,76,3,1551.17,0.1
6607,502804,110,4,13452.58,0.0
6608,502805,14,2,28958.7,0.05
6609,502805,21,1,873.24,0.2
6610,502806,46,4,6300.09,0.1
6611,502806,159,1,25532.77,0.2
6612,502806,124,3,16664.22,0.2
6613,502806,154,4,24420.47,0.1
6614,502807,24,2,29412.47,0.1
6615,502807,87,4,3216.87,0.1
6616,502808,54,1,28353.11,0.15
6617,502808,81,3,15504.13,0.15
6618,502808,71,2,40831.91,0.15
6619,502808,19,1,21391.84,0.1
6620,502809,112,4,22042.94,0.1
6621,502809,74,2,9594.57,0.2
6622,502810,7,2,32012.11,0.0
6623,502810,47,1,7728.9,0.15
6624,502811,78,4,9475.8,0.0
6625,502812,40,1,12159.56,0.15
6626,502813,22,2,20749.3,0.1
6627,502813,142,3,32662.03,0.2
6628,502813,57,3,1412.7,0.0
6629,502814,150,4,23255.73,0.0
6630,502814,108,4,22454.46,0.0
6631,502814,153,1,34143.04,0.0
6632,502814,171,3,22643.94,0.05
6633,502815,132,3,47935.67,0.05
6634,502815,198,3,44779.95,0.1
6635,502816,37,3,8747.32,0.0
6636,502816,197,4,20725.99,0.0
6637,502817,52,4,43157.07,0.2
6638,502818,44,1,23585.72,0.1
6639,502818,96,1,33785.82,0.1
6640,502819,178,2,16239.3,0.05
6641,502819,63,1,14212.89,0.0
6642,502819,41,4,790.54,0.0
6643,502819,142,3,32662.03,0.0
6644,502820,38,4,33762.69,0.1
6645,502821,155,3,51623.31,0.05
6646,502822,194,2,14529.69,0.15
6647,502822,35,1,3103.89,0.15
6648,502822,136,4,48294.58,0.15
6649,502823,179,2,47254.91,0.2
6650,502823,88,1,22349.99,0.1
6651,502824,82,2,26994.56,0.05
6652,502825,147,2,51028.85,0.05
6653,502825,20,1,27803.61,0.1
6654,502826,38,4,33762.69,0.0
6655,502826,174,4,3057.35,0.0
6656,502826,156,4,9479.93,0.0
6657,502827,88,1,22349.99,0.05
6658,502827,53,4,41659.1,0.0
6659,502827,163,2,1143.45,0.1
6660,502827,191,3,39507.0,0.1
6661,502827,33,2,15090.93,0.15
6662,502828,124,4,16664.22,0.1
6663,502828,22,1,20749.3,0.05
6664,502828,21,2,873.24,0.15
6665,502828,193,1,1419.66,0.05
6666,502829,186,3,13953.35,0.0
6667,502829,172,3,35356.68,0.15
6668,502830,19,4,21391.84,0.15
6669,502830,13,1,41294.2,0.1
6670,502830,2,3,42946.4,0.1
6671,502831,169,1,42129.24,0.1
6672,502831,143,1,8499.37,0.2
6673,502832,199,4,40427.21,0.1
6674,502832,153,4,34143.04,0.05
6675,502833,72,4,33843.05,0.0
6676,502834,33,4,15090.93,0.1
6677,502835,117,4,5573.85,0.2
6678,502835,183,1,2591.66,0.05
6679,502836,93,1,33594.98,0.1
6680,502836,176,4,42034.94,0.0
6681,502836,151,1,15178.52,0.1
6682,502836,43,4,25517.07,0.15
6683,502836,141,2,9199.37,0.15
6684,502837,116,1,16741.69,0.05
6685,502837,33,2,15090.93,0.1
6686,502838,156,2,9479.93,0.0
6687,502838,129,4,39450.63,0.1
6688,502838,197,3,20725.99,0.0
6689,502838,60,4,42396.67,0.0
6690,502838,143,3,8499.37,0.05
6691,502839,96,4,33785.82,0.0
6692,502840,24,2,29412.47,0.0
6693,502841,89,3,2812.94,0.0
6694,502841,71,3,40831.91,0.0
6695,502841,200,3,20741.6,0.05
6696,502841,184,1,46019.64,0.0
6697,502841,82,1,26994.56,0.0
6698,502842,81,4,15504.13,0.15
6699,502842,148,2,30748.98,0.15
6700,502843,175,4,7528.69,0.15
6701,502843,8,1,16654.82,0.05
6702,502844,147,2,51028.85,0.05
6703,502845,104,1,17663.08,0.0
6704,502845,177,3,7521.62,0.15
6705,502845,122,2,7953.1,0.15
6706,502845,146,3,4466.06,0.05
6707,502846,38,3,33762.69,0.15
6708,502847,73,1,32339.91,0.05
6709,502847,195,2,39570.05,0.1
6710,502847,41,2,790.54,0.1
6711,502847,75,3,7343.48,0.05
6712,502848,34,3,15395.87,0.05
6713,502849,144,3,43009.16,0.0
6714,502850,135,1,25804.56,0.1
6715,502850,68,2,731.88,0.1
6716,502850,114,2,24883.58,0.0
6717,502850,53,2,41659.1,0.05
6718,502851,11,4,10297.51,0.1
6719,502851,118,1,47968.75,0.05
6720,502852,71,4,40831.91,0.1
6721,502853,3,2,2440.7,0.0
6722,502853,18,3,17846.96,0.1
6723,502854,137,4,11644.84,0.0
6724,502855,72,4,33843.05,0.0
6725,502856,89,4,2812.94,0.15
6726,502857,38,3,33762.69,0.0
6727,502857,123,4,44154.33,0.2
6728,502858,190,2,52000.43,0.0
6729,502859,14,4,28958.7,0.0
6730,502859,153,4,34143.04,0.1
6731,502859,1,2,45769.48,0.2
6732,502859,61,2,23045.67,0.05
6733,502860,152,3,47494.55,0.15
6734,502860,66,3,7626.75,0.1
6735,502860,95,1,7858.6,0.05
6736,502861,173,4,31442.32,0.2
6737,502862,57,2,1412.7,0.1
6738,502862,154,2,24420.47,0.1
6739,502863,103,4,33485.32,0.0
6740,502863,99,1,51437.59,0.15
6741,502864,96,3,33785.82,0.0
6742,502864,59,3,542.46,0.1
6743,502864,192,3,906.98,0.2
6744,502865,180,2,6088.9,0.2
6745,502865,116,3,16741.69,0.05
6746,502866,25,2,28894.26,0.05
6747,502866,198,3,44779.95,0.1
6748,502866,149,2,33795.66,0.1
6749,502867,84,2,26499.83,0.05
6750,502868,131,3,935.86,0.1
6751,502868,97,3,9014.15,0.05
6752,502869,55,2,45214.9,0.15
6753,502870,58,1,38058.28,0.1
6754,502870,165,4,6409.81,0.05
6755,502870,133,4,18726.1,0.0
6756,502870,109,1,20240.83,0.1
6757,502870,122,3,7953.1,0.05
6758,502871,94,4,30089.86,0.05
6759,502871,63,4,14212.89,0.0
6760,502872,18,3,17846.96,0.05
6761,502872,74,2,9594.57,0.1
6762,502873,14,2,28958.7,0.0
6763,502873,153,4,34143.04,0.1
6764,502874,73,3,32339.91,0.05
6765,502875,26,2,13443.96,0.1
6766,502876,35,2,3103.89,0.1
6767,502877,197,1,20725.99,0.05
6768,502877,106,1,49815.63,0.1
6769,502877,191,3,39507.0,0.05
6770,502878,61,1,23045.67,0.1
6771,502878,49,4,33529.65,0.0
6772,502878,92,4,38084.76,0.05
6773,502879,137,3,11644.84,0.15
6774,502880,175,2,7528.69,0.05
6775,502880,196,1,8761.57,0.0
6776,502881,176,1,42034.94,0.05
6777,502881,70,4,9185.74,0.0
6778,502882,41,4,790.54,0.0
6779,502882,30,4,8599.09,0.15
6780,502883,138,1,5148.37,0.1
6781,502883,140,2,19515.46,0.05
6782,502884,73,2,32339.91,0.1
6783,502884,167,3,1520.89,0.2
6784,502884,83,3,10948.99,0.15
6785,502884,15,1,13558.11,0.0
6786,502885,179,4,47254.91,0.1
6787,502885,96,2,33785.82,0.1
6788,502886,160,4,24067.85,0.05
6789,502886,44,2,23585.72,0.0
6790,502887,156,3,9479.93,0.0
6791,502887,154,2,24420.47,0.15
6792,502887,150,4,23255.73,0.0
6793,502888,11,3,10297.51,0.2
6794,502888,170,4,31500.56,0.05
6795,502888,191,1,39507.0,0.0
6796,502889,162,4,16150.96,0.15
6797,502889,166,3,16527.13,0.1
6798,502890,65,3,26891.02,0.2
6799,502891,170,2,31500.56,0.05
6800,502892,171,4,22643.94,0.1
6801,502892,4,3,4600.28,0.0
6802,502893,86,3,25389.28,0.05
6803,502893,33,1,15090.93,0.0
6804,502893,122,2,7953.1,0.1
6805,502894,27,1,52025.44,0.15
6806,502894,68,1,731.88,0.1
6807,502894,48,2,32151.32,0.15
6808,502895,130,3,1826.9,0.2
6809,502896,28,4,34955.61,0.05
6810,502897,10,3,34430.26,0.0
6811,502897,1,2,45769.48,0.05
6812,502897,31,1,31665.76,0.0
6813,502898,91,3,37325.93,0.0
6814,502898,190,1,52000.43,0.15
6815,502899,119,4,20465.15,0.15
6816,502899,96,2,33785.82,0.0
6817,502899,10,4,34430.26,0.05
6818,502900,177,2,7521.62,0.15
6819,502900,173,3,31442.32,0.1
6820,502900,126,1,4890.52,0.2
6821,502901,124,3,16664.22,0.15
6822,502902,160,3,24067.85,0.0
6823,502902,154,1,24420.47,0.15
6824,502902,195,2,39570.05,0.0
6825,502903,61,3,23045.67,0.05
6826,502903,38,2,33762.69,0.2
6827,502904,41,3,790.54,0.15
6828,502904,163,1,1143.45,0.0
6829,502905,48,2,32151.32,0.05
6830,502905,145,3,5674.44,0.0
6831,502906,122,3,7953.1,0.05
6832,502906,62,1,3498.04,0.0
6833,502906,129,2,39450.63,0.0
6834,502907,154,1,24420.47,0.15
6835,502908,173,1,31442.32,0.2
6836,502909,104,2,17663.08,0.05
6837,502910,73,1,32339.91,0.2
6838,502910,23,2,45229.71,0.15
6839,502910,34,2,15395.87,0.05
6840,502911,57,1,1412.7,0.1
6841,502911,102,1,25753.85,0.0
6842,502911,48,2,32151.32,0.2
6843,502912,177,1,7521.62,0.1
6844,502913,54,1,28353.11,0.1
6845,502914,83,1,10948.99,0.1
6846,502915,38,4,33762.69,0.15
6847,502915,134,1,24171.94,0.2
6848,502915,153,4,34143.04,0.0
6849,502916,111,1,41282.72,0.1
6850,502916,46,2,6300.09,0.05
6851,502917,27,4,52025.44,0.2
6852,502917,176,1,42034.94,0.0
6853,502917,168,1,9316.31,0.15
6854,502918,33,1,15090.93,0.05
6855,502918,93,1,33594.98,0.05
6856,502918,19,3,21391.84,0.05
6857,502919,30,1,8599.09,0.15
6858,502919,161,4,45736.6,0.1
6859,502919,110,3,13452.58,0.1
6860,502919,29,4,40427.0,0.0
6861,502920,74,4,9594.57,0.2
6862,502920,143,2,8499.37,0.2
6863,502921,71,4,40831.91,0.0
6864,502921,64,2,23845.3,0.05
6865,502921,39,3,42117.5,0.0
6866,502921,21,2,873.24,0.0
6867,502922,195,3,39570.05,0.0
6868,502922,86,3,25389.28,0.05
6869,502923,142,2,32662.03,0.1
6870,502923,66,2,7626.75,0.15
6871,502923,160,2,24067.85,0.0
6872,502924,20,1,27803.61,0.0
6873,502924,190,2,52000.43,0.2
6874,502925,124,3,16664.22,0.1
6875,502925,120,2,14551.18,0.05
6876,502925,113,3,20936.8,0.0
6877,502925,155,3,51623.31,0.2
6878,502926,176,3,42034.94,0.0
6879,502926,62,2,3498.04,0.15
6880,502927,68,3,731.88,0.15
6881,502927,92,3,38084.76,0.0
6882,502927,123,1,44154.33,0.05
6883,502928,50,3,37071.05,0.1
6884,502928,14,1,28958.7,0.1
6885,502929,129,4,39450.63,0.0
6886,502929,21,2,873.24,0.15
6887,502929,153,1,34143.04,0.05
6888,502929,56,2,31457.37,0.1
6889,502929,62,4,3498.04,0.15
6890,502930,70,2,9185.74,0.1
6891,502931,44,2,23585.72,0.0
6892,502931,182,1,25258.66,0.05
6893,502932,100,1,46791.69,0.0
6894,502933,30,4,8599.09,0.05
6895,502933,128,3,39089.34,0.05
6896,502933,6,4,15719.14,0.0
6897,502933,113,3,20936.8,0.1
6898,502934,174,3,3057.35,0.05
6899,502934,141,4,9199.37,0.0
6900,502934,19,4,21391.84,0.0
6901,502935,69,1,20234.72,0.0
6902,502935,135,2,25804.56,0.05
6903,502935,96,2,33785.82,0.1
6904,502936,169,2,42129.24,0.0
6905,502936,83,3,10948.99,0.1
6906,502937,104,1,17663.08,0.0
6907,502937,186,4,13953.35,0.15
6908,502937,133,3,18726.1,0.15
6909,502938,108,2,22454.46,0.15
6910,502938,143,4,8499.37,0.05
6911,502939,149,3,33795.66,0.1
6912,502940,107,1,13631.76,0.05
6913,502940,138,1,5148.37,0.1
6914,502940,189,2,36176.21,0.1
6915,502941,30,4,8599.09,0.1
6916,502941,116,2,16741.69,0.15
6917,502942,173,1,31442.32,0.1
6918,502943,165,2,6409.81,0.2
6919,502943,4,1,4600.28,0.1
6920,502943,89,1,2812.94,0.1
6921,502944,120,4,14551.18,0.1
6922,502945,48,2,32151.32,0.1
6923,502945,136,4,48294.58,0.0
6924,502945,9,1,26670.95,0.05
6925,502946,86,1,25389.28,0.0
6926,502946,109,4,20240.83,0.0
6927,502947,108,2,22454.46,0.1
6928,502947,15,1,13558.11,0.0
6929,502947,59,4,542.46,0.05
6930,502948,193,3,1419.66,0.05
6931,502949,62,3,3498.04,0.0
6932,502949,139,2,36696.68,0.15
6933,502949,153,3,34143.04,0.0
6934,502950,140,3,19515.46,0.05
6935,502950,144,4,43009.16,0.15
6936,502950,171,1,22643.94,0.05
6937,502951,141,4,9199.37,0.15
6938,502951,161,1,45736.6,0.2
6939,502951,120,4,14551.18,0.1
6940,502952,131,1,935.86,0.05
6941,502952,59,2,542.46,0.15
6942,502953,41,4,790.54,0.1
6943,502953,169,4,42129.24,0.1
6944,502953,51,1,42529.03,0.15
6945,502954,162,4,16150.96,0.05
6946,502954,108,3,22454.46,0.05
6947,502955,42,3,17076.73,0.15
6948,502956,33,3,15090.93,0.15
6949,502957,161,2,45736.6,0.1
6950,502957,59,3,542.46,0.1
6951,502958,173,2,31442.32,0.1
6952,502958,4,1,4600.28,0.05
6953,502958,158,3,17301.25,0.0
6954,502959,192,4,906.98,0.05
6955,502959,187,2,50291.33,0.05
6956,502960,187,3,50291.33,0.15
6957,502960,70,1,9185.74,0.05
6958,502960,54,4,28353.11,0.0
6959,502961,8,1,16654.82,0.0
6960,502961,96,2,33785.82,0.05
6961,502961,60,1,42396.67,0.0
6962,502962,55,2,45214.9,0.0
6963,502962,47,1,7728.9,0.15
6964,502963,14,3,28958.7,0.05
6965,502964,86,1,25389.28,0.05
6966,502964,177,2,7521.62,0.0
6967,502965,92,2,38084.76,0.05
6968,502965,57,4,1412.7,0.05
6969,502966,174,4,3057.35,0.1
6970,502967,200,4,20741.6,0.15
6971,502967,30,2,8599.09,0.2
6972,502967,180,4,6088.9,0.15
6973,502968,198,3,44779.95,0.05
6974,502968,111,1,41282.72,0.0
6975,502968,129,2,39450.63,0.1
6976,502968,39,2,42117.5,0.1
6977,502968,113,2,20936.8,0.0
6978,502969,72,4,33843.05,0.0
6979,502970,100,1,46791.69,0.1
6980,502971,20,1,27803.61,0.2
6981,502971,122,1,7953.1,0.15
6982,502971,191,3,39507.0,0.0
6983,502972,52,4,43157.07,0.2
6984,502972,166,3,16527.13,0.1
6985,502972,95,3,7858.6,0.0
6986,502972,177,1,7521.62,0.0
6987,502972,15,1,13558.11,0.0
6988,502973,109,4,20240.83,0.1
6989,502973,11,4,10297.51,0.15
6990,502973,2,2,42946.4,0.05
6991,502973,133,3,18726.1,0.05
6992,502974,138,1,5148.37,0.15
6993,502974,177,2,7521.62,0.0
6994,502974,65,2,26891.02,0.1
6995,502974,143,2,8499.37,0.2
6996,502975,19,3,21391.84,0.0
6997,502975,71,3,40831.91,0.1
6998,502976,47,3,7728.9,0.1
6999,502976,6,2,15719.14,0.1
7000,502976,101,4,36836.08,0.05
7001,502976,164,3,54714.33,0.05
7002,502976,66,4,7626.75,0.05
7003,502977,84,2,26499.83,0.0
7004,502977,167,4,1520.89,0.15
7005,502978,160,1,24067.85,0.0
7006,502979,89,4,2812.94,0.05
7007,502979,49,2,33529.65,0.1
7008,502979,21,1,873.24,0.0
7009,502980,132,1,47935.67,0.1
7010,502980,200,1,20741.6,0.1
7011,502981,59,4,542.46,0.15
7012,502981,1,2,45769.48,0.2
7013,502981,37,2,8747.32,0.1
7014,502982,76,4,1551.17,0.15
7015,502982,197,1,20725.99,0.0
7016,502982,62,1,3498.04,0.05
7017,502983,194,1,14529.69,0.1
7018,502983,186,2,13953.35,0.0
7019,502983,14,1,28958.7,0.1
7020,502983,107,2,13631.76,0.15
7021,502984,41,1,790.54,0.1
7022,502984,25,1,28894.26,0.1
7023,502985,58,3,38058.28,0.15
7024,502986,14,3,28958.7,0.0
7025,502986,168,2,9316.31,0.1
7026,502986,130,3,1826.9,0.0
7027,502987,19,1,21391.84,0.0
7028,502987,168,3,9316.31,0.15
7029,502988,120,1,14551.18,0.1
7030,502989,197,2,20725.99,0.05
7031,502989,128,3,39089.34,0.0
7032,502990,104,2,17663.08,0.15
7033,502990,73,4,32339.91,0.0
7034,502990,184,3,46019.64,0.0
7035,502991,100,2,46791.69,0.15
7036,502991,25,1,28894.26,0.05
7037,502991,114,2,24883.58,0.0
7038,502991,89,1,2812.94,0.0
7039,502992,87,3,3216.87,0.15
7040,502992,8,3,16654.82,0.1
7041,502992,112,3,22042.94,0.1
7042,502993,133,3,18726.1,0.15
7043,502993,29,1,40427.0,0.1
7044,502993,3,3,2440.7,0.1
7045,502994,154,4,24420.47,0.0
7046,502994,28,1,34955.61,0.05
7047,502994,196,2,8761.57,0.1
7048,502995,20,1,27803.61,0.1
7049,502996,121,3,43178.12,0.1
7050,502996,93,2,33594.98,0.05
7051,502997,29,4,40427.0,0.1
7052,502997,55,3,45214.9,0.0
7053,502998,164,3,54714.33,0.05
7054,502998,8,2,16654.82,0.0
7055,502998,112,1,22042.94,0.0
7056,502998,102,2,25753.85,0.0
7057,502998,123,4,44154.33,0.1
7058,502999,128,2,39089.34,0.2
7059,503000,88,2,22349.99,0.1
7060,503000,93,2,33594.98,0.05
7061,503000,74,3,9594.57,0.0
7062,503000,129,1,39450.63,0.05
7063,503000,10,4,34430.26,0.0
7064,503001,48,3,32151.32,0.1
7065,503001,99,3,51437.59,0.1
7066,503001,74,4,9594.57,0.0
7067,503002,12,4,8809.95,0.05
7068,503003,145,1,5674.44,0.1
7069,503003,14,3,28958.7,0.05
7070,503004,85,1,30473.88,0.1
7071,503005,50,2,37071.05,0.0
7072,503005,69,2,20234.72,0.2
7073,503006,199,3,40427.21,0.1
7074,503006,145,2,5674.44,0.05
7075,503007,62,4,3498.04,0.1
7076,503007,85,4,30473.88,0.05
7077,503007,51,1,42529.03,0.0
7078,503008,100,2,46791.69,0.05
7079,503008,117,4,5573.85,0.15
7080,503009,183,3,2591.66,0.2
7081,503009,112,4,22042.94,0.1
7082,503009,55,2,45214.9,0.1
7083,503010,13,3,41294.2,0.15
7084,503010,20,2,27803.61,0.1
7085,503011,55,3,45214.9,0.05
7086,503011,14,2,28958.7,0.15
7087,503011,99,4,51437.59,0.1
7088,503011,181,3,20017.36,0.15
7089,503012,108,1,22454.46,0.1
7090,503012,46,2,6300.09,0.0
7091,503012,94,2,30089.86,0.15
7092,503012,192,4,906.98,0.1
7093,503013,139,3,36696.68,0.1
7094,503013,156,4,9479.93,0.1
7095,503013,180,3,6088.9,0.05
7096,503014,5,3,32053.9,0.0
7097,503015,87,3,3216.87,0.2
7098,503015,55,4,45214.9,0.05
7099,503015,106,1,49815.63,0.2
7100,503015,6,1,15719.14,0.1
7101,503015,102,4,25753.85,0.15
7102,503016,39,4,42117.5,0.05
7103,503016,8,1,16654.82,0.0
7104,503016,173,1,31442.32,0.05
7105,503017,180,4,6088.9,0.15
7106,503017,100,3,46791.69,0.1
7107,503017,65,2,26891.02,0.1
7108,503017,197,3,20725.99,0.1
7109,503018,146,2,4466.06,0.0
7110,503019,159,2,25532.77,0.1
7111,503019,2,4,42946.4,0.15
7112,503019,63,2,14212.89,0.1
7113,503019,164,4,54714.33,0.0
7114,503020,142,1,32662.03,0.15
7115,503021,140,3,19515.46,0.0
7116,503021,79,4,36534.8,0.1
7117,503022,165,4,6409.81,0.05
7118,503022,25,4,28894.26,0.1
7119,503022,47,1,7728.9,0.1
7120,503023,15,2,13558.11,0.1
7121,503023,102,1,25753.85,0.1
7122,503024,18,4,17846.96,0.05
7123,503025,7,2,32012.11,0.0
7124,503025,179,1,47254.91,0.15
7125,503026,16,3,17752.56,0.15
7126,503027,16,1,17752.56,0.05
7127,503027,37,4,8747.32,0.0
7128,503028,170,1,31500.56,0.05
7129,503029,193,2,1419.66,0.1
7130,503029,99,2,51437.59,0.0
7131,503030,135,3,25804.56,0.15
7132,503030,158,3,17301.25,0.15
7133,503031,159,3,25532.77,0.1
7134,503031,191,1,39507.0,0.15
7135,503031,9,2,26670.95,0.1
7136,503031,186,3,13953.35,0.0
7137,503031,174,4,3057.35,0.05
7138,503032,17,4,17031.55,0.15
7139,503032,132,3,47935.67,0.05
7140,503033,86,2,25389.28,0.05
7141,503033,152,4,47494.55,0.0
7142,503034,67,2,32514.47,0.15
7143,503034,82,4,26994.56,0.0
7144,503034,41,4,790.54,0.0
7145,503034,169,2,42129.24,0.05
7146,503034,120,2,14551.18,0.15
7147,503035,105,1,28367.27,0.0
7148,503035,20,3,27803.61,0.15
7149,503035,120,3,14551.18,0.15
7150,503035,33,2,15090.93,0.0
7151,503036,123,2,44154.33,0.1
7152,503036,39,3,42117.5,0.15
7153,503036,82,1,26994.56,0.0
7154,503037,3,1,2440.7,0.0
7155,503037,38,3,33762.69,0.05
7156,503038,156,2,9479.93,0.0
7157,503039,1,3,45769.48,0.15
7158,503039,195,3,39570.05,0.15
7159,503039,86,2,25389.28,0.1
7160,503040,126,2,4890.52,0.2
7161,503040,135,4,25804.56,0.15
7162,503040,47,2,7728.9,0.15
7163,503040,8,3,16654.82,0.15
7164,503041,23,1,45229.71,0.0
7165,503041,89,2,2812.94,0.15
7166,503041,21,1,873.24,0.0
7167,503041,101,4,36836.08,0.0
7168,503041,83,2,10948.99,0.0
7169,503042,188,4,6070.27,0.1
7170,503043,192,3,906.98,0.0
7171,503044,10,1,34430.26,0.1
7172,503044,73,4,32339.91,0.15
7173,503044,110,4,13452.58,0.05
7174,503044,148,4,30748.98,0.15
7175,503045,193,4,1419.66,0.1
7176,503045,97,4,9014.15,0.2
7177,503045,31,3,31665.76,0.0
7178,503045,171,4,22643.94,0.05
7179,503046,121,2,43178.12,0.1
7180,503046,150,2,23255.73,0.05
7181,503046,103,2,33485.32,0.0
7182,503047,60,3,42396.67,0.1
7183,503048,82,4,26994.56,0.05
7184,503048,31,2,31665.76,0.0
7185,503048,94,3,30089.86,0.0
7186,503049,34,2,15395.87,0.0
7187,503049,47,4,7728.9,0.05
7188,503050,180,4,6088.9,0.1
7189,503050,108,2,22454.46,0.2
7190,503051,80,3,26747.7,0.05
7191,503052,12,1,8809.95,0.2
7192,503052,154,1,24420.47,0.1
7193,503053,68,2,731.88,0.0
7194,503053,179,4,47254.91,0.05
7195,503054,184,2,46019.64,0.05
7196,503055,121,2,43178.12,0.0
7197,503055,158,3,17301.25,0.15
7198,503056,43,2,25517.07,0.05
7199,503057,184,2,46019.64,0.0
7200,503057,151,4,15178.52,0.1
7201,503058,25,4,28894.26,0.05
7202,503058,47,2,7728.9,0.1
7203,503058,140,3,19515.46,0.2
7204,503058,68,3,731.88,0.2
7205,503058,64,1,23845.3,0.0
7206,503059,64,2,23845.3,0.15
7207,503059,128,2,39089.34,0.05
7208,503059,50,4,37071.05,0.15
7209,503060,3,3,2440.7,0.2
7210,503061,84,2,26499.83,0.1
7211,503061,153,1,34143.04,0.1
7212,503061,140,3,19515.46,0.15
7213,503062,171,3,22643.94,0.1
7214,503063,24,1,29412.47,0.05
7215,503063,187,2,50291.33,0.05
7216,503064,23,1,45229.71,0.0
7217,503065,74,1,9594.57,0.1
7218,503065,177,3,7521.62,0.1
7219,503065,138,2,5148.37,0.15
7220,503065,16,1,17752.56,0.05
7221,503066,106,1,49815.63,0.2
7222,503067,118,2,47968.75,0.2
7223,503067,114,3,24883.58,0.0
7224,503067,85,4,30473.88,0.1
7225,503067,42,4,17076.73,0.1
7226,503068,10,2,34430.26,0.0
7227,503068,152,2,47494.55,0.1
7228,503068,37,2,8747.32,0.15
7229,503069,155,3,51623.31,0.05
7230,503069,89,1,2812.94,0.0
7231,503070,158,2,17301.25,0.1
7232,503070,32,3,30436.6,0.0
7233,503070,21,3,873.24,0.2
7234,503070,30,2,8599.09,0.1
7235,503071,12,4,8809.95,0.0
7236,503071,51,1,42529.03,0.0
7237,503072,123,2,44154.33,0.15
7238,503072,175,2,7528.69,0.15
7239,503072,94,1,30089.86,0.15
7240,503073,141,3,9199.37,0.05
7241,503073,151,2,15178.52,0.0
7242,503073,53,2,41659.1,0.0
7243,503074,92,4,38084.76,0.1
7244,503075,106,4,49815.63,0.0
7245,503076,2,2,42946.4,0.2
7246,503076,50,4,37071.05,0.1
7247,503076,117,3,5573.85,0.1
7248,503076,44,3,23585.72,0.0
7249,503077,86,1,25389.28,0.05
7250,503078,66,4,7626.75,0.05
7251,503078,56,3,31457.37,0.05
7252,503078,185,3,11835.89,0.05
7253,503078,164,3,54714.33,0.1
7254,503079,39,3,42117.5,0.1
7255,503079,85,4,30473.88,0.1
7256,503080,177,4,7521.62,0.05
7257,503080,70,3,9185.74,0.0
7258,503081,166,1,16527.13,0.0
7259,503081,38,4,33762.69,0.0
7260,503082,119,3,20465.15,0.0
7261,503082,165,4,6409.81,0.2
7262,503083,150,3,23255.73,0.0
7263,503083,62,2,3498.04,0.0
7264,503083,105,4,28367.27,0.1
7265,503083,187,1,50291.33,0.0
7266,503083,174,3,3057.35,0.1
7267,503084,118,3,47968.75,0.05
7268,503085,170,2,31500.56,0.0
7269,503085,1,3,45769.48,0.1
7270,503086,163,3,1143.45,0.1
7271,503087,102,1,25753.85,0.2
7272,503088,51,2,42529.03,0.05
7273,503089,144,4,43009.16,0.1
7274,503089,156,4,9479.93,0.1
7275,503090,133,4,18726.1,0.1
7276,503090,198,3,44779.95,0.05
7277,503091,146,4,4466.06,0.05
7278,503092,125,3,41076.3,0.05
7279,503092,150,3,23255.73,0.1
7280,503092,28,1,34955.61,0.0
7281,503092,113,2,20936.8,0.2
7282,503092,98,2,35512.2,0.05
7283,503093,117,1,5573.85,0.0
7284,503093,67,1,32514.47,0.0
7285,503094,67,1,32514.47,0.2
7286,503094,50,1,37071.05,0.15
7287,503094,51,2,42529.03,0.0
7288,503094,30,1,8599.09,0.0
7289,503095,196,3,8761.57,0.1
7290,503096,4,2,4600.28,0.0
7291,503096,142,2,32662.03,0.05
7292,503096,153,3,34143.04,0.05
7293,503097,43,4,25517.07,0.1
7294,503097,59,4,542.46,0.05
7295,503098,45,3,19474.91,0.05
7296,503098,4,3,4600.28,0.1
7297,503099,18,1,17846.96,0.15
7298,503099,175,1,7528.69,0.0
7299,503099,124,4,16664.22,0.05
7300,503099,89,3,2812.94,0.1
7301,503100,133,2,18726.1,0.0
7302,503100,78,2,9475.8,0.2
7303,503100,155,1,51623.31,0.1
7304,503101,135,3,25804.56,0.15
7305,503101,61,2,23045.67,0.15
7306,503102,25,3,28894.26,0.05
7307,503102,148,4,30748.98,0.0
7308,503102,157,2,26053.23,0.15
7309,503103,110,2,13452.58,0.1
7310,503103,61,1,23045.67,0.0
7311,503104,102,3,25753.85,0.1
7312,503105,3,2,2440.7,0.05
7313,503105,88,2,22349.99,0.15
7314,503105,144,1,43009.16,0.05
7315,503106,158,4,17301.25,0.0
7316,503106,71,4,40831.91,0.1
7317,503106,2,4,42946.4,0.0
7318,503106,53,1,41659.1,0.1
7319,503107,168,3,9316.31,0.05
7320,503108,20,4,27803.61,0.1
7321,503108,130,4,1826.9,0.05
7322,503108,49,4,33529.65,0.05
7323,503109,175,1,7528.69,0.05
7324,503109,31,2,31665.76,0.15
7325,503109,133,4,18726.1,0.2
7326,503109,128,4,39089.34,0.0
7327,503110,31,2,31665.76,0.0
7328,503110,149,2,33795.66,0.1
7329,503111,164,1,54714.33,0.0
7330,503111,72,3,33843.05,0.15
7331,503112,189,3,36176.21,0.15
7332,503113,65,4,26891.02,0.15
7333,503114,35,2,3103.89,0.15
7334,503114,184,1,46019.64,0.0
7335,503115,58,1,38058.28,0.05
7336,503115,12,4,8809.95,0.0
7337,503115,134,2,24171.94,0.1
7338,503116,193,1,1419.66,0.1
7339,503116,107,2,13631.76,0.1
7340,503117,95,1,7858.6,0.0
7341,503117,36,4,32323.45,0.0
7342,503118,42,3,17076.73,0.05
7343,503118,131,3,935.86,0.1
7344,503119,50,2,37071.05,0.1
7345,503120,197,1,20725.99,0.1
7346,503120,36,3,32323.45,0.0
7347,503120,38,2,33762.69,0.05
7348,503121,127,2,16509.71,0.0
7349,503121,59,3,542.46,0.15
7350,503121,120,1,14551.18,0.2
7351,503122,35,2,3103.89,0.05
7352,503122,171,4,22643.94,0.05
7353,503123,127,4,16509.71,0.1
7354,503123,163,3,1143.45,0.1
7355,503124,77,1,45039.66,0.05
7356,503124,54,4,28353.11,0.15
7357,503125,129,4,39450.63,0.15
7358,503125,71,3,40831.91,0.15
7359,503126,121,1,43178.12,0.15
7360,503126,61,1,23045.67,0.0
7361,503126,82,1,26994.56,0.05
7362,503127,104,1,17663.08,0.15
7363,503127,153,3,34143.04,0.1
7364,503127,39,4,42117.5,0.0
7365,503128,13,4,41294.2,0.1
7366,503128,165,4,6409.81,0.05
7367,503128,75,4,7343.48,0.1
7368,503129,183,1,2591.66,0.0
7369,503130,167,2,1520.89,0.0
7370,503130,159,1,25532.77,0.1
7371,503130,107,1,13631.76,0.0
7372,503131,89,4,2812.94,0.0
7373,503131,117,2,5573.85,0.2
7374,503132,137,4,11644.84,0.0
7375,503133,29,4,40427.0,0.1
7376,503134,36,2,32323.45,0.1
7377,503134,65,2,26891.02,0.05
7378,503134,158,4,17301.25,0.1
7379,503134,5,3,32053.9,0.15
7380,503135,1,2,45769.48,0.0
7381,503135,167,1,1520.89,0.15
7382,503135,114,2,24883.58,0.15
7383,503136,65,2,26891.02,0.0
7384,503136,114,3,24883.58,0.2
7385,503136,61,2,23045.67,0.15
7386,503136,14,1,28958.7,0.0
7387,503137,148,2,30748.98,0.15
7388,503137,44,3,23585.72,0.0
7389,503138,10,1,34430.26,0.0
7390,503138,200,4,20741.6,0.05
7391,503138,130,2,1826.9,0.1
7392,503138,163,2,1143.45,0.0
7393,503139,94,3,30089.86,0.1
7394,503139,105,3,28367.27,0.05
7395,503140,189,4,36176.21,0.1
7396,503140,198,4,44779.95,0.1
7397,503140,108,4,22454.46,0.2
7398,503141,163,2,1143.45,0.1
7399,503142,183,3,2591.66,0.2
7400,503142,28,4,34955.61,0.1
7401,503142,37,1,8747.32,0.1
7402,503143,81,3,15504.13,0.15
7403,503143,34,4,15395.87,0.1
7404,503144,181,1,20017.36,0.0
7405,503145,103,1,33485.32,0.05
7406,503146,158,3,17301.25,0.15
7407,503146,9,3,26670.95,0.0
7408,503147,160,3,24067.85,0.2
7409,503148,40,1,12159.56,0.2
7410,503148,181,4,20017.36,0.0
7411,503149,9,1,26670.95,0.0
7412,503149,158,4,17301.25,0.15
7413,503150,117,3,5573.85,0.15
7414,503150,89,2,2812.94,0.15
7415,503150,94,1,30089.86,0.05
7416,503150,97,1,9014.15,0.0
7417,503151,20,3,27803.61,0.05
7418,503151,145,3,5674.44,0.05
7419,503152,135,3,25804.56,0.1
7420,503152,39,4,42117.5,0.1
7421,503152,113,2,20936.8,0.05
7422,503153,134,1,24171.94,0.2
7423,503153,55,2,45214.9,0.0
7424,503153,18,3,17846.96,0.0
7425,503154,103,4,33485.32,0.1
7426,503154,120,4,14551.18,0.0
7427,503154,197,2,20725.99,0.1
7428,503155,34,1,15395.87,0.1
7429,503155,127,4,16509.71,0.2
7430,503156,27,1,52025.44,0.0
7431,503156,103,4,33485.32,0.15
7432,503157,129,4,39450.63,0.0
7433,503158,27,3,52025.44,0.0
7434,503158,93,4,33594.98,0.15
7435,503158,139,4,36696.68,0.1
7436,503159,72,3,33843.05,0.1
7437,503159,100,4,46791.69,0.1
7438,503160,136,1,48294.58,0.1
7439,503160,53,2,41659.1,0.1
7440,503161,78,1,9475.8,0.05
7441,503161,79,2,36534.8,0.0
7442,503161,156,3,9479.93,0.05
7443,503161,193,2,1419.66,0.0
7444,503162,66,4,7626.75,0.1
7445,503162,61,1,23045.67,0.1
7446,503162,180,1,6088.9,0.1
7447,503163,88,3,22349.99,0.1
7448,503164,178,4,16239.3,0.0
7449,503164,174,3,3057.35,0.05
7450,503165,154,1,24420.47,0.2
7451,503165,103,4,33485.32,0.1
7452,503166,14,3,28958.7,0.05
7453,503166,54,2,28353.11,0.2
7454,503166,169,3,42129.24,0.0
7455,503166,81,1,15504.13,0.1
7456,503167,102,1,25753.85,0.1
7457,503167,84,1,26499.83,0.1
7458,503167,197,2,20725.99,0.0
7459,503168,153,3,34143.04,0.05
7460,503168,128,3,39089.34,0.0
7461,503169,182,4,25258.66,0.0
7462,503169,117,4,5573.85,0.05
7463,503169,77,3,45039.66,0.05
7464,503169,132,1,47935.67,0.1
7465,503170,68,1,731.88,0.1
7466,503171,157,4,26053.23,0.05
7467,503172,140,3,19515.46,0.0
7468,503173,155,4,51623.31,0.2
7469,503173,100,2,46791.69,0.2
7470,503174,146,2,4466.06,0.1
7471,503174,180,2,6088.9,0.0
7472,503175,188,1,6070.27,0.05
7473,503176,90,2,42489.82,0.1
7474,503177,169,4,42129.24,0.0
7475,503178,88,1,22349.99,0.1
7476,503178,51,4,42529.03,0.1
7477,503178,197,3,20725.99,0.15
7478,503178,63,1,14212.89,0.2
7479,503179,136,3,48294.58,0.1
7480,503179,50,2,37071.05,0.15
7481,503179,160,1,24067.85,0.0
7482,503180,148,3,30748.98,0.1
7483,503180,63,2,14212.89,0.15
7484,503180,83,2,10948.99,0.1
7485,503181,199,2,40427.21,0.05
7486,503181,109,2,20240.83,0.05
7487,503181,50,2,37071.05,0.15
7488,503182,63,4,14212.89,0.15
7489,503182,113,3,20936.8,0.1
7490,503182,101,3,36836.08,0.0
7491,503183,44,3,23585.72,0.15
7492,503184,187,1,50291.33,0.0
7493,503184,60,3,42396.67,0.2
7494,503184,169,1,42129.24,0.2
7495,503184,94,3,30089.86,0.05
7496,503185,9,4,26670.95,0.15
7497,503185,190,3,52000.43,0.0
7498,503186,169,2,42129.24,0.1
7499,503186,21,1,873.24,0.15
7500,503187,184,4,46019.64,0.05
7501,503187,97,3,9014.15,0.05
7502,503187,82,4,26994.56,0.0
7503,503187,102,3,25753.85,0.05
7504,503188,115,4,2799.41,0.1
7505,503189,27,2,52025.44,0.05
7506,503189,114,3,24883.58,0.0
7507,503190,47,3,7728.9,0.2
7508,503190,102,3,25753.85,0.1
7509,503190,41,1,790.54,0.15
7510,503190,46,4,6300.09,0.05
7511,503191,35,2,3103.89,0.1
7512,503191,104,3,17663.08,0.0
7513,503192,159,4,25532.77,0.0
7514,503192,65,2,26891.02,0.15
7515,503193,2,4,42946.4,0.15
7516,503193,186,1,13953.35,0.0
7517,503193,47,2,7728.9,0.15
7518,503193,181,4,20017.36,0.0
7519,503193,117,2,5573.85,0.15
7520,503194,132,1,47935.67,0.0
7521,503194,44,1,23585.72,0.05
7522,503194,6,3,15719.14,0.15
7523,503194,72,2,33843.05,0.05
7524,503195,179,1,47254.91,0.0
7525,503195,107,4,13631.76,0.1
7526,503195,111,1,41282.72,0.2
7527,503195,13,1,41294.2,0.2
7528,503196,121,2,43178.12,0.2
7529,503197,121,1,43178.12,0.05
7530,503197,55,1,45214.9,0.0
7531,503197,85,2,30473.88,0.1
7532,503197,184,1,46019.64,0.15
7533,503198,21,1,873.24,0.1
7534,503198,185,4,11835.89,0.05
7535,503198,83,4,10948.99,0.2
7536,503199,72,4,33843.05,0.1
7537,503199,98,4,35512.2,0.15
7538,503199,55,1,45214.9,0.2
7539,503200,61,3,23045.67,0.1
7540,503201,174,4,3057.35,0.1
7541,503201,137,2,11644.84,0.1
7542,503202,75,4,7343.48,0.1
7543,503203,35,2,3103.89,0.15
7544,503203,95,3,7858.6,0.2
7545,503203,182,3,25258.66,0.2
7546,503203,67,2,32514.47,0.0
7547,503204,112,2,22042.94,0.0
7548,503204,91,3,37325.93,0.0
7549,503205,174,2,3057.35,0.2
7550,503205,64,2,23845.3,0.2
7551,503206,65,1,26891.02,0.1
7552,503207,135,2,25804.56,0.1
7553,503207,104,3,17663.08,0.0
7554,503208,98,4,35512.2,0.15
7555,503208,144,3,43009.16,0.15
7556,503209,157,3,26053.23,0.0
7557,503209,46,4,6300.09,0.1
7558,503209,185,1,11835.89,0.0
7559,503210,8,4,16654.82,0.0
7560,503210,100,4,46791.69,0.1
7561,503211,17,2,17031.55,0.15
7562,503212,163,3,1143.45,0.05
7563,503212,127,4,16509.71,0.1
7564,503213,70,1,9185.74,0.05
7565,503214,4,3,4600.28,0.0
7566,503214,134,3,24171.94,0.0
7567,503215,37,4,8747.32,0.15
7568,503215,179,1,47254.91,0.1
7569,503216,36,3,32323.45,0.1
7570,503217,84,4,26499.83,0.05
7571,503218,138,3,5148.37,0.1
7572,503218,82,1,26994.56,0.0
7573,503218,169,3,42129.24,0.05
7574,503219,141,4,9199.37,0.05
7575,503219,191,2,39507.0,0.1
7576,503220,59,3,542.46,0.1
7577,503221,157,4,26053.23,0.0
7578,503221,79,1,36534.8,0.2
7579,503222,85,3,30473.88,0.1
7580,503222,94,4,30089.86,0.05
7581,503223,18,3,17846.96,0.2
7582,503224,28,4,34955.61,0.0
7583,503225,104,1,17663.08,0.0
7584,503225,164,1,54714.33,0.1
7585,503226,80,1,26747.7,0.0
7586,503226,63,2,14212.89,0.1
7587,503226,37,2,8747.32,0.0
7588,503227,127,1,16509.71,0.0
7589,503228,119,1,20465.15,0.0
7590,503228,182,1,25258.66,0.1
7591,503228,176,2,42034.94,0.0
7592,503228,169,4,42129.24,0.15
7593,503228,194,4,14529.69,0.2
7594,503229,97,4,9014.15,0.05
7595,503229,162,1,16150.96,0.1
7596,503230,31,2,31665.76,0.15
7597,503230,171,1,22643.94,0.05
7598,503230,104,4,17663.08,0.05
7599,503231,175,2,7528.69,0.15
7600,503231,151,2,15178.52,0.15
7601,503231,174,1,3057.35,0.0
7602,503231,8,2,16654.82,0.1
7603,503231,117,2,5573.85,0.0
7604,503232,172,2,35356.68,0.05
7605,503233,130,1,1826.9,0.0
7606,503233,14,4,28958.7,0.05
7607,503234,18,2,17846.96,0.1
7608,503234,150,1,23255.73,0.0
7609,503235,177,2,7521.62,0.1
7610,503236,192,1,906.98,0.0
7611,503236,141,4,9199.37,0.1
7612,503236,137,4,11644.84,0.1
7613,503237,174,2,3057.35,0.05
7614,503238,26,4,13443.96,0.0
7615,503238,98,2,35512.2,0.05
7616,503238,33,1,15090.93,0.15
7617,503238,193,3,1419.66,0.1
7618,503239,154,4,24420.47,0.1
7619,503239,200,3,20741.6,0.0
7620,503239,198,2,44779.95,0.1
7621,503240,122,2,7953.1,0.0
7622,503240,104,1,17663.08,0.2
7623,503240,152,3,47494.55,0.05
7624,503241,148,4,30748.98,0.0
7625,503241,45,4,19474.91,0.0
7626,503242,109,1,20240.83,0.1
7627,503242,19,2,21391.84,0.0
7628,503242,167,3,1520.89,0.0
7629,503242,37,1,8747.32,0.1
7630,503243,47,4,7728.9,0.2
7631,503244,157,4,26053.23,0.0
7632,503244,26,1,13443.96,0.15
7633,503244,119,3,20465.15,0.1
7634,503245,177,4,7521.62,0.05
7635,503246,113,2,20936.8,0.15
7636,503247,148,4,30748.98,0.0
7637,503247,159,4,25532.77,0.0
7638,503248,195,3,39570.05,0.0
7639,503248,171,1,22643.94,0.05
7640,503249,21,2,873.24,0.2
7641,503250,1,3,45769.48,0.05
7642,503250,36,4,32323.45,0.0
7643,503250,144,4,43009.16,0.05
7644,503251,104,1,17663.08,0.05
7645,503251,73,3,32339.91,0.05
7646,503252,120,4,14551.18,0.0
7647,503252,137,4,11644.84,0.1
7648,503252,169,1,42129.24,0.05
7649,503252,145,3,5674.44,0.15
7650,503253,173,2,31442.32,0.1
7651,503253,106,2,49815.63,0.1
7652,503253,120,1,14551.18,0.0
7653,503254,124,3,16664.22,0.05
7654,503254,31,3,31665.76,0.15
7655,503254,72,1,33843.05,0.05
7656,503254,101,3,36836.08,0.05
7657,503255,111,4,41282.72,0.1
7658,503255,22,4,20749.3,0.1
7659,503255,23,1,45229.71,0.15
7660,503255,106,3,49815.63,0.2
7661,503256,123,3,44154.33,0.1
7662,503256,186,3,13953.35,0.15
7663,503256,164,1,54714.33,0.1
7664,503257,178,2,16239.3,0.1
7665,503258,65,3,26891.02,0.1
7666,503259,33,3,15090.93,0.15
7667,503259,184,2,46019.64,0.2
7668,503260,52,4,43157.07,0.0
7669,503260,85,3,30473.88,0.05
7670,503261,135,4,25804.56,0.1
7671,503261,7,3,32012.11,0.15
7672,503261,72,2,33843.05,0.15
7673,503261,152,4,47494.55,0.1
7674,503262,160,2,24067.85,0.05
7675,503262,131,1,935.86,0.1
7676,503263,172,3,35356.68,0.0
7677,503263,115,2,2799.41,0.2
7678,503263,188,1,6070.27,0.2
7679,503263,190,4,52000.43,0.05
7680,503264,131,2,935.86,0.05
7681,503264,39,2,42117.5,0.1
7682,503265,15,2,13558.11,0.15
7683,503265,58,1,38058.28,0.0
7684,503265,53,4,41659.1,0.0
7685,503265,35,3,3103.89,0.05
7686,503266,138,1,5148.37,0.2
7687,503267,174,4,3057.35,0.0
7688,503267,58,3,38058.28,0.15
7689,503268,150,4,23255.73,0.0
7690,503268,182,4,25258.66,0.0
7691,503268,76,1,1551.17,0.0
7692,503268,113,3,20936.8,0.05
7693,503269,117,3,5573.85,0.0
7694,503269,80,4,26747.7,0.1
7695,503270,131,2,935.86,0.1
7696,503270,136,3,48294.58,0.05
7697,503270,103,4,33485.32,0.1
7698,503271,9,4,26670.95,0.0
7699,503271,170,3,31500.56,0.15
7700,503272,177,3,7521.62,0.0
7701,503272,56,1,31457.37,0.1
7702,503272,199,4,40427.21,0.0
7703,503272,116,4,16741.69,0.05
7704,503273,86,3,25389.28,0.0
7705,503273,99,4,51437.59,0.1
7706,503273,84,3,26499.83,0.2
7707,503274,63,3,14212.89,0.2
7708,503274,143,4,8499.37,0.15
7709,503274,147,1,51028.85,0.2
7710,503275,78,4,9475.8,0.15
7711,503275,161,1,45736.6,0.1
7712,503276,63,4,14212.89,0.15
7713,503276,12,3,8809.95,0.05
7714,503276,29,1,40427.0,0.15
7715,503277,94,4,30089.86,0.1
7716,503277,153,1,34143.04,0.05
7717,503278,141,1,9199.37,0.1
7718,503278,62,3,3498.04,0.1
7719,503279,82,4,26994.56,0.0
7720,503279,134,4,24171.94,0.0
7721,503279,12,1,8809.95,0.05
7722,503280,121,4,43178.12,0.15
7723,503281,184,1,46019.64,0.1
7724,503281,111,1,41282.72,0.0
7725,503281,99,2,51437.59,0.15
7726,503282,145,4,5674.44,0.05
7727,503282,116,2,16741.69,0.1
7728,503283,100,2,46791.69,0.0
7729,503284,175,3,7528.69,0.1
7730,503284,14,3,28958.7,0.15
7731,503284,128,2,39089.34,0.05
7732,503285,181,3,20017.36,0.1
7733,503285,166,2,16527.13,0.15
7734,503286,145,3,5674.44,0.05
7735,503286,56,3,31457.37,0.0
7736,503286,15,2,13558.11,0.2
7737,503287,134,4,24171.94,0.0
7738,503287,165,1,6409.81,0.1
7739,503287,19,3,21391.84,0.05
7740,503287,146,2,4466.06,0.1
7741,503287,105,2,28367.27,0.1
7742,503288,150,1,23255.73,0.15
7743,503288,132,2,47935.67,0.15
7744,503289,109,4,20240.83,0.1
7745,503289,142,1,32662.03,0.15
7746,503289,139,4,36696.68,0.15
7747,503289,69,2,20234.72,0.15
7748,503289,33,4,15090.93,0.0
7749,503290,152,3,47494.55,0.0
7750,503290,150,4,23255.73,0.0
7751,503291,104,2,17663.08,0.1
7752,503291,34,1,15395.87,0.05
7753,503292,187,2,50291.33,0.0
7754,503292,160,3,24067.85,0.1
7755,503292,73,2,32339.91,0.0
7756,503293,156,2,9479.93,0.05
7757,503294,153,3,34143.04,0.05
7758,503294,178,3,16239.3,0.05
7759,503294,129,1,39450.63,0.1
7760,503294,82,1,26994.56,0.1
7761,503294,140,1,19515.46,0.0
7762,503295,49,1,33529.65,0.05
7763,503295,200,1,20741.6,0.15
7764,503296,92,2,38084.76,0.05
7765,503297,14,3,28958.7,0.0
7766,503297,115,2,2799.41,0.0
7767,503297,30,3,8599.09,0.0
7768,503298,91,4,37325.93,0.2
7769,503299,69,4,20234.72,0.1
7770,503300,169,3,42129.24,0.0
7771,503301,181,3,20017.36,0.05
7772,503301,135,1,25804.56,0.15
7773,503301,50,3,37071.05,0.1
7774,503301,110,4,13452.58,0.0
7775,503302,83,4,10948.99,0.1
7776,503303,146,3,4466.06,0.2
7777,503303,109,4,20240.83,0.0
7778,503304,86,2,25389.28,0.0
7779,503304,125,4,41076.3,0.05
7780,503305,79,4,36534.8,0.15
7781,503305,111,1,41282.72,0.2
7782,503305,163,3,1143.45,0.15
7783,503305,124,2,16664.22,0.15
7784,503306,44,2,23585.72,0.05
7785,503306,97,2,9014.15,0.1
7786,503306,196,1,8761.57,0.0
7787,503306,140,3,19515.46,0.15
7788,503307,136,2,48294.58,0.05
7789,503307,70,3,9185.74,0.05
7790,503307,155,1,51623.31,0.05
7791,503307,85,3,30473.88,0.1
7792,503308,118,1,47968.75,0.0
7793,503308,110,2,13452.58,0.15
7794,503309,18,2,17846.96,0.05
7795,503309,7,1,32012.11,0.05
7796,503310,190,1,52000.43,0.1
7797,503310,62,1,3498.04,0.05
7798,503310,36,1,32323.45,0.0
7799,503310,118,1,47968.75,0.15
7800,503311,18,2,17846.96,0.1
7801,503312,117,4,5573.85,0.0
7802,503313,193,2,1419.66,0.1
7803,503313,122,4,7953.1,0.05
7804,503313,80,3,26747.7,0.0
7805,503313,186,2,13953.35,0.0
7806,503314,190,3,52000.43,0.2
7807,503315,146,2,4466.06,0.0
7808,503315,152,1,47494.55,0.15
7809,503316,41,4,790.54,0.1
7810,503317,51,4,42529.03,0.2
7811,503318,195,4,39570.05,0.0
7812,503318,147,1,51028.85,0.15
7813,503318,43,4,25517.07,0.2
7814,503318,192,2,906.98,0.05
7815,503318,176,3,42034.94,0.1
7816,503319,74,4,9594.57,0.0
7817,503320,159,3,25532.77,0.0
7818,503320,88,1,22349.99,0.0
7819,503321,54,1,28353.11,0.05
7820,503322,130,2,1826.9,0.0
7821,503322,188,3,6070.27,0.15
7822,503323,98,1,35512.2,0.05
7823,503323,194,3,14529.69,0.1
7824,503323,168,4,9316.31,0.05
7825,503324,169,1,42129.24,0.2
7826,503324,7,2,32012.11,0.15
7827,503324,153,2,34143.04,0.1
7828,503325,80,1,26747.7,0.2
7829,503325,155,3,51623.31,0.0
7830,503326,73,3,32339.91,0.0
7831,503326,188,4,6070.27,0.1
7832,503327,25,4,28894.26,0.0
7833,503328,101,4,36836.08,0.0
7834,503328,50,1,37071.05,0.1
7835,503329,90,1,42489.82,0.15
7836,503329,106,4,49815.63,0.2
7837,503329,59,4,542.46,0.0
7838,503329,55,2,45214.9,0.1
7839,503330,113,4,20936.8,0.0
7840,503330,97,3,9014.15,0.0
7841,503330,174,4,3057.35,0.1
7842,503330,23,4,45229.71,0.1
7843,503331,190,2,52000.43,0.2
7844,503332,142,2,32662.03,0.15
7845,503332,91,3,37325.93,0.05
7846,503332,66,2,7626.75,0.05
7847,503332,30,2,8599.09,0.1
7848,503333,65,4,26891.02,0.2
7849,503333,105,3,28367.27,0.05
7850,503333,195,2,39570.05,0.15
7851,503333,34,1,15395.87,0.15
7852,503334,161,2,45736.6,0.05
7853,503334,78,4,9475.8,0.05
7854,503334,168,4,9316.31,0.1
7855,503335,69,3,20234.72,0.0
7856,503335,37,4,8747.32,0.05
7857,503335,92,2,38084.76,0.1
7858,503336,11,4,10297.51,0.1
7859,503336,69,2,20234.72,0.0
7860,503336,117,2,5573.85,0.0
7861,503336,135,3,25804.56,0.0
7862,503336,5,2,32053.9,0.1
7863,503337,166,4,16527.13,0.0
7864,503338,159,2,25532.77,0.0
7865,503338,179,1,47254.91,0.0
7866,503339,17,3,17031.55,0.0
7867,503339,118,2,47968.75,0.15
7868,503339,117,3,5573.85,0.1
7869,503339,19,1,21391.84,0.1
7870,503339,54,3,28353.11,0.05
7871,503340,160,4,24067.85,0.1
7872,503340,129,1,39450.63,0.1
7873,503341,33,3,15090.93,0.2
7874,503341,193,1,1419.66,0.1
7875,503341,173,2,31442.32,0.1
7876,503342,54,2,28353.11,0.1
7877,503342,59,2,542.46,0.15
7878,503343,79,1,36534.8,0.1
7879,503344,33,4,15090.93,0.1
7880,503344,194,1,14529.69,0.0
7881,503344,195,1,39570.05,0.05
7882,503344,98,1,35512.2,0.0
7883,503344,112,2,22042.94,0.1
7884,503345,191,3,39507.0,0.05
7885,503345,115,4,2799.41,0.2
7886,503346,138,1,5148.37,0.1
7887,503346,117,2,5573.85,0.1
7888,503347,111,4,41282.72,0.1
7889,503348,53,3,41659.1,0.2
7890,503348,164,3,54714.33,0.0
7891,503348,83,4,10948.99,0.1
7892,503348,15,2,13558.11,0.1
7893,503348,18,2,17846.96,0.2
7894,503349,145,3,5674.44,0.15
7895,503350,92,4,38084.76,0.2
7896,503350,32,2,30436.6,0.1
7897,503350,96,1,33785.82,0.1
7898,503350,100,3,46791.69,0.0
7899,503351,47,2,7728.9,0.0
7900,503352,132,4,47935.67,0.0
7901,503352,137,2,11644.84,0.0
7902,503352,146,2,4466.06,0.1
7903,503352,159,1,25532.77,0.05
7904,503352,101,3,36836.08,0.15
7905,503353,82,1,26994.56,0.15
7906,503353,7,3,32012.11,0.1
7907,503354,56,4,31457.37,0.0
7908,503354,87,4,3216.87,0.2
7909,503354,29,2,40427.0,0.1
7910,503354,42,3,17076.73,0.1
7911,503355,153,1,34143.04,0.05
7912,503355,200,4,20741.6,0.0
7913,503356,177,3,7521.62,0.15
7914,503357,126,4,4890.52,0.15
7915,503358,15,2,13558.11,0.05
7916,503358,7,3,32012.11,0.1
7917,503358,197,2,20725.99,0.1
7918,503359,181,4,20017.36,0.1
7919,503359,99,2,51437.59,0.1
7920,503359,49,1,33529.65,0.1
7921,503360,35,3,3103.89,0.1
7922,503360,122,1,7953.1,0.2
7923,503361,185,2,11835.89,0.1
7924,503362,144,4,43009.16,0.15
7925,503362,65,3,26891.02,0.0
7926,503362,23,2,45229.71,0.05
7927,503362,121,2,43178.12,0.0
7928,503363,104,1,17663.08,0.1
7929,503363,155,3,51623.31,0.05
7930,503363,168,3,9316.31,0.05
7931,503364,194,3,14529.69,0.05
7932,503364,42,4,17076.73,0.1
7933,503364,193,3,1419.66,0.15
7934,503365,117,1,5573.85,0.1
7935,503365,165,2,6409.81,0.2
7936,503366,11,3,10297.51,0.0
7937,503366,123,3,44154.33,0.1
7938,503367,53,1,41659.1,0.1
7939,503367,146,4,4466.06,0.15
7940,503368,189,3,36176.21,0.0
7941,503369,62,2,3498.04,0.1
7942,503369,195,1,39570.05,0.05
7943,503369,88,3,22349.99,0.0
7944,503369,35,2,3103.89,0.15
7945,503369,121,4,43178.12,0.0
7946,503370,96,2,33785.82,0.2
7947,503370,33,3,15090.93,0.1
7948,503371,154,4,24420.47,0.2
7949,503371,144,1,43009.16,0.05
7950,503372,3,2,2440.7,0.1
7951,503372,29,4,40427.0,0.05
7952,503373,89,4,2812.94,0.2
7953,503373,58,2,38058.28,0.05
7954,503374,161,4,45736.6,0.1
7955,503374,72,4,33843.05,0.1
7956,503374,15,2,13558.11,0.05
7957,503375,162,1,16150.96,0.05
7958,503375,144,1,43009.16,0.0
7959,503375,129,1,39450.63,0.05
7960,503376,112,4,22042.94,0.05
7961,503376,198,2,44779.95,0.1
7962,503376,151,1,15178.52,0.0
7963,503377,92,3,38084.76,0.05
7964,503378,153,1,34143.04,0.1
7965,503378,60,3,42396.67,0.1
7966,503378,56,2,31457.37,0.1
7967,503378,159,2,25532.77,0.05
7968,503379,51,2,42529.03,0.05
7969,503379,183,2,2591.66,0.0
7970,503379,85,2,30473.88,0.1
7971,503379,45,1,19474.91,0.05
7972,503379,84,3,26499.83,0.2
7973,503380,118,2,47968.75,0.1
7974,503380,80,4,26747.7,0.05
7975,503380,30,2,8599.09,0.05
7976,503380,64,4,23845.3,0.05
7977,503380,52,2,43157.07,0.1
7978,503381,130,4,1826.9,0.1
7979,503382,102,4,25753.85,0.1
7980,503382,125,3,41076.3,0.0
7981,503383,199,1,40427.21,0.2
7982,503383,72,3,33843.05,0.1
7983,503383,188,2,6070.27,0.05
7984,503383,141,3,9199.37,0.05
7985,503384,112,3,22042.94,0.1
7986,503384,197,2,20725.99,0.2
7987,503384,155,2,51623.31,0.0
7988,503385,164,2,54714.33,0.0
7989,503386,46,2,6300.09,0.15
7990,503386,182,3,25258.66,0.1
7991,503386,87,2,3216.87,0.1
7992,503386,71,2,40831.91,0.0
7993,503387,162,2,16150.96,0.0
7994,503387,25,2,28894.26,0.0
7995,503387,51,1,42529.03,0.0
7996,503387,46,2,6300.09,0.1
7997,503388,139,4,36696.68,0.1
7998,503388,118,1,47968.75,0.1
7999,503388,149,2,33795.66,0.05
8000,503389,62,3,3498.04,0.05
8001,503389,143,2,8499.37,0.1
8002,503390,47,4,7728.9,0.05
8003,503390,52,2,43157.07,0.1
8004,503390,56,4,31457.37,0.0
8005,503391,55,1,45214.9,0.0
8006,503391,70,3,9185.74,0.0
8007,503391,180,3,6088.9,0.1
8008,503392,64,4,23845.3,0.15
8009,503392,167,2,1520.89,0.1
8010,503393,177,1,7521.62,0.1
8011,503393,36,4,32323.45,0.2
8012,503393,154,4,24420.47,0.0
8013,503394,63,2,14212.89,0.05
8014,503395,190,3,52000.43,0.0
8015,503396,179,1,47254.91,0.1
8016,503396,191,2,39507.0,0.05
8017,503396,91,3,37325.93,0.1
8018,503396,72,1,33843.05,0.1
8019,503397,90,1,42489.82,0.0
8020,503397,173,4,31442.32,0.1
8021,503398,126,4,4890.52,0.0
8022,503399,124,4,16664.22,0.0
8023,503399,165,1,6409.81,0.05
8024,503399,171,1,22643.94,0.05
8025,503399,73,2,32339.91,0.0
8026,503400,196,2,8761.57,0.05
8027,503400,100,3,46791.69,0.0
8028,503400,94,3,30089.86,0.0
8029,503401,18,3,17846.96,0.1
8030,503401,87,1,3216.87,0.05
8031,503401,113,1,20936.8,0.0
8032,503402,182,2,25258.66,0.05
8033,503402,133,2,18726.1,0.0
8034,503403,90,2,42489.82,0.1
8035,503403,157,4,26053.23,0.0
8036,503404,126,1,4890.52,0.15
8037,503405,153,1,34143.04,0.1
8038,503406,165,1,6409.81,0.05
8039,503407,176,1,42034.94,0.1
8040,503407,17,4,17031.55,0.0
8041,503408,72,1,33843.05,0.05
8042,503408,114,4,24883.58,0.1
8043,503409,1,2,45769.48,0.1
8044,503410,59,1,542.46,0.0
8045,503410,47,1,7728.9,0.05
8046,503410,55,2,45214.9,0.15
8047,503410,83,1,10948.99,0.0
8048,503411,39,3,42117.5,0.15
8049,503411,14,4,28958.7,0.2
8050,503411,162,4,16150.96,0.1
8051,503411,117,2,5573.85,0.0
8052,503411,164,2,54714.33,0.0
8053,503412,174,3,3057.35,0.05
8054,503413,135,1,25804.56,0.05
8055,503413,152,4,47494.55,0.1
8056,503413,117,1,5573.85,0.1
8057,503413,35,4,3103.89,0.1
8058,503414,47,4,7728.9,0.05
8059,503414,78,2,9475.8,0.0
8060,503415,19,2,21391.84,0.2
8061,503415,50,2,37071.05,0.1
8062,503416,145,3,5674.44,0.15
8063,503416,199,4,40427.21,0.1
8064,503417,177,1,7521.62,0.1
8065,503417,23,1,45229.71,0.1
8066,503417,24,1,29412.47,0.15
8067,503418,59,3,542.46,0.15
8068,503419,184,4,46019.64,0.05
8069,503419,88,3,22349.99,0.05
8070,503420,79,1,36534.8,0.2
8071,503421,156,3,9479.93,0.05
8072,503422,91,2,37325.93,0.0
8073,503422,41,1,790.54,0.1
8074,503423,160,2,24067.85,0.1
8075,503424,179,3,47254.91,0.1
8076,503424,148,3,30748.98,0.2
8077,503424,81,1,15504.13,0.0
8078,503425,72,1,33843.05,0.0
8079,503425,87,2,3216.87,0.15
8080,503425,12,3,8809.95,0.1
8081,503426,187,4,50291.33,0.1
8082,503427,63,1,14212.89,0.0
8083,503427,23,4,45229.71,0.1
8084,503427,191,3,39507.0,0.0
8085,503427,54,2,28353.11,0.0
8086,503428,14,1,28958.7,0.05
8087,503428,31,3,31665.76,0.05
8088,503429,1,2,45769.48,0.15
8089,503429,35,4,3103.89,0.05
8090,503429,114,1,24883.58,0.0
8091,503430,197,3,20725.99,0.05
8092,503431,150,4,23255.73,0.05
8093,503432,82,1,26994.56,0.0
8094,503432,7,4,32012.11,0.1
8095,503432,68,2,731.88,0.2
8096,503432,46,2,6300.09,0.0
8097,503433,127,3,16509.71,0.0
8098,503433,133,1,18726.1,0.15
8099,503433,94,4,30089.86,0.0
8100,503433,73,4,32339.91,0.0
8101,503434,146,4,4466.06,0.05
8102,503434,13,1,41294.2,0.15
8103,503435,42,4,17076.73,0.1
8104,503435,126,2,4890.52,0.0
8105,503436,132,4,47935.67,0.05
8106,503436,90,2,42489.82,0.1
8107,503436,95,1,7858.6,0.1
8108,503437,83,1,10948.99,0.2
8109,503438,177,2,7521.62,0.2
8110,503438,111,4,41282.72,0.05
8111,503438,138,4,5148.37,0.0
8112,503438,86,2,25389.28,0.15
8113,503439,54,3,28353.11,0.05
8114,503440,36,1,32323.45,0.15
8115,503441,21,2,873.24,0.1
8116,503442,32,1,30436.6,0.05
8117,503442,126,2,4890.52,0.0
8118,503443,173,4,31442.32,0.0
8119,503443,82,3,26994.56,0.0
8120,503443,52,2,43157.07,0.05
8121,503443,50,2,37071.05,0.1
8122,503444,101,2,36836.08,0.0
8123,503444,119,4,20465.15,0.0
8124,503444,154,1,24420.47,0.05
8125,503445,149,1,33795.66,0.05
8126,503446,12,1,8809.95,0.15
8127,503447,15,1,13558.11,0.1
8128,503448,59,4,542.46,0.15
8129,503448,179,2,47254.91,0.0
8130,503449,21,1,873.24,0.1
8131,503449,127,2,16509.71,0.05
8132,503450,181,1,20017.36,0.0
8133,503451,191,3,39507.0,0.05
8134,503451,81,4,15504.13,0.1
8135,503451,139,4,36696.68,0.15
8136,503452,174,4,3057.35,0.05
8137,503452,154,2,24420.47,0.0
8138,503452,165,4,6409.81,0.2
8139,503453,44,3,23585.72,0.15
8140,503453,144,3,43009.16,0.1
8141,503453,43,2,25517.07,0.1
8142,503453,54,4,28353.11,0.2
8143,503453,162,4,16150.96,0.0
8144,503454,65,1,26891.02,0.05
8145,503454,6,4,15719.14,0.1
8146,503455,8,3,16654.82,0.1
8147,503455,58,3,38058.28,0.0
8148,503456,82,1,26994.56,0.0
8149,503457,170,4,31500.56,0.2
8150,503457,153,2,34143.04,0.05
8151,503457,88,1,22349.99,0.0
8152,503457,17,1,17031.55,0.0
8153,503458,20,3,27803.61,0.1
8154,503459,128,4,39089.34,0.1
8155,503459,94,1,30089.86,0.1
8156,503460,87,2,3216.87,0.0
8157,503460,149,4,33795.66,0.0
8158,503461,26,1,13443.96,0.1
8159,503461,78,1,9475.8,0.2
8160,503462,152,2,47494.55,0.05
8161,503462,30,4,8599.09,0.05
8162,503463,160,2,24067.85,0.2
8163,503463,23,2,45229.71,0.1
8164,503463,172,2,35356.68,0.0
8165,503464,57,2,1412.7,0.2
8166,503465,134,1,24171.94,0.05
8167,503465,197,3,20725.99,0.0
8168,503465,59,1,542.46,0.0
8169,503466,26,2,13443.96,0.2
8170,503466,135,4,25804.56,0.15
8171,503466,109,3,20240.83,0.05
8172,503466,23,1,45229.71,0.0
8173,503467,184,3,46019.64,0.0
8174,503468,163,3,1143.45,0.0
8175,503469,146,1,4466.06,0.0
8176,503469,25,2,28894.26,0.05
8177,503469,14,3,28958.7,0.15
8178,503469,77,1,45039.66,0.0
8179,503469,129,3,39450.63,0.1
8180,503470,173,1,31442.32,0.0
8181,503470,85,1,30473.88,0.15
8182,503471,174,1,3057.35,0.15
8183,503471,161,2,45736.6,0.0
8184,503472,125,1,41076.3,0.05
8185,503472,117,3,5573.85,0.0
8186,503473,21,4,873.24,0.15
8187,503473,181,3,20017.36,0.05
8188,503474,156,3,9479.93,0.05
8189,503474,152,3,47494.55,0.05
8190,503474,54,3,28353.11,0.0
8191,503475,101,2,36836.08,0.0
8192,503475,99,1,51437.59,0.15
8193,503475,29,2,40427.0,0.0
8194,503476,74,1,9594.57,0.05
8195,503476,181,1,20017.36,0.0
8196,503477,179,1,47254.91,0.1
8197,503478,117,1,5573.85,0.1
8198,503478,189,1,36176.21,0.0
8199,503479,81,1,15504.13,0.1
8200,503479,79,3,36534.8,0.0
8201,503480,160,4,24067.85,0.15
8202,503480,129,2,39450.63,0.0
8203,503480,74,4,9594.57,0.0
8204,503481,26,1,13443.96,0.0
8205,503481,54,3,28353.11,0.05
8206,503482,119,1,20465.15,0.0
8207,503482,189,4,36176.21,0.0
8208,503482,176,3,42034.94,0.2
8209,503482,61,1,23045.67,0.1
8210,503483,182,3,25258.66,0.0
8211,503484,140,2,19515.46,0.0
8212,503485,123,3,44154.33,0.1
8213,503485,114,3,24883.58,0.2
8214,503485,5,2,32053.9,0.1
8215,503486,97,3,9014.15,0.0
8216,503486,154,4,24420.47,0.0
8217,503487,104,3,17663.08,0.2
8218,503488,49,3,33529.65,0.1
8219,503488,197,1,20725.99,0.05
8220,503488,11,4,10297.51,0.1
8221,503488,139,3,36696.68,0.15
8222,503488,17,3,17031.55,0.15
8223,503489,78,4,9475.8,0.0
8224,503489,72,3,33843.05,0.1
8225,503489,109,2,20240.83,0.0
8226,503490,172,2,35356.68,0.05
8227,503490,51,2,42529.03,0.0
8228,503491,76,1,1551.17,0.05
8229,503491,132,3,47935.67,0.15
8230,503491,144,3,43009.16,0.15
8231,503492,134,1,24171.94,0.0
8232,503492,11,2,10297.51,0.0
8233,503493,57,1,1412.7,0.1
8234,503493,11,3,10297.51,0.0
8235,503494,146,3,4466.06,0.0
8236,503495,53,1,41659.1,0.0
8237,503495,26,1,13443.96,0.05
8238,503496,136,1,48294.58,0.15
8239,503496,119,2,20465.15,0.15
8240,503497,195,4,39570.05,0.1
8241,503497,66,4,7626.75,0.0
8242,503497,119,1,20465.15,0.1
8243,503498,143,4,8499.37,0.1
8244,503498,80,3,26747.7,0.05
8245,503499,37,3,8747.32,0.0
8246,503500,164,3,54714.33,0.1
8247,503500,88,4,22349.99,0.0
8248,503500,154,1,24420.47,0.1
8249,503501,191,3,39507.0,0.15
8250,503502,155,3,51623.31,0.1
8251,503502,66,1,7626.75,0.1
8252,503502,135,4,25804.56,0.15
8253,503502,53,2,41659.1,0.15
8254,503503,64,2,23845.3,0.1
8255,503503,38,2,33762.69,0.1
8256,503503,8,2,16654.82,0.0
8257,503504,75,3,7343.48,0.05
8258,503504,162,2,16150.96,0.1
8259,503505,40,1,12159.56,0.1
8260,503505,139,1,36696.68,0.05
8261,503506,165,2,6409.81,0.1
8262,503507,70,4,9185.74,0.1
8263,503507,11,1,10297.51,0.1
8264,503507,39,4,42117.5,0.15
8265,503508,143,3,8499.37,0.15
8266,503509,105,2,28367.27,0.0
8267,503509,81,4,15504.13,0.15
8268,503510,123,3,44154.33,0.15
8269,503511,153,3,34143.04,0.1
8270,503511,71,2,40831.91,0.1
8271,503512,153,4,34143.04,0.05
8272,503513,179,1,47254.91,0.15
8273,503514,116,2,16741.69,0.05
8274,503514,170,2,31500.56,0.15
8275,503515,188,1,6070.27,0.0
8276,503515,13,3,41294.2,0.0
8277,503515,133,1,18726.1,0.15
8278,503516,165,2,6409.81,0.05
8279,503517,177,4,7521.62,0.1
8280,503517,174,1,3057.35,0.05
8281,503518,20,3,27803.61,0.2
8282,503518,183,2,2591.66,0.05
8283,503518,114,3,24883.58,0.2
8284,503519,28,2,34955.61,0.1
8285,503519,163,2,1143.45,0.05
8286,503520,107,2,13631.76,0.15
8287,503520,196,1,8761.57,0.2
8288,503521,40,3,12159.56,0.0
8289,503522,147,3,51028.85,0.0
8290,503523,35,1,3103.89,0.15
8291,503524,79,4,36534.8,0.1
8292,503524,59,2,542.46,0.0
8293,503524,116,2,16741.69,0.0
8294,503524,156,1,9479.93,0.2
8295,503524,200,1,20741.6,0.15
8296,503525,152,4,47494.55,0.0
8297,503526,68,4,731.88,0.05
8298,503527,12,2,8809.95,0.0
8299,503528,186,3,13953.35,0.0
8300,503528,193,1,1419.66,0.0
8301,503528,169,3,42129.24,0.2
8302,503529,136,4,48294.58,0.1
8303,503529,16,1,17752.56,0.05
8304,503530,120,1,14551.18,0.0
8305,503530,60,2,42396.67,0.1
8306,503530,56,4,31457.37,0.15
8307,503531,103,2,33485.32,0.05
8308,503531,126,4,4890.52,0.2
8309,503532,136,2,48294.58,0.2
8310,503532,35,3,3103.89,0.0
8311,503532,28,3,34955.61,0.0
8312,503533,19,4,21391.84,0.05
8313,503533,174,3,3057.35,0.05
8314,503533,2,4,42946.4,0.05
8315,503533,17,4,17031.55,0.0
8316,503534,51,4,42529.03,0.2
8317,503534,49,3,33529.65,0.1
8318,503535,58,2,38058.28,0.1
8319,503535,178,1,16239.3,0.15
8320,503535,59,1,542.46,0.05
8321,503535,118,1,47968.75,0.2
8322,503535,196,3,8761.57,0.0
8323,503536,63,2,14212.89,0.0
8324,503536,98,2,35512.2,0.2
8325,503536,154,2,24420.47,0.0
8326,503536,47,3,7728.9,0.05
8327,503537,100,1,46791.69,0.15
8328,503538,173,3,31442.32,0.1
8329,503538,128,4,39089.34,0.05
8330,503539,143,2,8499.37,0.0
8331,503539,62,1,3498.04,0.1
8332,503539,19,2,21391.84,0.0
8333,503540,111,1,41282.72,0.2
8334,503540,45,1,19474.91,0.0
8335,503540,39,1,42117.5,0.15
8336,503540,73,3,32339.91,0.2
8337,503541,164,2,54714.33,0.1
8338,503541,72,4,33843.05,0.05
8339,503541,54,2,28353.11,0.15
8340,503542,50,4,37071.05,0.1
8341,503542,82,1,26994.56,0.05
8342,503542,32,4,30436.6,0.0
8343,503543,120,1,14551.18,0.1
8344,503544,192,3,906.98,0.0
8345,503544,142,2,32662.03,0.0
8346,503544,151,2,15178.52,0.1
8347,503544,189,2,36176.21,0.1
8348,503545,192,2,906.98,0.05
8349,503546,99,2,51437.59,0.1
8350,503546,86,4,25389.28,0.0
8351,503546,187,1,50291.33,0.0
8352,503547,88,1,22349.99,0.05
8353,503548,101,3,36836.08,0.0
8354,503548,88,2,22349.99,0.0
8355,503548,5,1,32053.9,0.1
8356,503549,81,4,15504.13,0.1
8357,503549,67,4,32514.47,0.1
8358,503549,145,1,5674.44,0.2
8359,503550,91,4,37325.93,0.1
8360,503551,107,3,13631.76,0.15
8361,503551,105,4,28367.27,0.0
8362,503551,13,3,41294.2,0.1
8363,503552,113,4,20936.8,0.1
8364,503552,54,2,28353.11,0.1
8365,503552,78,3,9475.8,0.2
8366,503552,165,3,6409.81,0.15
8367,503553,96,3,33785.82,0.0
8368,503554,21,1,873.24,0.05
8369,503554,37,1,8747.32,0.05
8370,503555,38,3,33762.69,0.0
8371,503556,70,4,9185.74,0.2
8372,503557,193,4,1419.66,0.0
8373,503557,157,1,26053.23,0.1
8374,503557,82,1,26994.56,0.15
8375,503558,108,1,22454.46,0.0
8376,503559,173,1,31442.32,0.2
8377,503559,11,4,10297.51,0.15
8378,503559,108,2,22454.46,0.15
8379,503560,94,1,30089.86,0.1
8380,503561,147,3,51028.85,0.1
8381,503562,159,1,25532.77,0.05
8382,503562,82,3,26994.56,0.05
8383,503563,95,4,7858.6,0.2
8384,503563,10,2,34430.26,0.1
8385,503564,196,2,8761.57,0.0
8386,503564,74,2,9594.57,0.1
8387,503564,161,2,45736.6,0.15
8388,503564,193,1,1419.66,0.2
8389,503565,61,2,23045.67,0.0
8390,503566,158,4,17301.25,0.1
8391,503566,31,1,31665.76,0.15
8392,503566,51,4,42529.03,0.0
8393,503567,198,3,44779.95,0.05
8394,503567,143,3,8499.37,0.0
8395,503567,43,4,25517.07,0.15
8396,503568,28,3,34955.61,0.05
8397,503568,73,2,32339.91,0.0
8398,503569,148,1,30748.98,0.1
8399,503569,73,1,32339.91,0.1
8400,503569,22,1,20749.3,0.05
8401,503570,144,1,43009.16,0.1
8402,503571,129,4,39450.63,0.15
8403,503571,119,4,20465.15,0.1
8404,503571,141,3,9199.37,0.0
8405,503572,56,4,31457.37,0.1
8406,503572,195,3,39570.05,0.1
8407,503573,126,4,4890.52,0.15
8408,503573,200,3,20741.6,0.1
8409,503573,60,1,42396.67,0.15
8410,503574,75,3,7343.48,0.1
8411,503575,9,4,26670.95,0.15
8412,503576,147,2,51028.85,0.15
8413,503576,132,3,47935.67,0.0
8414,503577,174,1,3057.35,0.0
8415,503577,35,3,3103.89,0.15
8416,503578,12,4,8809.95,0.0
8417,503579,72,3,33843.05,0.0
8418,503580,107,1,13631.76,0.0
8419,503581,183,3,2591.66,0.15
8420,503582,36,3,32323.45,0.0
8421,503583,38,1,33762.69,0.1
8422,503583,113,4,20936.8,0.2
8423,503583,72,4,33843.05,0.0
8424,503584,40,1,12159.56,0.2
8425,503584,159,1,25532.77,0.1
8426,503584,54,3,28353.11,0.15
8427,503584,137,1,11644.84,0.1
8428,503585,75,1,7343.48,0.0
8429,503585,197,4,20725.99,0.0
8430,503586,93,3,33594.98,0.0
8431,503587,133,4,18726.1,0.0
8432,503587,60,3,42396.67,0.1
8433,503588,5,3,32053.9,0.1
8434,503588,196,4,8761.57,0.05
8435,503588,198,2,44779.95,0.1
8436,503589,81,1,15504.13,0.2
8437,503589,164,3,54714.33,0.2
8438,503589,67,3,32514.47,0.0
8439,503589,48,3,32151.32,0.05
8440,503590,58,1,38058.28,0.1
8441,503591,109,3,20240.83,0.05
8442,503592,176,4,42034.94,0.0
8443,503592,44,3,23585.72,0.1
8444,503593,146,1,4466.06,0.15
8445,503593,8,1,16654.82,0.1
8446,503594,197,3,20725.99,0.1
8447,503595,101,4,36836.08,0.05
8448,503595,5,2,32053.9,0.05
8449,503595,24,3,29412.47,0.15
8450,503596,126,4,4890.52,0.15
8451,503597,147,3,51028.85,0.1
8452,503598,145,4,5674.44,0.15
8453,503598,134,1,24171.94,0.05
8454,503598,171,2,22643.94,0.15
8455,503599,51,1,42529.03,0.15
8456,503599,62,3,3498.04,0.0
8457,503599,81,2,15504.13,0.0
8458,503600,162,3,16150.96,0.05
8459,503601,128,3,39089.34,0.05
8460,503601,29,1,40427.0,0.1
8461,503601,199,3,40427.21,0.1
8462,503602,125,1,41076.3,0.05
8463,503603,182,1,25258.66,0.15
8464,503603,55,2,45214.9,0.1
8465,503604,90,4,42489.82,0.1
8466,503605,63,2,14212.89,0.15
8467,503606,36,4,32323.45,0.0
8468,503607,29,1,40427.0,0.05
8469,503607,2,4,42946.4,0.0
8470,503607,138,2,5148.37,0.0
8471,503608,109,1,20240.83,0.1
8472,503608,181,4,20017.36,0.05
8473,503608,30,3,8599.09,0.15
8474,503608,184,4,46019.64,0.0
8475,503609,99,1,51437.59,0.0
8476,503610,6,2,15719.14,0.0
8477,503611,89,1,2812.94,0.15
8478,503611,134,1,24171.94,0.1
8479,503612,66,3,7626.75,0.05
8480,503612,166,4,16527.13,0.05
8481,503613,2,1,42946.4,0.1
8482,503613,51,3,42529.03,0.05
8483,503613,177,4,7521.62,0.15
8484,503613,128,1,39089.34,0.1
8485,503614,75,4,7343.48,0.0
8486,503615,195,4,39570.05,0.0
8487,503615,111,4,41282.72,0.05
8488,503616,67,3,32514.47,0.0
8489,503616,122,1,7953.1,0.0
8490,503617,60,1,42396.67,0.05
8491,503617,90,3,42489.82,0.15
8492,503617,72,2,33843.05,0.0
8493,503617,114,2,24883.58,0.05
8494,503618,66,1,7626.75,0.05
8495,503618,160,3,24067.85,0.0
8496,503619,190,3,52000.43,0.05
8497,503620,195,2,39570.05,0.15
8498,503621,16,4,17752.56,0.15
8499,503621,42,3,17076.73,0.05
8500,503621,94,4,30089.86,0.0
8501,503622,20,1,27803.61,0.2
8502,503622,143,1,8499.37,0.0
8503,503623,173,2,31442.32,0.1
8504,503623,184,1,46019.64,0.0
8505,503624,141,1,9199.37,0.0
8506,503625,40,3,12159.56,0.05
8507,503626,146,2,4466.06,0.15
8508,503626,95,2,7858.6,0.1
8509,503627,184,4,46019.64,0.0
8510,503628,52,2,43157.07,0.05
8511,503628,86,2,25389.28,0.0
8512,503628,72,3,33843.05,0.15
8513,503628,131,4,935.86,0.1
8514,503629,174,1,3057.35,0.1
8515,503629,199,1,40427.21,0.05
8516,503629,85,3,30473.88,0.1
8517,503630,185,4,11835.89,0.15
8518,503631,101,1,36836.08,0.1
8519,503631,30,1,8599.09,0.15
8520,503632,13,2,41294.2,0.0
8521,503633,191,1,39507.0,0.0
8522,503633,172,3,35356.68,0.2
8523,503633,180,4,6088.9,0.05
8524,503633,178,4,16239.3,0.0
8525,503634,68,4,731.88,0.2
8526,503634,186,1,13953.35,0.0
8527,503635,187,4,50291.33,0.15
8528,503635,197,2,20725.99,0.1
8529,503636,30,2,8599.09,0.0
8530,503636,101,3,36836.08,0.05
8531,503636,9,3,26670.95,0.1
8532,503637,25,3,28894.26,0.0
8533,503638,16,1,17752.56,0.0
8534,503639,30,4,8599.09,0.0
8535,503640,125,2,41076.3,0.0
8536,503640,20,3,27803.61,0.05
8537,503641,186,1,13953.35,0.05
8538,503642,101,1,36836.08,0.15
8539,503642,154,4,24420.47,0.05
8540,503642,4,2,4600.28,0.1
8541,503642,58,4,38058.28,0.2
8542,503642,94,3,30089.86,0.15
8543,503643,90,4,42489.82,0.15
8544,503643,73,4,32339.91,0.1
8545,503644,145,2,5674.44,0.05
8546,503644,143,1,8499.37,0.2
8547,503644,32,4,30436.6,0.0
8548,503644,113,2,20936.8,0.05
8549,503645,66,2,7626.75,0.2
8550,503646,113,4,20936.8,0.15
8551,503646,77,2,45039.66,0.05
8552,503646,48,4,32151.32,0.15
8553,503646,4,4,4600.28,0.05
8554,503647,119,1,20465.15,0.15
8555,503647,107,1,13631.76,0.1
8556,503647,108,4,22454.46,0.05
8557,503648,98,1,35512.2,0.0
8558,503648,87,1,3216.87,0.05
8559,503648,65,3,26891.02,0.0
8560,503649,18,1,17846.96,0.1
8561,503649,46,4,6300.09,0.05
8562,503649,186,1,13953.35,0.1
8563,503650,162,2,16150.96,0.0
8564,503650,109,1,20240.83,0.0
8565,503651,18,4,17846.96,0.0
8566,503651,171,4,22643.94,0.1
8567,503651,105,1,28367.27,0.05
8568,503652,165,4,6409.81,0.05
8569,503652,119,3,20465.15,0.1
8570,503652,44,4,23585.72,0.05
8571,503652,110,4,13452.58,0.1
8572,503653,103,2,33485.32,0.0
8573,503654,200,4,20741.6,0.1
8574,503655,25,3,28894.26,0.05
8575,503655,81,2,15504.13,0.1
8576,503655,153,1,34143.04,0.0
8577,503655,115,4,2799.41,0.05
8578,503655,102,3,25753.85,0.2
8579,503656,79,4,36534.8,0.15
8580,503656,141,3,9199.37,0.0
8581,503656,37,1,8747.32,0.05
8582,503656,102,4,25753.85,0.2
8583,503657,9,1,26670.95,0.0
8584,503657,2,4,42946.4,0.0
8585,503658,67,2,32514.47,0.05
8586,503658,12,1,8809.95,0.1
8587,503658,179,4,47254.91,0.1
8588,503659,59,1,542.46,0.15
8589,503659,9,3,26670.95,0.05
8590,503659,116,2,16741.69,0.0
8591,503659,94,3,30089.86,0.15
8592,503660,164,2,54714.33,0.1
8593,503660,133,1,18726.1,0.1
8594,503661,192,3,906.98,0.05
8595,503662,45,1,19474.91,0.1
8596,503662,86,4,25389.28,0.05
8597,503663,96,3,33785.82,0.0
8598,503663,188,4,6070.27,0.2
8599,503664,139,3,36696.68,0.05
8600,503665,163,4,1143.45,0.0
8601,503665,161,1,45736.6,0.1
8602,503665,97,4,9014.15,0.05
8603,503665,81,1,15504.13,0.15
8604,503665,171,1,22643.94,0.0
8605,503666,61,2,23045.67,0.1
8606,503666,177,1,7521.62,0.0
8607,503666,189,4,36176.21,0.1
8608,503667,128,4,39089.34,0.05
8609,503667,102,4,25753.85,0.1
8610,503667,145,2,5674.44,0.1
8611,503668,84,3,26499.83,0.05
8612,503668,193,2,1419.66,0.1
8613,503669,65,4,26891.02,0.0
8614,503670,80,4,26747.7,0.05
8615,503670,113,1,20936.8,0.15
8616,503671,43,3,25517.07,0.2
8617,503671,80,2,26747.7,0.15
8618,503671,14,4,28958.7,0.1
8619,503672,172,4,35356.68,0.0
8620,503672,160,1,24067.85,0.1
8621,503673,19,3,21391.84,0.0
8622,503674,31,1,31665.76,0.1
8623,503674,73,3,32339.91,0.0
8624,503674,171,3,22643.94,0.15
8625,503675,121,1,43178.12,0.0
8626,503676,109,3,20240.83,0.05
8627,503676,154,1,24420.47,0.0
8628,503677,185,4,11835.89,0.1
8629,503677,31,4,31665.76,0.05
8630,503678,37,1,8747.32,0.1
8631,503678,199,3,40427.21,0.15
8632,503678,186,2,13953.35,0.05
8633,503678,28,2,34955.61,0.0
8634,503678,197,3,20725.99,0.1
8635,503679,132,4,47935.67,0.05
8636,503679,51,2,42529.03,0.1
8637,503680,151,3,15178.52,0.1
8638,503681,148,4,30748.98,0.0
8639,503681,48,3,32151.32,0.0
8640,503681,90,1,42489.82,0.1
8641,503681,22,3,20749.3,0.1
8642,503681,3,2,2440.7,0.1
8643,503682,93,4,33594.98,0.1
8644,503682,155,1,51623.31,0.0
8645,503682,77,2,45039.66,0.15
8646,503682,4,1,4600.28,0.2
8647,503682,187,4,50291.33,0.1
8648,503683,169,1,42129.24,0.0
8649,503684,186,2,13953.35,0.05
8650,503684,78,4,9475.8,0.05
8651,503684,154,4,24420.47,0.1
8652,503684,71,3,40831.91,0.1
8653,503685,184,1,46019.64,0.0
8654,503685,87,2,3216.87,0.15
8655,503685,91,2,37325.93,0.0
8656,503685,56,1,31457.37,0.05
8657,503686,105,2,28367.27,0.1
8658,503687,176,3,42034.94,0.1
8659,503687,11,4,10297.51,0.0
8660,503687,156,4,9479.93,0.0
8661,503688,61,2,23045.67,0.0
8662,503689,109,2,20240.83,0.15
8663,503689,139,3,36696.68,0.1
8664,503689,106,1,49815.63,0.2
8665,503689,93,4,33594.98,0.1
8666,503690,64,3,23845.3,0.05
8667,503691,186,1,13953.35,0.0
8668,503691,128,1,39089.34,0.05
8669,503691,108,3,22454.46,0.15
8670,503692,183,3,2591.66,0.15
8671,503692,102,2,25753.85,0.0
8672,503692,166,3,16527.13,0.15
8673,503693,121,1,43178.12,0.1
8674,503694,51,3,42529.03,0.0
8675,503694,193,3,1419.66,0.0
8676,503694,87,2,3216.87,0.1
8677,503695,127,4,16509.71,0.1
8678,503696,65,3,26891.02,0.05
8679,503697,197,3,20725.99,0.15
8680,503697,175,1,7528.69,0.1
8681,503697,97,3,9014.15,0.1
8682,503697,90,4,42489.82,0.2
8683,503698,130,3,1826.9,0.1
8684,503698,86,3,25389.28,0.1
8685,503698,87,3,3216.87,0.1
8686,503698,49,3,33529.65,0.1
8687,503699,132,1,47935.67,0.1
8688,503699,41,2,790.54,0.2
8689,503699,110,2,13452.58,0.05
8690,503700,70,2,9185.74,0.1
8691,503700,98,2,35512.2,0.0
8692,503700,112,2,22042.94,0.0
8693,503700,177,1,7521.62,0.05
8694,503701,106,2,49815.63,0.0
8695,503702,14,1,28958.7,0.1
8696,503702,174,3,3057.35,0.0
8697,503703,49,4,33529.65,0.2
8698,503703,77,2,45039.66,0.1
8699,503703,103,1,33485.32,0.1
8700,503703,46,2,6300.09,0.0
8701,503704,6,2,15719.14,0.0
8702,503704,176,4,42034.94,0.1
8703,503704,134,1,24171.94,0.0
8704,503704,149,1,33795.66,0.1
8705,503705,59,3,542.46,0.05
8706,503705,75,2,7343.48,0.1
8707,503706,20,4,27803.61,0.1
8708,503706,165,4,6409.81,0.0
8709,503707,55,1,45214.9,0.15
8710,503707,150,4,23255.73,0.2
8711,503707,165,4,6409.81,0.1
8712,503708,84,4,26499.83,0.1
8713,503709,27,2,52025.44,0.0
8714,503709,99,4,51437.59,0.15
8715,503709,1,2,45769.48,0.0
8716,503710,61,4,23045.67,0.0
8717,503711,158,3,17301.25,0.15
8718,503711,98,1,35512.2,0.15
8719,503712,6,1,15719.14,0.0
8720,503713,176,1,42034.94,0.0
8721,503713,177,1,7521.62,0.1
8722,503713,11,3,10297.51,0.1
8723,503714,102,3,25753.85,0.0
8724,503714,128,2,39089.34,0.1
8725,503714,50,2,37071.05,0.1
8726,503714,95,3,7858.6,0.15
8727,503714,92,4,38084.76,0.1
8728,503715,59,4,542.46,0.05
8729,503715,155,4,51623.31,0.0
8730,503716,176,1,42034.94,0.0
8731,503716,122,4,7953.1,0.0
8732,503716,41,3,790.54,0.15
8733,503716,158,3,17301.25,0.05
8734,503716,177,2,7521.62,0.1
8735,503717,100,2,46791.69,0.1
8736,503717,12,3,8809.95,0.0
8737,503718,77,1,45039.66,0.0
8738,503719,25,2,28894.26,0.0
8739,503719,9,3,26670.95,0.15
8740,503719,176,3,42034.94,0.05
8741,503719,97,1,9014.15,0.1
8742,503720,139,1,36696.68,0.2
8743,503721,136,4,48294.58,0.05
8744,503722,59,2,542.46,0.05
8745,503722,94,1,30089.86,0.15
8746,503722,40,2,12159.56,0.15
8747,503723,135,2,25804.56,0.0
8748,503724,9,3,26670.95,0.0
8749,503724,191,3,39507.0,0.05
8750,503724,125,4,41076.3,0.05
8751,503724,149,4,33795.66,0.2
8752,503725,27,3,52025.44,0.0
8753,503725,5,1,32053.9,0.1
8754,503726,148,1,30748.98,0.1
8755,503727,39,2,42117.5,0.15
8756,503727,53,3,41659.1,0.0
8757,503728,6,3,15719.14,0.1
8758,503729,177,1,7521.62,0.15
8759,503729,183,4,2591.66,0.0
8760,503729,42,1,17076.73,0.05
8761,503730,89,2,2812.94,0.1
8762,503731,147,3,51028.85,0.05
8763,503731,171,1,22643.94,0.2
8764,503731,146,2,4466.06,0.0
8765,503731,33,3,15090.93,0.2
8766,503732,111,3,41282.72,0.05
8767,503733,91,2,37325.93,0.1
8768,503734,127,3,16509.71,0.0
8769,503734,39,2,42117.5,0.2
8770,503734,184,2,46019.64,0.15
8771,503735,181,1,20017.36,0.05
8772,503735,186,4,13953.35,0.0
8773,503736,105,2,28367.27,0.0
8774,503736,138,2,5148.37,0.0
8775,503737,106,1,49815.63,0.05
8776,503737,98,4,35512.2,0.05
8777,503738,198,3,44779.95,0.05
8778,503739,146,3,4466.06,0.1
8779,503739,113,4,20936.8,0.05
8780,503740,38,2,33762.69,0.0
8781,503740,148,1,30748.98,0.15
8782,503740,147,2,51028.85,0.05
8783,503740,158,2,17301.25,0.1
8784,503741,78,3,9475.8,0.2
8785,503742,149,2,33795.66,0.1
8786,503742,57,1,1412.7,0.1
8787,503743,46,1,6300.09,0.0
8788,503743,57,4,1412.7,0.05
8789,503744,44,2,23585.72,0.1
8790,503744,144,1,43009.16,0.0
8791,503744,54,1,28353.11,0.05
8792,503744,112,3,22042.94,0.1
8793,503745,17,2,17031.55,0.15
8794,503746,112,1,22042.94,0.1
8795,503747,64,1,23845.3,0.1
8796,503747,63,4,14212.89,0.1
8797,503748,155,1,51623.31,0.0
8798,503748,10,3,34430.26,0.05
8799,503748,140,3,19515.46,0.1
8800,503749,60,3,42396.67,0.0
8801,503750,73,4,32339.91,0.15
8802,503750,60,2,42396.67,0.1
8803,503750,107,2,13631.76,0.2
8804,503751,24,1,29412.47,0.05
8805,503751,98,1,35512.2,0.05
8806,503752,72,1,33843.05,0.1
8807,503752,5,3,32053.9,0.2
8808,503752,179,4,47254.91,0.0
8809,503752,143,3,8499.37,0.1
8810,503753,54,2,28353.11,0.1
8811,503753,20,4,27803.61,0.05
8812,503753,191,2,39507.0,0.15
8813,503753,4,3,4600.28,0.15
8814,503754,149,4,33795.66,0.1
8815,503754,107,2,13631.76,0.2
8816,503754,137,2,11644.84,0.0
8817,503755,109,1,20240.83,0.0
8818,503755,27,4,52025.44,0.15
8819,503755,84,2,26499.83,0.0
8820,503756,153,4,34143.04,0.1
8821,503756,167,4,1520.89,0.1
8822,503757,92,2,38084.76,0.0
8823,503757,156,3,9479.93,0.05
8824,503757,167,3,1520.89,0.1
8825,503758,31,3,31665.76,0.15
8826,503759,33,3,15090.93,0.15
8827,503759,96,2,33785.82,0.15
8828,503759,54,2,28353.11,0.05
8829,503760,94,4,30089.86,0.0
8830,503760,95,4,7858.6,0.1
8831,503761,141,4,9199.37,0.2
8832,503761,1,1,45769.48,0.0
8833,503761,171,1,22643.94,0.05
8834,503762,162,1,16150.96,0.0
8835,503762,12,4,8809.95,0.0
8836,503763,13,4,41294.2,0.1
8837,503763,74,1,9594.57,0.1
8838,503763,91,1,37325.93,0.05
8839,503764,59,2,542.46,0.15
8840,503764,101,2,36836.08,0.0
8841,503765,26,4,13443.96,0.1
8842,503765,36,3,32323.45,0.1
8843,503766,153,2,34143.04,0.0
8844,503766,85,1,30473.88,0.0
8845,503767,134,4,24171.94,0.0
8846,503767,192,2,906.98,0.0
8847,503767,188,1,6070.27,0.2
8848,503768,162,3,16150.96,0.0
8849,503769,132,1,47935.67,0.0
8850,503769,129,1,39450.63,0.2
8851,503769,23,1,45229.71,0.2
8852,503769,88,3,22349.99,0.1
8853,503770,26,2,13443.96,0.1
8854,503770,137,1,11644.84,0.2
8855,503770,52,4,43157.07,0.0
8856,503770,14,1,28958.7,0.05
8857,503771,50,1,37071.05,0.0
8858,503771,88,4,22349.99,0.05
8859,503771,171,4,22643.94,0.15
8860,503771,43,4,25517.07,0.1
8861,503772,165,4,6409.81,0.1
8862,503772,104,4,17663.08,0.1
8863,503772,111,3,41282.72,0.0
8864,503772,166,3,16527.13,0.05
8865,503773,135,1,25804.56,0.1
8866,503773,51,4,42529.03,0.15
8867,503774,113,1,20936.8,0.05
8868,503774,139,1,36696.68,0.0
8869,503774,125,3,41076.3,0.05
8870,503774,42,4,17076.73,0.2
8871,503775,18,4,17846.96,0.1
8872,503775,2,2,42946.4,0.1
8873,503776,161,2,45736.6,0.1
8874,503777,73,1,32339.91,0.0
8875,503778,196,4,8761.57,0.0
8876,503779,120,4,14551.18,0.1
8877,503780,156,1,9479.93,0.0
8878,503780,80,1,26747.7,0.0
8879,503781,56,1,31457.37,0.0
8880,503781,65,2,26891.02,0.0
8881,503781,33,2,15090.93,0.0
8882,503781,9,4,26670.95,0.0
8883,503781,93,1,33594.98,0.1
8884,503782,190,1,52000.43,0.05
8885,503783,145,3,5674.44,0.0
8886,503783,12,1,8809.95,0.1
8887,503783,156,3,9479.93,0.2
8888,503783,160,2,24067.85,0.0
8889,503784,13,2,41294.2,0.05
8890,503784,176,2,42034.94,0.0
8891,503784,193,2,1419.66,0.15
8892,503785,63,2,14212.89,0.0
8893,503785,183,1,2591.66,0.0
8894,503785,1,4,45769.48,0.0
8895,503785,43,1,25517.07,0.05
8896,503786,130,1,1826.9,0.1
8897,503786,44,4,23585.72,0.1
8898,503786,1,3,45769.48,0.05
8899,503787,85,1,30473.88,0.05
8900,503787,158,4,17301.25,0.1
8901,503787,156,3,9479.93,0.0
8902,503787,146,2,4466.06,0.05
8903,503787,87,4,3216.87,0.0
8904,503788,127,3,16509.71,0.0
8905,503789,161,3,45736.6,0.05
8906,503789,181,4,20017.36,0.0
8907,503790,26,1,13443.96,0.0
8908,503790,67,3,32514.47,0.1
8909,503791,39,2,42117.5,0.0
8910,503792,132,1,47935.67,0.15
8911,503792,50,3,37071.05,0.2
8912,503793,92,3,38084.76,0.0
8913,503793,133,1,18726.1,0.1
8914,503794,107,4,13631.76,0.2
8915,503794,122,3,7953.1,0.05
8916,503794,78,2,9475.8,0.05
8917,503794,2,3,42946.4,0.0
8918,503794,41,2,790.54,0.0
8919,503795,129,4,39450.63,0.15
8920,503796,193,3,1419.66,0.05
8921,503796,8,3,16654.82,0.1
8922,503796,83,4,10948.99,0.0
8923,503796,59,3,542.46,0.0
8924,503797,98,4,35512.2,0.05
8925,503798,34,1,15395.87,0.15
8926,503798,32,2,30436.6,0.1
8927,503798,98,1,35512.2,0.1
8928,503799,136,3,48294.58,0.05
8929,503799,120,1,14551.18,0.1
8930,503800,171,2,22643.94,0.0
8931,503800,31,1,31665.76,0.0
8932,503800,168,1,9316.31,0.0
8933,503800,100,3,46791.69,0.0
8934,503800,23,3,45229.71,0.1
8935,503801,185,4,11835.89,0.2
8936,503801,137,3,11644.84,0.0
8937,503801,174,4,3057.35,0.1
8938,503802,138,2,5148.37,0.05
8939,503803,67,2,32514.47,0.2
8940,503803,85,4,30473.88,0.15
8941,503803,140,3,19515.46,0.0
8942,503803,121,3,43178.12,0.1
8943,503804,114,1,24883.58,0.0
8944,503805,40,1,12159.56,0.15
8945,503805,67,1,32514.47,0.15
8946,503805,22,3,20749.3,0.1
8947,503805,18,3,17846.96,0.1
8948,503806,149,3,33795.66,0.15
8949,503807,52,3,43157.07,0.0
8950,503808,145,2,5674.44,0.1
8951,503809,110,2,13452.58,0.1
8952,503809,53,1,41659.1,0.1
8953,503809,103,3,33485.32,0.1
8954,503810,195,4,39570.05,0.05
8955,503810,177,1,7521.62,0.1
8956,503810,137,1,11644.84,0.05
8957,503811,41,4,790.54,0.1
8958,503811,185,4,11835.89,0.15
8959,503811,86,3,25389.28,0.0
8960,503812,161,4,45736.6,0.15
8961,503813,17,1,17031.55,0.15
8962,503813,199,3,40427.21,0.0
8963,503814,109,3,20240.83,0.05
8964,503814,49,1,33529.65,0.15
8965,503815,132,3,47935.67,0.15
8966,503815,22,2,20749.3,0.2
8967,503816,179,1,47254.91,0.0
8968,503816,147,4,51028.85,0.1
8969,503817,128,1,39089.34,0.0
8970,503817,79,4,36534.8,0.2
8971,503818,147,3,51028.85,0.0
8972,503818,86,4,25389.28,0.0
8973,503819,168,3,9316.31,0.0
8974,503819,12,4,8809.95,0.05
8975,503819,132,1,47935.67,0.1
8976,503820,122,1,7953.1,0.15
8977,503821,132,2,47935.67,0.05
8978,503821,13,4,41294.2,0.1
8979,503821,38,1,33762.69,0.05
8980,503821,33,4,15090.93,0.0
8981,503822,37,4,8747.32,0.1
8982,503822,45,3,19474.91,0.0
8983,503822,123,1,44154.33,0.15
8984,503822,72,2,33843.05,0.2
8985,503823,185,2,11835.89,0.05
8986,503823,15,4,13558.11,0.0
8987,503823,93,2,33594.98,0.1
8988,503824,93,3,33594.98,0.15
8989,503824,21,1,873.24,0.2
8990,503824,72,2,33843.05,0.1
8991,503825,143,3,8499.37,0.0
8992,503825,125,2,41076.3,0.1
8993,503826,104,4,17663.08,0.1
8994,503826,170,2,31500.56,0.0
8995,503826,99,3,51437.59,0.1
8996,503826,2,3,42946.4,0.15
8997,503826,182,1,25258.66,0.15
8998,503827,50,4,37071.05,0.15
8999,503827,24,2,29412.47,0.1
9000,503828,91,3,37325.93,0.1
9001,503828,59,2,542.46,0.0
9002,503829,158,3,17301.25,0.15
9003,503829,46,3,6300.09,0.05
9004,503829,166,4,16527.13,0.15
9005,503830,153,3,34143.04,0.1
9006,503830,57,4,1412.7,0.0
9007,503830,138,2,5148.37,0.1
9008,503830,67,2,32514.47,0.05
9009,503831,39,4,42117.5,0.1
9010,503831,111,4,41282.72,0.0
9011,503832,31,1,31665.76,0.15
9012,503832,16,4,17752.56,0.0
9013,503832,165,3,6409.81,0.05
9014,503832,155,2,51623.31,0.0
9015,503833,188,4,6070.27,0.1
9016,503833,134,1,24171.94,0.1
9017,503833,29,1,40427.0,0.15
9018,503834,149,1,33795.66,0.05
9019,503834,172,4,35356.68,0.2
9020,503835,93,3,33594.98,0.1
9021,503835,11,1,10297.51,0.1
9022,503835,2,4,42946.4,0.05
9023,503835,62,2,3498.04,0.05
9024,503836,2,1,42946.4,0.15
9025,503836,3,2,2440.7,0.1
9026,503837,28,2,34955.61,0.0
9027,503837,53,1,41659.1,0.0
9028,503837,57,3,1412.7,0.1
9029,503837,161,2,45736.6,0.0
9030,503838,60,1,42396.67,0.2
9031,503838,95,1,7858.6,0.0
9032,503838,75,4,7343.48,0.0
9033,503839,98,1,35512.2,0.15
9034,503840,116,1,16741.69,0.15
9035,503840,187,1,50291.33,0.0
9036,503840,83,4,10948.99,0.0
9037,503840,197,4,20725.99,0.2
9038,503841,187,3,50291.33,0.0
9039,503842,40,1,12159.56,0.0
9040,503842,63,1,14212.89,0.0
9041,503842,142,3,32662.03,0.1
9042,503843,194,2,14529.69,0.05
9043,503843,108,4,22454.46,0.15
9044,503843,33,2,15090.93,0.05
9045,503844,135,1,25804.56,0.15
9046,503844,177,3,7521.62,0.05
9047,503844,29,2,40427.0,0.0
9048,503845,23,3,45229.71,0.1
9049,503845,65,3,26891.02,0.0
9050,503845,190,3,52000.43,0.05
9051,503845,183,4,2591.66,0.1
9052,503846,132,4,47935.67,0.15
9053,503846,193,1,1419.66,0.0
9054,503847,194,3,14529.69,0.15
9055,503847,90,2,42489.82,0.15
9056,503848,185,1,11835.89,0.05
9057,503848,132,3,47935.67,0.05
9058,503849,165,4,6409.81,0.05
9059,503849,47,1,7728.9,0.1
9060,503849,27,2,52025.44,0.15
9061,503850,133,4,18726.1,0.2
9062,503850,32,2,30436.6,0.0
9063,503851,92,2,38084.76,0.1
9064,503852,125,2,41076.3,0.1
9065,503852,20,2,27803.61,0.05
9066,503853,60,4,42396.67,0.05
9067,503853,23,1,45229.71,0.1
9068,503853,182,1,25258.66,0.0
9069,503853,112,2,22042.94,0.1
9070,503854,177,4,7521.62,0.1
9071,503854,140,4,19515.46,0.2
9072,503854,194,3,14529.69,0.1
9073,503855,110,4,13452.58,0.2
9074,503855,156,3,9479.93,0.0
9075,503855,183,1,2591.66,0.15
9076,503855,23,1,45229.71,0.1
9077,503856,84,1,26499.83,0.1
9078,503856,159,4,25532.77,0.15
9079,503857,22,1,20749.3,0.0
9080,503857,66,4,7626.75,0.1
9081,503857,55,4,45214.9,0.0
9082,503857,40,3,12159.56,0.15
9083,503857,68,2,731.88,0.0
9084,503858,190,4,52000.43,0.15
9085,503858,128,4,39089.34,0.1
9086,503858,121,3,43178.12,0.2
9087,503859,153,1,34143.04,0.05
9088,503859,52,1,43157.07,0.1
9089,503860,124,3,16664.22,0.1
9090,503860,182,2,25258.66,0.0
9091,503861,193,2,1419.66,0.0
9092,503861,118,3,47968.75,0.1
9093,503861,24,3,29412.47,0.15
9094,503861,58,4,38058.28,0.1
9095,503861,15,3,13558.11,0.05
9096,503862,67,1,32514.47,0.0
9097,503862,161,4,45736.6,0.2
9098,503862,15,3,13558.11,0.1
9099,503862,129,1,39450.63,0.15
9100,503862,72,3,33843.05,0.05
9101,503863,146,2,4466.06,0.2
9102,503863,54,3,28353.11,0.05
9103,503864,169,2,42129.24,0.1
9104,503864,141,1,9199.37,0.1
9105,503864,43,2,25517.07,0.05
9106,503864,73,1,32339.91,0.1
9107,503865,42,2,17076.73,0.2
9108,503865,199,3,40427.21,0.2
9109,503865,171,3,22643.94,0.2
9110,503865,36,3,32323.45,0.05
9111,503866,92,4,38084.76,0.0
9112,503867,14,3,28958.7,0.15
9113,503867,173,3,31442.32,0.1
9114,503868,93,3,33594.98,0.0
9115,503868,5,2,32053.9,0.05
9116,503868,173,2,31442.32,0.1
9117,503869,136,3,48294.58,0.1
9118,503870,198,1,44779.95,0.1
9119,503870,181,1,20017.36,0.0
9120,503870,64,1,23845.3,0.1
9121,503871,101,3,36836.08,0.2
9122,503872,189,3,36176.21,0.0
9123,503872,117,3,5573.85,0.05
9124,503873,123,4,44154.33,0.2
9125,503873,172,3,35356.68,0.0
9126,503874,40,1,12159.56,0.05
9127,503874,137,1,11644.84,0.0
9128,503874,138,1,5148.37,0.0
9129,503875,43,2,25517.07,0.1
9130,503876,173,2,31442.32,0.1
9131,503876,30,2,8599.09,0.0
9132,503877,41,1,790.54,0.1
9133,503878,112,4,22042.94,0.05
9134,503879,68,4,731.88,0.1
9135,503879,170,3,31500.56,0.0
9136,503879,94,1,30089.86,0.0
9137,503879,131,1,935.86,0.0
9138,503880,50,1,37071.05,0.0
9139,503881,107,2,13631.76,0.1
9140,503882,82,2,26994.56,0.1
9141,503883,68,3,731.88,0.05
9142,503883,111,4,41282.72,0.2
9143,503884,63,3,14212.89,0.05
9144,503885,36,4,32323.45,0.05
9145,503885,88,4,22349.99,0.1
9146,503886,72,4,33843.05,0.0
9147,503886,134,4,24171.94,0.15
9148,503886,98,1,35512.2,0.0
9149,503887,144,4,43009.16,0.05
9150,503888,34,2,15395.87,0.0
9151,503889,135,1,25804.56,0.1
9152,503889,195,4,39570.05,0.05
9153,503890,32,4,30436.6,0.05
9154,503890,59,4,542.46,0.0
9155,503890,101,3,36836.08,0.1
9156,503890,142,2,32662.03,0.1
9157,503891,169,1,42129.24,0.0
9158,503892,147,3,51028.85,0.0
9159,503892,144,3,43009.16,0.05
9160,503892,198,4,44779.95,0.1
9161,503893,157,2,26053.23,0.05
9162,503893,33,3,15090.93,0.15
9163,503893,174,1,3057.35,0.05
9164,503893,18,3,17846.96,0.0
9165,503893,49,2,33529.65,0.0
9166,503894,32,2,30436.6,0.0
9167,503895,23,1,45229.71,0.1
9168,503895,120,4,14551.18,0.05
9169,503896,41,3,790.54,0.1
9170,503896,174,4,3057.35,0.1
9171,503896,129,3,39450.63,0.05
9172,503897,94,1,30089.86,0.1
9173,503897,55,2,45214.9,0.2
9174,503897,17,4,17031.55,0.0
9175,503897,39,2,42117.5,0.0
9176,503898,79,2,36534.8,0.05
9177,503899,109,4,20240.83,0.1
9178,503899,94,4,30089.86,0.0
9179,503899,20,1,27803.61,0.05
9180,503900,145,3,5674.44,0.15
9181,503900,70,1,9185.74,0.1
9182,503900,82,1,26994.56,0.0
9183,503901,132,1,47935.67,0.1
9184,503901,58,2,38058.28,0.0
9185,503902,130,2,1826.9,0.05
9186,503902,177,3,7521.62,0.0
9187,503902,173,1,31442.32,0.0
9188,503903,5,4,32053.9,0.0
9189,503903,128,1,39089.34,0.0
9190,503904,95,1,7858.6,0.0
9191,503904,125,3,41076.3,0.1
9192,503904,40,1,12159.56,0.15
9193,503904,46,3,6300.09,0.0
9194,503905,14,1,28958.7,0.2
9195,503905,119,4,20465.15,0.1
9196,503906,4,1,4600.28,0.0
9197,503906,53,1,41659.1,0.05
9198,503907,125,1,41076.3,0.0
9199,503907,36,4,32323.45,0.0
9200,503907,70,4,9185.74,0.1
9201,503908,5,2,32053.9,0.1
9202,503909,28,4,34955.61,0.0
9203,503909,45,4,19474.91,0.05
9204,503910,32,3,30436.6,0.1
9205,503911,71,4,40831.91,0.0
9206,503911,101,4,36836.08,0.0
9207,503911,117,4,5573.85,0.0
9208,503912,158,3,17301.25,0.1
9209,503912,47,1,7728.9,0.15
9210,503913,197,2,20725.99,0.1
9211,503913,21,3,873.24,0.0
9212,503913,58,3,38058.28,0.1
9213,503913,76,1,1551.17,0.15
9214,503914,166,4,16527.13,0.1
9215,503914,109,4,20240.83,0.05
9216,503914,50,3,37071.05,0.2
9217,503915,140,1,19515.46,0.0
9218,503915,111,4,41282.72,0.0
9219,503916,123,2,44154.33,0.05
9220,503916,120,4,14551.18,0.05
9221,503916,22,2,20749.3,0.1
9222,503917,126,2,4890.52,0.2
9223,503917,28,3,34955.61,0.05
9224,503918,146,1,4466.06,0.05
9225,503918,121,1,43178.12,0.1
9226,503919,92,3,38084.76,0.1
9227,503920,60,4,42396.67,0.0
9228,503921,169,1,42129.24,0.15
9229,503921,61,4,23045.67,0.15
9230,503921,144,2,43009.16,0.05
9231,503922,155,2,51623.31,0.0
9232,503922,136,2,48294.58,0.05
9233,503922,4,2,4600.28,0.05
9234,503922,62,3,3498.04,0.0
9235,503922,197,3,20725.99,0.15
9236,503923,128,4,39089.34,0.0
9237,503923,4,4,4600.28,0.05
9238,503924,47,2,7728.9,0.05
9239,503925,57,1,1412.7,0.15
9240,503926,181,4,20017.36,0.1
9241,503927,160,4,24067.85,0.15
9242,503927,22,4,20749.3,0.1
9243,503927,4,2,4600.28,0.15
9244,503927,51,1,42529.03,0.05
9245,503928,110,1,13452.58,0.05
9246,503928,13,4,41294.2,0.0
9247,503929,176,4,42034.94,0.0
9248,503929,43,2,25517.07,0.15
9249,503929,194,4,14529.69,0.1
9250,503929,62,3,3498.04,0.05
9251,503930,79,3,36534.8,0.0
9252,503930,12,2,8809.95,0.15
9253,503931,160,2,24067.85,0.0
9254,503931,11,1,10297.51,0.1
9255,503932,133,2,18726.1,0.0
9256,503932,48,4,32151.32,0.2
9257,503932,138,1,5148.37,0.1
9258,503933,130,2,1826.9,0.2
9259,503934,33,2,15090.93,0.0
9260,503934,107,2,13631.76,0.15
9261,503934,19,1,21391.84,0.0
9262,503935,81,4,15504.13,0.1
9263,503935,186,3,13953.35,0.15
9264,503935,114,2,24883.58,0.05
9265,503936,128,1,39089.34,0.1
9266,503937,41,1,790.54,0.1
9267,503938,74,1,9594.57,0.05
9268,503938,7,3,32012.11,0.1
9269,503939,141,4,9199.37,0.0
9270,503939,135,3,25804.56,0.0
9271,503939,82,2,26994.56,0.1
9272,503939,117,1,5573.85,0.0
9273,503939,100,2,46791.69,0.1
9274,503940,22,3,20749.3,0.05
9275,503940,137,4,11644.84,0.05
9276,503940,96,4,33785.82,0.0
9277,503940,180,4,6088.9,0.05
9278,503940,189,1,36176.21,0.1
9279,503941,64,3,23845.3,0.1
9280,503942,191,3,39507.0,0.1
9281,503942,11,4,10297.51,0.05
9282,503942,13,3,41294.2,0.0
9283,503943,112,2,22042.94,0.1
9284,503943,88,4,22349.99,0.05
9285,503943,77,2,45039.66,0.05
9286,503944,154,1,24420.47,0.1
9287,503944,45,1,19474.91,0.15
9288,503944,152,1,47494.55,0.0
9289,503944,99,2,51437.59,0.1
9290,503945,149,4,33795.66,0.0
9291,503946,169,1,42129.24,0.1
9292,503946,105,4,28367.27,0.0
9293,503946,85,4,30473.88,0.05
9294,503946,139,2,36696.68,0.0
9295,503946,103,1,33485.32,0.0
9296,503947,76,2,1551.17,0.2
9297,503947,198,2,44779.95,0.1
9298,503947,45,4,19474.91,0.0
9299,503947,124,1,16664.22,0.1
9300,503948,190,2,52000.43,0.0
9301,503948,91,1,37325.93,0.0
9302,503949,152,4,47494.55,0.1
9303,503950,20,1,27803.61,0.05
9304,503951,65,3,26891.02,0.05
9305,503951,109,1,20240.83,0.1
9306,503952,149,1,33795.66,0.0
9307,503952,120,1,14551.18,0.05
9308,503952,174,3,3057.35,0.0
9309,503952,102,3,25753.85,0.1
9310,503953,50,3,37071.05,0.1
9311,503953,79,3,36534.8,0.0
9312,503953,16,4,17752.56,0.1
9313,503954,199,4,40427.21,0.0
9314,503954,194,1,14529.69,0.1
9315,503954,17,4,17031.55,0.0
9316,503954,146,3,4466.06,0.2
9317,503954,118,1,47968.75,0.05
9318,503955,141,1,9199.37,0.15
9319,503955,78,1,9475.8,0.05
9320,503956,98,3,35512.2,0.05
9321,503956,35,3,3103.89,0.05
9322,503956,157,4,26053.23,0.2
9323,503956,133,4,18726.1,0.0
9324,503957,109,2,20240.83,0.05
9325,503957,112,2,22042.94,0.1
9326,503957,15,4,13558.11,0.15
9327,503957,74,3,9594.57,0.05
9328,503958,118,3,47968.75,0.15
9329,503959,121,3,43178.12,0.05
9330,503960,18,1,17846.96,0.1
9331,503960,35,2,3103.89,0.05
9332,503960,36,3,32323.45,0.2
9333,503961,129,2,39450.63,0.1
9334,503961,100,4,46791.69,0.2
9335,503961,200,2,20741.6,0.0
9336,503962,60,1,42396.67,0.1
9337,503963,65,1,26891.02,0.0
9338,503963,11,3,10297.51,0.05
9339,503963,170,1,31500.56,0.15
9340,503964,149,4,33795.66,0.2
9341,503964,185,1,11835.89,0.1
9342,503965,91,2,37325.93,0.15
9343,503965,60,3,42396.67,0.0
9344,503966,90,4,42489.82,0.15
9345,503966,96,1,33785.82,0.15
9346,503966,172,3,35356.68,0.2
9347,503966,40,4,12159.56,0.15
9348,503967,27,4,52025.44,0.0
9349,503968,111,1,41282.72,0.1
9350,503969,35,2,3103.89,0.1
9351,503969,109,3,20240.83,0.0
9352,503969,113,4,20936.8,0.1
9353,503970,175,4,7528.69,0.1
9354,503970,113,4,20936.8,0.05
9355,503970,153,4,34143.04,0.1
9356,503971,194,4,14529.69,0.15
9357,503971,48,2,32151.32,0.15
9358,503972,92,1,38084.76,0.15
9359,503972,173,2,31442.32,0.05
9360,503973,99,1,51437.59,0.1
9361,503973,9,2,26670.95,0.15
9362,503974,163,4,1143.45,0.1
9363,503974,76,4,1551.17,0.05
9364,503974,144,2,43009.16,0.1
9365,503975,74,4,9594.57,0.2
9366,503975,157,2,26053.23,0.15
9367,503975,170,4,31500.56,0.1
9368,503976,199,4,40427.21,0.05
9369,503977,95,1,7858.6,0.15
9370,503978,35,3,3103.89,0.15
9371,503978,118,4,47968.75,0.05
9372,503979,157,1,26053.23,0.1
9373,503980,47,1,7728.9,0.15
9374,503981,61,3,23045.67,0.1
9375,503981,154,3,24420.47,0.05
9376,503981,150,3,23255.73,0.05
9377,503982,49,3,33529.65,0.2
9378,503982,14,3,28958.7,0.05
9379,503982,144,2,43009.16,0.15
9380,503982,197,3,20725.99,0.1
9381,503983,25,4,28894.26,0.1
9382,503984,171,2,22643.94,0.05
9383,503984,129,1,39450.63,0.05
9384,503984,29,4,40427.0,0.1
9385,503984,186,1,13953.35,0.05
9386,503985,3,2,2440.7,0.15
9387,503985,45,4,19474.91,0.1
9388,503986,25,1,28894.26,0.0
9389,503986,2,1,42946.4,0.0
9390,503986,6,1,15719.14,0.0
9391,503987,34,4,15395.87,0.15
9392,503987,38,4,33762.69,0.1
9393,503987,69,4,20234.72,0.1
9394,503987,57,1,1412.7,0.05
9395,503988,198,3,44779.95,0.0
9396,503988,21,1,873.24,0.1
9397,503989,11,1,10297.51,0.05
9398,503989,171,4,22643.94,0.1
9399,503989,16,4,17752.56,0.0
9400,503990,92,4,38084.76,0.15
9401,503990,52,3,43157.07,0.0
9402,503991,62,4,3498.04,0.05
9403,503991,170,2,31500.56,0.05
9404,503991,160,4,24067.85,0.05
9405,503991,84,2,26499.83,0.2
9406,503992,111,3,41282.72,0.05
9407,503993,48,4,32151.32,0.05
9408,503993,25,4,28894.26,0.0
9409,503993,169,2,42129.24,0.2
9410,503994,63,2,14212.89,0.0
9411,503995,126,4,4890.52,0.1
9412,503995,148,4,30748.98,0.1
9413,503996,85,1,30473.88,0.0
9414,503996,75,2,7343.48,0.05
9415,503997,114,3,24883.58,0.05
9416,503997,102,2,25753.85,0.05
9417,503997,113,3,20936.8,0.1
9418,503998,148,3,30748.98,0.1
9419,503999,191,3,39507.0,0.1
9420,503999,47,2,7728.9,0.0
9421,504000,15,4,13558.11,0.1
9422,504001,116,2,16741.69,0.05
9423,504001,74,4,9594.57,0.05
9424,504002,48,2,32151.32,0.2
9425,504003,138,2,5148.37,0.1
9426,504003,77,1,45039.66,0.1
9427,504004,108,2,22454.46,0.15
9428,504004,19,3,21391.84,0.1
9429,504005,106,3,49815.63,0.0
9430,504005,174,4,3057.35,0.1
9431,504005,151,3,15178.52,0.1
9432,504005,128,3,39089.34,0.05
9433,504005,192,1,906.98,0.1
9434,504006,54,1,28353.11,0.0
9435,504006,93,1,33594.98,0.05
9436,504007,81,4,15504.13,0.2
9437,504008,42,1,17076.73,0.0
9438,504008,131,1,935.86,0.1
9439,504008,76,4,1551.17,0.05
9440,504009,169,1,42129.24,0.1
9441,504010,107,2,13631.76,0.1
9442,504010,195,1,39570.05,0.2
9443,504010,34,4,15395.87,0.15
9444,504010,134,2,24171.94,0.1
9445,504011,56,2,31457.37,0.15
9446,504011,36,4,32323.45,0.05
9447,504012,97,4,9014.15,0.05
9448,504013,197,1,20725.99,0.15
9449,504013,40,4,12159.56,0.0
9450,504013,196,2,8761.57,0.1
9451,504013,93,3,33594.98,0.1
9452,504013,9,1,26670.95,0.0
9453,504014,53,2,41659.1,0.0
9454,504014,87,1,3216.87,0.1
9455,504015,115,3,2799.41,0.15
9456,504015,76,3,1551.17,0.1
9457,504015,56,2,31457.37,0.05
9458,504015,185,3,11835.89,0.2
9459,504016,120,2,14551.18,0.0
9460,504016,142,2,32662.03,0.1
9461,504017,104,4,17663.08,0.15
9462,504017,86,3,25389.28,0.0
9463,504018,65,2,26891.02,0.2
9464,504018,83,3,10948.99,0.1
9465,504019,54,4,28353.11,0.15
9466,504019,44,1,23585.72,0.1
9467,504020,88,2,22349.99,0.15
9468,504020,24,1,29412.47,0.05
9469,504020,73,2,32339.91,0.05
9470,504021,150,1,23255.73,0.1
9471,504022,9,3,26670.95,0.2
9472,504022,102,2,25753.85,0.05
9473,504023,75,1,7343.48,0.1
9474,504024,182,2,25258.66,0.05
9475,504024,99,2,51437.59,0.05
9476,504025,54,2,28353.11,0.05
9477,504026,55,2,45214.9,0.05
9478,504026,95,2,7858.6,0.1
9479,504027,39,3,42117.5,0.15
9480,504027,132,3,47935.67,0.1
9481,504028,50,1,37071.05,0.15
9482,504028,200,4,20741.6,0.1
9483,504028,37,2,8747.32,0.0
9484,504029,155,2,51623.31,0.1
9485,504029,80,1,26747.7,0.1
9486,504029,107,3,13631.76,0.1
9487,504029,89,2,2812.94,0.05
9488,504029,55,3,45214.9,0.15
9489,504030,159,1,25532.77,0.2
9490,504031,40,1,12159.56,0.15
9491,504031,149,1,33795.66,0.1
9492,504032,86,3,25389.28,0.0
9493,504032,58,3,38058.28,0.0
9494,504033,145,2,5674.44,0.1
9495,504033,68,3,731.88,0.1
9496,504034,4,4,4600.28,0.05
9497,504034,78,4,9475.8,0.1
9498,504035,62,4,3498.04,0.1
9499,504036,105,2,28367.27,0.1
9500,504036,109,4,20240.83,0.0
9501,504037,35,3,3103.89,0.15
9502,504038,72,2,33843.05,0.05
9503,504039,66,2,7626.75,0.05
9504,504039,119,4,20465.15,0.0
9505,504039,136,4,48294.58,0.05
9506,504039,109,3,20240.83,0.05
9507,504040,13,1,41294.2,0.15
9508,504040,118,4,47968.75,0.15
9509,504040,79,4,36534.8,0.15
9510,504040,131,2,935.86,0.15
9511,504041,80,2,26747.7,0.15
9512,504041,44,1,23585.72,0.15
9513,504042,165,1,6409.81,0.05
9514,504043,191,4,39507.0,0.1
9515,504043,104,1,17663.08,0.0
9516,504044,35,3,3103.89,0.1
9517,504044,84,1,26499.83,0.15
9518,504045,6,3,15719.14,0.15
9519,504045,136,4,48294.58,0.1
9520,504045,43,4,25517.07,0.0
9521,504046,154,3,24420.47,0.05
9522,504046,29,1,40427.0,0.0
9523,504046,143,2,8499.37,0.1
9524,504047,161,3,45736.6,0.2
9525,504047,68,2,731.88,0.2
9526,504048,111,1,41282.72,0.0
9527,504048,39,1,42117.5,0.1
9528,504049,184,1,46019.64,0.05
9529,504050,40,2,12159.56,0.1
9530,504050,168,1,9316.31,0.15
9531,504050,187,4,50291.33,0.1
9532,504051,144,4,43009.16,0.1
9533,504051,28,4,34955.61,0.1
9534,504052,163,1,1143.45,0.1
9535,504052,117,4,5573.85,0.2
9536,504052,180,3,6088.9,0.05
9537,504053,162,4,16150.96,0.1
9538,504053,55,2,45214.9,0.05
9539,504053,54,2,28353.11,0.0
9540,504054,169,1,42129.24,0.05
9541,504055,147,3,51028.85,0.1
9542,504055,33,4,15090.93,0.0
9543,504055,185,1,11835.89,0.1
9544,504055,141,2,9199.37,0.05
9545,504056,147,3,51028.85,0.0
9546,504056,112,3,22042.94,0.05
9547,504056,116,3,16741.69,0.1
9548,504056,55,4,45214.9,0.15
9549,504057,74,3,9594.57,0.0
9550,504057,153,3,34143.04,0.1
9551,504058,171,3,22643.94,0.1
9552,504059,183,4,2591.66,0.1
9553,504060,27,4,52025.44,0.0
9554,504061,141,1,9199.37,0.1
9555,504061,189,3,36176.21,0.0
9556,504062,186,1,13953.35,0.0
9557,504063,98,2,35512.2,0.0
9558,504063,165,1,6409.81,0.2
9559,504063,107,4,13631.76,0.1
9560,504063,183,1,2591.66,0.15
9561,504064,103,4,33485.32,0.0
9562,504064,90,2,42489.82,0.0
9563,504065,90,2,42489.82,0.0
9564,504065,111,3,41282.72,0.1
9565,504066,101,2,36836.08,0.2
9566,504066,140,1,19515.46,0.0
9567,504066,123,2,44154.33,0.1
9568,504066,107,3,13631.76,0.1
9569,504067,158,4,17301.25,0.0
9570,504067,181,2,20017.36,0.1
9571,504068,88,4,22349.99,0.15
9572,504068,125,1,41076.3,0.05
9573,504069,163,4,1143.45,0.0
9574,504069,92,2,38084.76,0.1
9575,504069,197,3,20725.99,0.05
9576,504069,90,1,42489.82,0.1
9577,504069,23,3,45229.71,0.0
9578,504070,5,2,32053.9,0.1
9579,504070,196,2,8761.57,0.2
9580,504071,181,1,20017.36,0.1
9581,504071,174,4,3057.35,0.0
9582,504072,154,1,24420.47,0.1
9583,504072,111,4,41282.72,0.05
9584,504073,174,4,3057.35,0.05
9585,504073,47,3,7728.9,0.2
9586,504073,76,1,1551.17,0.05
9587,504074,93,4,33594.98,0.15
9588,504074,134,1,24171.94,0.0
9589,504074,2,4,42946.4,0.1
9590,504075,76,4,1551.17,0.15
9591,504075,1,1,45769.48,0.05
9592,504075,83,2,10948.99,0.1
9593,504076,121,4,43178.12,0.05
9594,504077,80,4,26747.7,0.0
9595,504077,108,2,22454.46,0.1
9596,504077,78,2,9475.8,0.0
9597,504077,173,3,31442.32,0.1
9598,504077,100,3,46791.69,0.15
9599,504078,94,4,30089.86,0.1
9600,504078,124,1,16664.22,0.05
9601,504079,33,2,15090.93,0.0
9602,504079,91,4,37325.93,0.1
9603,504079,32,2,30436.6,0.1
9604,504079,166,4,16527.13,0.0
9605,504080,76,4,1551.17,0.1
9606,504081,64,4,23845.3,0.0
9607,504081,190,4,52000.43,0.1
9608,504082,177,2,7521.62,0.1
9609,504082,31,3,31665.76,0.0
9610,504082,47,4,7728.9,0.05
9611,504082,37,3,8747.32,0.0
9612,504083,27,1,52025.44,0.1
9613,504083,95,2,7858.6,0.2
9614,504083,97,1,9014.15,0.15
9615,504084,44,3,23585.72,0.0
9616,504085,181,4,20017.36,0.05
9617,504085,120,2,14551.18,0.1
9618,504085,89,4,2812.94,0.05
9619,504086,100,1,46791.69,0.1
9620,504087,22,4,20749.3,0.1
9621,504087,132,2,47935.67,0.1
9622,504088,108,2,22454.46,0.15
9623,504089,170,1,31500.56,0.0
9624,504090,110,1,13452.58,0.2
9625,504091,165,4,6409.81,0.0
9626,504091,20,4,27803.61,0.1
9627,504092,73,2,32339.91,0.15
9628,504092,87,3,3216.87,0.2
9629,504092,158,2,17301.25,0.2
9630,504093,197,3,20725.99,0.0
9631,504094,199,3,40427.21,0.2
9632,504094,70,1,9185.74,0.05
9633,504095,115,4,2799.41,0.05
9634,504095,62,1,3498.04,0.05
9635,504096,25,1,28894.26,0.1
9636,504096,167,3,1520.89,0.0
9637,504096,98,3,35512.2,0.05
9638,504096,133,3,18726.1,0.0
9639,504096,97,3,9014.15,0.0
9640,504097,84,4,26499.83,0.1
9641,504097,53,2,41659.1,0.15
9642,504097,9,4,26670.95,0.2
9643,504098,171,4,22643.94,0.1
9644,504098,110,2,13452.58,0.0
9645,504098,186,1,13953.35,0.1
9646,504098,61,3,23045.67,0.05
9647,504098,102,3,25753.85,0.15
9648,504099,146,2,4466.06,0.1
9649,504099,192,2,906.98,0.0
9650,504099,76,1,1551.17,0.0
9651,504099,156,2,9479.93,0.0
9652,504100,38,1,33762.69,0.05
9653,504100,81,1,15504.13,0.2
9654,504100,22,1,20749.3,0.0
9655,504101,30,4,8599.09,0.1
9656,504102,45,1,19474.91,0.0
9657,504102,104,3,17663.08,0.05
9658,504102,99,1,51437.59,0.0
9659,504102,153,1,34143.04,0.1
9660,504103,186,1,13953.35,0.1
9661,504103,93,1,33594.98,0.0
9662,504103,161,1,45736.6,0.1
9663,504104,188,4,6070.27,0.1
9664,504105,70,2,9185.74,0.2
9665,504106,150,2,23255.73,0.05
9666,504106,77,3,45039.66,0.0
9667,504107,46,2,6300.09,0.1
9668,504108,172,3,35356.68,0.0
9669,504108,192,4,906.98,0.0
9670,504108,133,3,18726.1,0.1
9671,504108,150,1,23255.73,0.1
9672,504108,64,3,23845.3,0.15
9673,504109,190,2,52000.43,0.1
9674,504110,68,3,731.88,0.05
9675,504111,97,2,9014.15,0.0
9676,504112,172,1,35356.68,0.2
9677,504112,168,4,9316.31,0.1
9678,504113,78,1,9475.8,0.1
9679,504113,58,2,38058.28,0.0
9680,504113,147,4,51028.85,0.1
9681,504114,5,1,32053.9,0.05
9682,504114,21,4,873.24,0.05
9683,504115,64,3,23845.3,0.1
9684,504116,163,1,1143.45,0.05
9685,504116,77,1,45039.66,0.0
9686,504116,110,2,13452.58,0.1
9687,504116,25,1,28894.26,0.1
9688,504117,71,3,40831.91,0.0
9689,504117,124,2,16664.22,0.0
9690,504118,79,1,36534.8,0.0
9691,504119,9,4,26670.95,0.0
9692,504120,170,1,31500.56,0.0
9693,504120,67,4,32514.47,0.15
9694,504121,80,4,26747.7,0.0
9695,504121,76,3,1551.17,0.1
9696,504122,154,2,24420.47,0.05
9697,504122,194,2,14529.69,0.0
9698,504123,110,3,13452.58,0.0
9699,504124,74,2,9594.57,0.1
9700,504124,170,1,31500.56,0.0
9701,504124,45,3,19474.91,0.0
9702,504124,10,1,34430.26,0.1
9703,504125,89,4,2812.94,0.1
9704,504125,23,1,45229.71,0.0
9705,504126,62,2,3498.04,0.0
9706,504127,181,4,20017.36,0.1
9707,504127,127,3,16509.71,0.05
9708,504127,145,1,5674.44,0.15
9709,504128,117,2,5573.85,0.15
9710,504128,123,1,44154.33,0.1
9711,504129,191,3,39507.0,0.15
9712,504129,86,1,25389.28,0.15
9713,504129,97,4,9014.15,0.15
9714,504129,88,4,22349.99,0.05
9715,504129,53,1,41659.1,0.05
9716,504130,138,3,5148.37,0.2
9717,504130,122,1,7953.1,0.1
9718,504131,124,1,16664.22,0.15
9719,504132,32,4,30436.6,0.0
9720,504132,184,1,46019.64,0.1
9721,504132,167,4,1520.89,0.15
9722,504132,97,4,9014.15,0.05
9723,504132,124,4,16664.22,0.2
9724,504133,161,3,45736.6,0.0
9725,504133,50,3,37071.05,0.0
9726,504134,63,1,14212.89,0.1
9727,504134,2,3,42946.4,0.2
9728,504134,19,1,21391.84,0.15
9729,504135,171,2,22643.94,0.15
9730,504136,96,4,33785.82,0.1
9731,504136,116,1,16741.69,0.1
9732,504137,19,2,21391.84,0.15
9733,504137,127,3,16509.71,0.15
9734,504137,162,3,16150.96,0.0
9735,504137,81,3,15504.13,0.2
9736,504137,168,2,9316.31,0.1
9737,504138,172,3,35356.68,0.1
9738,504138,81,2,15504.13,0.15
9739,504138,108,2,22454.46,0.1
9740,504138,179,4,47254.91,0.05
9741,504138,86,1,25389.28,0.0
9742,504139,129,1,39450.63,0.1
9743,504139,154,4,24420.47,0.1
9744,504139,51,4,42529.03,0.0
9745,504139,146,3,4466.06,0.1
9746,504139,142,4,32662.03,0.2
9747,504140,196,4,8761.57,0.1
9748,504140,29,2,40427.0,0.05
9749,504140,19,3,21391.84,0.1
9750,504140,57,3,1412.7,0.05
9751,504141,151,2,15178.52,0.1
9752,504141,154,1,24420.47,0.1
9753,504142,173,2,31442.32,0.05
9754,504142,141,4,9199.37,0.0
9755,504143,194,1,14529.69,0.0
9756,504144,199,1,40427.21,0.15
9757,504144,80,2,26747.7,0.1
9758,504144,177,3,7521.62,0.15
9759,504145,3,3,2440.7,0.0
9760,504145,168,4,9316.31,0.05
9761,504145,153,3,34143.04,0.0
9762,504146,102,1,25753.85,0.2
9763,504146,72,4,33843.05,0.15
9764,504146,92,1,38084.76,0.1
9765,504147,130,2,1826.9,0.1
9766,504147,15,3,13558.11,0.1
9767,504148,32,2,30436.6,0.0
9768,504149,132,3,47935.67,0.05
9769,504149,139,2,36696.68,0.05
9770,504149,70,3,9185.74,0.1
9771,504150,169,1,42129.24,0.15
9772,504150,155,3,51623.31,0.15
9773,504150,14,2,28958.7,0.05
9774,504150,200,4,20741.6,0.1
9775,504150,32,3,30436.6,0.0
9776,504151,26,4,13443.96,0.0
9777,504151,16,2,17752.56,0.0
9778,504152,139,4,36696.68,0.15
9779,504153,123,1,44154.33,0.15
9780,504153,166,1,16527.13,0.0
9781,504153,182,1,25258.66,0.05
9782,504153,98,4,35512.2,0.1
9783,504154,133,1,18726.1,0.15
9784,504154,42,4,17076.73,0.05
9785,504154,95,3,7858.6,0.05
9786,504155,186,1,13953.35,0.05
9787,504155,179,4,47254.91,0.05
9788,504155,180,1,6088.9,0.1
9789,504156,36,4,32323.45,0.1
9790,504156,136,2,48294.58,0.0
9791,504156,83,2,10948.99,0.0
9792,504156,110,1,13452.58,0.1
9793,504156,165,4,6409.81,0.0
9794,504157,45,2,19474.91,0.0
9795,504157,86,2,25389.28,0.1
9796,504157,184,3,46019.64,0.2
9797,504158,71,2,40831.91,0.0
9798,504158,165,2,6409.81,0.0
9799,504159,47,1,7728.9,0.1
9800,504159,56,1,31457.37,0.05
9801,504159,156,3,9479.93,0.0
9802,504160,113,3,20936.8,0.05
9803,504160,180,1,6088.9,0.05
9804,504161,194,3,14529.69,0.1
9805,504162,101,3,36836.08,0.15
9806,504163,137,1,11644.84,0.0
9807,504163,45,1,19474.91,0.15
9808,504163,148,4,30748.98,0.15
9809,504164,66,2,7626.75,0.1
9810,504165,153,2,34143.04,0.1
9811,504165,41,1,790.54,0.0
9812,504165,168,3,9316.31,0.05
9813,504165,136,1,48294.58,0.05
9814,504166,157,2,26053.23,0.1
9815,504166,165,3,6409.81,0.2
9816,504167,53,1,41659.1,0.15
9817,504167,197,1,20725.99,0.15
9818,504167,131,4,935.86,0.05
9819,504168,164,3,54714.33,0.15
9820,504169,30,4,8599.09,0.05
9821,504169,170,2,31500.56,0.0
9822,504170,95,3,7858.6,0.2
9823,504170,130,1,1826.9,0.2
9824,504171,28,2,34955.61,0.1
9825,504171,167,4,1520.89,0.1
9826,504171,134,3,24171.94,0.05
9827,504172,32,2,30436.6,0.05
9828,504173,126,1,4890.52,0.1
9829,504173,132,4,47935.67,0.1
9830,504174,132,2,47935.67,0.0
9831,504174,130,2,1826.9,0.0
9832,504174,124,4,16664.22,0.0
9833,504174,55,3,45214.9,0.1
9834,504175,51,3,42529.03,0.1
9835,504175,186,2,13953.35,0.1
9836,504175,164,4,54714.33,0.1
9837,504176,106,1,49815.63,0.05
9838,504176,88,3,22349.99,0.0
9839,504176,179,1,47254.91,0.1
9840,504177,70,3,9185.74,0.0
9841,504177,112,3,22042.94,0.1
9842,504177,197,1,20725.99,0.1
9843,504178,124,2,16664.22,0.05
9844,504178,104,3,17663.08,0.1
9845,504178,74,2,9594.57,0.0
9846,504179,182,3,25258.66,0.0
9847,504179,55,2,45214.9,0.05
9848,504180,23,3,45229.71,0.1
9849,504180,136,4,48294.58,0.0
9850,504181,145,2,5674.44,0.05
9851,504182,53,3,41659.1,0.05
9852,504183,54,4,28353.11,0.05
9853,504183,150,1,23255.73,0.15
9854,504184,194,4,14529.69,0.15
9855,504184,156,3,9479.93,0.0
9856,504184,17,4,17031.55,0.1
9857,504184,112,4,22042.94,0.1
9858,504185,122,3,7953.1,0.0
9859,504185,81,2,15504.13,0.05
9860,504186,165,2,6409.81,0.15
9861,504186,44,4,23585.72,0.1
9862,504187,199,4,40427.21,0.05
9863,504187,136,1,48294.58,0.2
9864,504187,58,2,38058.28,0.2
9865,504187,12,1,8809.95,0.0
9866,504188,54,3,28353.11,0.0
9867,504188,170,3,31500.56,0.15
9868,504189,142,2,32662.03,0.1
9869,504190,72,4,33843.05,0.1
9870,504191,117,4,5573.85,0.1
9871,504191,71,3,40831.91,0.05
9872,504191,191,1,39507.0,0.05
9873,504191,105,2,28367.27,0.0
9874,504192,59,1,542.46,0.0
9875,504192,25,2,28894.26,0.1
9876,504193,176,4,42034.94,0.1
9877,504193,3,2,2440.7,0.1
9878,504194,80,1,26747.7,0.1
9879,504194,16,4,17752.56,0.05
9880,504194,168,4,9316.31,0.2
9881,504195,65,2,26891.02,0.0
9882,504195,142,2,32662.03,0.15
9883,504196,165,1,6409.81,0.1
9884,504196,133,2,18726.1,0.0
9885,504197,133,4,18726.1,0.0
9886,504197,84,4,26499.83,0.0
9887,504198,137,1,11644.84,0.05
9888,504199,146,4,4466.06,0.1
9889,504200,68,4,731.88,0.05
9890,504200,111,4,41282.72,0.1
9891,504201,143,2,8499.37,0.05
9892,504202,200,1,20741.6,0.1
9893,504202,49,1,33529.65,0.15
9894,504202,52,4,43157.07,0.2
9895,504202,130,2,1826.9,0.05
9896,504203,156,4,9479.93,0.0
9897,504204,162,3,16150.96,0.1
9898,504204,98,4,35512.2,0.1
9899,504205,125,4,41076.3,0.0
9900,504205,45,3,19474.91,0.2
9901,504206,194,4,14529.69,0.15
9902,504206,128,2,39089.34,0.15
9903,504206,74,3,9594.57,0.1
9904,504207,60,1,42396.67,0.05
9905,504208,17,3,17031.55,0.1
9906,504208,198,4,44779.95,0.05
9907,504208,188,2,6070.27,0.1
9908,504208,118,4,47968.75,0.1
9909,504209,177,4,7521.62,0.1
9910,504209,112,1,22042.94,0.0
9911,504210,15,1,13558.11,0.0
9912,504211,103,2,33485.32,0.15
9913,504212,31,2,31665.76,0.05
9914,504212,169,4,42129.24,0.1
9915,504212,151,2,15178.52,0.2
9916,504212,158,2,17301.25,0.1
9917,504213,193,4,1419.66,0.0
9918,504213,13,2,41294.2,0.05
9919,504214,146,3,4466.06,0.0
9920,504214,82,2,26994.56,0.1
9921,504215,151,2,15178.52,0.0
9922,504216,123,1,44154.33,0.15
9923,504216,132,4,47935.67,0.05
9924,504217,193,2,1419.66,0.1
9925,504217,5,4,32053.9,0.0
9926,504218,134,2,24171.94,0.1
9927,504219,2,4,42946.4,0.1
9928,504219,152,4,47494.55,0.0
9929,504219,193,3,1419.66,0.0
9930,504220,90,2,42489.82,0.05
9931,504220,73,2,32339.91,0.0
9932,504220,122,4,7953.1,0.0
9933,504220,93,4,33594.98,0.05
9934,504221,22,4,20749.3,0.1
9935,504221,170,3,31500.56,0.1
9936,504222,77,1,45039.66,0.05
9937,504223,198,2,44779.95,0.0
9938,504223,142,3,32662.03,0.05
9939,504224,188,2,6070.27,0.0
9940,504224,1,4,45769.48,0.0
9941,504224,55,3,45214.9,0.0
9942,504224,174,3,3057.35,0.2
9943,504225,113,4,20936.8,0.0
9944,504225,77,2,45039.66,0.15
9945,504226,39,2,42117.5,0.05
9946,504227,17,2,17031.55,0.2
9947,504227,149,3,33795.66,0.1
9948,504227,44,2,23585.72,0.2
9949,504228,54,4,28353.11,0.1
9950,504228,39,3,42117.5,0.1
9951,504229,88,2,22349.99,0.0
9952,504230,81,1,15504.13,0.0
9953,504230,14,2,28958.7,0.05
9954,504230,186,3,13953.35,0.2
9955,504230,10,4,34430.26,0.2
9956,504230,16,3,17752.56,0.0
9957,504231,160,2,24067.85,0.15
9958,504232,124,2,16664.22,0.15
9959,504232,27,1,52025.44,0.15
9960,504233,110,4,13452.58,0.0
9961,504233,111,2,41282.72,0.0
9962,504233,100,4,46791.69,0.15
9963,504234,34,2,15395.87,0.2
9964,504234,58,4,38058.28,0.05
9965,504235,29,2,40427.0,0.15
9966,504236,113,4,20936.8,0.1
9967,504236,73,4,32339.91,0.1
9968,504237,75,4,7343.48,0.1
9969,504237,19,1,21391.84,0.15
9970,504237,6,1,15719.14,0.05
9971,504238,165,1,6409.81,0.0
9972,504238,109,1,20240.83,0.05
9973,504238,96,3,33785.82,0.15
9974,504238,32,2,30436.6,0.05
9975,504239,177,1,7521.62,0.05
9976,504240,141,2,9199.37,0.1
9977,504241,128,4,39089.34,0.05
9978,504241,1,4,45769.48,0.05
9979,504241,47,4,7728.9,0.05
9980,504241,134,3,24171.94,0.0
9981,504241,20,1,27803.61,0.1
9982,504242,200,1,20741.6,0.0
9983,504242,171,2,22643.94,0.2
9984,504242,114,2,24883.58,0.05
9985,504243,181,4,20017.36,0.0
9986,504243,70,2,9185.74,0.1
9987,504244,184,3,46019.64,0.0
9988,504244,198,2,44779.95,0.0
9989,504244,20,1,27803.61,0.05
9990,504245,142,1,32662.03,0.15
9991,504246,126,2,4890.52,0.05
9992,504246,110,4,13452.58,0.15
9993,504246,187,2,50291.33,0.1
9994,504246,137,1,11644.84,0.15
9995,504246,115,2,2799.41,0.05
9996,504247,122,1,7953.1,0.15
9997,504247,30,1,8599.09,0.1
9998,504247,106,3,49815.63,0.0
9999,504248,76,1,1551.17,0.2
10000,504248,93,3,33594.98,0.0
10001,504248,4,1,4600.28,0.1
10002,504248,104,1,17663.08,0.05
10003,504249,13,2,41294.2,0.1
10004,504249,133,3,18726.1,0.1
10005,504250,24,1,29412.47,0.05
10006,504250,15,3,13558.11,0.1
10007,504250,70,2,9185.74,0.0
10008,504251,22,1,20749.3,0.15
10009,504251,131,1,935.86,0.05
10010,504252,17,3,17031.55,0.1
10011,504253,95,2,7858.6,0.05
10012,504253,82,1,26994.56,0.0
10013,504254,56,1,31457.37,0.15
10014,504254,52,1,43157.07,0.0
10015,504254,31,3,31665.76,0.1
10016,504254,129,3,39450.63,0.1
10017,504255,91,2,37325.93,0.0
10018,504255,159,3,25532.77,0.05
10019,504255,198,3,44779.95,0.05
10020,504256,169,2,42129.24,0.1
10021,504256,113,1,20936.8,0.15
10022,504257,28,1,34955.61,0.05
10023,504258,193,3,1419.66,0.1
10024,504258,98,1,35512.2,0.0
10025,504259,155,1,51623.31,0.05
10026,504259,72,1,33843.05,0.15
10027,504260,76,3,1551.17,0.1
10028,504260,196,1,8761.57,0.05
10029,504261,175,3,7528.69,0.0
10030,504261,83,1,10948.99,0.15
10031,504261,165,2,6409.81,0.0
10032,504262,90,4,42489.82,0.05
10033,504263,57,3,1412.7,0.0
10034,504263,81,1,15504.13,0.0
10035,504264,168,3,9316.31,0.0
10036,504264,119,4,20465.15,0.15
10037,504265,199,2,40427.21,0.2
10038,504266,47,2,7728.9,0.15
10039,504266,76,4,1551.17,0.15
10040,504267,181,4,20017.36,0.1
10041,504267,131,4,935.86,0.1
10042,504267,84,1,26499.83,0.1
10043,504268,196,1,8761.57,0.0
10044,504269,143,4,8499.37,0.15
10045,504270,43,3,25517.07,0.15
10046,504270,80,2,26747.7,0.0
10047,504271,38,1,33762.69,0.0
10048,504271,25,3,28894.26,0.0
10049,504272,12,1,8809.95,0.05
10050,504272,104,2,17663.08,0.0
10051,504272,134,1,24171.94,0.0
10052,504272,137,3,11644.84,0.15
10053,504273,109,1,20240.83,0.0
10054,504273,57,4,1412.7,0.2
10055,504273,73,2,32339.91,0.0
10056,504274,73,4,32339.91,0.1
10057,504274,19,3,21391.84,0.0
10058,504274,99,1,51437.59,0.1
10059,504275,115,3,2799.41,0.1
10060,504276,54,3,28353.11,0.15
10061,504277,77,2,45039.66,0.15
10062,504277,106,4,49815.63,0.2
10063,504278,67,4,32514.47,0.15
10064,504278,75,3,7343.48,0.15
10065,504279,50,1,37071.05,0.05
10066,504280,75,1,7343.48,0.1
10067,504280,86,4,25389.28,0.0
10068,504280,133,3,18726.1,0.0
10069,504280,94,4,30089.86,0.1
10070,504281,131,3,935.86,0.2
10071,504281,18,1,17846.96,0.2
10072,504281,80,3,26747.7,0.2
10073,504281,42,3,17076.73,0.05
10074,504281,16,2,17752.56,0.1
10075,504282,100,4,46791.69,0.1
10076,504282,15,4,13558.11,0.0
10077,504282,74,4,9594.57,0.0
10078,504283,179,3,47254.91,0.0
10079,504283,26,4,13443.96,0.2
10080,504284,130,3,1826.9,0.0
10081,504284,155,3,51623.31,0.05
10082,504284,87,3,3216.87,0.0
10083,504285,156,4,9479.93,0.05
10084,504286,200,1,20741.6,0.1
10085,504286,100,2,46791.69,0.1
10086,504286,32,1,30436.6,0.05
10087,504286,119,1,20465.15,0.15
10088,504286,163,2,1143.45,0.05
10089,504287,176,2,42034.94,0.05
10090,504287,39,3,42117.5,0.1
10091,504288,111,1,41282.72,0.0
10092,504288,105,4,28367.27,0.1
10093,504288,62,3,3498.04,0.15
10094,504289,198,3,44779.95,0.0
10095,504290,49,2,33529.65,0.05
10096,504290,58,3,38058.28,0.1
10097,504290,53,3,41659.1,0.0
10098,504291,159,4,25532.77,0.05
10099,504292,75,3,7343.48,0.05
10100,504293,70,4,9185.74,0.0
10101,504293,154,4,24420.47,0.1
10102,504294,147,2,51028.85,0.1
10103,504295,7,4,32012.11,0.1
10104,504296,134,2,24171.94,0.0
10105,504296,131,4,935.86,0.1
10106,504296,47,4,7728.9,0.15
10107,504296,25,3,28894.26,0.1
10108,504297,148,1,30748.98,0.2
10109,504298,175,3,7528.69,0.05
10110,504298,130,2,1826.9,0.0
10111,504298,159,1,25532.77,0.0
10112,504299,48,3,32151.32,0.05
10113,504300,164,3,54714.33,0.2
10114,504300,12,3,8809.95,0.05
10115,504300,152,4,47494.55,0.1
10116,504301,55,3,45214.9,0.2
10117,504301,59,3,542.46,0.1
10118,504301,136,2,48294.58,0.15
10119,504301,5,1,32053.9,0.15
10120,504301,163,4,1143.45,0.0
10121,504302,101,2,36836.08,0.15
10122,504302,7,4,32012.11,0.1
10123,504303,143,1,8499.37,0.0
10124,504303,29,4,40427.0,0.15
10125,504303,75,3,7343.48,0.2
10126,504303,151,4,15178.52,0.05
10127,504303,136,2,48294.58,0.1
10128,504304,16,3,17752.56,0.0
10129,504304,13,2,41294.2,0.1
10130,504304,8,4,16654.82,0.15
10131,504305,35,2,3103.89,0.05
10132,504305,111,2,41282.72,0.05
10133,504306,192,3,906.98,0.1
10134,504307,83,3,10948.99,0.05
10135,504307,185,1,11835.89,0.0
10136,504307,63,2,14212.89,0.2
10137,504307,162,4,16150.96,0.1
10138,504307,100,2,46791.69,0.05
10139,504308,78,3,9475.8,0.0
10140,504308,106,4,49815.63,0.2
10141,504308,8,3,16654.82,0.15
10142,504308,15,4,13558.11,0.05
10143,504309,112,2,22042.94,0.05
10144,504310,128,3,39089.34,0.0
10145,504311,51,4,42529.03,0.0
10146,504311,81,3,15504.13,0.0
10147,504312,41,2,790.54,0.1
10148,504313,87,2,3216.87,0.0
10149,504313,119,2,20465.15,0.1
10150,504314,151,3,15178.52,0.05
10151,504314,152,3,47494.55,0.1
10152,504314,77,3,45039.66,0.1
10153,504314,160,3,24067.85,0.05
10154,504314,22,1,20749.3,0.15
10155,504315,191,3,39507.0,0.1
10156,504315,62,4,3498.04,0.1
10157,504315,184,1,46019.64,0.0
10158,504315,114,1,24883.58,0.1
10159,504316,118,3,47968.75,0.1
10160,504316,48,3,32151.32,0.1
10161,504317,118,1,47968.75,0.05
10162,504318,45,4,19474.91,0.2
10163,504318,194,4,14529.69,0.1
10164,504319,117,3,5573.85,0.0
10165,504319,120,1,14551.18,0.1
10166,504319,64,4,23845.3,0.0
10167,504319,106,2,49815.63,0.0
10168,504320,9,2,26670.95,0.0
10169,504320,179,2,47254.91,0.1
10170,504320,17,3,17031.55,0.0
10171,504321,159,2,25532.77,0.05
10172,504321,64,2,23845.3,0.1
10173,504321,133,4,18726.1,0.05
10174,504321,154,1,24420.47,0.1
10175,504322,193,1,1419.66,0.1
10176,504322,40,1,12159.56,0.05
10177,504322,126,4,4890.52,0.0
10178,504323,5,1,32053.9,0.0
10179,504323,196,4,8761.57,0.1
10180,504324,29,3,40427.0,0.05
10181,504325,30,3,8599.09,0.1
10182,504325,29,3,40427.0,0.2
10183,504325,188,4,6070.27,0.0
10184,504326,132,3,47935.67,0.15
10185,504326,194,4,14529.69,0.15
10186,504326,77,2,45039.66,0.05
10187,504327,77,2,45039.66,0.1
10188,504327,84,2,26499.83,0.05
10189,504327,63,1,14212.89,0.1
10190,504328,152,2,47494.55,0.0
10191,504328,138,2,5148.37,0.1
10192,504328,18,1,17846.96,0.1
10193,504329,117,3,5573.85,0.1
10194,504330,179,2,47254.91,0.05
10195,504331,69,3,20234.72,0.1
10196,504331,64,1,23845.3,0.05
10197,504331,138,1,5148.37,0.2
10198,504331,9,1,26670.95,0.15
10199,504332,38,1,33762.69,0.0
10200,504332,75,4,7343.48,0.2
10201,504333,97,2,9014.15,0.1
10202,504334,193,3,1419.66,0.1
10203,504334,200,3,20741.6,0.1
10204,504334,137,3,11644.84,0.1
10205,504335,180,3,6088.9,0.15
10206,504336,179,4,47254.91,0.15
10207,504336,109,3,20240.83,0.1
10208,504336,76,3,1551.17,0.05
10209,504337,129,2,39450.63,0.2
10210,504337,87,4,3216.87,0.0
10211,504338,155,1,51623.31,0.0
10212,504338,147,3,51028.85,0.1
10213,504338,119,4,20465.15,0.0
10214,504339,84,1,26499.83,0.1
10215,504339,188,4,6070.27,0.2
10216,504339,161,3,45736.6,0.15
10217,504339,42,4,17076.73,0.1
10218,504339,109,2,20240.83,0.1
10219,504340,38,2,33762.69,0.1
10220,504341,192,2,906.98,0.15
10221,504341,20,3,27803.61,0.0
10222,504341,139,1,36696.68,0.0
10223,504341,107,2,13631.76,0.05
10224,504341,47,1,7728.9,0.0
10225,504342,33,2,15090.93,0.1
10226,504342,188,2,6070.27,0.1
10227,504342,7,2,32012.11,0.2
10228,504343,38,1,33762.69,0.1
10229,504343,111,1,41282.72,0.15
10230,504343,133,4,18726.1,0.2
10231,504343,144,3,43009.16,0.15
10232,504344,54,4,28353.11,0.1
10233,504344,187,3,50291.33,0.0
10234,504344,56,2,31457.37,0.2
10235,504345,16,2,17752.56,0.0
10236,504346,143,2,8499.37,0.1
10237,504346,174,4,3057.35,0.1
10238,504347,200,1,20741.6,0.0
10239,504348,61,2,23045.67,0.05
10240,504348,116,1,16741.69,0.0
10241,504348,5,2,32053.9,0.05
10242,504349,172,1,35356.68,0.1
10243,504350,96,1,33785.82,0.05
10244,504351,180,2,6088.9,0.1
10245,504351,66,3,7626.75,0.05
10246,504351,54,1,28353.11,0.0
10247,504351,100,4,46791.69,0.0
10248,504352,53,3,41659.1,0.0
10249,504352,135,3,25804.56,0.1
10250,504352,89,2,2812.94,0.2
10251,504352,127,2,16509.71,0.0
10252,504353,76,3,1551.17,0.1
10253,504353,162,4,16150.96,0.05
10254,504353,138,3,5148.37,0.15
10255,504354,159,4,25532.77,0.0
10256,504354,86,2,25389.28,0.0
10257,504355,56,3,31457.37,0.05
10258,504355,42,4,17076.73,0.0
10259,504355,192,3,906.98,0.0
10260,504355,162,1,16150.96,0.1
10261,504356,37,2,8747.32,0.1
10262,504356,167,3,1520.89,0.05
10263,504356,200,4,20741.6,0.0
10264,504356,84,1,26499.83,0.05
10265,504356,95,1,7858.6,0.2
10266,504357,91,1,37325.93,0.05
10267,504358,61,1,23045.67,0.0
10268,504359,64,2,23845.3,0.15
10269,504359,7,1,32012.11,0.05
10270,504359,33,3,15090.93,0.2
10271,504359,87,1,3216.87,0.15
10272,504360,180,2,6088.9,0.1
10273,504361,127,1,16509.71,0.0
10274,504361,123,1,44154.33,0.0
10275,504361,40,3,12159.56,0.15
10276,504362,31,4,31665.76,0.0
10277,504362,43,2,25517.07,0.0
10278,504363,176,3,42034.94,0.1
10279,504363,148,1,30748.98,0.0
10280,504364,131,2,935.86,0.15
10281,504365,64,3,23845.3,0.0
10282,504365,160,4,24067.85,0.05
10283,504365,59,3,542.46,0.2
10284,504366,47,2,7728.9,0.15
10285,504366,148,1,30748.98,0.0
10286,504367,12,4,8809.95,0.15
10287,504367,108,1,22454.46,0.0
10288,504367,128,1,39089.34,0.1
10289,504367,15,4,13558.11,0.1
10290,504368,132,1,47935.67,0.05
10291,504368,112,2,22042.94,0.2
10292,504369,98,4,35512.2,0.15
10293,504369,171,3,22643.94,0.0
10294,504369,39,3,42117.5,0.05
10295,504369,169,1,42129.24,0.1
10296,504370,165,3,6409.81,0.1
10297,504371,103,4,33485.32,0.0
10298,504372,32,4,30436.6,0.15
10299,504372,121,2,43178.12,0.1
10300,504372,40,1,12159.56,0.05
10301,504372,190,4,52000.43,0.1
10302,504372,85,2,30473.88,0.1
10303,504373,13,3,41294.2,0.1
10304,504374,33,1,15090.93,0.05
10305,504375,121,4,43178.12,0.1
10306,504376,20,4,27803.61,0.0
10307,504376,92,1,38084.76,0.05
10308,504376,169,4,42129.24,0.1
10309,504377,115,1,2799.41,0.1
10310,504377,45,3,19474.91,0.1
10311,504377,168,3,9316.31,0.15
10312,504378,188,2,6070.27,0.1
10313,504378,79,4,36534.8,0.15
10314,504378,31,2,31665.76,0.05
10315,504378,126,4,4890.52,0.1
10316,504379,125,4,41076.3,0.0
10317,504380,194,1,14529.69,0.05
10318,504380,120,2,14551.18,0.05
10319,504381,68,3,731.88,0.0
10320,504381,152,3,47494.55,0.15
10321,504382,19,4,21391.84,0.0
10322,504382,163,3,1143.45,0.1
10323,504382,167,4,1520.89,0.0
10324,504382,38,1,33762.69,0.0
10325,504382,16,3,17752.56,0.1
10326,504383,132,2,47935.67,0.0
10327,504383,146,1,4466.06,0.1
10328,504384,98,4,35512.2,0.1
10329,504384,18,3,17846.96,0.05
10330,504385,143,3,8499.37,0.05
10331,504386,33,4,15090.93,0.0
10332,504386,110,1,13452.58,0.0
10333,504387,38,4,33762.69,0.1
10334,504387,124,2,16664.22,0.05
10335,504387,192,4,906.98,0.15
10336,504388,16,3,17752.56,0.05
10337,504388,46,4,6300.09,0.1
10338,504389,156,1,9479.93,0.05
10339,504389,137,4,11644.84,0.0
10340,504389,10,4,34430.26,0.0
10341,504390,79,4,36534.8,0.1
10342,504390,152,1,47494.55,0.15
10343,504391,157,3,26053.23,0.1
10344,504392,86,2,25389.28,0.05
10345,504392,45,4,19474.91,0.1
10346,504392,30,2,8599.09,0.1
10347,504393,181,3,20017.36,0.15
10348,504393,45,2,19474.91,0.15
10349,504393,91,2,37325.93,0.05
10350,504394,95,2,7858.6,0.15
10351,504395,62,3,3498.04,0.15
10352,504395,139,4,36696.68,0.15
10353,504395,160,1,24067.85,0.05
10354,504396,28,4,34955.61,0.0
10355,504396,90,2,42489.82,0.05
10356,504396,185,4,11835.89,0.0
10357,504396,191,2,39507.0,0.0
10358,504397,131,2,935.86,0.15
10359,504397,136,3,48294.58,0.1
10360,504398,85,2,30473.88,0.0
10361,504398,144,3,43009.16,0.15
10362,504398,187,2,50291.33,0.2
10363,504399,68,1,731.88,0.1
10364,504399,8,1,16654.82,0.2
10365,504399,13,2,41294.2,0.05
10366,504400,91,4,37325.93,0.0
10367,504400,119,1,20465.15,0.1
10368,504401,159,3,25532.77,0.2
10369,504402,181,1,20017.36,0.2
10370,504402,145,3,5674.44,0.15
10371,504403,190,3,52000.43,0.0
10372,504404,138,1,5148.37,0.15
10373,504404,74,4,9594.57,0.15
10374,504404,104,3,17663.08,0.05
10375,504405,31,3,31665.76,0.1
10376,504405,62,3,3498.04,0.05
10377,504405,160,4,24067.85,0.0
10378,504406,119,1,20465.15,0.1
10379,504407,92,1,38084.76,0.05
10380,504407,147,3,51028.85,0.0
10381,504407,76,4,1551.17,0.1
10382,504407,151,4,15178.52,0.1
10383,504407,101,3,36836.08,0.15
10384,504408,29,1,40427.0,0.1
10385,504408,165,1,6409.81,0.0
10386,504408,176,4,42034.94,0.1
10387,504408,119,1,20465.15,0.1
10388,504409,149,1,33795.66,0.15
10389,504410,124,1,16664.22,0.0
10390,504410,171,1,22643.94,0.2
10391,504411,196,1,8761.57,0.1
10392,504412,132,3,47935.67,0.05
10393,504412,19,1,21391.84,0.2
10394,504412,93,2,33594.98,0.05
10395,504412,118,2,47968.75,0.15
10396,504412,76,4,1551.17,0.0
10397,504413,40,2,12159.56,0.1
10398,504413,71,3,40831.91,0.0
10399,504414,53,2,41659.1,0.1
10400,504414,148,3,30748.98,0.1
10401,504414,123,2,44154.33,0.15
10402,504415,60,4,42396.67,0.2
10403,504415,116,3,16741.69,0.2
10404,504415,123,4,44154.33,0.05
10405,504415,141,1,9199.37,0.0
10406,504415,187,1,50291.33,0.1
10407,504416,83,3,10948.99,0.1
10408,504416,178,3,16239.3,0.1
10409,504416,153,4,34143.04,0.15
10410,504417,161,2,45736.6,0.0
10411,504417,1,4,45769.48,0.05
10412,504417,45,4,19474.91,0.2
10413,504417,110,1,13452.58,0.05
10414,504418,91,4,37325.93,0.15
10415,504419,19,2,21391.84,0.0
10416,504420,18,2,17846.96,0.1
10417,504420,92,3,38084.76,0.1
10418,504421,81,1,15504.13,0.1
10419,504421,177,4,7521.62,0.0
10420,504421,55,3,45214.9,0.0
10421,504421,6,2,15719.14,0.0
10422,504422,72,4,33843.05,0.0
10423,504423,67,1,32514.47,0.15
10424,504423,157,4,26053.23,0.1
10425,504424,28,4,34955.61,0.15
10426,504424,81,4,15504.13,0.2
10427,504424,77,4,45039.66,0.15
10428,504424,26,3,13443.96,0.15
10429,504425,170,2,31500.56,0.0
10430,504426,83,4,10948.99,0.1
10431,504426,114,1,24883.58,0.0
10432,504427,144,2,43009.16,0.05
10433,504428,21,1,873.24,0.0
10434,504429,190,3,52000.43,0.1
10435,504429,108,4,22454.46,0.05
10436,504430,79,2,36534.8,0.0
10437,504430,25,2,28894.26,0.15
10438,504430,184,1,46019.64,0.0
10439,504431,24,4,29412.47,0.2
10440,504432,35,2,3103.89,0.1
10441,504432,97,4,9014.15,0.1
10442,504433,31,1,31665.76,0.05
10443,504433,94,3,30089.86,0.0
10444,504433,188,4,6070.27,0.1
10445,504434,164,3,54714.33,0.0
10446,504434,108,4,22454.46,0.0
10447,504435,102,1,25753.85,0.1
10448,504435,164,2,54714.33,0.05
10449,504436,81,2,15504.13,0.0
10450,504436,87,1,3216.87,0.05
10451,504437,177,1,7521.62,0.05
10452,504437,72,2,33843.05,0.05
10453,504437,61,2,23045.67,0.1
10454,504437,152,1,47494.55,0.0
10455,504438,17,2,17031.55,0.0
10456,504438,33,4,15090.93,0.15
10457,504438,84,1,26499.83,0.15
10458,504438,186,4,13953.35,0.0
10459,504439,190,2,52000.43,0.2
10460,504440,108,2,22454.46,0.05
10461,504440,69,1,20234.72,0.15
10462,504440,99,2,51437.59,0.0
10463,504441,93,4,33594.98,0.15
10464,504441,120,3,14551.18,0.0
10465,504442,163,2,1143.45,0.2
10466,504442,121,2,43178.12,0.1
10467,504443,181,1,20017.36,0.15
10468,504443,96,1,33785.82,0.1
10469,504444,85,2,30473.88,0.1
10470,504444,15,1,13558.11,0.1
10471,504444,164,2,54714.33,0.15
10472,504444,82,4,26994.56,0.1
10473,504445,183,2,2591.66,0.15
10474,504445,159,1,25532.77,0.05
10475,504445,102,2,25753.85,0.15
10476,504446,175,3,7528.69,0.1
10477,504446,183,4,2591.66,0.15
10478,504447,73,4,32339.91,0.1
10479,504448,118,4,47968.75,0.1
10480,504448,157,1,26053.23,0.1
10481,504449,24,1,29412.47,0.1
10482,504449,128,3,39089.34,0.1
10483,504450,189,1,36176.21,0.1
10484,504450,164,4,54714.33,0.15
10485,504451,39,1,42117.5,0.2
10486,504451,18,2,17846.96,0.05
10487,504451,179,3,47254.91,0.0
10488,504451,44,1,23585.72,0.0
10489,504451,6,3,15719.14,0.1
10490,504452,162,3,16150.96,0.05
10491,504452,118,2,47968.75,0.2
10492,504452,102,3,25753.85,0.0
10493,504452,9,1,26670.95,0.1
10494,504452,188,1,6070.27,0.2
10495,504453,99,2,51437.59,0.05
10496,504453,140,4,19515.46,0.0
10497,504453,93,3,33594.98,0.05
10498,504453,79,1,36534.8,0.0
10499,504453,36,3,32323.45,0.05
10500,504454,62,4,3498.04,0.05
10501,504454,200,1,20741.6,0.1
10502,504454,65,2,26891.02,0.0
10503,504455,114,1,24883.58,0.1
10504,504455,125,1,41076.3,0.15
10505,504456,24,1,29412.47,0.15
10506,504456,20,4,27803.61,0.1
10507,504457,29,4,40427.0,0.0
10508,504457,85,4,30473.88,0.0
10509,504457,18,1,17846.96,0.2
10510,504457,146,2,4466.06,0.15
10511,504457,68,2,731.88,0.15
10512,504458,161,3,45736.6,0.0
10513,504458,55,1,45214.9,0.2
10514,504459,45,4,19474.91,0.1
10515,504460,111,4,41282.72,0.05
10516,504461,141,3,9199.37,0.0
10517,504461,105,1,28367.27,0.15
10518,504461,183,1,2591.66,0.1
10519,504461,126,3,4890.52,0.0
10520,504462,92,1,38084.76,0.1
10521,504462,80,2,26747.7,0.2
10522,504463,145,4,5674.44,0.0
10523,504463,68,1,731.88,0.0
10524,504463,70,2,9185.74,0.2
10525,504464,64,4,23845.3,0.1
10526,504464,58,2,38058.28,0.1
10527,504464,193,1,1419.66,0.0
10528,504465,90,3,42489.82,0.05
10529,504466,172,2,35356.68,0.1
10530,504466,131,2,935.86,0.1
10531,504466,51,1,42529.03,0.05
10532,504466,43,4,25517.07,0.0
10533,504467,101,1,36836.08,0.1
10534,504467,45,1,19474.91,0.05
10535,504467,52,2,43157.07,0.05
10536,504467,126,1,4890.52,0.0
10537,504468,153,4,34143.04,0.2
10538,504469,102,4,25753.85,0.1
10539,504470,10,1,34430.26,0.15
10540,504470,124,2,16664.22,0.1
10541,504471,69,3,20234.72,0.0
10542,504472,110,1,13452.58,0.0
10543,504472,86,1,25389.28,0.0
10544,504473,84,3,26499.83,0.0
10545,504473,160,1,24067.85,0.05
10546,504473,1,1,45769.48,0.05
10547,504473,100,1,46791.69,0.1
10548,504474,140,1,19515.46,0.15
10549,504475,185,1,11835.89,0.1
10550,504475,11,4,10297.51,0.1
10551,504476,16,2,17752.56,0.1
10552,504477,109,3,20240.83,0.0
10553,504477,8,4,16654.82,0.0
10554,504478,15,1,13558.11,0.1
10555,504478,80,3,26747.7,0.1
10556,504479,195,4,39570.05,0.1
10557,504480,130,1,1826.9,0.0
10558,504480,169,4,42129.24,0.0
10559,504480,36,3,32323.45,0.15
10560,504481,141,1,9199.37,0.05
10561,504481,117,2,5573.85,0.2
10562,504481,113,2,20936.8,0.15
10563,504482,5,2,32053.9,0.15
10564,504482,154,2,24420.47,0.0
10565,504483,165,3,6409.81,0.05
10566,504483,133,3,18726.1,0.15
10567,504483,52,1,43157.07,0.0
10568,504483,159,3,25532.77,0.1
10569,504484,106,1,49815.63,0.15
10570,504485,194,3,14529.69,0.1
10571,504485,95,2,7858.6,0.0
10572,504486,5,1,32053.9,0.1
10573,504486,29,3,40427.0,0.05
10574,504486,183,1,2591.66,0.2
10575,504486,76,1,1551.17,0.1
10576,504487,198,4,44779.95,0.15
10577,504487,143,1,8499.37,0.0
10578,504487,109,2,20240.83,0.1
10579,504488,94,2,30089.86,0.05
10580,504488,45,4,19474.91,0.0
10581,504488,153,1,34143.04,0.05
10582,504488,93,3,33594.98,0.05
10583,504488,129,2,39450.63,0.1
10584,504489,30,2,8599.09,0.05
10585,504489,112,4,22042.94,0.0
10586,504490,26,1,13443.96,0.15
10587,504490,179,1,47254.91,0.0
10588,504490,93,4,33594.98,0.0
10589,504490,28,1,34955.61,0.2
10590,504490,98,1,35512.2,0.1
10591,504491,44,4,23585.72,0.1
10592,504492,91,4,37325.93,0.2
10593,504493,51,1,42529.03,0.05
10594,504493,59,3,542.46,0.1
10595,504494,195,4,39570.05,0.15
10596,504494,108,4,22454.46,0.0
10597,504494,32,3,30436.6,0.0
10598,504494,98,4,35512.2,0.1
10599,504495,135,4,25804.56,0.0
10600,504496,143,3,8499.37,0.1
10601,504497,101,1,36836.08,0.0
10602,504497,63,4,14212.89,0.1
10603,504497,193,2,1419.66,0.0
10604,504497,124,2,16664.22,0.15
10605,504497,34,3,15395.87,0.0
10606,504498,66,3,7626.75,0.0
10607,504498,87,1,3216.87,0.2
10608,504498,34,2,15395.87,0.1
10609,504499,35,3,3103.89,0.05
10610,504499,103,3,33485.32,0.2
10611,504500,178,3,16239.3,0.15
10612,504501,156,3,9479.93,0.0
10613,504501,47,4,7728.9,0.0
10614,504501,138,1,5148.37,0.05
10615,504502,154,3,24420.47,0.15
10616,504502,200,3,20741.6,0.0
10617,504502,184,1,46019.64,0.15
10618,504502,14,1,28958.7,0.05
10619,504503,127,3,16509.71,0.0
10620,504503,172,3,35356.68,0.1
10621,504503,48,4,32151.32,0.1
10622,504504,6,1,15719.14,0.0
10623,504505,140,2,19515.46,0.05
10624,504505,9,4,26670.95,0.2
10625,504506,93,2,33594.98,0.15
10626,504506,85,2,30473.88,0.05
10627,504507,82,1,26994.56,0.0
10628,504507,13,4,41294.2,0.15
10629,504507,39,2,42117.5,0.15
10630,504507,72,3,33843.05,0.2
10631,504508,86,3,25389.28,0.1
10632,504508,37,4,8747.32,0.05
10633,504508,110,4,13452.58,0.15
10634,504509,132,3,47935.67,0.1
10635,504509,6,4,15719.14,0.15
10636,504509,38,3,33762.69,0.15
10637,504510,153,2,34143.04,0.15
10638,504510,167,1,1520.89,0.0
10639,504511,124,3,16664.22,0.1
10640,504512,187,4,50291.33,0.05
10641,504512,94,1,30089.86,0.1
10642,504512,130,1,1826.9,0.1
10643,504513,22,4,20749.3,0.1
10644,504513,90,2,42489.82,0.05
10645,504513,23,3,45229.71,0.1
10646,504514,153,1,34143.04,0.0
10647,504515,195,2,39570.05,0.2
10648,504515,162,2,16150.96,0.0
10649,504515,8,3,16654.82,0.05
10650,504516,147,2,51028.85,0.05
10651,504517,168,4,9316.31,0.05
10652,504517,50,4,37071.05,0.05
10653,504517,199,3,40427.21,0.15
10654,504518,68,2,731.88,0.15
10655,504518,189,1,36176.21,0.1
10656,504518,147,3,51028.85,0.2
10657,504519,62,1,3498.04,0.1
10658,504520,53,3,41659.1,0.0
10659,504520,39,3,42117.5,0.0
10660,504520,132,1,47935.67,0.1
10661,504521,49,3,33529.65,0.1
10662,504521,192,4,906.98,0.0
10663,504522,74,3,9594.57,0.1
10664,504522,129,1,39450.63,0.05
10665,504523,104,2,17663.08,0.0
10666,504523,111,1,41282.72,0.15
10667,504523,90,2,42489.82,0.05
10668,504523,146,1,4466.06,0.0
10669,504523,94,4,30089.86,0.0
10670,504524,178,4,16239.3,0.0
10671,504524,188,2,6070.27,0.0
10672,504524,39,3,42117.5,0.15
10673,504524,109,2,20240.83,0.05
10674,504525,157,4,26053.23,0.0
10675,504525,114,2,24883.58,0.2
10676,504526,61,2,23045.67,0.0
10677,504526,26,1,13443.96,0.0
10678,504526,130,2,1826.9,0.0
10679,504527,11,1,10297.51,0.0
10680,504527,178,1,16239.3,0.05
10681,504528,195,2,39570.05,0.15
10682,504528,156,2,9479.93,0.15
10683,504528,154,2,24420.47,0.0
10684,504528,71,2,40831.91,0.1
10685,504529,24,2,29412.47,0.05
10686,504529,32,4,30436.6,0.0
10687,504530,77,2,45039.66,0.1
10688,504530,60,3,42396.67,0.15
10689,504531,197,1,20725.99,0.0
10690,504532,87,2,3216.87,0.0
10691,504532,97,2,9014.15,0.05
10692,504532,145,3,5674.44,0.1
10693,504532,3,2,2440.7,0.0
10694,504533,83,4,10948.99,0.0
10695,504533,152,3,47494.55,0.0
10696,504533,46,2,6300.09,0.1
10697,504533,125,1,41076.3,0.05
10698,504534,117,4,5573.85,0.1
10699,504535,2,2,42946.4,0.0
10700,504535,189,4,36176.21,0.15
10701,504536,125,2,41076.3,0.0
10702,504536,157,2,26053.23,0.15
10703,504537,193,1,1419.66,0.1
10704,504538,171,1,22643.94,0.05
10705,504539,136,3,48294.58,0.05
10706,504539,34,4,15395.87,0.0
10707,504539,81,3,15504.13,0.15
10708,504539,10,2,34430.26,0.15
10709,504540,25,4,28894.26,0.05
10710,504541,65,3,26891.02,0.1
10711,504541,60,3,42396.67,0.05
10712,504542,14,3,28958.7,0.1
10713,504542,128,3,39089.34,0.15
10714,504542,47,2,7728.9,0.15
10715,504542,96,2,33785.82,0.2
10716,504543,106,4,49815.63,0.05
10717,504544,13,1,41294.2,0.15
10718,504544,54,1,28353.11,0.1
10719,504545,135,4,25804.56,0.05
10720,504545,130,1,1826.9,0.0
10721,504545,38,3,33762.69,0.05
10722,504545,192,3,906.98,0.15
10723,504545,115,2,2799.41,0.0
10724,504546,65,2,26891.02,0.0
10725,504546,152,3,47494.55,0.05
10726,504546,67,1,32514.47,0.05
10727,504547,98,2,35512.2,0.2
10728,504548,56,1,31457.37,0.1
10729,504549,22,3,20749.3,0.0
10730,504549,78,4,9475.8,0.15
10731,504549,105,4,28367.27,0.1
10732,504550,200,4,20741.6,0.2
10733,504551,34,4,15395.87,0.15
10734,504551,41,4,790.54,0.1
10735,504552,87,3,3216.87,0.1
10736,504553,111,4,41282.72,0.1
10737,504553,53,4,41659.1,0.2
10738,504553,181,2,20017.36,0.1
10739,504553,85,4,30473.88,0.05
10740,504554,104,4,17663.08,0.0
10741,504554,13,3,41294.2,0.2
10742,504555,148,2,30748.98,0.1
10743,504555,147,4,51028.85,0.2
10744,504556,49,3,33529.65,0.15
10745,504556,137,1,11644.84,0.1
10746,504556,192,4,906.98,0.1
10747,504557,196,1,8761.57,0.2
10748,504558,5,1,32053.9,0.05
10749,504558,86,4,25389.28,0.2
10750,504559,10,4,34430.26,0.05
10751,504559,119,4,20465.15,0.2
10752,504559,140,3,19515.46,0.1
10753,504559,101,1,36836.08,0.2
10754,504559,122,3,7953.1,0.1
10755,504560,64,3,23845.3,0.05
10756,504560,122,4,7953.1,0.15
10757,504560,96,3,33785.82,0.1
10758,504561,28,2,34955.61,0.0
10759,504562,61,3,23045.67,0.05
10760,504562,122,3,7953.1,0.05
10761,504562,77,4,45039.66,0.1
10762,504562,123,3,44154.33,0.1
10763,504563,175,3,7528.69,0.1
10764,504564,161,2,45736.6,0.15
10765,504564,126,3,4890.52,0.1
10766,504565,142,2,32662.03,0.1
10767,504566,3,2,2440.7,0.1
10768,504566,191,4,39507.0,0.1
10769,504566,195,2,39570.05,0.2
10770,504567,175,1,7528.69,0.0
10771,504568,40,1,12159.56,0.05
10772,504569,24,4,29412.47,0.05
10773,504569,155,1,51623.31,0.15
10774,504570,61,1,23045.67,0.1
10775,504571,75,4,7343.48,0.05
10776,504571,4,2,4600.28,0.15
10777,504571,49,4,33529.65,0.05
10778,504572,97,2,9014.15,0.15
10779,504572,42,3,17076.73,0.1
10780,504573,12,1,8809.95,0.2
10781,504573,85,1,30473.88,0.15
10782,504574,90,2,42489.82,0.1
10783,504575,136,4,48294.58,0.15
10784,504575,81,2,15504.13,0.1
10785,504575,120,3,14551.18,0.15
10786,504575,85,2,30473.88,0.2
10787,504576,150,2,23255.73,0.1
10788,504576,169,1,42129.24,0.0
10789,504577,174,1,3057.35,0.05
10790,504577,167,3,1520.89,0.2
10791,504578,63,4,14212.89,0.1
10792,504579,118,4,47968.75,0.1
10793,504579,194,2,14529.69,0.0
10794,504579,109,2,20240.83,0.15
10795,504579,104,3,17663.08,0.15
10796,504579,94,4,30089.86,0.0
10797,504580,145,4,5674.44,0.0
10798,504580,107,1,13631.76,0.2
10799,504581,46,4,6300.09,0.1
10800,504582,189,3,36176.21,0.05
10801,504583,60,1,42396.67,0.2
10802,504583,79,3,36534.8,0.05
10803,504584,164,2,54714.33,0.0
10804,504585,80,4,26747.7,0.0
10805,504585,73,2,32339.91,0.15
10806,504586,10,3,34430.26,0.05
10807,504586,5,1,32053.9,0.0
10808,504587,80,3,26747.7,0.1
10809,504587,69,2,20234.72,0.05
10810,504588,181,4,20017.36,0.1
10811,504588,124,2,16664.22,0.2
10812,504588,180,4,6088.9,0.1
10813,504589,146,3,4466.06,0.15
10814,504589,198,4,44779.95,0.15
10815,504590,124,1,16664.22,0.0
10816,504591,185,3,11835.89,0.15
10817,504591,53,3,41659.1,0.0
10818,504592,138,1,5148.37,0.0
10819,504592,106,2,49815.63,0.0
10820,504592,117,4,5573.85,0.1
10821,504592,44,1,23585.72,0.0
10822,504593,15,4,13558.11,0.05
10823,504593,24,2,29412.47,0.15
10824,504593,49,2,33529.65,0.1
10825,504593,63,2,14212.89,0.1
10826,504594,171,3,22643.94,0.0
10827,504594,168,1,9316.31,0.05
10828,504594,1,2,45769.48,0.15
10829,504595,54,2,28353.11,0.05
10830,504595,144,1,43009.16,0.05
10831,504595,139,1,36696.68,0.05
10832,504595,44,3,23585.72,0.15
10833,504596,70,1,9185.74,0.15
10834,504597,139,3,36696.68,0.0
10835,504598,162,1,16150.96,0.1
10836,504599,190,4,52000.43,0.2
10837,504600,130,1,1826.9,0.15
10838,504600,158,3,17301.25,0.0
10839,504600,192,4,906.98,0.05
10840,504600,163,2,1143.45,0.05
10841,504601,26,3,13443.96,0.15
10842,504602,2,2,42946.4,0.05
10843,504602,80,2,26747.7,0.0
10844,504603,148,4,30748.98,0.0
10845,504604,50,3,37071.05,0.0
10846,504604,31,4,31665.76,0.1
10847,504604,101,4,36836.08,0.15
10848,504604,47,4,7728.9,0.15
10849,504605,187,4,50291.33,0.0
10850,504605,132,4,47935.67,0.05
10851,504605,38,1,33762.69,0.0
10852,504606,99,2,51437.59,0.0
10853,504606,117,4,5573.85,0.15
10854,504606,94,2,30089.86,0.15
10855,504607,2,1,42946.4,0.15
10856,504607,1,1,45769.48,0.05
10857,504608,23,3,45229.71,0.05
10858,504608,189,1,36176.21,0.1
10859,504608,45,4,19474.91,0.15
10860,504608,85,2,30473.88,0.0
10861,504609,85,1,30473.88,0.1
10862,504609,171,3,22643.94,0.0
10863,504609,20,2,27803.61,0.1
10864,504609,64,1,23845.3,0.1
10865,504610,126,4,4890.52,0.2
10866,504610,40,4,12159.56,0.1
10867,504610,77,2,45039.66,0.1
10868,504611,108,3,22454.46,0.05
10869,504611,130,1,1826.9,0.0
10870,504612,195,4,39570.05,0.0
10871,504612,194,1,14529.69,0.1
10872,504613,173,1,31442.32,0.05
10873,504613,193,1,1419.66,0.05
10874,504613,200,1,20741.6,0.1
10875,504614,143,1,8499.37,0.15
10876,504614,138,2,5148.37,0.1
10877,504614,198,3,44779.95,0.0
10878,504614,98,4,35512.2,0.0
10879,504615,82,1,26994.56,0.1
10880,504615,32,1,30436.6,0.0
10881,504616,143,4,8499.37,0.1
10882,504617,3,1,2440.7,0.05
10883,504618,67,4,32514.47,0.1
10884,504618,65,3,26891.02,0.05
10885,504618,10,3,34430.26,0.0
10886,504618,126,4,4890.52,0.05
10887,504618,193,4,1419.66,0.15
10888,504619,117,2,5573.85,0.0
10889,504619,83,1,10948.99,0.0
10890,504620,156,4,9479.93,0.1
10891,504620,61,2,23045.67,0.0
10892,504620,106,4,49815.63,0.05
10893,504620,135,4,25804.56,0.0
10894,504620,119,2,20465.15,0.05
10895,504621,183,4,2591.66,0.05
10896,504621,1,3,45769.48,0.05
10897,504622,25,4,28894.26,0.2
10898,504623,194,3,14529.69,0.05
10899,504623,174,4,3057.35,0.1
10900,504624,87,4,3216.87,0.15
10901,504625,52,4,43157.07,0.1
10902,504625,82,2,26994.56,0.15
10903,504626,65,2,26891.02,0.15
10904,504626,162,3,16150.96,0.1
10905,504627,173,3,31442.32,0.1
10906,504627,158,3,17301.25,0.0
10907,504628,78,2,9475.8,0.0
10908,504628,8,4,16654.82,0.0
10909,504629,44,4,23585.72,0.15
10910,504629,163,2,1143.45,0.1
10911,504630,176,1,42034.94,0.05
10912,504630,180,1,6088.9,0.0
10913,504630,140,2,19515.46,0.2
10914,504630,58,1,38058.28,0.1
10915,504631,92,1,38084.76,0.0
10916,504632,61,1,23045.67,0.05
10917,504632,178,1,16239.3,0.15
10918,504632,34,3,15395.87,0.0
10919,504632,8,2,16654.82,0.0
10920,504633,83,2,10948.99,0.0
10921,504633,50,1,37071.05,0.15
10922,504634,192,3,906.98,0.15
10923,504634,128,2,39089.34,0.0
10924,504634,3,2,2440.7,0.1
10925,504635,62,4,3498.04,0.15
10926,504636,107,1,13631.76,0.2
10927,504637,142,2,32662.03,0.1
10928,504637,35,3,3103.89,0.15
10929,504637,105,3,28367.27,0.15
10930,504638,148,3,30748.98,0.0
10931,504638,111,1,41282.72,0.0
10932,504638,37,3,8747.32,0.0
10933,504638,63,2,14212.89,0.15
10934,504639,17,1,17031.55,0.05
10935,504639,192,2,906.98,0.0
10936,504640,185,4,11835.89,0.05
10937,504641,27,1,52025.44,0.05
10938,504641,130,1,1826.9,0.1
10939,504641,15,4,13558.11,0.0
10940,504642,64,2,23845.3,0.05
10941,504642,87,2,3216.87,0.0
10942,504642,50,1,37071.05,0.05
10943,504642,178,4,16239.3,0.1
10944,504643,168,1,9316.31,0.0
10945,504643,28,1,34955.61,0.1
10946,504643,14,1,28958.7,0.1
10947,504644,40,3,12159.56,0.0
10948,504645,52,4,43157.07,0.15
10949,504645,112,3,22042.94,0.0
10950,504646,74,1,9594.57,0.2
10951,504646,41,3,790.54,0.05
10952,504646,55,4,45214.9,0.0
10953,504646,196,4,8761.57,0.0
10954,504647,121,1,43178.12,0.2
10955,504648,60,3,42396.67,0.15
10956,504649,152,1,47494.55,0.1
10957,504649,59,3,542.46,0.05
10958,504649,175,3,7528.69,0.1
10959,504650,20,2,27803.61,0.0
10960,504650,118,1,47968.75,0.2
10961,504651,153,1,34143.04,0.1
10962,504652,149,1,33795.66,0.1
10963,504652,44,3,23585.72,0.0
10964,504653,134,2,24171.94,0.15
10965,504653,84,1,26499.83,0.15
10966,504653,53,1,41659.1,0.1
10967,504653,158,4,17301.25,0.15
10968,504654,25,1,28894.26,0.0
10969,504654,159,2,25532.77,0.1
10970,504654,180,3,6088.9,0.15
10971,504654,193,4,1419.66,0.05
10972,504655,3,2,2440.7,0.1
10973,504656,111,3,41282.72,0.0
10974,504656,83,2,10948.99,0.1
10975,504656,84,1,26499.83,0.1
10976,504656,200,1,20741.6,0.0
10977,504657,158,3,17301.25,0.2
10978,504657,189,2,36176.21,0.05
10979,504657,43,3,25517.07,0.15
10980,504658,53,1,41659.1,0.0
10981,504659,106,2,49815.63,0.1
10982,504660,33,4,15090.93,0.0
10983,504660,77,1,45039.66,0.1
10984,504660,57,3,1412.7,0.1
10985,504660,126,2,4890.52,0.0
10986,504660,160,3,24067.85,0.05
10987,504661,122,4,7953.1,0.0
10988,504662,46,4,6300.09,0.1
10989,504663,194,4,14529.69,0.1
10990,504663,181,4,20017.36,0.05
10991,504663,86,1,25389.28,0.2
10992,504664,10,1,34430.26,0.0
10993,504664,88,2,22349.99,0.1
10994,504664,120,1,14551.18,0.05
10995,504665,43,4,25517.07,0.15
10996,504666,93,2,33594.98,0.1
10997,504666,61,1,23045.67,0.15
10998,504666,191,1,39507.0,0.1
10999,504667,163,2,1143.45,0.05
11000,504667,83,1,10948.99,0.0
11001,504667,192,1,906.98,0.0
11002,504668,79,2,36534.8,0.05
11003,504668,17,1,17031.55,0.1
11004,504668,92,2,38084.76,0.2
11005,504669,178,4,16239.3,0.05
11006,504669,105,2,28367.27,0.0
11007,504669,8,1,16654.82,0.0
11008,504670,176,1,42034.94,0.15
11009,504671,39,3,42117.5,0.0
11010,504671,77,4,45039.66,0.0
11011,504671,166,4,16527.13,0.1
11012,504671,21,4,873.24,0.15
11013,504672,21,3,873.24,0.0
11014,504672,164,3,54714.33,0.1
11015,504673,197,2,20725.99,0.0
11016,504673,5,2,32053.9,0.0
11017,504674,179,3,47254.91,0.0
11018,504675,102,1,25753.85,0.2
11019,504675,54,1,28353.11,0.05
11020,504676,169,3,42129.24,0.2
11021,504677,152,2,47494.55,0.2
11022,504677,198,1,44779.95,0.1
11023,504678,43,1,25517.07,0.05
11024,504679,167,4,1520.89,0.0
11025,504679,148,4,30748.98,0.15
11026,504679,37,3,8747.32,0.05
11027,504680,107,4,13631.76,0.0
11028,504681,62,4,3498.04,0.1
11029,504681,47,2,7728.9,0.1
11030,504682,170,1,31500.56,0.1
11031,504682,9,1,26670.95,0.05
11032,504682,142,4,32662.03,0.05
11033,504683,153,2,34143.04,0.2
11034,504683,10,3,34430.26,0.15
11035,504684,161,2,45736.6,0.0
11036,504684,140,3,19515.46,0.1
11037,504684,73,3,32339.91,0.0
11038,504684,183,3,2591.66,0.2
11039,504685,146,2,4466.06,0.15
11040,504685,94,4,30089.86,0.15
11041,504686,171,2,22643.94,0.1
11042,504686,191,1,39507.0,0.1
11043,504686,134,3,24171.94,0.2
11044,504687,35,4,3103.89,0.1
11045,504687,69,3,20234.72,0.0
11046,504688,159,4,25532.77,0.0
11047,504688,106,1,49815.63,0.05
11048,504688,91,3,37325.93,0.05
11049,504689,32,2,30436.6,0.05
11050,504689,68,2,731.88,0.2
11051,504689,166,1,16527.13,0.1
11052,504689,107,3,13631.76,0.1
11053,504690,55,1,45214.9,0.0
11054,504690,191,3,39507.0,0.0
11055,504691,108,1,22454.46,0.1
11056,504691,193,2,1419.66,0.0
11057,504691,143,3,8499.37,0.0
11058,504691,96,4,33785.82,0.1
11059,504691,41,3,790.54,0.0
11060,504692,65,3,26891.02,0.1
11061,504693,85,3,30473.88,0.0
11062,504693,154,4,24420.47,0.1
11063,504693,13,4,41294.2,0.0
11064,504693,105,4,28367.27,0.1
11065,504694,11,1,10297.51,0.05
11066,504694,170,3,31500.56,0.0
11067,504695,31,2,31665.76,0.0
11068,504696,31,1,31665.76,0.1
11069,504696,138,4,5148.37,0.0
11070,504696,33,2,15090.93,0.0
11071,504697,61,3,23045.67,0.05
11072,504698,124,4,16664.22,0.15
11073,504698,11,4,10297.51,0.0
11074,504698,94,3,30089.86,0.05
11075,504698,20,4,27803.61,0.15
11076,504699,107,1,13631.76,0.1
11077,504699,149,3,33795.66,0.2
11078,504699,31,2,31665.76,0.0
11079,504700,168,2,9316.31,0.1
11080,504700,196,3,8761.57,0.0
11081,504700,163,1,1143.45,0.1
11082,504701,145,2,5674.44,0.1
11083,504702,63,3,14212.89,0.0
11084,504702,81,4,15504.13,0.05
11085,504702,122,3,7953.1,0.15
11086,504702,17,2,17031.55,0.15
11087,504702,9,1,26670.95,0.05
11088,504703,49,2,33529.65,0.0
11089,504703,166,1,16527.13,0.15
11090,504703,44,2,23585.72,0.15
11091,504703,88,2,22349.99,0.1
11092,504704,196,3,8761.57,0.1
11093,504704,107,3,13631.76,0.15
11094,504704,60,1,42396.67,0.15
11095,504705,141,1,9199.37,0.2
11096,504705,179,4,47254.91,0.0
11097,504706,88,4,22349.99,0.0
11098,504706,157,4,26053.23,0.05
11099,504707,94,4,30089.86,0.0
11100,504707,126,4,4890.52,0.2
11101,504708,157,2,26053.23,0.1
11102,504708,79,2,36534.8,0.1
11103,504708,188,3,6070.27,0.1
11104,504708,149,4,33795.66,0.1
11105,504709,43,4,25517.07,0.0
11106,504709,200,3,20741.6,0.2
11107,504710,128,1,39089.34,0.15
11108,504711,170,2,31500.56,0.0
11109,504712,10,2,34430.26,0.1
11110,504712,123,2,44154.33,0.2
11111,504713,117,3,5573.85,0.0
11112,504713,84,1,26499.83,0.05
11113,504713,79,2,36534.8,0.15
11114,504714,155,2,51623.31,0.1
11115,504714,133,4,18726.1,0.05
11116,504714,95,1,7858.6,0.15
11117,504714,6,3,15719.14,0.1
11118,504715,48,3,32151.32,0.1
11119,504715,59,3,542.46,0.2
11120,504715,96,1,33785.82,0.0
11121,504715,95,3,7858.6,0.1
11122,504716,53,3,41659.1,0.0
11123,504717,86,3,25389.28,0.1
11124,504718,112,1,22042.94,0.1
11125,504718,98,3,35512.2,0.0
11126,504719,110,2,13452.58,0.05
11127,504719,5,3,32053.9,0.1
11128,504719,160,1,24067.85,0.0
11129,504720,8,4,16654.82,0.0
11130,504720,138,3,5148.37,0.0
11131,504720,180,2,6088.9,0.1
11132,504720,140,1,19515.46,0.05
11133,504721,148,4,30748.98,0.0
11134,504722,8,2,16654.82,0.0
11135,504723,19,3,21391.84,0.2
11136,504723,99,1,51437.59,0.1
11137,504723,93,1,33594.98,0.05
11138,504723,122,1,7953.1,0.15
11139,504724,61,4,23045.67,0.1
11140,504724,97,2,9014.15,0.1
11141,504725,136,1,48294.58,0.15
11142,504725,68,2,731.88,0.0
11143,504726,105,2,28367.27,0.15
11144,504727,6,4,15719.14,0.1
11145,504728,89,3,2812.94,0.0
11146,504729,72,2,33843.05,0.0
11147,504729,27,1,52025.44,0.1
11148,504729,119,3,20465.15,0.2
11149,504730,40,1,12159.56,0.0
11150,504730,50,4,37071.05,0.05
11151,504730,181,4,20017.36,0.15
11152,504731,42,3,17076.73,0.1
11153,504731,86,1,25389.28,0.1
11154,504732,116,3,16741.69,0.1
11155,504732,65,4,26891.02,0.0
11156,504733,31,2,31665.76,0.1
11157,504734,133,4,18726.1,0.0
11158,504735,7,3,32012.11,0.2
11159,504736,19,2,21391.84,0.1
11160,504737,95,1,7858.6,0.15
11161,504737,30,2,8599.09,0.05
11162,504737,44,4,23585.72,0.05
11163,504737,94,3,30089.86,0.1
11164,504737,63,2,14212.89,0.0
11165,504738,141,4,9199.37,0.0
11166,504739,180,3,6088.9,0.2
11167,504740,151,3,15178.52,0.1
11168,504740,102,4,25753.85,0.0
11169,504740,59,1,542.46,0.05
11170,504741,93,2,33594.98,0.05
11171,504741,168,2,9316.31,0.05
11172,504742,147,4,51028.85,0.1
11173,504743,121,2,43178.12,0.15
11174,504744,11,2,10297.51,0.15
11175,504745,104,3,17663.08,0.0
11176,504746,53,4,41659.1,0.05
11177,504746,81,1,15504.13,0.1
11178,504746,20,4,27803.61,0.15
11179,504747,25,3,28894.26,0.2
11180,504747,200,3,20741.6,0.15
11181,504748,87,4,3216.87,0.05
11182,504749,165,4,6409.81,0.1
11183,504749,167,2,1520.89,0.0
11184,504749,140,1,19515.46,0.0
11185,504750,182,3,25258.66,0.1
11186,504751,179,3,47254.91,0.2
11187,504751,196,4,8761.57,0.15
11188,504752,151,4,15178.52,0.1
11189,504753,108,1,22454.46,0.05
11190,504754,116,1,16741.69,0.1
11191,504754,148,2,30748.98,0.1
11192,504755,113,4,20936.8,0.15
11193,504756,127,1,16509.71,0.1
11194,504757,84,1,26499.83,0.1
11195,504757,189,2,36176.21,0.05
11196,504758,155,3,51623.31,0.15
11197,504758,182,2,25258.66,0.05
11198,504758,186,3,13953.35,0.1
11199,504758,108,4,22454.46,0.05
11200,504759,81,1,15504.13,0.15
11201,504759,87,2,3216.87,0.1
11202,504760,123,2,44154.33,0.15
11203,504761,35,4,3103.89,0.1
11204,504761,31,2,31665.76,0.05
11205,504762,109,3,20240.83,0.1
11206,504762,177,4,7521.62,0.15
11207,504763,11,3,10297.51,0.1
11208,504764,106,1,49815.63,0.0
11209,504764,128,3,39089.34,0.05
11210,504765,144,2,43009.16,0.0
11211,504765,42,3,17076.73,0.15
11212,504766,74,4,9594.57,0.1
11213,504766,148,1,30748.98,0.05
11214,504766,130,4,1826.9,0.05
11215,504766,162,4,16150.96,0.1
11216,504766,35,3,3103.89,0.0
11217,504767,168,3,9316.31,0.05
11218,504767,97,2,9014.15,0.05
11219,504767,31,1,31665.76,0.05
11220,504768,116,4,16741.69,0.05
11221,504769,50,3,37071.05,0.15
11222,504769,153,4,34143.04,0.05
11223,504769,18,4,17846.96,0.1
11224,504770,194,1,14529.69,0.15
11225,504770,59,1,542.46,0.15
11226,504771,194,1,14529.69,0.0
11227,504771,168,3,9316.31,0.0
11228,504771,111,1,41282.72,0.15
11229,504772,57,1,1412.7,0.0
11230,504772,159,3,25532.77,0.05
11231,504773,172,2,35356.68,0.0
11232,504773,1,1,45769.48,0.05
11233,504773,193,2,1419.66,0.1
11234,504774,22,2,20749.3,0.0
11235,504774,74,1,9594.57,0.0
11236,504775,180,1,6088.9,0.1
11237,504775,69,4,20234.72,0.0
11238,504775,155,2,51623.31,0.15
11239,504776,135,1,25804.56,0.05
11240,504776,161,3,45736.6,0.1
11241,504777,9,1,26670.95,0.2
11242,504777,156,2,9479.93,0.0
11243,504778,142,4,32662.03,0.1
11244,504778,158,4,17301.25,0.1
11245,504779,195,2,39570.05,0.1
11246,504780,175,2,7528.69,0.15
11247,504780,182,3,25258.66,0.0
11248,504781,129,4,39450.63,0.15
11249,504782,48,2,32151.32,0.05
11250,504783,121,1,43178.12,0.0
11251,504783,65,3,26891.02,0.05
11252,504784,100,4,46791.69,0.0
11253,504784,194,4,14529.69,0.1
11254,504785,78,3,9475.8,0.1
11255,504786,162,4,16150.96,0.05
11256,504787,77,3,45039.66,0.0
11257,504787,9,1,26670.95,0.1
11258,504788,67,3,32514.47,0.1
11259,504788,7,3,32012.11,0.15
11260,504788,82,3,26994.56,0.05
11261,504788,177,1,7521.62,0.1
11262,504788,161,2,45736.6,0.1
11263,504789,160,2,24067.85,0.2
11264,504789,67,1,32514.47,0.1
11265,504790,141,3,9199.37,0.0
11266,504790,165,3,6409.81,0.05
11267,504790,57,1,1412.7,0.0
11268,504791,167,2,1520.89,0.05
11269,504791,75,2,7343.48,0.1
11270,504792,153,2,34143.04,0.0
11271,504793,28,4,34955.61,0.0
11272,504794,71,3,40831.91,0.15
11273,504794,84,2,26499.83,0.0
11274,504795,133,3,18726.1,0.0
11275,504795,138,2,5148.37,0.1
11276,504795,128,1,39089.34,0.1
11277,504795,80,1,26747.7,0.05
11278,504796,177,3,7521.62,0.0
11279,504796,103,3,33485.32,0.15
11280,504797,35,1,3103.89,0.15
11281,504797,128,3,39089.34,0.1
11282,504798,56,2,31457.37,0.05
11283,504798,25,4,28894.26,0.1
11284,504798,98,1,35512.2,0.15
11285,504799,11,1,10297.51,0.05
11286,504799,74,2,9594.57,0.15
11287,504799,172,3,35356.68,0.0
11288,504800,20,3,27803.61,0.1
11289,504800,157,2,26053.23,0.0
11290,504801,87,2,3216.87,0.1
11291,504801,39,2,42117.5,0.05
11292,504802,111,1,41282.72,0.1
11293,504802,199,4,40427.21,0.1
11294,504802,176,3,42034.94,0.1
11295,504802,133,2,18726.1,0.0
11296,504802,57,3,1412.7,0.1
11297,504803,76,4,1551.17,0.2
11298,504803,162,3,16150.96,0.1
11299,504804,52,1,43157.07,0.1
11300,504805,131,3,935.86,0.05
11301,504805,15,3,13558.11,0.1
11302,504805,47,4,7728.9,0.15
11303,504805,60,1,42396.67,0.1
11304,504806,118,3,47968.75,0.0
11305,504806,69,2,20234.72,0.15
11306,504806,7,3,32012.11,0.0
11307,504806,74,3,9594.57,0.2
11308,504807,59,4,542.46,0.1
11309,504807,28,4,34955.61,0.0
11310,504807,139,2,36696.68,0.15
11311,504807,126,3,4890.52,0.15
11312,504807,98,4,35512.2,0.0
11313,504808,53,1,41659.1,0.15
11314,504808,142,4,32662.03,0.15
11315,504809,74,3,9594.57,0.05
11316,504809,120,1,14551.18,0.2
11317,504809,188,3,6070.27,0.2
11318,504809,150,2,23255.73,0.0
11319,504810,104,1,17663.08,0.15
11320,504811,113,2,20936.8,0.0
11321,504811,165,2,6409.81,0.05
11322,504811,81,4,15504.13,0.1
11323,504811,50,1,37071.05,0.0
11324,504812,121,2,43178.12,0.0
11325,504812,177,2,7521.62,0.05
11326,504812,5,3,32053.9,0.0
11327,504813,169,3,42129.24,0.0
11328,504813,121,2,43178.12,0.15
11329,504814,194,4,14529.69,0.2
11330,504815,2,1,42946.4,0.1
11331,504815,123,4,44154.33,0.0
11332,504815,150,4,23255.73,0.0
11333,504816,151,4,15178.52,0.1
11334,504816,20,1,27803.61,0.05
11335,504817,23,2,45229.71,0.2
11336,504817,72,4,33843.05,0.05
11337,504817,86,4,25389.28,0.0
11338,504817,49,4,33529.65,0.0
11339,504817,4,4,4600.28,0.0
11340,504818,121,2,43178.12,0.1
11341,504818,173,4,31442.32,0.1
11342,504818,168,1,9316.31,0.05
11343,504818,132,3,47935.67,0.1
11344,504819,197,2,20725.99,0.1
11345,504819,59,2,542.46,0.2
11346,504819,166,2,16527.13,0.05
11347,504820,31,1,31665.76,0.0
11348,504820,186,2,13953.35,0.0
11349,504821,87,3,3216.87,0.05
11350,504821,25,1,28894.26,0.1
11351,504821,113,1,20936.8,0.0
11352,504822,67,3,32514.47,0.15
11353,504822,15,3,13558.11,0.0
11354,504822,59,3,542.46,0.0
11355,504823,56,2,31457.37,0.1
11356,504823,91,1,37325.93,0.0
11357,504824,185,4,11835.89,0.1
11358,504825,183,1,2591.66,0.1
11359,504825,72,1,33843.05,0.1
11360,504825,89,2,2812.94,0.15
11361,504826,118,3,47968.75,0.05
11362,504827,39,4,42117.5,0.0
11363,504828,94,1,30089.86,0.05
11364,504829,142,4,32662.03,0.0
11365,504829,46,2,6300.09,0.0
11366,504830,99,1,51437.59,0.1
11367,504830,1,3,45769.48,0.15
11368,504831,124,4,16664.22,0.15
11369,504832,27,3,52025.44,0.2
11370,504832,29,3,40427.0,0.1
11371,504833,175,4,7528.69,0.0
11372,504833,147,1,51028.85,0.15
11373,504833,4,2,4600.28,0.05
11374,504833,65,3,26891.02,0.0
11375,504834,76,4,1551.17,0.05
11376,504834,139,3,36696.68,0.1
11377,504835,111,4,41282.72,0.0
11378,504835,124,1,16664.22,0.05
11379,504836,125,3,41076.3,0.15
11380,504837,105,1,28367.27,0.1
11381,504837,185,4,11835.89,0.05
11382,504838,22,1,20749.3,0.1
11383,504838,19,2,21391.84,0.0
11384,504839,49,3,33529.65,0.0
11385,504839,129,2,39450.63,0.15
11386,504839,99,3,51437.59,0.0
11387,504839,178,4,16239.3,0.05
11388,504840,64,1,23845.3,0.15
11389,504840,22,1,20749.3,0.1
11390,504840,142,1,32662.03,0.05
11391,504840,118,4,47968.75,0.0
11392,504841,25,3,28894.26,0.05
11393,504841,85,3,30473.88,0.05
11394,504842,75,1,7343.48,0.2
11395,504843,151,4,15178.52,0.0
11396,504843,85,3,30473.88,0.1
11397,504843,104,2,17663.08,0.0
11398,504844,54,2,28353.11,0.0
11399,504844,156,3,9479.93,0.05
11400,504844,92,1,38084.76,0.0
11401,504844,52,1,43157.07,0.0
11402,504844,33,3,15090.93,0.05
11403,504845,145,3,5674.44,0.1
11404,504845,175,2,7528.69,0.0
11405,504845,200,3,20741.6,0.0
11406,504845,79,1,36534.8,0.1
11407,504845,68,1,731.88,0.2
11408,504846,174,3,3057.35,0.05
11409,504846,53,4,41659.1,0.0
11410,504846,181,3,20017.36,0.1
11411,504846,20,4,27803.61,0.2
11412,504846,52,4,43157.07,0.1
11413,504847,82,3,26994.56,0.1
11414,504848,66,4,7626.75,0.2
11415,504848,19,3,21391.84,0.0
11416,504848,61,3,23045.67,0.15
11417,504848,98,2,35512.2,0.0
11418,504849,116,1,16741.69,0.1
11419,504850,12,2,8809.95,0.05
11420,504851,100,2,46791.69,0.05
11421,504851,131,1,935.86,0.1
11422,504851,188,1,6070.27,0.1
11423,504852,94,2,30089.86,0.1
11424,504853,40,1,12159.56,0.15
11425,504853,34,4,15395.87,0.15
11426,504854,169,4,42129.24,0.0
11427,504855,150,3,23255.73,0.15
11428,504856,86,4,25389.28,0.15
11429,504857,185,2,11835.89,0.0
11430,504857,9,2,26670.95,0.1
11431,504858,25,2,28894.26,0.1
11432,504858,51,4,42529.03,0.15
11433,504859,127,1,16509.71,0.1
11434,504859,155,4,51623.31,0.05
11435,504860,16,2,17752.56,0.15
11436,504860,183,1,2591.66,0.05
11437,504860,74,3,9594.57,0.15
11438,504861,97,4,9014.15,0.1
11439,504862,176,4,42034.94,0.05
11440,504862,145,3,5674.44,0.05
11441,504862,99,3,51437.59,0.15
11442,504862,83,3,10948.99,0.05
11443,504863,94,2,30089.86,0.1
11444,504864,106,1,49815.63,0.1
11445,504864,119,1,20465.15,0.0
11446,504864,154,2,24420.47,0.1
11447,504864,149,2,33795.66,0.0
11448,504865,84,1,26499.83,0.1
11449,504865,31,2,31665.76,0.1
11450,504865,115,4,2799.41,0.1
11451,504865,73,1,32339.91,0.15
11452,504865,57,3,1412.7,0.0
11453,504866,91,1,37325.93,0.0
11454,504866,110,4,13452.58,0.2
11455,504866,19,4,21391.84,0.1
11456,504866,157,2,26053.23,0.1
11457,504867,105,3,28367.27,0.0
11458,504867,111,3,41282.72,0.1
11459,504868,40,4,12159.56,0.0
11460,504868,151,4,15178.52,0.15
11461,504868,152,3,47494.55,0.15
11462,504869,87,4,3216.87,0.15
11463,504870,138,1,5148.37,0.05
11464,504870,196,4,8761.57,0.05
11465,504870,92,1,38084.76,0.05
11466,504870,88,3,22349.99,0.1
11467,504871,28,4,34955.61,0.15
11468,504872,7,2,32012.11,0.05
11469,504872,94,3,30089.86,0.2
11470,504873,60,1,42396.67,0.1
11471,504873,135,2,25804.56,0.05
11472,504874,10,3,34430.26,0.05
11473,504874,150,3,23255.73,0.1
11474,504874,48,3,32151.32,0.05
11475,504875,159,4,25532.77,0.2
11476,504875,107,1,13631.76,0.05
11477,504875,116,3,16741.69,0.2
11478,504876,68,3,731.88,0.2
11479,504876,164,1,54714.33,0.05
11480,504877,122,1,7953.1,0.15
11481,504878,22,2,20749.3,0.1
11482,504878,18,1,17846.96,0.15
11483,504878,7,3,32012.11,0.1
11484,504879,148,3,30748.98,0.0
11485,504879,90,4,42489.82,0.0
11486,504879,125,1,41076.3,0.0
11487,504879,104,4,17663.08,0.2
11488,504879,2,3,42946.4,0.05
11489,504880,91,2,37325.93,0.05
11490,504881,166,4,16527.13,0.15
11491,504881,119,2,20465.15,0.1
11492,504881,88,2,22349.99,0.05
11493,504882,117,2,5573.85,0.15
11494,504882,10,1,34430.26,0.1
11495,504883,107,4,13631.76,0.0
11496,504883,189,2,36176.21,0.1
11497,504884,67,1,32514.47,0.1
11498,504885,26,4,13443.96,0.0
11499,504885,69,1,20234.72,0.05
11500,504885,84,2,26499.83,0.15
11501,504886,49,3,33529.65,0.1
11502,504887,82,2,26994.56,0.05
11503,504887,86,4,25389.28,0.05
11504,504887,4,1,4600.28,0.2
11505,504887,158,1,17301.25,0.2
11506,504888,182,1,25258.66,0.05
11507,504889,116,3,16741.69,0.05
11508,504889,184,2,46019.64,0.15
11509,504890,122,2,7953.1,0.0
11510,504891,81,1,15504.13,0.1
11511,504891,83,3,10948.99,0.0
11512,504891,56,1,31457.37,0.15
11513,504892,68,3,731.88,0.1
11514,504893,89,2,2812.94,0.0
11515,504893,174,4,3057.35,0.15
11516,504894,96,2,33785.82,0.0
11517,504894,117,1,5573.85,0.0
11518,504895,52,3,43157.07,0.15
11519,504895,147,1,51028.85,0.15
11520,504896,123,3,44154.33,0.05
11521,504896,32,3,30436.6,0.05
11522,504897,18,4,17846.96,0.0
11523,504898,75,1,7343.48,0.0
11524,504899,188,3,6070.27,0.2
11525,504900,134,1,24171.94,0.0
11526,504901,5,2,32053.9,0.1
11527,504902,141,1,9199.37,0.05
11528,504903,163,3,1143.45,0.1
11529,504903,123,1,44154.33,0.15
11530,504904,196,1,8761.57,0.1
11531,504905,163,3,1143.45,0.0
11532,504905,82,4,26994.56,0.1
11533,504906,37,3,8747.32,0.05
11534,504906,118,2,47968.75,0.1
11535,504906,115,1,2799.41,0.0
11536,504907,188,1,6070.27,0.1
11537,504907,133,2,18726.1,0.0
11538,504907,190,1,52000.43,0.15
11539,504908,101,4,36836.08,0.1
11540,504908,99,4,51437.59,0.1
11541,504909,103,2,33485.32,0.0
11542,504910,76,3,1551.17,0.05
11543,504910,28,4,34955.61,0.0
11544,504911,117,1,5573.85,0.1
11545,504912,142,2,32662.03,0.0
11546,504912,74,2,9594.57,0.15
11547,504913,35,3,3103.89,0.15
11548,504913,98,2,35512.2,0.0
11549,504913,187,1,50291.33,0.15
11550,504913,123,3,44154.33,0.1
11551,504914,34,2,15395.87,0.2
11552,504914,126,1,4890.52,0.15
11553,504915,122,1,7953.1,0.05
11554,504915,123,4,44154.33,0.15
11555,504915,200,3,20741.6,0.0
11556,504915,107,3,13631.76,0.0
11557,504915,135,1,25804.56,0.15
11558,504916,70,2,9185.74,0.0
11559,504917,61,4,23045.67,0.0
11560,504918,48,3,32151.32,0.1
11561,504919,64,4,23845.3,0.05
11562,504920,192,3,906.98,0.0
11563,504921,89,4,2812.94,0.1
11564,504921,120,3,14551.18,0.0
11565,504921,47,3,7728.9,0.1
11566,504921,103,3,33485.32,0.1
11567,504922,92,4,38084.76,0.05
11568,504922,3,4,2440.7,0.15
11569,504923,133,4,18726.1,0.05
11570,504923,199,3,40427.21,0.2
11571,504923,73,1,32339.91,0.05
11572,504923,142,3,32662.03,0.15
11573,504924,107,2,13631.76,0.15
11574,504924,180,2,6088.9,0.05
11575,504924,78,4,9475.8,0.0
11576,504924,5,1,32053.9,0.1
11577,504925,48,4,32151.32,0.0
11578,504925,109,3,20240.83,0.1
11579,504925,159,2,25532.77,0.0
11580,504926,54,4,28353.11,0.15
11581,504926,76,3,1551.17,0.05
11582,504926,160,2,24067.85,0.0
11583,504926,167,2,1520.89,0.1
11584,504927,2,1,42946.4,0.0
11585,504928,124,4,16664.22,0.05
11586,504928,80,2,26747.7,0.15
11587,504928,157,1,26053.23,0.0
11588,504928,55,1,45214.9,0.05
11589,504929,17,4,17031.55,0.15
11590,504929,28,3,34955.61,0.0
11591,504929,98,1,35512.2,0.15
11592,504930,71,2,40831.91,0.0
11593,504930,168,4,9316.31,0.0
11594,504931,109,1,20240.83,0.05
11595,504931,124,4,16664.22,0.15
11596,504932,74,4,9594.57,0.05
11597,504932,114,3,24883.58,0.2
11598,504932,189,4,36176.21,0.05
11599,504932,172,2,35356.68,0.0
11600,504933,31,2,31665.76,0.05
11601,504933,113,4,20936.8,0.1
11602,504933,4,1,4600.28,0.1
11603,504933,90,4,42489.82,0.15
11604,504934,165,2,6409.81,0.0
11605,504935,186,4,13953.35,0.1
11606,504936,187,3,50291.33,0.05
11607,504937,57,4,1412.7,0.2
11608,504937,174,3,3057.35,0.1
11609,504937,99,1,51437.59,0.0
11610,504938,118,3,47968.75,0.0
11611,504939,18,4,17846.96,0.05
11612,504939,56,1,31457.37,0.0
11613,504939,89,4,2812.94,0.0
11614,504940,48,2,32151.32,0.1
11615,504940,184,2,46019.64,0.05
11616,504941,161,2,45736.6,0.0
11617,504941,197,3,20725.99,0.05
11618,504941,77,4,45039.66,0.2
11619,504941,181,4,20017.36,0.15
11620,504942,128,2,39089.34,0.1
11621,504942,120,4,14551.18,0.0
11622,504942,163,3,1143.45,0.1
11623,504942,157,2,26053.23,0.1
11624,504943,23,4,45229.71,0.2
11625,504943,57,3,1412.7,0.2
11626,504944,162,2,16150.96,0.05
11627,504944,41,4,790.54,0.15
11628,504945,167,3,1520.89,0.0
11629,504945,146,3,4466.06,0.0
11630,504945,102,3,25753.85,0.2
11631,504945,23,4,45229.71,0.0
11632,504946,39,4,42117.5,0.15
11633,504947,30,1,8599.09,0.1
11634,504947,134,4,24171.94,0.1
11635,504948,194,4,14529.69,0.1
11636,504948,164,3,54714.33,0.05
11637,504948,155,3,51623.31,0.0
11638,504948,156,4,9479.93,0.05
11639,504949,181,4,20017.36,0.05
11640,504949,188,1,6070.27,0.0
11641,504950,43,1,25517.07,0.0
11642,504950,196,4,8761.57,0.2
11643,504950,166,4,16527.13,0.0
11644,504950,85,2,30473.88,0.0
11645,504951,91,1,37325.93,0.1
11646,504951,15,3,13558.11,0.15
11647,504952,42,2,17076.73,0.15
11648,504952,198,3,44779.95,0.1
11649,504952,47,4,7728.9,0.15
11650,504953,120,3,14551.18,0.15
11651,504953,31,3,31665.76,0.1
11652,504953,175,3,7528.69,0.05
11653,504953,177,1,7521.62,0.1
11654,504953,101,3,36836.08,0.05
11655,504954,173,4,31442.32,0.05
11656,504954,74,3,9594.57,0.15
11657,504954,110,1,13452.58,0.1
11658,504955,121,1,43178.12,0.15
11659,504955,175,3,7528.69,0.1
11660,504955,106,4,49815.63,0.15
11661,504955,170,2,31500.56,0.1
11662,504956,72,4,33843.05,0.05
11663,504956,79,3,36534.8,0.1
11664,504956,96,1,33785.82,0.15
11665,504956,71,2,40831.91,0.1
11666,504957,22,1,20749.3,0.1
11667,504958,1,2,45769.48,0.05
11668,504959,65,1,26891.02,0.0
11669,504959,52,3,43157.07,0.1
11670,504959,71,3,40831.91,0.1
11671,504960,22,2,20749.3,0.15
11672,504960,132,1,47935.67,0.0
11673,504960,55,4,45214.9,0.0
11674,504960,138,1,5148.37,0.0
11675,504961,129,1,39450.63,0.1
11676,504961,90,4,42489.82,0.2
11677,504961,183,3,2591.66,0.1
11678,504962,113,1,20936.8,0.2
11679,504962,24,2,29412.47,0.0
11680,504963,93,3,33594.98,0.0
11681,504963,152,2,47494.55,0.2
11682,504963,159,4,25532.77,0.0
11683,504964,163,2,1143.45,0.15
11684,504964,68,3,731.88,0.0
11685,504964,143,3,8499.37,0.0
11686,504965,108,1,22454.46,0.1
11687,504965,86,2,25389.28,0.1
11688,504966,122,2,7953.1,0.0
11689,504966,181,4,20017.36,0.0
11690,504967,20,2,27803.61,0.0
11691,504967,103,3,33485.32,0.1
11692,504967,78,1,9475.8,0.1
11693,504967,9,2,26670.95,0.05
11694,504967,82,1,26994.56,0.1
11695,504968,140,2,19515.46,0.05
11696,504968,42,2,17076.73,0.15
11697,504969,61,3,23045.67,0.1
11698,504970,23,2,45229.71,0.0
11699,504970,197,2,20725.99,0.0
11700,504971,108,4,22454.46,0.05
11701,504972,74,3,9594.57,0.1
11702,504972,149,1,33795.66,0.05
11703,504972,6,3,15719.14,0.0
11704,504973,68,1,731.88,0.05
11705,504973,146,4,4466.06,0.1
11706,504973,190,3,52000.43,0.15
11707,504973,136,2,48294.58,0.1
11708,504974,58,4,38058.28,0.1
11709,504974,9,4,26670.95,0.15
11710,504974,179,4,47254.91,0.0
11711,504975,116,3,16741.69,0.05
11712,504975,188,2,6070.27,0.0
11713,504975,22,1,20749.3,0.0
11714,504975,28,2,34955.61,0.2
11715,504976,175,1,7528.69,0.1
11716,504976,114,1,24883.58,0.0
11717,504976,21,3,873.24,0.0
11718,504977,16,4,17752.56,0.1
11719,504977,166,2,16527.13,0.15
11720,504978,90,1,42489.82,0.2
11721,504978,131,4,935.86,0.0
11722,504979,129,1,39450.63,0.15
11723,504979,193,2,1419.66,0.1
11724,504980,53,3,41659.1,0.1
11725,504980,156,4,9479.93,0.05
11726,504981,135,3,25804.56,0.0
11727,504982,200,2,20741.6,0.15
11728,504982,21,3,873.24,0.2
11729,504982,159,3,25532.77,0.15
11730,504983,194,1,14529.69,0.0
11731,504984,105,2,28367.27,0.0
11732,504985,200,4,20741.6,0.1
11733,504985,4,3,4600.28,0.2
11734,504986,187,1,50291.33,0.1
11735,504986,22,1,20749.3,0.15
11736,504986,106,3,49815.63,0.1
11737,504986,77,1,45039.66,0.0
11738,504986,17,4,17031.55,0.0
11739,504987,146,4,4466.06,0.0
11740,504987,28,1,34955.61,0.1
11741,504988,11,1,10297.51,0.1
11742,504988,150,1,23255.73,0.05
11743,504988,73,1,32339.91,0.1
11744,504989,189,2,36176.21,0.15
11745,504989,44,3,23585.72,0.2
11746,504990,50,4,37071.05,0.05
11747,504991,164,2,54714.33,0.05
11748,504992,73,3,32339.91,0.0
11749,504993,193,3,1419.66,0.15
11750,504993,181,1,20017.36,0.2
11751,504994,138,4,5148.37,0.1
11752,504994,53,2,41659.1,0.2
11753,504995,189,4,36176.21,0.1
11754,504995,74,1,9594.57,0.0
11755,504995,5,3,32053.9,0.05
11756,504996,82,1,26994.56,0.0
11757,504997,122,1,7953.1,0.05
11758,504998,159,1,25532.77,0.15
11759,504999,182,4,25258.66,0.05
11760,504999,181,3,20017.36,0.15
11761,504999,180,3,6088.9,0.1
11762,504999,136,1,48294.58,0.0
11763,505000,168,4,9316.31,0.1
11764,505000,80,1,26747.7,0.0
11765,505001,76,3,1551.17,0.1
11766,505001,70,2,9185.74,0.2
11767,505002,87,2,3216.87,0.15
11768,505002,103,1,33485.32,0.2
11769,505002,99,2,51437.59,0.1
11770,505003,134,2,24171.94,0.1
11771,505004,124,3,16664.22,0.05
11772,505005,183,1,2591.66,0.05
11773,505005,103,3,33485.32,0.05
11774,505006,160,2,24067.85,0.15
11775,505006,64,4,23845.3,0.1
11776,505006,90,2,42489.82,0.1
11777,505006,191,2,39507.0,0.05
11778,505007,81,1,15504.13,0.15
11779,505007,140,3,19515.46,0.1
11780,505007,131,2,935.86,0.15
11781,505007,109,3,20240.83,0.0
11782,505008,80,3,26747.7,0.15
11783,505008,175,4,7528.69,0.1
11784,505009,40,2,12159.56,0.0
11785,505010,86,2,25389.28,0.05
11786,505010,55,1,45214.9,0.1
11787,505011,80,2,26747.7,0.2
11788,505012,133,3,18726.1,0.05
11789,505012,125,1,41076.3,0.05
11790,505012,81,4,15504.13,0.0
11791,505012,151,4,15178.52,0.05
11792,505012,132,2,47935.67,0.05
11793,505013,151,3,15178.52,0.1
11794,505014,162,1,16150.96,0.0
11795,505015,191,1,39507.0,0.05
11796,505016,92,3,38084.76,0.1
11797,505016,114,4,24883.58,0.1
11798,505016,196,4,8761.57,0.1
11799,505016,63,1,14212.89,0.1
11800,505017,153,4,34143.04,0.15
11801,505017,68,3,731.88,0.1
11802,505018,79,1,36534.8,0.15
11803,505019,37,4,8747.32,0.15
11804,505019,44,2,23585.72,0.15
11805,505020,77,4,45039.66,0.05
11806,505021,182,4,25258.66,0.1
11807,505022,175,4,7528.69,0.1
11808,505022,4,3,4600.28,0.1
11809,505022,63,2,14212.89,0.15
11810,505022,159,2,25532.77,0.1
11811,505022,93,4,33594.98,0.1
11812,505023,39,4,42117.5,0.1
11813,505023,193,3,1419.66,0.15
11814,505023,60,4,42396.67,0.05
11815,505024,169,3,42129.24,0.05
11816,505024,168,1,9316.31,0.1
11817,505024,199,4,40427.21,0.05
11818,505025,9,1,26670.95,0.15
11819,505025,96,4,33785.82,0.0
11820,505026,159,1,25532.77,0.2
11821,505026,143,1,8499.37,0.0
11822,505027,197,4,20725.99,0.0
11823,505027,132,1,47935.67,0.05
11824,505027,195,2,39570.05,0.2
11825,505028,35,4,3103.89,0.15
11826,505029,60,1,42396.67,0.15
11827,505029,106,2,49815.63,0.1
11828,505029,154,4,24420.47,0.0
11829,505030,129,1,39450.63,0.0
11830,505030,96,3,33785.82,0.1
11831,505031,193,1,1419.66,0.0
11832,505031,27,1,52025.44,0.1
11833,505032,89,4,2812.94,0.0
11834,505033,96,3,33785.82,0.2
11835,505033,60,2,42396.67,0.0
11836,505033,36,2,32323.45,0.0
11837,505033,145,4,5674.44,0.0
11838,505034,28,3,34955.61,0.2
11839,505034,165,2,6409.81,0.05
11840,505034,91,1,37325.93,0.0
11841,505034,115,2,2799.41,0.0
11842,505035,85,1,30473.88,0.0
11843,505036,43,4,25517.07,0.05
11844,505037,112,1,22042.94,0.0
11845,505037,17,1,17031.55,0.1
11846,505037,64,1,23845.3,0.15
11847,505038,194,4,14529.69,0.1
11848,505038,164,2,54714.33,0.15
11849,505038,97,1,9014.15,0.2
11850,505039,36,3,32323.45,0.1
11851,505039,126,3,4890.52,0.1
11852,505040,51,3,42529.03,0.05
11853,505040,190,2,52000.43,0.05
11854,505040,70,2,9185.74,0.1
11855,505040,36,3,32323.45,0.05
11856,505041,188,3,6070.27,0.0
11857,505041,66,1,7626.75,0.0
11858,505041,93,4,33594.98,0.2
11859,505041,38,3,33762.69,0.05
11860,505042,164,4,54714.33,0.05
11861,505043,173,3,31442.32,0.05
11862,505044,28,4,34955.61,0.1
11863,505045,112,4,22042.94,0.0
11864,505045,93,3,33594.98,0.2
11865,505045,190,1,52000.43,0.1
11866,505045,70,4,9185.74,0.0
11867,505046,12,3,8809.95,0.0
11868,505046,193,4,1419.66,0.0
11869,505047,112,2,22042.94,0.1
11870,505047,186,2,13953.35,0.15
11871,505047,26,3,13443.96,0.1
11872,505047,7,1,32012.11,0.2
11873,505047,3,3,2440.7,0.0
11874,505048,146,1,4466.06,0.05
11875,505048,150,1,23255.73,0.15
11876,505048,119,2,20465.15,0.1
11877,505049,142,2,32662.03,0.0
11878,505049,145,1,5674.44,0.0
11879,505049,126,1,4890.52,0.2
11880,505050,95,4,7858.6,0.0
11881,505051,94,2,30089.86,0.1
11882,505052,132,3,47935.67,0.1
11883,505052,15,3,13558.11,0.05
11884,505052,21,3,873.24,0.1
11885,505052,111,3,41282.72,0.0
11886,505053,121,3,43178.12,0.1
11887,505053,133,2,18726.1,0.0
11888,505054,64,3,23845.3,0.05
11889,505054,72,4,33843.05,0.2
11890,505054,107,3,13631.76,0.1
11891,505054,102,4,25753.85,0.05
11892,505054,97,1,9014.15,0.0
11893,505055,115,3,2799.41,0.1
11894,505055,32,1,30436.6,0.05
11895,505056,97,2,9014.15,0.0
11896,505056,113,2,20936.8,0.2
11897,505056,73,4,32339.91,0.0
11898,505057,112,3,22042.94,0.15
11899,505057,79,3,36534.8,0.1
11900,505058,18,4,17846.96,0.1
11901,505059,137,4,11644.84,0.0
11902,505059,118,1,47968.75,0.0
11903,505060,99,1,51437.59,0.2
11904,505060,16,3,17752.56,0.05
11905,505060,38,3,33762.69,0.2
11906,505060,72,3,33843.05,0.0
11907,505061,80,4,26747.7,0.0
11908,505061,64,3,23845.3,0.05
11909,505062,176,4,42034.94,0.2
11910,505062,124,4,16664.22,0.0
11911,505063,70,2,9185.74,0.0
11912,505063,80,1,26747.7,0.1
11913,505063,19,2,21391.84,0.15
11914,505064,192,4,906.98,0.05
11915,505064,80,2,26747.7,0.1
11916,505064,158,4,17301.25,0.05
11917,505065,33,3,15090.93,0.0
11918,505065,193,1,1419.66,0.05
11919,505065,6,2,15719.14,0.0
11920,505065,62,3,3498.04,0.0
11921,505066,186,4,13953.35,0.1
11922,505066,40,3,12159.56,0.0
11923,505067,13,4,41294.2,0.0
11924,505067,99,1,51437.59,0.2
11925,505068,15,3,13558.11,0.15
11926,505068,6,3,15719.14,0.2
11927,505069,35,4,3103.89,0.1
11928,505069,44,4,23585.72,0.0
11929,505069,23,1,45229.71,0.15
11930,505069,52,3,43157.07,0.0
11931,505069,98,3,35512.2,0.1
11932,505070,85,2,30473.88,0.1
11933,505070,86,1,25389.28,0.1
11934,505070,68,2,731.88,0.2
11935,505070,125,1,41076.3,0.1
11936,505071,122,3,7953.1,0.15
11937,505071,115,4,2799.41,0.15
11938,505071,158,1,17301.25,0.0
11939,505072,68,2,731.88,0.1
11940,505073,125,3,41076.3,0.0
11941,505073,135,3,25804.56,0.1
11942,505073,80,2,26747.7,0.1
11943,505073,162,3,16150.96,0.15
11944,505074,41,3,790.54,0.1
11945,505075,99,3,51437.59,0.2
11946,505076,146,1,4466.06,0.05
11947,505076,172,1,35356.68,0.0
11948,505077,182,4,25258.66,0.1
11949,505077,164,2,54714.33,0.0
11950,505077,27,2,52025.44,0.1
11951,505078,10,4,34430.26,0.0
11952,505079,44,2,23585.72,0.0
11953,505079,86,4,25389.28,0.05
11954,505080,42,2,17076.73,0.15
11955,505080,141,1,9199.37,0.0
11956,505080,8,2,16654.82,0.1
11957,505081,18,2,17846.96,0.0
11958,505081,47,4,7728.9,0.2
11959,505081,168,4,9316.31,0.15
11960,505082,21,1,873.24,0.05
11961,505083,70,1,9185.74,0.0
11962,505084,71,4,40831.91,0.1
11963,505084,32,3,30436.6,0.0
11964,505084,84,1,26499.83,0.2
11965,505085,75,4,7343.48,0.0
11966,505086,31,4,31665.76,0.1
11967,505087,41,3,790.54,0.0
11968,505087,147,4,51028.85,0.0
11969,505087,81,2,15504.13,0.1
11970,505087,109,1,20240.83,0.05
11971,505087,117,1,5573.85,0.0
11972,505088,145,2,5674.44,0.05
11973,505088,134,3,24171.94,0.0
11974,505089,95,4,7858.6,0.1
11975,505089,28,2,34955.61,0.2
11976,505090,25,3,28894.26,0.0
11977,505090,181,2,20017.36,0.05
11978,505091,59,1,542.46,0.05
11979,505091,188,4,6070.27,0.15
11980,505091,16,3,17752.56,0.15
11981,505092,64,4,23845.3,0.05
11982,505092,179,3,47254.91,0.05
11983,505093,133,2,18726.1,0.15
11984,505093,31,2,31665.76,0.15
11985,505093,183,1,2591.66,0.15
11986,505094,133,2,18726.1,0.0
11987,505094,113,2,20936.8,0.1
11988,505094,52,3,43157.07,0.1
11989,505095,181,4,20017.36,0.1
11990,505096,77,4,45039.66,0.2
11991,505096,155,4,51623.31,0.2
11992,505097,90,3,42489.82,0.15
11993,505097,100,3,46791.69,0.0
11994,505098,99,1,51437.59,0.15
11995,505098,54,4,28353.11,0.05
11996,505098,59,1,542.46,0.05
11997,505099,42,4,17076.73,0.0
11998,505099,14,3,28958.7,0.1
11999,505099,33,3,15090.93,0.1
12000,505100,51,1,42529.03,0.1
12001,505100,52,2,43157.07,0.1
12002,505100,189,2,36176.21,0.1
12003,505101,114,3,24883.58,0.0
12004,505101,132,2,47935.67,0.0
12005,505102,140,4,19515.46,0.1
12006,505102,137,4,11644.84,0.1
12007,505103,152,2,47494.55,0.05
12008,505103,75,2,7343.48,0.1
12009,505103,164,2,54714.33,0.0
12010,505104,146,2,4466.06,0.05
12011,505104,15,1,13558.11,0.1
12012,505105,140,2,19515.46,0.0
12013,505105,16,1,17752.56,0.15
12014,505105,132,3,47935.67,0.15
12015,505105,182,2,25258.66,0.05
12016,505105,63,3,14212.89,0.0
12017,505106,197,3,20725.99,0.1
12018,505106,1,4,45769.48,0.1
12019,505107,82,2,26994.56,0.1
12020,505107,83,3,10948.99,0.0
12021,505108,38,4,33762.69,0.15
12022,505108,7,2,32012.11,0.05
12023,505108,115,2,2799.41,0.15
12024,505108,111,2,41282.72,0.2
12025,505109,150,1,23255.73,0.1
12026,505109,40,2,12159.56,0.15
12027,505109,37,2,8747.32,0.15
12028,505110,24,4,29412.47,0.0
12029,505110,116,3,16741.69,0.15
12030,505111,142,4,32662.03,0.0
12031,505111,62,1,3498.04,0.05
12032,505112,128,1,39089.34,0.2
12033,505112,176,1,42034.94,0.15
12034,505112,27,2,52025.44,0.05
12035,505113,104,4,17663.08,0.2
12036,505113,10,3,34430.26,0.1
12037,505114,38,3,33762.69,0.0
12038,505114,33,1,15090.93,0.1
12039,505115,19,1,21391.84,0.05
12040,505115,80,1,26747.7,0.1
12041,505115,113,3,20936.8,0.05
12042,505116,112,3,22042.94,0.0
12043,505117,98,4,35512.2,0.05
12044,505117,178,2,16239.3,0.15
12045,505117,88,4,22349.99,0.0
12046,505118,179,4,47254.91,0.1
12047,505119,103,1,33485.32,0.0
12048,505119,68,4,731.88,0.0
12049,505119,186,2,13953.35,0.15
12050,505120,193,2,1419.66,0.0
12051,505121,130,3,1826.9,0.0
12052,505121,23,3,45229.71,0.1
12053,505122,37,2,8747.32,0.0
12054,505123,31,4,31665.76,0.15
12055,505123,197,2,20725.99,0.05
12056,505124,46,3,6300.09,0.2
12057,505124,80,2,26747.7,0.0
12058,505124,192,2,906.98,0.05
12059,505125,153,3,34143.04,0.15
12060,505125,195,2,39570.05,0.0
12061,505126,57,2,1412.7,0.05
12062,505126,54,1,28353.11,0.05
12063,505127,25,4,28894.26,0.0
12064,505127,84,4,26499.83,0.1
12065,505127,18,3,17846.96,0.15
12066,505127,47,4,7728.9,0.0
12067,505127,146,3,4466.06,0.0
12068,505128,95,3,7858.6,0.1
12069,505129,173,3,31442.32,0.0
12070,505129,16,3,17752.56,0.2
12071,505130,188,4,6070.27,0.2
12072,505130,73,4,32339.91,0.05
12073,505131,76,2,1551.17,0.0
12074,505131,105,2,28367.27,0.0
12075,505131,150,3,23255.73,0.15
12076,505132,192,4,906.98,0.2
12077,505133,6,4,15719.14,0.05
12078,505133,168,4,9316.31,0.1
12079,505134,24,3,29412.47,0.05
12080,505134,53,3,41659.1,0.15
12081,505134,39,3,42117.5,0.0
12082,505134,21,3,873.24,0.05
12083,505135,28,4,34955.61,0.15
12084,505135,86,3,25389.28,0.0
12085,505136,145,4,5674.44,0.2
12086,505136,108,4,22454.46,0.05
12087,505136,122,3,7953.1,0.0
12088,505136,160,4,24067.85,0.0
12089,505137,78,3,9475.8,0.1
12090,505138,29,3,40427.0,0.0
12091,505139,97,3,9014.15,0.1
12092,505139,56,2,31457.37,0.1
12093,505140,58,3,38058.28,0.1
12094,505141,117,3,5573.85,0.05
12095,505141,77,2,45039.66,0.0
12096,505142,165,1,6409.81,0.1
12097,505143,143,4,8499.37,0.1
12098,505143,172,3,35356.68,0.2
12099,505144,62,2,3498.04,0.1
12100,505144,193,3,1419.66,0.0
12101,505144,126,3,4890.52,0.0
12102,505144,145,2,5674.44,0.05
12103,505145,87,4,3216.87,0.0
12104,505145,125,2,41076.3,0.05
12105,505145,36,3,32323.45,0.05
12106,505145,31,4,31665.76,0.2
12107,505145,20,2,27803.61,0.1
12108,505146,164,4,54714.33,0.1
12109,505146,10,1,34430.26,0.05
12110,505147,24,2,29412.47,0.1
12111,505148,193,3,1419.66,0.15
12112,505148,74,1,9594.57,0.15
12113,505148,83,3,10948.99,0.05
12114,505148,27,1,52025.44,0.0
12115,505149,150,4,23255.73,0.0
12116,505149,97,3,9014.15,0.1
12117,505150,34,1,15395.87,0.0
12118,505150,141,1,9199.37,0.0
12119,505151,59,1,542.46,0.05
12120,505151,51,2,42529.03,0.0
12121,505151,4,4,4600.28,0.15
12122,505152,77,2,45039.66,0.2
12123,505152,193,1,1419.66,0.0
12124,505153,114,2,24883.58,0.15
12125,505153,127,3,16509.71,0.0
12126,505154,40,3,12159.56,0.1
12127,505154,183,4,2591.66,0.1
12128,505154,52,3,43157.07,0.0
12129,505154,139,1,36696.68,0.0
12130,505155,49,4,33529.65,0.1
12131,505155,184,4,46019.64,0.1
12132,505156,190,2,52000.43,0.15
12133,505156,109,3,20240.83,0.05
12134,505156,185,3,11835.89,0.2
12135,505157,68,1,731.88,0.2
12136,505157,196,4,8761.57,0.1
12137,505157,151,4,15178.52,0.0
12138,505157,112,2,22042.94,0.1
12139,505158,193,1,1419.66,0.2
12140,505158,176,2,42034.94,0.1
12141,505159,196,3,8761.57,0.0
12142,505159,1,3,45769.48,0.15
12143,505159,132,2,47935.67,0.0
12144,505159,141,2,9199.37,0.0
12145,505160,83,4,10948.99,0.1
12146,505160,142,2,32662.03,0.05
12147,505161,34,2,15395.87,0.05
12148,505161,71,1,40831.91,0.1
12149,505161,72,1,33843.05,0.0
12150,505161,69,3,20234.72,0.1
12151,505162,132,4,47935.67,0.1
12152,505162,44,1,23585.72,0.0
12153,505163,105,4,28367.27,0.15
12154,505164,80,4,26747.7,0.0
12155,505164,112,4,22042.94,0.05
12156,505164,25,1,28894.26,0.0
12157,505165,4,4,4600.28,0.0
12158,505165,54,4,28353.11,0.05
12159,505165,154,4,24420.47,0.15
12160,505165,183,3,2591.66,0.05
12161,505166,193,1,1419.66,0.2
12162,505166,180,2,6088.9,0.1
12163,505166,5,2,32053.9,0.1
12164,505167,126,2,4890.52,0.1
12165,505167,128,2,39089.34,0.1
12166,505167,80,2,26747.7,0.0
12167,505168,110,3,13452.58,0.0
12168,505168,183,2,2591.66,0.15
12169,505168,39,1,42117.5,0.1
12170,505168,153,1,34143.04,0.05
12171,505168,147,4,51028.85,0.0
12172,505169,36,1,32323.45,0.0
12173,505169,80,1,26747.7,0.0
12174,505170,21,3,873.24,0.0
12175,505170,164,2,54714.33,0.05
12176,505170,96,3,33785.82,0.15
12177,505170,99,3,51437.59,0.0
12178,505171,24,3,29412.47,0.05
12179,505172,30,3,8599.09,0.1
12180,505173,21,3,873.24,0.1
12181,505174,131,4,935.86,0.15
12182,505174,95,2,7858.6,0.2
12183,505174,71,2,40831.91,0.15
12184,505174,156,2,9479.93,0.15
12185,505174,90,4,42489.82,0.15
12186,505175,123,2,44154.33,0.1
12187,505176,131,2,935.86,0.1
12188,505176,85,4,30473.88,0.0
12189,505177,129,3,39450.63,0.1
12190,505178,105,4,28367.27,0.0
12191,505179,23,3,45229.71,0.1
12192,505179,150,4,23255.73,0.05
12193,505180,106,4,49815.63,0.05
12194,505181,131,3,935.86,0.0
12195,505181,42,2,17076.73,0.15
12196,505181,145,3,5674.44,0.0
12197,505181,7,1,32012.11,0.0
12198,505182,20,3,27803.61,0.0
12199,505182,105,4,28367.27,0.2
12200,505182,58,3,38058.28,0.15
12201,505182,165,1,6409.81,0.15
12202,505183,64,1,23845.3,0.15
12203,505183,74,3,9594.57,0.05
12204,505183,28,1,34955.61,0.0
12205,505184,99,1,51437.59,0.05
12206,505184,132,4,47935.67,0.1
12207,505185,197,3,20725.99,0.0
12208,505185,16,4,17752.56,0.0
12209,505185,81,3,15504.13,0.0
12210,505185,7,3,32012.11,0.1
12211,505186,138,1,5148.37,0.05
12212,505186,122,3,7953.1,0.0
12213,505187,21,3,873.24,0.05
12214,505188,34,3,15395.87,0.1
12215,505188,185,4,11835.89,0.1
12216,505189,51,3,42529.03,0.0
12217,505189,57,3,1412.7,0.1
12218,505190,88,1,22349.99,0.0
12219,505190,13,4,41294.2,0.15
12220,505191,159,2,25532.77,0.15
12221,505191,169,3,42129.24,0.0
12222,505192,176,1,42034.94,0.0
12223,505192,101,2,36836.08,0.1
12224,505192,199,4,40427.21,0.1
12225,505193,82,4,26994.56,0.1
12226,505193,16,2,17752.56,0.0
12227,505193,129,2,39450.63,0.0
12228,505194,45,4,19474.91,0.1
12229,505195,103,1,33485.32,0.15
12230,505195,90,1,42489.82,0.15
12231,505196,72,1,33843.05,0.1
12232,505196,140,1,19515.46,0.15
12233,505196,139,3,36696.68,0.1
12234,505197,59,3,542.46,0.1
12235,505198,60,1,42396.67,0.15
12236,505199,135,4,25804.56,0.1
12237,505199,191,3,39507.0,0.1
12238,505199,29,2,40427.0,0.15
12239,505200,98,4,35512.2,0.0
12240,505200,149,3,33795.66,0.0
12241,505201,24,4,29412.47,0.1
12242,505202,180,2,6088.9,0.0
12243,505202,96,2,33785.82,0.0
12244,505203,117,2,5573.85,0.1
12245,505203,73,2,32339.91,0.0
12246,505204,133,2,18726.1,0.05
12247,505205,115,3,2799.41,0.15
12248,505205,101,4,36836.08,0.0
12249,505205,113,4,20936.8,0.1
12250,505206,61,3,23045.67,0.2
12251,505206,148,1,30748.98,0.1
12252,505207,104,1,17663.08,0.0
12253,505208,12,1,8809.95,0.0
12254,505208,33,1,15090.93,0.1
12255,505208,80,4,26747.7,0.0
12256,505208,24,4,29412.47,0.1
12257,505209,154,4,24420.47,0.05
12258,505209,39,2,42117.5,0.05
12259,505210,162,4,16150.96,0.0
12260,505210,127,3,16509.71,0.0
12261,505210,96,2,33785.82,0.0
12262,505210,177,3,7521.62,0.0
12263,505210,99,3,51437.59,0.0
12264,505211,50,2,37071.05,0.0
12265,505212,125,3,41076.3,0.2
12266,505212,174,2,3057.35,0.05
12267,505213,91,2,37325.93,0.05
12268,505213,146,4,4466.06,0.15
12269,505213,88,1,22349.99,0.15
12270,505214,184,2,46019.64,0.0
12271,505214,82,4,26994.56,0.15
12272,505214,23,3,45229.71,0.05
12273,505214,72,1,33843.05,0.0
12274,505215,167,3,1520.89,0.0
12275,505215,100,1,46791.69,0.05
12276,505215,126,2,4890.52,0.0
12277,505216,133,3,18726.1,0.05
12278,505216,2,3,42946.4,0.15
12279,505216,34,1,15395.87,0.15
12280,505217,185,1,11835.89,0.1
12281,505217,71,2,40831.91,0.05
12282,505217,119,2,20465.15,0.0
12283,505218,37,3,8747.32,0.05
12284,505219,31,2,31665.76,0.0
12285,505219,119,3,20465.15,0.15
12286,505219,196,3,8761.57,0.05
12287,505220,196,4,8761.57,0.05
12288,505220,198,3,44779.95,0.0
12289,505221,192,3,906.98,0.2
12290,505222,128,1,39089.34,0.15
12291,505223,93,1,33594.98,0.1
12292,505224,114,3,24883.58,0.0
12293,505225,26,1,13443.96,0.0
12294,505226,34,2,15395.87,0.0
12295,505227,110,2,13452.58,0.0
12296,505227,82,3,26994.56,0.15
12297,505227,134,3,24171.94,0.1
12298,505228,82,1,26994.56,0.15
12299,505228,53,4,41659.1,0.0
12300,505229,105,1,28367.27,0.0
12301,505230,60,3,42396.67,0.05
12302,505230,96,1,33785.82,0.1
12303,505230,145,3,5674.44,0.0
12304,505231,64,2,23845.3,0.1
12305,505232,20,4,27803.61,0.2
12306,505232,92,3,38084.76,0.15
12307,505233,90,3,42489.82,0.0
12308,505233,100,3,46791.69,0.2
12309,505233,174,1,3057.35,0.05
12310,505233,61,2,23045.67,0.0
12311,505234,152,4,47494.55,0.0
12312,505234,52,4,43157.07,0.15
12313,505234,166,2,16527.13,0.0
12314,505235,106,4,49815.63,0.15
12315,505235,156,3,9479.93,0.15
12316,505236,108,3,22454.46,0.2
12317,505236,196,4,8761.57,0.0
12318,505237,83,2,10948.99,0.05
12319,505238,139,1,36696.68,0.1
12320,505238,28,4,34955.61,0.15
12321,505239,199,2,40427.21,0.15
12322,505239,30,4,8599.09,0.0
12323,505240,2,1,42946.4,0.15
12324,505240,147,1,51028.85,0.2
12325,505241,107,1,13631.76,0.0
12326,505241,77,3,45039.66,0.05
12327,505241,127,4,16509.71,0.1
12328,505241,36,2,32323.45,0.0
12329,505241,45,2,19474.91,0.1
12330,505242,116,2,16741.69,0.15
12331,505242,144,4,43009.16,0.15
12332,505242,180,2,6088.9,0.15
12333,505243,52,3,43157.07,0.2
12334,505243,171,4,22643.94,0.2
12335,505244,32,1,30436.6,0.0
12336,505244,86,4,25389.28,0.1
12337,505244,178,4,16239.3,0.05
12338,505245,31,2,31665.76,0.2
12339,505245,137,1,11644.84,0.05
12340,505245,56,2,31457.37,0.0
12341,505246,103,1,33485.32,0.0
12342,505246,58,3,38058.28,0.0
12343,505247,81,4,15504.13,0.0
12344,505247,196,2,8761.57,0.05
12345,505247,119,2,20465.15,0.1
12346,505247,127,1,16509.71,0.1
12347,505248,16,1,17752.56,0.1
12348,505248,41,2,790.54,0.05
12349,505249,194,2,14529.69,0.15
12350,505249,31,2,31665.76,0.0
12351,505249,59,2,542.46,0.0
12352,505250,70,3,9185.74,0.0
12353,505251,136,1,48294.58,0.05
12354,505251,167,1,1520.89,0.2
12355,505252,95,4,7858.6,0.1
12356,505252,111,3,41282.72,0.05
12357,505253,50,1,37071.05,0.0
12358,505254,170,1,31500.56,0.1
12359,505254,161,2,45736.6,0.0
12360,505254,152,2,47494.55,0.05
12361,505255,1,2,45769.48,0.05
12362,505255,165,1,6409.81,0.1
12363,505255,94,1,30089.86,0.1
12364,505255,36,2,32323.45,0.15
12365,505256,131,2,935.86,0.05
12366,505256,65,4,26891.02,0.1
12367,505256,29,1,40427.0,0.0
12368,505257,113,3,20936.8,0.0
12369,505258,107,3,13631.76,0.15
12370,505259,30,3,8599.09,0.1
12371,505259,101,4,36836.08,0.0
12372,505260,27,3,52025.44,0.2
12373,505261,119,4,20465.15,0.15
12374,505262,26,3,13443.96,0.1
12375,505263,88,3,22349.99,0.05
12376,505263,174,1,3057.35,0.1
12377,505264,83,1,10948.99,0.0
12378,505265,184,3,46019.64,0.0
12379,505266,27,3,52025.44,0.1
12380,505266,140,2,19515.46,0.0
12381,505266,77,3,45039.66,0.1
12382,505266,152,2,47494.55,0.15
12383,505267,46,3,6300.09,0.2
12384,505267,67,4,32514.47,0.15
12385,505267,71,4,40831.91,0.1
12386,505267,166,3,16527.13,0.1
12387,505267,121,4,43178.12,0.05
12388,505268,36,3,32323.45,0.05
12389,505268,24,2,29412.47,0.2
12390,505268,132,4,47935.67,0.15
12391,505269,152,1,47494.55,0.0
12392,505270,8,4,16654.82,0.15
12393,505271,128,3,39089.34,0.0
12394,505271,51,2,42529.03,0.1
12395,505272,99,2,51437.59,0.2
12396,505272,165,1,6409.81,0.1
12397,505272,181,3,20017.36,0.0
12398,505273,128,1,39089.34,0.1
12399,505273,146,2,4466.06,0.2
12400,505273,52,3,43157.07,0.15
12401,505274,166,4,16527.13,0.2
12402,505274,96,4,33785.82,0.0
12403,505274,70,2,9185.74,0.1
12404,505275,130,3,1826.9,0.15
12405,505275,171,3,22643.94,0.1
12406,505276,88,1,22349.99,0.1
12407,505276,27,4,52025.44,0.1
12408,505276,145,1,5674.44,0.0
12409,505276,76,4,1551.17,0.1
12410,505276,44,4,23585.72,0.1
12411,505277,44,3,23585.72,0.0
12412,505277,4,4,4600.28,0.15
12413,505277,128,2,39089.34,0.05
12414,505278,26,2,13443.96,0.15
12415,505279,134,2,24171.94,0.15
12416,505279,74,2,9594.57,0.0
12417,505280,75,4,7343.48,0.15
12418,505280,43,2,25517.07,0.2
12419,505281,118,1,47968.75,0.15
12420,505282,166,1,16527.13,0.05
12421,505282,92,1,38084.76,0.0
12422,505283,134,4,24171.94,0.05
12423,505283,77,3,45039.66,0.05
12424,505283,96,2,33785.82,0.1
12425,505284,159,4,25532.77,0.1
12426,505284,99,1,51437.59,0.05
12427,505285,139,3,36696.68,0.1
12428,505285,13,1,41294.2,0.1
12429,505285,88,4,22349.99,0.05
12430,505285,76,3,1551.17,0.05
12431,505286,174,1,3057.35,0.0
12432,505287,158,3,17301.25,0.1
12433,505287,51,3,42529.03,0.2
12434,505287,70,1,9185.74,0.05
12435,505287,40,2,12159.56,0.1
12436,505288,34,2,15395.87,0.0
12437,505288,188,1,6070.27,0.05
12438,505289,163,3,1143.45,0.05
12439,505289,23,2,45229.71,0.1
12440,505289,1,3,45769.48,0.1
12441,505289,52,4,43157.07,0.15
12442,505290,155,2,51623.31,0.0
12443,505291,16,3,17752.56,0.1
12444,505291,88,3,22349.99,0.15
12445,505292,56,4,31457.37,0.1
12446,505292,124,2,16664.22,0.1
12447,505292,63,3,14212.89,0.1
12448,505292,42,4,17076.73,0.1
12449,505293,72,4,33843.05,0.1
12450,505294,44,1,23585.72,0.2
12451,505294,96,1,33785.82,0.15
12452,505294,43,1,25517.07,0.1
12453,505294,154,3,24420.47,0.1
12454,505295,151,2,15178.52,0.1
12455,505295,12,4,8809.95,0.05
12456,505296,92,2,38084.76,0.0
12457,505296,179,3,47254.91,0.05
12458,505297,180,1,6088.9,0.15
12459,505297,191,4,39507.0,0.0
12460,505297,50,1,37071.05,0.0
12461,505298,143,1,8499.37,0.0
12462,505299,58,4,38058.28,0.1
12463,505299,62,2,3498.04,0.05
12464,505299,102,4,25753.85,0.1
12465,505300,1,2,45769.48,0.0
12466,505301,132,1,47935.67,0.05
12467,505301,40,4,12159.56,0.1
12468,505301,83,4,10948.99,0.1
12469,505302,11,3,10297.51,0.05
12470,505302,140,2,19515.46,0.0
12471,505303,115,4,2799.41,0.1
12472,505304,40,1,12159.56,0.1
12473,505305,156,1,9479.93,0.05
12474,505305,165,1,6409.81,0.05
12475,505306,89,3,2812.94,0.1
12476,505307,177,2,7521.62,0.0
12477,505307,153,4,34143.04,0.0
12478,505307,172,4,35356.68,0.1
12479,505308,118,4,47968.75,0.15
12480,505308,46,2,6300.09,0.0
12481,505308,9,2,26670.95,0.1
12482,505308,97,2,9014.15,0.0
12483,505308,151,1,15178.52,0.0
12484,505309,15,2,13558.11,0.0
12485,505310,192,3,906.98,0.15
12486,505310,67,1,32514.47,0.1
12487,505311,195,1,39570.05,0.1
12488,505311,29,3,40427.0,0.0
12489,505311,188,3,6070.27,0.0
12490,505311,147,2,51028.85,0.15
12491,505312,47,4,7728.9,0.0
12492,505312,81,4,15504.13,0.2
12493,505312,163,2,1143.45,0.1
12494,505312,115,2,2799.41,0.2
12495,505313,18,2,17846.96,0.05
12496,505314,63,3,14212.89,0.2
12497,505314,72,4,33843.05,0.2
12498,505314,94,4,30089.86,0.0
12499,505315,145,1,5674.44,0.0
12500,505316,122,4,7953.1,0.0
12501,505316,157,3,26053.23,0.0
12502,505316,61,3,23045.67,0.0
12503,505317,157,4,26053.23,0.1
12504,505317,66,4,7626.75,0.05
12505,505318,4,4,4600.28,0.1
12506,505319,188,3,6070.27,0.05
12507,505319,56,2,31457.37,0.1
12508,505320,177,4,7521.62,0.2
12509,505321,67,4,32514.47,0.15
12510,505321,107,3,13631.76,0.2
12511,505322,21,3,873.24,0.0
12512,505322,155,1,51623.31,0.1
12513,505323,181,3,20017.36,0.05
12514,505323,115,3,2799.41,0.0
12515,505323,11,1,10297.51,0.0
12516,505323,170,1,31500.56,0.1
12517,505323,64,1,23845.3,0.1
12518,505324,123,3,44154.33,0.0
12519,505324,35,1,3103.89,0.0
12520,505325,113,4,20936.8,0.05
12521,505325,184,3,46019.64,0.05
12522,505325,130,3,1826.9,0.15
12523,505326,112,4,22042.94,0.0
12524,505327,119,3,20465.15,0.15
12525,505327,156,3,9479.93,0.0
12526,505327,129,4,39450.63,0.1
12527,505327,145,3,5674.44,0.1
12528,505327,11,4,10297.51,0.1
12529,505328,4,2,4600.28,0.15
12530,505328,198,1,44779.95,0.1
12531,505329,132,4,47935.67,0.05
12532,505330,156,2,9479.93,0.05
12533,505330,171,3,22643.94,0.1
12534,505331,82,1,26994.56,0.2
12535,505331,96,2,33785.82,0.1
12536,505332,11,3,10297.51,0.0
12537,505333,200,4,20741.6,0.2
12538,505333,62,4,3498.04,0.0
12539,505334,67,4,32514.47,0.15
12540,505334,114,3,24883.58,0.0
12541,505335,24,3,29412.47,0.0
12542,505336,96,3,33785.82,0.0
12543,505336,19,4,21391.84,0.1
12544,505336,184,3,46019.64,0.05
12545,505337,72,1,33843.05,0.1
12546,505338,123,3,44154.33,0.0
12547,505339,172,1,35356.68,0.05
12548,505340,100,1,46791.69,0.15
12549,505340,108,1,22454.46,0.0
12550,505341,142,3,32662.03,0.1
12551,505342,161,1,45736.6,0.15
12552,505343,64,3,23845.3,0.05
12553,505344,46,2,6300.09,0.0
12554,505344,165,4,6409.81,0.2
12555,505344,101,4,36836.08,0.05
12556,505344,20,2,27803.61,0.1
12557,505344,4,4,4600.28,0.0
12558,505345,73,1,32339.91,0.05
12559,505346,32,3,30436.6,0.0
12560,505347,194,3,14529.69,0.1
12561,505347,38,3,33762.69,0.15
12562,505348,70,4,9185.74,0.1
12563,505348,9,2,26670.95,0.05
12564,505349,161,4,45736.6,0.1
12565,505350,20,3,27803.61,0.0
12566,505350,31,2,31665.76,0.15
12567,505350,11,3,10297.51,0.2
12568,505350,118,1,47968.75,0.1
12569,505351,50,3,37071.05,0.0
12570,505351,146,1,4466.06,0.05
12571,505351,163,4,1143.45,0.1
12572,505352,180,1,6088.9,0.15
12573,505352,15,3,13558.11,0.05
12574,505353,67,4,32514.47,0.1
12575,505353,87,4,3216.87,0.1
12576,505354,92,4,38084.76,0.0
12577,505354,175,4,7528.69,0.1
12578,505354,191,2,39507.0,0.0
12579,505355,183,3,2591.66,0.1
12580,505356,190,3,52000.43,0.1
12581,505356,48,1,32151.32,0.0
12582,505356,79,4,36534.8,0.1
12583,505356,92,4,38084.76,0.2
12584,505357,178,1,16239.3,0.0
12585,505358,12,1,8809.95,0.05
12586,505358,20,2,27803.61,0.1
12587,505359,35,1,3103.89,0.1
12588,505360,191,1,39507.0,0.0
12589,505360,103,3,33485.32,0.1
12590,505360,81,4,15504.13,0.05
12591,505361,115,2,2799.41,0.05
12592,505361,76,1,1551.17,0.15
12593,505361,163,4,1143.45,0.0
12594,505361,187,4,50291.33,0.0
12595,505362,102,2,25753.85,0.0
12596,505362,150,4,23255.73,0.05
12597,505363,83,3,10948.99,0.0
12598,505364,5,2,32053.9,0.05
12599,505364,25,4,28894.26,0.2
12600,505364,64,4,23845.3,0.1
12601,505365,155,1,51623.31,0.15
12602,505365,150,3,23255.73,0.0
12603,505365,39,3,42117.5,0.15
12604,505365,11,2,10297.51,0.15
12605,505365,16,3,17752.56,0.15
12606,505366,178,1,16239.3,0.1
12607,505367,94,1,30089.86,0.05
12608,505368,107,3,13631.76,0.15
12609,505368,60,1,42396.67,0.05
12610,505369,23,2,45229.71,0.1
12611,505369,29,2,40427.0,0.0
12612,505369,171,1,22643.94,0.1
12613,505370,91,1,37325.93,0.0
12614,505371,45,1,19474.91,0.15
12615,505372,167,3,1520.89,0.2
12616,505372,21,4,873.24,0.1
12617,505373,29,1,40427.0,0.0
12618,505373,193,1,1419.66,0.15
12619,505373,178,4,16239.3,0.2
12620,505374,114,2,24883.58,0.0
12621,505375,54,4,28353.11,0.0
12622,505375,56,2,31457.37,0.15
12623,505376,75,2,7343.48,0.1
12624,505376,163,2,1143.45,0.05
12625,505376,121,2,43178.12,0.0
12626,505377,55,1,45214.9,0.0
12627,505378,182,4,25258.66,0.1
12628,505378,62,4,3498.04,0.2
12629,505379,150,3,23255.73,0.05
12630,505379,60,1,42396.67,0.0
12631,505380,123,3,44154.33,0.1
12632,505380,133,2,18726.1,0.15
12633,505380,112,3,22042.94,0.05
12634,505381,59,3,542.46,0.15
12635,505381,94,4,30089.86,0.1
12636,505381,83,4,10948.99,0.15
12637,505382,166,4,16527.13,0.05
12638,505382,26,4,13443.96,0.0
12639,505382,60,1,42396.67,0.1
12640,505382,107,4,13631.76,0.1
12641,505383,114,3,24883.58,0.05
12642,505383,9,3,26670.95,0.05
12643,505384,53,1,41659.1,0.0
12644,505385,170,3,31500.56,0.05
12645,505385,87,3,3216.87,0.15
12646,505386,130,3,1826.9,0.05
12647,505386,152,2,47494.55,0.2
12648,505387,147,4,51028.85,0.0
12649,505387,182,4,25258.66,0.15
12650,505387,131,1,935.86,0.1
12651,505388,105,1,28367.27,0.2
12652,505388,94,3,30089.86,0.0
12653,505388,163,2,1143.45,0.0
12654,505388,59,2,542.46,0.1
12655,505388,17,4,17031.55,0.0
12656,505389,54,3,28353.11,0.1
12657,505389,86,1,25389.28,0.0
12658,505390,143,3,8499.37,0.0
12659,505390,79,3,36534.8,0.0
12660,505390,77,3,45039.66,0.05
12661,505391,79,3,36534.8,0.1
12662,505392,58,2,38058.28,0.05
12663,505392,26,2,13443.96,0.1
12664,505393,3,3,2440.7,0.1
12665,505393,198,2,44779.95,0.1
12666,505393,100,4,46791.69,0.05
12667,505394,20,2,27803.61,0.0
12668,505394,95,4,7858.6,0.05
12669,505394,35,2,3103.89,0.05
12670,505395,14,4,28958.7,0.0
12671,505395,177,1,7521.62,0.15
12672,505395,54,3,28353.11,0.0
12673,505395,156,4,9479.93,0.15
12674,505395,91,4,37325.93,0.1
12675,505396,92,3,38084.76,0.1
12676,505396,45,1,19474.91,0.15
12677,505396,39,1,42117.5,0.15
12678,505396,89,4,2812.94,0.05
12679,505396,192,2,906.98,0.15
12680,505397,153,1,34143.04,0.1
12681,505397,180,3,6088.9,0.15
12682,505398,50,4,37071.05,0.0
12683,505398,64,1,23845.3,0.15
12684,505398,104,2,17663.08,0.1
12685,505398,68,2,731.88,0.1
12686,505399,78,4,9475.8,0.2
12687,505399,142,1,32662.03,0.0
12688,505399,123,1,44154.33,0.1
12689,505400,101,2,36836.08,0.05
12690,505400,138,1,5148.37,0.0
12691,505401,129,4,39450.63,0.15
12692,505402,166,2,16527.13,0.0
12693,505402,159,4,25532.77,0.0
12694,505402,60,3,42396.67,0.2
12695,505402,198,2,44779.95,0.15
12696,505402,187,4,50291.33,0.0
12697,505403,153,3,34143.04,0.0
12698,505403,54,3,28353.11,0.05
12699,505403,2,2,42946.4,0.2
12700,505403,53,2,41659.1,0.0
12701,505403,194,4,14529.69,0.05
12702,505404,95,4,7858.6,0.05
12703,505404,155,4,51623.31,0.05
12704,505405,161,2,45736.6,0.2
12705,505405,164,4,54714.33,0.0
12706,505406,88,3,22349.99,0.05
12707,505407,108,2,22454.46,0.15
12708,505408,77,3,45039.66,0.0
12709,505408,192,1,906.98,0.15
12710,505408,116,3,16741.69,0.0
12711,505409,66,4,7626.75,0.05
12712,505409,92,1,38084.76,0.05
12713,505410,4,2,4600.28,0.05
12714,505410,16,4,17752.56,0.0
12715,505411,156,2,9479.93,0.0
12716,505411,119,3,20465.15,0.2
12717,505412,166,2,16527.13,0.0
12718,505412,137,3,11644.84,0.15
12719,505413,148,4,30748.98,0.2
12720,505413,36,4,32323.45,0.2
12721,505413,105,3,28367.27,0.0
12722,505414,8,1,16654.82,0.05
12723,505414,94,1,30089.86,0.15
12724,505414,51,4,42529.03,0.05
12725,505414,153,2,34143.04,0.05
12726,505415,16,4,17752.56,0.0
12727,505415,178,3,16239.3,0.1
12728,505416,86,3,25389.28,0.15
12729,505416,59,1,542.46,0.0
12730,505417,173,1,31442.32,0.15
12731,505418,147,1,51028.85,0.0
12732,505418,146,4,4466.06,0.15
12733,505418,64,2,23845.3,0.2
12734,505418,143,2,8499.37,0.1
12735,505419,43,4,25517.07,0.05
12736,505419,155,2,51623.31,0.0
12737,505419,142,1,32662.03,0.05
12738,505419,26,4,13443.96,0.1
12739,505420,10,4,34430.26,0.15
12740,505420,100,1,46791.69,0.1
12741,505421,124,3,16664.22,0.1
12742,505422,118,3,47968.75,0.0
12743,505422,165,3,6409.81,0.1
12744,505422,185,4,11835.89,0.1
12745,505423,181,3,20017.36,0.15
12746,505423,107,3,13631.76,0.05
12747,505423,32,2,30436.6,0.2
12748,505424,150,2,23255.73,0.15
12749,505424,160,1,24067.85,0.0
12750,505424,187,4,50291.33,0.1
12751,505425,67,1,32514.47,0.1
12752,505426,18,1,17846.96,0.1
12753,505426,53,2,41659.1,0.0
12754,505426,122,1,7953.1,0.0
12755,505426,127,2,16509.71,0.1
12756,505426,103,1,33485.32,0.1
12757,505427,51,4,42529.03,0.05
12758,505427,61,1,23045.67,0.1
12759,505428,174,4,3057.35,0.0
12760,505428,161,1,45736.6,0.1
12761,505429,131,3,935.86,0.0
12762,505430,77,4,45039.66,0.15
12763,505431,144,1,43009.16,0.05
12764,505432,195,4,39570.05,0.05
12765,505432,73,2,32339.91,0.2
12766,505433,165,1,6409.81,0.0
12767,505433,175,3,7528.69,0.1
12768,505433,134,4,24171.94,0.1
12769,505433,59,3,542.46,0.15
12770,505433,75,2,7343.48,0.05
12771,505434,187,4,50291.33,0.1
12772,505434,153,2,34143.04,0.1
12773,505434,23,1,45229.71,0.05
12774,505435,161,4,45736.6,0.0
12775,505435,198,3,44779.95,0.05
12776,505435,170,4,31500.56,0.2
12777,505435,134,2,24171.94,0.2
12778,505435,49,1,33529.65,0.15
12779,505436,12,1,8809.95,0.2
12780,505436,72,4,33843.05,0.05
12781,505436,111,2,41282.72,0.2
12782,505437,34,3,15395.87,0.0
12783,505438,141,1,9199.37,0.0
12784,505438,2,3,42946.4,0.1
12785,505438,157,4,26053.23,0.05
12786,505439,31,3,31665.76,0.05
12787,505439,157,2,26053.23,0.1
12788,505439,63,1,14212.89,0.1
12789,505440,8,2,16654.82,0.0
12790,505440,200,4,20741.6,0.05
12791,505440,10,4,34430.26,0.15
12792,505440,4,3,4600.28,0.1
12793,505441,78,2,9475.8,0.05
12794,505441,100,4,46791.69,0.0
12795,505442,29,1,40427.0,0.1
12796,505443,146,4,4466.06,0.1
12797,505443,165,1,6409.81,0.1
12798,505443,156,3,9479.93,0.2
12799,505444,160,3,24067.85,0.15
12800,505444,71,3,40831.91,0.0
12801,505444,28,3,34955.61,0.2
12802,505445,34,1,15395.87,0.0
12803,505445,171,3,22643.94,0.1
12804,505446,11,4,10297.51,0.0
12805,505447,78,1,9475.8,0.1
12806,505447,99,4,51437.59,0.2
12807,505448,97,3,9014.15,0.1
12808,505448,185,3,11835.89,0.1
12809,505448,64,2,23845.3,0.15
12810,505448,24,4,29412.47,0.05
12811,505449,24,3,29412.47,0.1
12812,505449,80,2,26747.7,0.0
12813,505450,88,2,22349.99,0.05
12814,505450,146,2,4466.06,0.0
12815,505450,60,1,42396.67,0.2
12816,505451,122,1,7953.1,0.15
12817,505452,36,3,32323.45,0.0
12818,505452,127,4,16509.71,0.15
12819,505453,111,4,41282.72,0.1
12820,505453,162,3,16150.96,0.05
12821,505454,57,4,1412.7,0.0
12822,505455,22,2,20749.3,0.0
12823,505455,84,4,26499.83,0.05
12824,505456,121,4,43178.12,0.2
12825,505456,58,3,38058.28,0.15
12826,505456,64,2,23845.3,0.0
12827,505457,9,1,26670.95,0.05
12828,505457,154,1,24420.47,0.0
12829,505458,114,2,24883.58,0.05
12830,505459,95,3,7858.6,0.0
12831,505459,24,2,29412.47,0.0
12832,505459,183,2,2591.66,0.0
12833,505460,84,4,26499.83,0.0
12834,505460,25,1,28894.26,0.05
12835,505461,60,1,42396.67,0.15
12836,505461,21,3,873.24,0.1
12837,505462,2,2,42946.4,0.0
12838,505462,35,1,3103.89,0.1
12839,505462,61,1,23045.67,0.05
12840,505463,17,2,17031.55,0.0
12841,505463,117,2,5573.85,0.1
12842,505464,195,3,39570.05,0.0
12843,505464,165,4,6409.81,0.05
12844,505465,55,2,45214.9,0.0
12845,505466,80,1,26747.7,0.1
12846,505466,182,3,25258.66,0.2
12847,505467,150,3,23255.73,0.0
12848,505468,133,2,18726.1,0.15
12849,505468,158,2,17301.25,0.1
12850,505468,42,1,17076.73,0.1
12851,505468,179,2,47254.91,0.05
12852,505469,9,4,26670.95,0.1
12853,505470,80,4,26747.7,0.0
12854,505470,135,1,25804.56,0.1
12855,505470,22,3,20749.3,0.0
12856,505471,5,1,32053.9,0.1
12857,505471,141,2,9199.37,0.15
12858,505471,47,2,7728.9,0.0
12859,505472,141,2,9199.37,0.05
12860,505472,43,4,25517.07,0.15
12861,505473,55,3,45214.9,0.1
12862,505474,103,3,33485.32,0.05
12863,505475,109,2,20240.83,0.15
12864,505476,64,3,23845.3,0.0
12865,505476,105,2,28367.27,0.05
12866,505476,67,3,32514.47,0.0
12867,505476,167,4,1520.89,0.05
12868,505477,64,4,23845.3,0.05
12869,505478,99,1,51437.59,0.15
12870,505478,158,4,17301.25,0.1
12871,505479,131,3,935.86,0.15
12872,505480,118,2,47968.75,0.05
12873,505480,68,1,731.88,0.1
12874,505480,151,4,15178.52,0.05
12875,505481,71,4,40831.91,0.15
12876,505481,175,2,7528.69,0.05
12877,505482,110,1,13452.58,0.1
12878,505482,41,4,790.54,0.0
12879,505483,176,2,42034.94,0.1
12880,505484,181,1,20017.36,0.2
12881,505484,45,4,19474.91,0.05
12882,505484,49,4,33529.65,0.05
12883,505484,102,2,25753.85,0.0
12884,505485,36,1,32323.45,0.1
12885,505485,89,4,2812.94,0.15
12886,505486,173,4,31442.32,0.1
12887,505487,51,1,42529.03,0.2
12888,505487,68,4,731.88,0.05
12889,505487,173,1,31442.32,0.0
12890,505488,144,2,43009.16,0.1
12891,505488,7,2,32012.11,0.1
12892,505488,57,2,1412.7,0.1
12893,505489,10,4,34430.26,0.0
12894,505489,186,4,13953.35,0.0
12895,505490,59,4,542.46,0.05
12896,505490,48,4,32151.32,0.15
12897,505490,93,4,33594.98,0.0
12898,505490,58,4,38058.28,0.05
12899,505490,45,4,19474.91,0.05
12900,505491,143,3,8499.37,0.2
12901,505492,57,3,1412.7,0.1
12902,505492,97,3,9014.15,0.15
12903,505492,50,1,37071.05,0.2
12904,505492,60,3,42396.67,0.1
12905,505493,98,3,35512.2,0.05
12906,505493,162,2,16150.96,0.05
12907,505493,158,1,17301.25,0.1
12908,505493,81,2,15504.13,0.1
12909,505494,103,4,33485.32,0.0
12910,505494,188,4,6070.27,0.0
12911,505495,65,1,26891.02,0.05
12912,505495,39,1,42117.5,0.0
12913,505496,49,4,33529.65,0.0
12914,505497,39,2,42117.5,0.0
12915,505498,108,4,22454.46,0.1
12916,505498,124,3,16664.22,0.1
12917,505499,67,1,32514.47,0.1
12918,505499,121,1,43178.12,0.1
12919,505499,135,4,25804.56,0.0
12920,505499,92,1,38084.76,0.0
12921,505500,43,3,25517.07,0.05
12922,505501,185,2,11835.89,0.05
12923,505501,76,4,1551.17,0.05
12924,505502,137,2,11644.84,0.1
12925,505503,141,1,9199.37,0.05
12926,505504,59,2,542.46,0.0
12927,505504,139,1,36696.68,0.0
12928,505505,62,3,3498.04,0.0
12929,505505,104,3,17663.08,0.1
12930,505505,76,2,1551.17,0.1
12931,505505,156,2,9479.93,0.0
12932,505505,85,3,30473.88,0.1
12933,505506,181,2,20017.36,0.0
12934,505507,135,1,25804.56,0.2
12935,505508,145,1,5674.44,0.15
12936,505509,76,3,1551.17,0.0
12937,505509,191,1,39507.0,0.1
12938,505510,76,2,1551.17,0.0
12939,505510,57,3,1412.7,0.1
12940,505511,65,1,26891.02,0.05
12941,505512,140,3,19515.46,0.15
12942,505513,13,3,41294.2,0.1
12943,505513,77,3,45039.66,0.05
12944,505514,8,4,16654.82,0.0
12945,505515,125,4,41076.3,0.05
12946,505515,63,1,14212.89,0.1
12947,505515,160,1,24067.85,0.2
12948,505516,36,3,32323.45,0.15
12949,505516,22,4,20749.3,0.0
12950,505516,65,4,26891.02,0.05
12951,505517,115,4,2799.41,0.05
12952,505517,160,1,24067.85,0.0
12953,505518,192,1,906.98,0.1
12954,505518,11,3,10297.51,0.0
12955,505519,91,1,37325.93,0.1
12956,505519,105,3,28367.27,0.15
12957,505520,74,1,9594.57,0.05
12958,505521,13,3,41294.2,0.0
12959,505521,51,3,42529.03,0.15
12960,505522,179,3,47254.91,0.0
12961,505522,200,3,20741.6,0.1
12962,505522,67,3,32514.47,0.1
12963,505523,120,1,14551.18,0.0
12964,505523,136,4,48294.58,0.0
12965,505524,50,4,37071.05,0.0
12966,505525,73,2,32339.91,0.0
12967,505526,193,3,1419.66,0.1
12968,505526,124,2,16664.22,0.05
12969,505527,181,1,20017.36,0.0
12970,505527,14,3,28958.7,0.05
12971,505528,42,1,17076.73,0.05
12972,505528,191,1,39507.0,0.05
12973,505528,51,4,42529.03,0.0
12974,505529,56,2,31457.37,0.1
12975,505530,199,2,40427.21,0.15
12976,505530,118,3,47968.75,0.2
12977,505530,141,3,9199.37,0.0
12978,505531,173,2,31442.32,0.1
12979,505531,65,2,26891.02,0.2
12980,505531,129,4,39450.63,0.1
12981,505531,176,3,42034.94,0.0
12982,505531,189,3,36176.21,0.0
12983,505532,144,1,43009.16,0.05
12984,505533,56,1,31457.37,0.15
12985,505533,182,1,25258.66,0.1
12986,505534,82,3,26994.56,0.1
12987,505534,14,4,28958.7,0.05
12988,505535,28,4,34955.61,0.05
12989,505535,193,2,1419.66,0.1
12990,505536,50,1,37071.05,0.0
12991,505536,113,3,20936.8,0.1
12992,505536,69,2,20234.72,0.1
12993,505536,151,2,15178.52,0.0
12994,505537,188,2,6070.27,0.0
12995,505537,12,3,8809.95,0.05
12996,505537,55,2,45214.9,0.0
12997,505537,140,2,19515.46,0.05
12998,505538,84,2,26499.83,0.1
12999,505538,173,1,31442.32,0.15
13000,505539,193,1,1419.66,0.05
13001,505539,141,2,9199.37,0.05
13002,505539,184,1,46019.64,0.1
13003,505540,136,2,48294.58,0.0
13004,505540,123,1,44154.33,0.05
13005,505541,95,3,7858.6,0.1
13006,505541,129,2,39450.63,0.1
13007,505541,87,2,3216.87,0.05
13008,505542,9,3,26670.95,0.0
13009,505542,131,4,935.86,0.15
13010,505542,151,2,15178.52,0.0
13011,505542,7,4,32012.11,0.0
13012,505543,187,4,50291.33,0.1
13013,505543,38,2,33762.69,0.05
13014,505543,80,1,26747.7,0.2
13015,505544,167,4,1520.89,0.1
13016,505545,155,4,51623.31,0.1
13017,505546,76,4,1551.17,0.1
13018,505546,159,1,25532.77,0.0
13019,505546,185,4,11835.89,0.1
13020,505547,107,2,13631.76,0.0
13021,505548,11,1,10297.51,0.15
13022,505548,191,1,39507.0,0.0
13023,505549,25,1,28894.26,0.1
13024,505549,168,3,9316.31,0.05
13025,505550,33,3,15090.93,0.0
13026,505550,53,1,41659.1,0.15
13027,505550,18,1,17846.96,0.0
13028,505551,45,3,19474.91,0.0
13029,505551,147,1,51028.85,0.1
13030,505551,4,3,4600.28,0.15
13031,505552,80,4,26747.7,0.2
13032,505553,154,1,24420.47,0.15
13033,505553,21,1,873.24,0.05
13034,505553,12,3,8809.95,0.1
13035,505554,48,2,32151.32,0.0
13036,505554,130,2,1826.9,0.15
13037,505554,5,4,32053.9,0.0
13038,505555,46,2,6300.09,0.15
13039,505556,34,1,15395.87,0.0
13040,505556,116,4,16741.69,0.05
13041,505557,128,1,39089.34,0.1
13042,505557,166,3,16527.13,0.0
13043,505557,131,4,935.86,0.0
13044,505558,73,2,32339.91,0.05
13045,505558,102,3,25753.85,0.0
13046,505559,173,2,31442.32,0.05
13047,505559,109,4,20240.83,0.1
13048,505560,172,3,35356.68,0.0
13049,505561,102,4,25753.85,0.0
13050,505561,72,2,33843.05,0.05
13051,505561,45,2,19474.91,0.1
13052,505562,148,3,30748.98,0.1
13053,505563,39,2,42117.5,0.1
13054,505563,184,1,46019.64,0.15
13055,505564,176,3,42034.94,0.2
13056,505564,18,3,17846.96,0.1
13057,505565,177,2,7521.62,0.05
13058,505566,30,3,8599.09,0.1
13059,505566,12,3,8809.95,0.0
13060,505567,119,1,20465.15,0.05
13061,505568,143,1,8499.37,0.0
13062,505569,89,3,2812.94,0.1
13063,505569,192,1,906.98,0.15
13064,505570,118,3,47968.75,0.15
13065,505570,104,1,17663.08,0.0
13066,505571,112,2,22042.94,0.0
13067,505571,199,2,40427.21,0.05
13068,505572,137,3,11644.84,0.15
13069,505573,182,1,25258.66,0.05
13070,505573,165,2,6409.81,0.1
13071,505574,190,2,52000.43,0.05
13072,505575,197,4,20725.99,0.05
13073,505576,80,3,26747.7,0.05
13074,505577,171,2,22643.94,0.15
13075,505578,197,1,20725.99,0.15
13076,505578,88,2,22349.99,0.05
13077,505579,14,3,28958.7,0.2
13078,505579,86,3,25389.28,0.15
13079,505579,147,4,51028.85,0.0
13080,505579,109,2,20240.83,0.0
13081,505580,98,1,35512.2,0.2
13082,505581,53,3,41659.1,0.1
13083,505581,78,2,9475.8,0.15
13084,505581,112,1,22042.94,0.1
13085,505582,118,2,47968.75,0.05
13086,505583,58,3,38058.28,0.15
13087,505583,74,1,9594.57,0.1
13088,505584,2,3,42946.4,0.1
13089,505584,27,1,52025.44,0.0
13090,505585,173,2,31442.32,0.0
13091,505586,48,1,32151.32,0.2
13092,505586,23,4,45229.71,0.1
13093,505586,182,1,25258.66,0.1
13094,505587,152,3,47494.55,0.15
13095,505588,154,1,24420.47,0.0
13096,505588,178,4,16239.3,0.0
13097,505588,124,4,16664.22,0.1
13098,505589,97,2,9014.15,0.1
13099,505589,59,4,542.46,0.05
13100,505590,196,4,8761.57,0.05
13101,505590,158,4,17301.25,0.05
13102,505590,121,2,43178.12,0.15
13103,505591,129,2,39450.63,0.0
13104,505592,60,1,42396.67,0.1
13105,505592,101,2,36836.08,0.0
13106,505593,46,2,6300.09,0.1
13107,505593,104,3,17663.08,0.1
13108,505593,186,1,13953.35,0.1
13109,505594,8,4,16654.82,0.0
13110,505594,181,4,20017.36,0.05
13111,505595,55,4,45214.9,0.05
13112,505595,170,4,31500.56,0.0
13113,505595,178,3,16239.3,0.1
13114,505596,10,1,34430.26,0.05
13115,505596,113,2,20936.8,0.0
13116,505597,170,1,31500.56,0.0
13117,505597,176,2,42034.94,0.1
13118,505597,67,3,32514.47,0.05
13119,505598,25,4,28894.26,0.0
13120,505598,180,3,6088.9,0.1
13121,505598,103,2,33485.32,0.15
13122,505599,34,1,15395.87,0.1
13123,505600,20,2,27803.61,0.0
13124,505600,136,2,48294.58,0.0
13125,505600,44,2,23585.72,0.1
13126,505600,9,1,26670.95,0.0
13127,505601,75,2,7343.48,0.05
13128,505601,195,2,39570.05,0.0
13129,505601,180,2,6088.9,0.05
13130,505602,100,1,46791.69,0.05
13131,505603,128,2,39089.34,0.0
13132,505604,122,1,7953.1,0.05
13133,505604,115,1,2799.41,0.15
13134,505604,48,4,32151.32,0.0
13135,505605,44,3,23585.72,0.15
13136,505605,137,3,11644.84,0.1
13137,505605,37,1,8747.32,0.1
13138,505606,27,2,52025.44,0.0
13139,505606,127,2,16509.71,0.2
13140,505606,73,2,32339.91,0.05
13141,505606,18,3,17846.96,0.1
13142,505607,189,1,36176.21,0.0
13143,505607,23,4,45229.71,0.0
13144,505607,66,1,7626.75,0.2
13145,505608,200,1,20741.6,0.15
13146,505609,69,3,20234.72,0.0
13147,505610,57,3,1412.7,0.0
13148,505610,178,3,16239.3,0.05
13149,505611,118,2,47968.75,0.0
13150,505611,81,4,15504.13,0.2
13151,505612,85,3,30473.88,0.1
13152,505612,122,4,7953.1,0.1
13153,505612,185,2,11835.89,0.05
13154,505612,177,3,7521.62,0.0
13155,505613,177,1,7521.62,0.2
13156,505613,101,2,36836.08,0.1
13157,505613,185,4,11835.89,0.2
13158,505614,163,1,1143.45,0.15
13159,505614,79,1,36534.8,0.05
13160,505614,16,2,17752.56,0.15
13161,505614,58,2,38058.28,0.2
13162,505615,35,3,3103.89,0.15
13163,505615,27,1,52025.44,0.05
13164,505615,26,3,13443.96,0.15
13165,505616,101,1,36836.08,0.0
13166,505616,110,1,13452.58,0.15
13167,505616,103,2,33485.32,0.1
13168,505617,94,4,30089.86,0.0
13169,505617,183,4,2591.66,0.05
13170,505618,107,2,13631.76,0.15
13171,505618,157,1,26053.23,0.15
13172,505619,57,4,1412.7,0.1
13173,505619,121,3,43178.12,0.05
13174,505620,200,1,20741.6,0.1
13175,505620,86,4,25389.28,0.2
13176,505620,196,4,8761.57,0.15
13177,505620,184,4,46019.64,0.0
13178,505621,155,1,51623.31,0.1
13179,505622,123,4,44154.33,0.0
13180,505622,99,4,51437.59,0.0
13181,505622,133,3,18726.1,0.05
13182,505622,96,1,33785.82,0.1
13183,505623,115,2,2799.41,0.1
13184,505623,12,3,8809.95,0.2
13185,505624,108,4,22454.46,0.15
13186,505624,52,2,43157.07,0.15
13187,505625,156,1,9479.93,0.0
13188,505626,69,3,20234.72,0.1
13189,505627,179,1,47254.91,0.15
13190,505627,121,2,43178.12,0.05
13191,505628,68,4,731.88,0.15
13192,505629,129,3,39450.63,0.0
13193,505630,83,2,10948.99,0.1
13194,505631,129,4,39450.63,0.1
13195,505631,96,3,33785.82,0.15
13196,505632,79,4,36534.8,0.0
13197,505632,54,4,28353.11,0.0
13198,505632,82,2,26994.56,0.1
13199,505632,120,1,14551.18,0.1
13200,505632,3,1,2440.7,0.1
13201,505633,82,1,26994.56,0.1
13202,505633,19,2,21391.84,0.0
13203,505634,102,2,25753.85,0.2
13204,505634,65,4,26891.02,0.15
13205,505635,4,1,4600.28,0.1
13206,505635,104,1,17663.08,0.15
13207,505635,93,3,33594.98,0.2
13208,505635,149,3,33795.66,0.15
13209,505635,160,2,24067.85,0.0
13210,505636,31,2,31665.76,0.2
13211,505636,52,1,43157.07,0.1
13212,505637,191,4,39507.0,0.0
13213,505637,116,2,16741.69,0.0
13214,505637,90,1,42489.82,0.1
13215,505637,48,4,32151.32,0.0
13216,505637,33,3,15090.93,0.05
13217,505638,22,4,20749.3,0.15
13218,505638,120,4,14551.18,0.0
13219,505638,138,1,5148.37,0.1
13220,505638,116,3,16741.69,0.1
13221,505638,19,2,21391.84,0.1
13222,505639,150,4,23255.73,0.1
13223,505639,148,2,30748.98,0.0
13224,505639,23,3,45229.71,0.1
13225,505640,197,3,20725.99,0.0
13226,505640,89,2,2812.94,0.15
13227,505641,156,3,9479.93,0.1
13228,505641,12,3,8809.95,0.2
13229,505641,3,2,2440.7,0.2
13230,505641,130,4,1826.9,0.15
13231,505642,87,1,3216.87,0.15
13232,505642,11,3,10297.51,0.05
13233,505643,141,3,9199.37,0.05
13234,505643,186,1,13953.35,0.1
13235,505644,171,3,22643.94,0.0
13236,505645,160,3,24067.85,0.1
13237,505646,42,2,17076.73,0.15
13238,505647,163,4,1143.45,0.0
13239,505647,94,3,30089.86,0.1
13240,505647,131,2,935.86,0.05
13241,505647,107,2,13631.76,0.15
13242,505648,15,4,13558.11,0.1
13243,505649,136,2,48294.58,0.0
13244,505649,63,4,14212.89,0.0
13245,505650,12,3,8809.95,0.0
13246,505650,194,1,14529.69,0.2
13247,505651,143,3,8499.37,0.1
13248,505651,74,3,9594.57,0.1
13249,505652,2,3,42946.4,0.1
13250,505652,189,4,36176.21,0.15
13251,505652,21,1,873.24,0.0
13252,505652,8,4,16654.82,0.2
13253,505653,156,2,9479.93,0.0
13254,505653,166,3,16527.13,0.1
13255,505653,103,1,33485.32,0.0
13256,505653,73,4,32339.91,0.1
13257,505654,44,4,23585.72,0.0
13258,505654,177,2,7521.62,0.1
13259,505654,49,1,33529.65,0.0
13260,505655,43,4,25517.07,0.1
13261,505655,49,1,33529.65,0.1
13262,505655,34,1,15395.87,0.1
13263,505656,103,2,33485.32,0.0
13264,505656,167,4,1520.89,0.1
13265,505656,10,1,34430.26,0.1
13266,505657,105,4,28367.27,0.15
13267,505657,131,3,935.86,0.05
13268,505658,136,1,48294.58,0.05
13269,505658,132,4,47935.67,0.1
13270,505659,108,3,22454.46,0.1
13271,505660,183,4,2591.66,0.05
13272,505661,31,2,31665.76,0.15
13273,505661,136,4,48294.58,0.0
13274,505661,5,2,32053.9,0.05
13275,505661,48,1,32151.32,0.0
13276,505662,33,4,15090.93,0.0
13277,505662,149,3,33795.66,0.1
13278,505662,48,4,32151.32,0.15
13279,505663,73,1,32339.91,0.05
13280,505663,32,1,30436.6,0.15
13281,505664,179,2,47254.91,0.05
13282,505665,74,4,9594.57,0.1
13283,505665,53,4,41659.1,0.05
13284,505665,100,1,46791.69,0.0
13285,505666,8,3,16654.82,0.15
13286,505666,53,4,41659.1,0.1
13287,505666,2,1,42946.4,0.05
13288,505666,152,4,47494.55,0.0
13289,505666,109,4,20240.83,0.05
13290,505667,158,1,17301.25,0.1
13291,505667,67,1,32514.47,0.0
13292,505667,162,2,16150.96,0.2
13293,505667,46,1,6300.09,0.05
13294,505668,82,4,26994.56,0.0
13295,505668,112,2,22042.94,0.05
13296,505668,178,1,16239.3,0.0
13297,505669,167,2,1520.89,0.15
13298,505669,39,3,42117.5,0.15
13299,505669,46,2,6300.09,0.2
13300,505670,162,4,16150.96,0.15
13301,505671,155,4,51623.31,0.0
13302,505672,51,1,42529.03,0.0
13303,505673,135,2,25804.56,0.1
13304,505673,57,1,1412.7,0.0
13305,505674,161,3,45736.6,0.0
13306,505674,11,2,10297.51,0.1
13307,505674,197,3,20725.99,0.1
13308,505674,173,4,31442.32,0.15
13309,505675,101,1,36836.08,0.1
13310,505675,126,1,4890.52,0.1
13311,505675,67,1,32514.47,0.15
13312,505675,88,1,22349.99,0.05
13313,505676,177,1,7521.62,0.1
13314,505676,41,3,790.54,0.0
13315,505677,31,3,31665.76,0.15
13316,505677,105,2,28367.27,0.1
13317,505678,163,2,1143.45,0.15
13318,505678,161,3,45736.6,0.0
13319,505679,172,1,35356.68,0.2
13320,505679,190,1,52000.43,0.2
13321,505680,192,2,906.98,0.0
13322,505680,69,2,20234.72,0.05
13323,505680,110,2,13452.58,0.0
13324,505681,89,2,2812.94,0.0
13325,505681,191,4,39507.0,0.0
13326,505681,159,2,25532.77,0.1
13327,505682,40,2,12159.56,0.0
13328,505682,123,2,44154.33,0.0
13329,505682,7,4,32012.11,0.2
13330,505682,159,3,25532.77,0.05
13331,505683,63,4,14212.89,0.1
13332,505683,105,1,28367.27,0.05
13333,505684,5,1,32053.9,0.0
13334,505684,89,4,2812.94,0.1
13335,505684,11,3,10297.51,0.0
13336,505685,1,2,45769.48,0.2
13337,505685,15,3,13558.11,0.15
13338,505685,65,2,26891.02,0.05
13339,505685,18,1,17846.96,0.2
13340,505685,153,3,34143.04,0.1
13341,505686,21,1,873.24,0.0
13342,505686,51,2,42529.03,0.0
13343,505686,191,4,39507.0,0.1
13344,505687,138,4,5148.37,0.2
13345,505688,114,2,24883.58,0.15
13346,505688,188,2,6070.27,0.0
13347,505689,85,2,30473.88,0.0
13348,505690,82,4,26994.56,0.0
13349,505691,21,4,873.24,0.2
13350,505691,189,4,36176.21,0.05
13351,505692,200,4,20741.6,0.0
13352,505692,167,1,1520.89,0.0
13353,505692,145,2,5674.44,0.1
13354,505693,117,3,5573.85,0.1
13355,505694,122,1,7953.1,0.05
13356,505694,157,4,26053.23,0.05
13357,505695,181,2,20017.36,0.0
13358,505695,2,4,42946.4,0.1
13359,505696,99,1,51437.59,0.2
13360,505696,13,2,41294.2,0.1
13361,505696,87,1,3216.87,0.05
13362,505696,66,4,7626.75,0.1
13363,505697,114,3,24883.58,0.0
13364,505698,199,1,40427.21,0.0
13365,505699,11,4,10297.51,0.05
13366,505699,57,2,1412.7,0.0
13367,505699,136,1,48294.58,0.1
13368,505700,45,4,19474.91,0.15
13369,505700,89,3,2812.94,0.1
13370,505701,190,3,52000.43,0.15
13371,505702,60,2,42396.67,0.1
13372,505702,38,3,33762.69,0.05
13373,505702,169,4,42129.24,0.15
13374,505703,139,3,36696.68,0.15
13375,505703,50,2,37071.05,0.15
13376,505704,112,4,22042.94,0.0
13377,505704,188,4,6070.27,0.0
13378,505705,98,3,35512.2,0.2
13379,505705,177,4,7521.62,0.1
13380,505705,107,3,13631.76,0.05
13381,505706,79,4,36534.8,0.0
13382,505707,110,2,13452.58,0.0
13383,505708,53,2,41659.1,0.05
13384,505708,76,4,1551.17,0.05
13385,505709,61,3,23045.67,0.1
13386,505710,15,4,13558.11,0.15
13387,505711,80,2,26747.7,0.0
13388,505711,56,2,31457.37,0.0
13389,505712,186,2,13953.35,0.15
13390,505712,50,4,37071.05,0.1
13391,505713,103,1,33485.32,0.15
13392,505713,175,1,7528.69,0.2
13393,505713,121,3,43178.12,0.0
13394,505713,163,3,1143.45,0.1
13395,505714,58,3,38058.28,0.0
13396,505714,57,3,1412.7,0.1
13397,505715,82,3,26994.56,0.2
13398,505715,41,4,790.54,0.1
13399,505715,20,3,27803.61,0.1
13400,505715,31,4,31665.76,0.2
13401,505716,50,4,37071.05,0.0
13402,505716,148,3,30748.98,0.0
13403,505717,143,3,8499.37,0.15
13404,505717,146,4,4466.06,0.0
13405,505718,76,4,1551.17,0.05
13406,505718,62,3,3498.04,0.05
13407,505719,187,3,50291.33,0.0
13408,505720,49,3,33529.65,0.1
13409,505721,78,1,9475.8,0.1
13410,505722,116,2,16741.69,0.0
13411,505722,54,4,28353.11,0.0
13412,505722,91,3,37325.93,0.2
13413,505723,108,1,22454.46,0.2
13414,505723,8,1,16654.82,0.0
13415,505724,190,3,52000.43,0.2
13416,505725,76,3,1551.17,0.15
13417,505725,199,3,40427.21,0.1
13418,505725,55,4,45214.9,0.05
13419,505726,161,4,45736.6,0.05
13420,505727,3,2,2440.7,0.1
13421,505727,8,1,16654.82,0.15
13422,505727,194,1,14529.69,0.0
13423,505727,62,3,3498.04,0.0
13424,505728,177,4,7521.62,0.2
13425,505728,138,2,5148.37,0.05
13426,505728,146,4,4466.06,0.1
13427,505728,63,3,14212.89,0.1
13428,505729,103,2,33485.32,0.05
13429,505729,4,4,4600.28,0.0
13430,505730,102,3,25753.85,0.0
13431,505731,154,3,24420.47,0.05
13432,505731,134,2,24171.94,0.1
13433,505731,185,2,11835.89,0.05
13434,505731,167,2,1520.89,0.05
13435,505731,142,4,32662.03,0.15
13436,505732,116,1,16741.69,0.0
13437,505732,15,1,13558.11,0.0
13438,505732,188,4,6070.27,0.15
13439,505733,119,4,20465.15,0.0
13440,505733,160,1,24067.85,0.1
13441,505733,122,3,7953.1,0.1
13442,505733,41,4,790.54,0.1
13443,505734,172,3,35356.68,0.1
13444,505735,114,4,24883.58,0.1
13445,505735,15,4,13558.11,0.05
13446,505736,44,3,23585.72,0.2
13447,505737,113,4,20936.8,0.15
13448,505737,37,4,8747.32,0.15
13449,505738,74,1,9594.57,0.2
13450,505739,149,2,33795.66,0.05
13451,505739,102,2,25753.85,0.0
13452,505739,182,2,25258.66,0.0
13453,505740,115,1,2799.41,0.1
13454,505740,53,2,41659.1,0.2
13455,505741,51,2,42529.03,0.2
13456,505741,84,3,26499.83,0.1
13457,505741,69,4,20234.72,0.1
13458,505742,199,2,40427.21,0.1
13459,505743,154,4,24420.47,0.05
13460,505743,109,3,20240.83,0.2
13461,505743,79,1,36534.8,0.0
13462,505743,37,4,8747.32,0.0
13463,505743,7,2,32012.11,0.0
13464,505744,188,1,6070.27,0.1
13465,505744,86,2,25389.28,0.05
13466,505745,171,4,22643.94,0.1
13467,505745,152,3,47494.55,0.0
13468,505745,102,4,25753.85,0.05
13469,505745,85,4,30473.88,0.05
13470,505745,80,4,26747.7,0.1
13471,505746,37,3,8747.32,0.0
13472,505746,120,3,14551.18,0.15
13473,505746,167,1,1520.89,0.15
13474,505747,58,3,38058.28,0.05
13475,505748,22,4,20749.3,0.1
13476,505748,88,2,22349.99,0.0
13477,505748,196,2,8761.57,0.05
13478,505749,4,2,4600.28,0.0
13479,505749,95,3,7858.6,0.1
13480,505750,158,4,17301.25,0.1
13481,505751,33,2,15090.93,0.2
13482,505752,186,1,13953.35,0.05
13483,505752,94,4,30089.86,0.15
13484,505752,109,4,20240.83,0.2
13485,505752,55,3,45214.9,0.15
13486,505752,62,4,3498.04,0.15
13487,505753,170,2,31500.56,0.1
13488,505753,143,1,8499.37,0.0
13489,505753,9,4,26670.95,0.2
13490,505753,90,1,42489.82,0.1
13491,505753,62,3,3498.04,0.1
13492,505754,44,1,23585.72,0.0
13493,505754,93,2,33594.98,0.05
13494,505755,71,4,40831.91,0.1
13495,505756,24,3,29412.47,0.0
13496,505756,72,3,33843.05,0.1
13497,505757,32,4,30436.6,0.15
13498,505758,94,3,30089.86,0.2
13499,505758,141,1,9199.37,0.0
13500,505759,22,3,20749.3,0.0
13501,505759,65,2,26891.02,0.2
13502,505760,5,4,32053.9,0.05
13503,505760,182,2,25258.66,0.05
13504,505761,164,4,54714.33,0.1
13505,505761,76,3,1551.17,0.05
13506,505761,70,3,9185.74,0.05
13507,505762,32,3,30436.6,0.0
13508,505762,49,1,33529.65,0.1
13509,505762,130,3,1826.9,0.1
13510,505762,172,3,35356.68,0.0
13511,505762,105,4,28367.27,0.0
13512,505763,147,3,51028.85,0.0
13513,505764,42,2,17076.73,0.1
13514,505764,102,2,25753.85,0.0
13515,505765,155,3,51623.31,0.15
13516,505765,72,2,33843.05,0.15
13517,505766,52,3,43157.07,0.1
13518,505767,192,1,906.98,0.15
13519,505767,44,4,23585.72,0.0
13520,505768,45,2,19474.91,0.1
13521,505769,161,2,45736.6,0.0
13522,505770,182,1,25258.66,0.0
13523,505770,89,4,2812.94,0.05
13524,505770,116,3,16741.69,0.05
13525,505771,167,4,1520.89,0.05
13526,505771,39,1,42117.5,0.05
13527,505772,193,3,1419.66,0.05
13528,505772,191,1,39507.0,0.05
13529,505772,128,4,39089.34,0.0
13530,505773,102,4,25753.85,0.15
13531,505774,122,3,7953.1,0.1
13532,505774,53,2,41659.1,0.0
13533,505774,123,4,44154.33,0.1
13534,505775,110,2,13452.58,0.1
13535,505775,75,2,7343.48,0.1
13536,505775,196,2,8761.57,0.0
13537,505776,26,1,13443.96,0.15
13538,505776,164,4,54714.33,0.05
13539,505776,143,2,8499.37,0.1
13540,505776,114,2,24883.58,0.0
13541,505777,126,2,4890.52,0.0
13542,505778,24,3,29412.47,0.1
13543,505778,27,2,52025.44,0.1
13544,505779,86,4,25389.28,0.0
13545,505779,116,2,16741.69,0.2
13546,505779,47,2,7728.9,0.1
13547,505779,154,4,24420.47,0.0
13548,505780,192,2,906.98,0.1
13549,505781,136,2,48294.58,0.0
13550,505782,145,4,5674.44,0.05
13551,505782,102,4,25753.85,0.05
13552,505783,76,1,1551.17,0.0
13553,505783,173,2,31442.32,0.1
13554,505783,56,4,31457.37,0.1
13555,505783,171,2,22643.94,0.1
13556,505783,80,2,26747.7,0.0
13557,505784,161,4,45736.6,0.1
13558,505785,98,1,35512.2,0.15
13559,505786,56,2,31457.37,0.2
13560,505786,96,1,33785.82,0.1
13561,505786,46,4,6300.09,0.1
13562,505786,106,2,49815.63,0.15
13563,505786,168,1,9316.31,0.0
13564,505787,81,4,15504.13,0.05
13565,505787,123,1,44154.33,0.0
13566,505788,65,4,26891.02,0.15
13567,505789,148,1,30748.98,0.0
13568,505789,162,2,16150.96,0.1
13569,505790,187,3,50291.33,0.1
13570,505791,55,4,45214.9,0.05
13571,505791,104,3,17663.08,0.1
13572,505792,73,1,32339.91,0.15
13573,505793,4,4,4600.28,0.0
13574,505793,161,4,45736.6,0.1
13575,505794,76,2,1551.17,0.0
13576,505794,48,4,32151.32,0.0
13577,505794,69,2,20234.72,0.0
13578,505795,166,1,16527.13,0.1
13579,505796,175,4,7528.69,0.05
13580,505796,58,1,38058.28,0.15
13581,505797,52,4,43157.07,0.1
13582,505797,141,3,9199.37,0.15
13583,505797,191,2,39507.0,0.05
13584,505797,147,1,51028.85,0.0
13585,505797,161,2,45736.6,0.15
13586,505798,89,4,2812.94,0.0
13587,505798,60,1,42396.67,0.0
13588,505799,111,2,41282.72,0.05
13589,505799,137,2,11644.84,0.05
13590,505799,38,4,33762.69,0.15
13591,505799,108,2,22454.46,0.1
13592,505799,145,4,5674.44,0.1
13593,505800,136,1,48294.58,0.0
13594,505800,103,4,33485.32,0.0
13595,505800,194,3,14529.69,0.1
13596,505800,153,2,34143.04,0.05
13597,505800,55,3,45214.9,0.2
13598,505801,171,2,22643.94,0.0
13599,505802,89,3,2812.94,0.1
13600,505802,107,2,13631.76,0.1
13601,505803,152,3,47494.55,0.05
13602,505803,23,1,45229.71,0.0
13603,505803,24,3,29412.47,0.0
13604,505803,97,4,9014.15,0.1
13605,505804,107,3,13631.76,0.1
13606,505804,130,2,1826.9,0.05
13607,505804,27,3,52025.44,0.2
13608,505805,139,3,36696.68,0.1
13609,505805,66,1,7626.75,0.15
13610,505805,180,2,6088.9,0.05
13611,505806,176,4,42034.94,0.05
13612,505807,163,2,1143.45,0.15
13613,505807,57,1,1412.7,0.05
13614,505807,107,3,13631.76,0.05
13615,505807,129,1,39450.63,0.0
13616,505808,86,1,25389.28,0.05
13617,505809,100,2,46791.69,0.15
13618,505809,191,3,39507.0,0.05
13619,505809,19,3,21391.84,0.0
13620,505810,169,2,42129.24,0.1
13621,505810,57,2,1412.7,0.1
13622,505810,100,4,46791.69,0.0
13623,505810,124,2,16664.22,0.05
13624,505811,15,4,13558.11,0.1
13625,505811,109,3,20240.83,0.1
13626,505812,196,1,8761.57,0.0
13627,505812,114,3,24883.58,0.0
13628,505813,97,2,9014.15,0.0
13629,505813,96,2,33785.82,0.05
13630,505813,82,1,26994.56,0.1
13631,505814,2,1,42946.4,0.0
13632,505814,147,2,51028.85,0.15
13633,505814,38,2,33762.69,0.05
13634,505814,137,2,11644.84,0.1
13635,505815,151,4,15178.52,0.15
13636,505815,28,3,34955.61,0.05
13637,505816,197,4,20725.99,0.1
13638,505816,185,1,11835.89,0.0
13639,505817,166,2,16527.13,0.0
13640,505818,148,4,30748.98,0.15
13641,505819,13,3,41294.2,0.1
13642,505820,35,1,3103.89,0.05
13643,505820,167,4,1520.89,0.0
13644,505821,88,2,22349.99,0.1
13645,505821,44,1,23585.72,0.1
13646,505822,185,1,11835.89,0.0
13647,505823,4,4,4600.28,0.1
13648,505824,184,4,46019.64,0.0
13649,505825,28,1,34955.61,0.05
13650,505825,172,2,35356.68,0.1
13651,505825,136,4,48294.58,0.0
13652,505825,29,1,40427.0,0.05
13653,505826,154,2,24420.47,0.0
13654,505827,40,1,12159.56,0.15
13655,505827,58,2,38058.28,0.1
13656,505828,150,1,23255.73,0.1
13657,505828,182,4,25258.66,0.1
13658,505828,41,3,790.54,0.1
13659,505829,138,3,5148.37,0.15
13660,505829,7,4,32012.11,0.0
13661,505829,178,2,16239.3,0.15
13662,505829,25,3,28894.26,0.1
13663,505830,60,4,42396.67,0.0
13664,505830,152,1,47494.55,0.15
13665,505830,29,4,40427.0,0.05
13666,505831,90,3,42489.82,0.0
13667,505832,68,2,731.88,0.05
13668,505833,107,2,13631.76,0.0
13669,505834,172,2,35356.68,0.1
13670,505834,179,4,47254.91,0.2
13671,505834,34,3,15395.87,0.1
13672,505835,181,2,20017.36,0.0
13673,505836,77,3,45039.66,0.05
13674,505836,86,2,25389.28,0.0
13675,505837,76,1,1551.17,0.15
13676,505838,159,4,25532.77,0.0
13677,505838,179,2,47254.91,0.0
13678,505839,101,2,36836.08,0.0
13679,505839,190,1,52000.43,0.0
13680,505840,74,3,9594.57,0.1
13681,505840,197,1,20725.99,0.1
13682,505841,70,2,9185.74,0.15
13683,505842,54,2,28353.11,0.0
13684,505842,94,1,30089.86,0.1
13685,505843,26,3,13443.96,0.1
13686,505844,99,2,51437.59,0.0
13687,505844,96,4,33785.82,0.05
13688,505845,143,1,8499.37,0.1
13689,505845,9,1,26670.95,0.1
13690,505845,160,2,24067.85,0.0
13691,505846,176,3,42034.94,0.05
13692,505846,96,1,33785.82,0.1
13693,505847,98,1,35512.2,0.0
13694,505848,161,3,45736.6,0.05
13695,505848,27,1,52025.44,0.05
13696,505849,89,4,2812.94,0.0
13697,505849,104,2,17663.08,0.15
13698,505850,128,3,39089.34,0.0
13699,505850,194,4,14529.69,0.05
13700,505851,161,1,45736.6,0.1
13701,505852,100,2,46791.69,0.1
13702,505852,31,1,31665.76,0.0
13703,505852,74,2,9594.57,0.15
13704,505852,136,3,48294.58,0.1
13705,505852,73,2,32339.91,0.05
13706,505853,196,2,8761.57,0.1
13707,505853,164,3,54714.33,0.05
13708,505854,80,3,26747.7,0.0
13709,505854,12,3,8809.95,0.0
13710,505855,88,3,22349.99,0.05
13711,505856,96,1,33785.82,0.2
13712,505856,102,4,25753.85,0.0
13713,505856,27,1,52025.44,0.05
13714,505857,183,1,2591.66,0.1
13715,505858,86,2,25389.28,0.1
13716,505858,33,3,15090.93,0.05
13717,505858,79,2,36534.8,0.15
13718,505859,56,3,31457.37,0.1
13719,505860,130,1,1826.9,0.2
13720,505861,43,3,25517.07,0.0
13721,505861,182,4,25258.66,0.0
13722,505861,10,2,34430.26,0.15
13723,505862,170,2,31500.56,0.0
13724,505862,66,1,7626.75,0.1
13725,505863,171,2,22643.94,0.1
13726,505864,158,2,17301.25,0.1
13727,505864,135,4,25804.56,0.05
13728,505864,93,3,33594.98,0.05
13729,505865,188,2,6070.27,0.05
13730,505865,20,4,27803.61,0.05
13731,505865,21,4,873.24,0.0
13732,505865,8,4,16654.82,0.15
13733,505865,103,1,33485.32,0.2
13734,505866,186,1,13953.35,0.1
13735,505866,192,3,906.98,0.05
13736,505867,106,4,49815.63,0.0
13737,505867,98,1,35512.2,0.0
13738,505867,163,1,1143.45,0.15
13739,505868,162,1,16150.96,0.1
13740,505868,129,1,39450.63,0.05
13741,505869,157,4,26053.23,0.0
13742,505869,108,2,22454.46,0.0
13743,505870,188,1,6070.27,0.05
13744,505870,106,3,49815.63,0.1
13745,505870,63,1,14212.89,0.1
13746,505871,167,4,1520.89,0.0
13747,505871,158,1,17301.25,0.0
13748,505871,41,1,790.54,0.1
13749,505872,145,4,5674.44,0.05
13750,505872,40,3,12159.56,0.05
13751,505873,86,1,25389.28,0.2
13752,505874,50,2,37071.05,0.1
13753,505874,143,2,8499.37,0.1
13754,505875,149,4,33795.66,0.15
13755,505875,104,2,17663.08,0.2
13756,505875,153,3,34143.04,0.1
13757,505876,13,2,41294.2,0.05
13758,505876,112,2,22042.94,0.05
13759,505877,17,4,17031.55,0.1
13760,505878,88,3,22349.99,0.1
13761,505878,194,4,14529.69,0.0
13762,505879,1,3,45769.48,0.2
13763,505879,58,3,38058.28,0.15
13764,505879,51,4,42529.03,0.1
13765,505880,70,3,9185.74,0.0
13766,505881,44,2,23585.72,0.0
13767,505881,42,1,17076.73,0.1
13768,505881,89,2,2812.94,0.05
13769,505881,138,1,5148.37,0.15
13770,505882,75,3,7343.48,0.2
13771,505882,5,1,32053.9,0.1
13772,505883,189,1,36176.21,0.0
13773,505883,195,4,39570.05,0.0
13774,505883,140,3,19515.46,0.15
13775,505884,102,1,25753.85,0.0
13776,505884,93,1,33594.98,0.05
13777,505885,23,3,45229.71,0.1
13778,505885,197,2,20725.99,0.2
13779,505886,9,3,26670.95,0.1
13780,505886,7,4,32012.11,0.05
13781,505886,1,3,45769.48,0.1
13782,505886,187,3,50291.33,0.0
13783,505886,41,4,790.54,0.0
13784,505887,68,2,731.88,0.15
13785,505887,109,4,20240.83,0.1
13786,505888,152,2,47494.55,0.1
13787,505889,136,3,48294.58,0.15
13788,505889,30,4,8599.09,0.05
13789,505889,84,3,26499.83,0.05
13790,505889,174,2,3057.35,0.15
13791,505889,6,1,15719.14,0.1
13792,505890,181,1,20017.36,0.0
13793,505890,18,1,17846.96,0.0
13794,505891,141,1,9199.37,0.05
13795,505891,108,1,22454.46,0.2
13796,505891,125,3,41076.3,0.1
13797,505892,123,1,44154.33,0.15
13798,505893,16,3,17752.56,0.0
13799,505893,116,4,16741.69,0.0
13800,505893,150,3,23255.73,0.1
13801,505893,138,4,5148.37,0.1
13802,505894,72,3,33843.05,0.05
13803,505894,175,1,7528.69,0.1
13804,505894,71,4,40831.91,0.0
13805,505894,137,3,11644.84,0.05
13806,505894,146,4,4466.06,0.1
13807,505895,54,1,28353.11,0.0
13808,505895,123,4,44154.33,0.15
13809,505896,58,4,38058.28,0.0
13810,505897,198,2,44779.95,0.05
13811,505897,168,4,9316.31,0.2
13812,505898,86,2,25389.28,0.05
13813,505899,24,1,29412.47,0.1
13814,505899,164,2,54714.33,0.05
13815,505900,106,1,49815.63,0.15
13816,505900,2,1,42946.4,0.15
13817,505900,41,1,790.54,0.1
13818,505901,178,2,16239.3,0.15
13819,505902,133,4,18726.1,0.05
13820,505902,88,1,22349.99,0.15
13821,505902,106,1,49815.63,0.2
13822,505902,142,1,32662.03,0.1
13823,505902,22,4,20749.3,0.1
13824,505903,153,1,34143.04,0.2
13825,505903,180,3,6088.9,0.0
13826,505903,51,3,42529.03,0.0
13827,505904,183,2,2591.66,0.1
13828,505904,39,1,42117.5,0.0
13829,505905,196,4,8761.57,0.15
13830,505905,115,3,2799.41,0.1
13831,505906,58,2,38058.28,0.1
13832,505906,183,4,2591.66,0.1
13833,505906,39,4,42117.5,0.0
13834,505906,185,3,11835.89,0.1
13835,505907,19,4,21391.84,0.0
13836,505907,129,1,39450.63,0.15
13837,505908,167,1,1520.89,0.1
13838,505908,116,2,16741.69,0.0
13839,505908,133,1,18726.1,0.15
13840,505908,2,4,42946.4,0.15
13841,505908,58,1,38058.28,0.1
13842,505909,82,4,26994.56,0.0
13843,505910,102,1,25753.85,0.05
13844,505911,168,1,9316.31,0.1
13845,505911,94,1,30089.86,0.1
13846,505912,61,2,23045.67,0.2
13847,505913,69,3,20234.72,0.15
13848,505913,44,2,23585.72,0.05
13849,505914,144,3,43009.16,0.0
13850,505914,156,3,9479.93,0.1
13851,505915,162,2,16150.96,0.0
13852,505916,72,2,33843.05,0.05
13853,505917,8,1,16654.82,0.0
13854,505918,14,3,28958.7,0.05
13855,505919,60,3,42396.67,0.1
13856,505920,175,4,7528.69,0.05
13857,505921,18,4,17846.96,0.1
13858,505921,61,2,23045.67,0.05
13859,505921,100,3,46791.69,0.15
13860,505921,117,3,5573.85,0.15
13861,505921,143,3,8499.37,0.0
13862,505922,146,2,4466.06,0.1
13863,505923,44,4,23585.72,0.15
13864,505924,147,2,51028.85,0.2
13865,505924,121,2,43178.12,0.1
13866,505924,149,2,33795.66,0.2
13867,505924,100,1,46791.69,0.0
13868,505924,17,1,17031.55,0.1
13869,505925,25,2,28894.26,0.1
13870,505925,7,3,32012.11,0.05
13871,505925,70,4,9185.74,0.1
13872,505926,83,4,10948.99,0.05
13873,505927,141,2,9199.37,0.1
13874,505927,100,1,46791.69,0.0
13875,505927,2,4,42946.4,0.0
13876,505927,88,1,22349.99,0.05
13877,505928,25,3,28894.26,0.1
13878,505928,155,1,51623.31,0.2
13879,505928,64,3,23845.3,0.1
13880,505928,135,4,25804.56,0.1
13881,505929,118,2,47968.75,0.05
13882,505929,171,4,22643.94,0.2
13883,505929,5,2,32053.9,0.0
13884,505930,153,2,34143.04,0.05
13885,505930,139,4,36696.68,0.15
13886,505931,95,3,7858.6,0.1
13887,505931,141,3,9199.37,0.0
13888,505932,150,2,23255.73,0.1
13889,505932,196,2,8761.57,0.1
13890,505932,174,2,3057.35,0.0
13891,505932,176,4,42034.94,0.0
13892,505932,125,3,41076.3,0.05
13893,505933,179,2,47254.91,0.2
13894,505933,103,3,33485.32,0.2
13895,505934,176,2,42034.94,0.15
13896,505934,194,2,14529.69,0.05
13897,505934,150,4,23255.73,0.05
13898,505935,170,3,31500.56,0.15
13899,505936,140,2,19515.46,0.2
13900,505936,68,4,731.88,0.15
13901,505936,2,2,42946.4,0.0
13902,505937,112,4,22042.94,0.0
13903,505937,165,4,6409.81,0.05
13904,505937,104,3,17663.08,0.1
13905,505937,101,1,36836.08,0.05
13906,505937,143,4,8499.37,0.1
13907,505938,120,3,14551.18,0.1
13908,505939,170,2,31500.56,0.1
13909,505940,101,1,36836.08,0.05
13910,505940,195,2,39570.05,0.1
13911,505940,8,3,16654.82,0.05
13912,505941,200,2,20741.6,0.15
13913,505941,70,4,9185.74,0.05
13914,505941,137,1,11644.84,0.1
13915,505942,116,1,16741.69,0.1
13916,505942,76,3,1551.17,0.05
13917,505942,78,3,9475.8,0.05
13918,505943,191,1,39507.0,0.2
13919,505943,11,1,10297.51,0.15
13920,505943,163,3,1143.45,0.05
13921,505943,25,1,28894.26,0.1
13922,505943,186,4,13953.35,0.1
13923,505944,122,1,7953.1,0.0
13924,505945,160,1,24067.85,0.1
13925,505945,179,3,47254.91,0.1
13926,505945,189,2,36176.21,0.0
13927,505946,76,3,1551.17,0.0
13928,505946,170,1,31500.56,0.1
13929,505946,70,4,9185.74,0.1
13930,505947,122,1,7953.1,0.15
13931,505948,17,4,17031.55,0.2
13932,505949,13,1,41294.2,0.1
13933,505949,75,3,7343.48,0.15
13934,505949,92,3,38084.76,0.1
13935,505950,155,4,51623.31,0.15
13936,505950,59,4,542.46,0.1
13937,505950,4,1,4600.28,0.05
13938,505951,63,3,14212.89,0.1
13939,505951,69,3,20234.72,0.1
13940,505952,154,2,24420.47,0.1
13941,505952,27,4,52025.44,0.1
13942,505953,50,2,37071.05,0.0
13943,505953,60,2,42396.67,0.1
13944,505953,172,1,35356.68,0.05
13945,505954,4,3,4600.28,0.2
13946,505954,2,1,42946.4,0.1
13947,505955,153,3,34143.04,0.1
13948,505956,135,3,25804.56,0.15
13949,505956,154,2,24420.47,0.05
13950,505957,51,2,42529.03,0.0
13951,505957,81,2,15504.13,0.0
13952,505958,171,4,22643.94,0.1
13953,505958,191,2,39507.0,0.1
13954,505958,74,2,9594.57,0.0
13955,505959,101,2,36836.08,0.0
13956,505959,60,3,42396.67,0.05
13957,505960,173,3,31442.32,0.15
13958,505960,62,3,3498.04,0.1
13959,505960,178,1,16239.3,0.1
13960,505961,156,1,9479.93,0.1
13961,505961,177,2,7521.62,0.0
13962,505961,61,4,23045.67,0.05
13963,505961,35,1,3103.89,0.05
13964,505962,48,2,32151.32,0.0
13965,505962,125,2,41076.3,0.0
13966,505963,67,4,32514.47,0.1
13967,505963,163,2,1143.45,0.05
13968,505964,112,1,22042.94,0.15
13969,505964,22,2,20749.3,0.1
13970,505964,114,4,24883.58,0.0
13971,505964,1,2,45769.48,0.0
13972,505965,50,3,37071.05,0.1
13973,505965,62,3,3498.04,0.1
13974,505966,42,2,17076.73,0.05
13975,505966,31,1,31665.76,0.15
13976,505966,40,1,12159.56,0.0
13977,505967,118,4,47968.75,0.2
13978,505967,97,2,9014.15,0.1
13979,505968,65,4,26891.02,0.1
13980,505968,191,1,39507.0,0.2
13981,505969,89,3,2812.94,0.0
13982,505969,20,2,27803.61,0.15
13983,505969,177,4,7521.62,0.05
13984,505969,178,3,16239.3,0.0
13985,505970,172,1,35356.68,0.1
13986,505971,170,3,31500.56,0.05
13987,505972,10,1,34430.26,0.1
13988,505973,141,1,9199.37,0.05
13989,505973,74,4,9594.57,0.05
13990,505973,87,4,3216.87,0.05
13991,505973,136,1,48294.58,0.2
13992,505974,101,3,36836.08,0.2
13993,505974,23,2,45229.71,0.15
13994,505975,182,1,25258.66,0.15
13995,505975,68,4,731.88,0.2
13996,505975,184,1,46019.64,0.1
13997,505976,177,1,7521.62,0.2
13998,505977,1,2,45769.48,0.05
13999,505977,77,4,45039.66,0.1
14000,505978,176,1,42034.94,0.05
14001,505978,103,3,33485.32,0.1
14002,505979,176,3,42034.94,0.1
14003,505980,189,3,36176.21,0.2
14004,505980,132,2,47935.67,0.1
14005,505981,22,4,20749.3,0.15
14006,505982,180,1,6088.9,0.15
14007,505983,18,4,17846.96,0.1
14008,505983,56,4,31457.37,0.1
14009,505984,60,4,42396.67,0.0
14010,505984,53,4,41659.1,0.1
14011,505985,166,1,16527.13,0.0
14012,505986,90,4,42489.82,0.0
14013,505986,34,1,15395.87,0.2
14014,505987,146,1,4466.06,0.15
14015,505987,99,2,51437.59,0.15
14016,505988,158,1,17301.25,0.0
14017,505988,120,2,14551.18,0.0
14018,505988,195,2,39570.05,0.1
14019,505988,139,1,36696.68,0.1
14020,505989,10,3,34430.26,0.05
14021,505989,22,2,20749.3,0.0
14022,505990,196,4,8761.57,0.1
14023,505990,108,1,22454.46,0.05
14024,505990,191,2,39507.0,0.15
14025,505990,20,3,27803.61,0.0
14026,505990,145,2,5674.44,0.0
14027,505991,54,1,28353.11,0.1
14028,505991,169,4,42129.24,0.0
14029,505992,139,3,36696.68,0.2
14030,505992,85,4,30473.88,0.1
14031,505992,4,2,4600.28,0.1
14032,505993,45,4,19474.91,0.1
14033,505994,100,1,46791.69,0.0
14034,505994,152,3,47494.55,0.05
14035,505995,91,4,37325.93,0.1
14036,505995,15,4,13558.11,0.2
14037,505996,89,1,2812.94,0.05
14038,505996,42,1,17076.73,0.0
14039,505996,8,4,16654.82,0.1
14040,505997,132,4,47935.67,0.05
14041,505997,50,2,37071.05,0.05
14042,505997,78,3,9475.8,0.1
14043,505997,95,1,7858.6,0.05
14044,505998,160,1,24067.85,0.0
14045,505998,44,4,23585.72,0.0
14046,505998,145,1,5674.44,0.05
14047,505999,183,3,2591.66,0.05
14048,506000,180,1,6088.9,0.15
14049,506000,13,3,41294.2,0.1
14050,506000,167,3,1520.89,0.15
14051,506001,51,4,42529.03,0.15
14052,506001,197,3,20725.99,0.0
14053,506001,81,2,15504.13,0.1
14054,506002,193,4,1419.66,0.15
14055,506003,183,2,2591.66,0.0
14056,506004,100,2,46791.69,0.1
14057,506004,189,1,36176.21,0.15
14058,506004,26,2,13443.96,0.05
14059,506005,35,2,3103.89,0.05
14060,506005,64,2,23845.3,0.0
14061,506006,65,4,26891.02,0.1
14062,506007,153,3,34143.04,0.1
14063,506007,48,3,32151.32,0.1
14064,506007,37,2,8747.32,0.05
14065,506007,49,4,33529.65,0.1
14066,506008,64,2,23845.3,0.0
14067,506008,67,4,32514.47,0.05
14068,506008,154,4,24420.47,0.0
14069,506008,102,2,25753.85,0.15
14070,506008,95,4,7858.6,0.0
14071,506009,134,3,24171.94,0.1
14072,506009,100,4,46791.69,0.15
14073,506010,116,2,16741.69,0.1
14074,506010,49,4,33529.65,0.1
14075,506010,98,1,35512.2,0.0
14076,506010,92,3,38084.76,0.15
14077,506010,198,1,44779.95,0.0
14078,506011,10,3,34430.26,0.0
14079,506011,155,2,51623.31,0.2
14080,506011,8,1,16654.82,0.05
14081,506011,199,4,40427.21,0.15
14082,506012,148,3,30748.98,0.0
14083,506012,51,2,42529.03,0.05
14084,506013,145,3,5674.44,0.05
14085,506013,68,4,731.88,0.1
14086,506013,172,2,35356.68,0.0
14087,506014,62,1,3498.04,0.2
14088,506014,121,3,43178.12,0.0
14089,506014,165,2,6409.81,0.1
14090,506014,38,4,33762.69,0.1
14091,506015,54,3,28353.11,0.1
14092,506015,8,2,16654.82,0.0
14093,506015,81,4,15504.13,0.0
14094,506016,17,4,17031.55,0.15
14095,506016,182,3,25258.66,0.1
14096,506017,86,3,25389.28,0.05
14097,506018,81,2,15504.13,0.0
14098,506018,169,4,42129.24,0.1
14099,506019,180,3,6088.9,0.05
14100,506020,196,2,8761.57,0.15
14101,506021,41,4,790.54,0.05
14102,506021,144,1,43009.16,0.0
14103,506022,53,3,41659.1,0.2
14104,506022,170,1,31500.56,0.15
14105,506023,133,4,18726.1,0.0
14106,506024,182,2,25258.66,0.0
14107,506024,166,3,16527.13,0.1
14108,506024,129,4,39450.63,0.2
14109,506024,105,2,28367.27,0.15
14110,506025,45,4,19474.91,0.0
14111,506026,184,3,46019.64,0.05
14112,506026,42,3,17076.73,0.2
14113,506026,182,2,25258.66,0.1
14114,506027,103,3,33485.32,0.2
14115,506027,63,2,14212.89,0.0
14116,506028,133,4,18726.1,0.15
14117,506028,4,2,4600.28,0.0
14118,506028,26,4,13443.96,0.15
14119,506028,140,4,19515.46,0.15
14120,506028,39,3,42117.5,0.1
14121,506029,198,4,44779.95,0.15
14122,506030,167,4,1520.89,0.1
14123,506031,42,2,17076.73,0.1
14124,506031,47,2,7728.9,0.0
14125,506031,83,2,10948.99,0.0
14126,506032,160,4,24067.85,0.0
14127,506032,158,1,17301.25,0.1
14128,506033,65,1,26891.02,0.1
14129,506033,154,4,24420.47,0.05
14130,506033,37,2,8747.32,0.05
14131,506034,182,3,25258.66,0.0
14132,506035,25,2,28894.26,0.05
14133,506035,42,2,17076.73,0.15
14134,506036,68,4,731.88,0.2
14135,506037,159,1,25532.77,0.1
14136,506037,136,2,48294.58,0.15
14137,506037,145,3,5674.44,0.0
14138,506038,152,2,47494.55,0.0
14139,506038,103,2,33485.32,0.15
14140,506039,192,4,906.98,0.0
14141,506040,29,2,40427.0,0.1
14142,506040,39,2,42117.5,0.15
14143,506041,178,2,16239.3,0.2
14144,506042,80,1,26747.7,0.0
14145,506043,3,3,2440.7,0.1
14146,506044,187,2,50291.33,0.0
14147,506044,108,2,22454.46,0.1
14148,506044,197,3,20725.99,0.1
14149,506044,124,2,16664.22,0.15
14150,506045,170,2,31500.56,0.0
14151,506045,47,1,7728.9,0.1
14152,506046,154,3,24420.47,0.0
14153,506046,148,3,30748.98,0.05
14154,506047,174,4,3057.35,0.15
14155,506047,10,2,34430.26,0.2
14156,506048,46,3,6300.09,0.05
14157,506048,159,4,25532.77,0.0
14158,506048,70,4,9185.74,0.05
14159,506048,76,4,1551.17,0.05
14160,506048,57,2,1412.7,0.0
14161,506049,87,1,3216.87,0.1
14162,506050,46,4,6300.09,0.2
14163,506051,94,3,30089.86,0.05
14164,506051,154,1,24420.47,0.0
14165,506051,148,3,30748.98,0.15
14166,506051,50,3,37071.05,0.1
14167,506052,192,2,906.98,0.0
14168,506052,112,2,22042.94,0.05
14169,506053,156,4,9479.93,0.1
14170,506053,54,4,28353.11,0.0
14171,506053,90,3,42489.82,0.1
14172,506053,21,2,873.24,0.05
14173,506053,115,3,2799.41,0.2
14174,506054,135,1,25804.56,0.05
14175,506054,124,2,16664.22,0.1
14176,506054,55,2,45214.9,0.15
14177,506055,171,3,22643.94,0.1
14178,506055,97,2,9014.15,0.0
14179,506055,44,3,23585.72,0.1
14180,506056,144,4,43009.16,0.1
14181,506056,125,4,41076.3,0.05
14182,506057,139,3,36696.68,0.2
14183,506058,38,2,33762.69,0.1
14184,506058,136,2,48294.58,0.0
14185,506058,121,4,43178.12,0.05
14186,506058,115,2,2799.41,0.1
14187,506059,92,2,38084.76,0.05
14188,506059,94,3,30089.86,0.0
14189,506060,168,2,9316.31,0.05
14190,506061,92,2,38084.76,0.1
14191,506062,94,1,30089.86,0.1
14192,506062,144,1,43009.16,0.0
14193,506063,86,1,25389.28,0.0
14194,506064,31,4,31665.76,0.15
14195,506065,99,2,51437.59,0.1
14196,506066,151,4,15178.52,0.1
14197,506066,30,1,8599.09,0.05
14198,506066,178,2,16239.3,0.0
14199,506066,8,3,16654.82,0.0
14200,506067,18,2,17846.96,0.1
14201,506067,177,2,7521.62,0.15
14202,506068,96,4,33785.82,0.15
14203,506068,31,3,31665.76,0.15
14204,506069,16,3,17752.56,0.05
14205,506070,80,2,26747.7,0.2
14206,506070,99,2,51437.59,0.2
14207,506070,165,4,6409.81,0.0
14208,506071,136,3,48294.58,0.1
14209,506071,5,1,32053.9,0.0
14210,506071,32,1,30436.6,0.0
14211,506072,198,4,44779.95,0.0
14212,506073,68,1,731.88,0.1
14213,506073,11,4,10297.51,0.2
14214,506073,66,3,7626.75,0.15
14215,506073,77,1,45039.66,0.0
14216,506073,180,2,6088.9,0.15
14217,506074,122,4,7953.1,0.0
14218,506075,133,2,18726.1,0.15
14219,506076,37,2,8747.32,0.05
14220,506076,177,3,7521.62,0.0
14221,506077,200,3,20741.6,0.0
14222,506077,119,2,20465.15,0.05
14223,506077,128,1,39089.34,0.1
14224,506077,94,3,30089.86,0.1
14225,506077,15,1,13558.11,0.0
14226,506078,54,3,28353.11,0.0
14227,506078,128,4,39089.34,0.0
14228,506078,167,3,1520.89,0.0
14229,506078,153,1,34143.04,0.2
14230,506079,100,2,46791.69,0.1
14231,506079,148,2,30748.98,0.2
14232,506079,47,1,7728.9,0.15
14233,506080,85,3,30473.88,0.0
14234,506080,39,4,42117.5,0.1
14235,506081,68,1,731.88,0.05
14236,506081,20,1,27803.61,0.1
14237,506082,51,4,42529.03,0.05
14238,506082,96,1,33785.82,0.15
14239,506083,173,1,31442.32,0.0
14240,506083,179,4,47254.91,0.1
14241,506084,12,2,8809.95,0.05
14242,506084,35,2,3103.89,0.1
14243,506084,173,2,31442.32,0.1
14244,506084,16,1,17752.56,0.1
14245,506085,29,2,40427.0,0.15
14246,506085,82,4,26994.56,0.0
14247,506085,30,1,8599.09,0.0
14248,506086,189,3,36176.21,0.0
14249,506086,47,3,7728.9,0.15
14250,506087,7,3,32012.11,0.15
14251,506087,24,4,29412.47,0.1
14252,506087,66,4,7626.75,0.05
14253,506087,148,3,30748.98,0.2
14254,506087,33,2,15090.93,0.15
14255,506088,193,3,1419.66,0.1
14256,506089,177,1,7521.62,0.1
14257,506090,139,4,36696.68,0.05
14258,506090,113,3,20936.8,0.2
14259,506091,75,4,7343.48,0.15
14260,506091,127,4,16509.71,0.1
14261,506091,71,4,40831.91,0.1
14262,506091,93,4,33594.98,0.2
14263,506091,133,2,18726.1,0.1
14264,506092,31,2,31665.76,0.15
14265,506093,73,3,32339.91,0.1
14266,506094,26,1,13443.96,0.1
14267,506094,112,3,22042.94,0.1
14268,506095,33,4,15090.93,0.05
14269,506095,94,3,30089.86,0.1
14270,506095,66,4,7626.75,0.0
14271,506095,14,2,28958.7,0.05
14272,506095,120,3,14551.18,0.0
14273,506096,113,1,20936.8,0.1
14274,506096,25,4,28894.26,0.05
14275,506097,7,2,32012.11,0.15
14276,506097,163,3,1143.45,0.2
14277,506097,33,3,15090.93,0.05
14278,506098,9,3,26670.95,0.0
14279,506098,151,1,15178.52,0.0
14280,506098,26,2,13443.96,0.0
14281,506098,171,2,22643.94,0.15
14282,506099,177,1,7521.62,0.15
14283,506099,134,2,24171.94,0.05
14284,506099,188,2,6070.27,0.0
14285,506100,83,1,10948.99,0.0
14286,506101,11,4,10297.51,0.1
14287,506102,37,4,8747.32,0.0
14288,506103,30,4,8599.09,0.1
14289,506103,4,3,4600.28,0.05
14290,506103,127,2,16509.71,0.1
14291,506104,112,1,22042.94,0.05
14292,506104,7,4,32012.11,0.1
14293,506104,157,1,26053.23,0.15
14294,506105,76,3,1551.17,0.0
14295,506106,19,3,21391.84,0.2
14296,506106,185,1,11835.89,0.15
14297,506107,141,4,9199.37,0.0
14298,506108,56,4,31457.37,0.05
14299,506108,40,3,12159.56,0.1
14300,506109,149,1,33795.66,0.1
14301,506109,4,4,4600.28,0.1
14302,506110,158,4,17301.25,0.15
14303,506110,99,4,51437.59,0.05
14304,506110,42,3,17076.73,0.2
14305,506110,46,3,6300.09,0.05
14306,506110,195,2,39570.05,0.0
14307,506111,143,3,8499.37,0.1
14308,506111,198,2,44779.95,0.15
14309,506112,141,4,9199.37,0.15
14310,506113,52,1,43157.07,0.0
14311,506113,65,4,26891.02,0.0
14312,506114,12,4,8809.95,0.1
14313,506114,36,2,32323.45,0.1
14314,506114,3,4,2440.7,0.1
14315,506114,101,2,36836.08,0.2
14316,506115,136,3,48294.58,0.05
14317,506115,47,4,7728.9,0.05
14318,506116,102,1,25753.85,0.2
14319,506116,141,3,9199.37,0.0
14320,506116,44,1,23585.72,0.0
14321,506117,150,3,23255.73,0.15
14322,506117,113,4,20936.8,0.15
14323,506118,90,1,42489.82,0.1
14324,506118,71,2,40831.91,0.0
14325,506119,153,3,34143.04,0.15
14326,506119,74,1,9594.57,0.0
14327,506120,200,3,20741.6,0.05
14328,506120,73,3,32339.91,0.1
14329,506120,97,4,9014.15,0.0
14330,506120,146,3,4466.06,0.1
14331,506121,82,4,26994.56,0.1
14332,506121,30,2,8599.09,0.0
14333,506122,158,3,17301.25,0.2
14334,506122,193,3,1419.66,0.1
14335,506123,171,3,22643.94,0.2
14336,506123,182,4,25258.66,0.05
14337,506123,23,2,45229.71,0.15
14338,506124,95,3,7858.6,0.05
14339,506125,166,3,16527.13,0.0
14340,506126,162,2,16150.96,0.05
14341,506127,34,4,15395.87,0.2
14342,506127,18,4,17846.96,0.05
14343,506128,118,3,47968.75,0.1
14344,506128,166,2,16527.13,0.0
14345,506128,130,3,1826.9,0.0
14346,506128,181,3,20017.36,0.15
14347,506129,193,1,1419.66,0.1
14348,506129,140,1,19515.46,0.2
14349,506130,91,3,37325.93,0.15
14350,506130,28,1,34955.61,0.15
14351,506131,24,3,29412.47,0.15
14352,506132,44,4,23585.72,0.2
14353,506132,59,3,542.46,0.15
14354,506132,62,3,3498.04,0.15
14355,506132,101,4,36836.08,0.05
14356,506132,37,2,8747.32,0.15
14357,506133,148,3,30748.98,0.05
14358,506134,157,1,26053.23,0.05
14359,506135,99,4,51437.59,0.05
14360,506135,90,2,42489.82,0.1
14361,506135,191,4,39507.0,0.15
14362,506135,88,1,22349.99,0.05
14363,506136,139,1,36696.68,0.1
14364,506136,84,2,26499.83,0.15
14365,506136,71,2,40831.91,0.1
14366,506136,61,3,23045.67,0.0
14367,506137,68,1,731.88,0.05
14368,506138,90,1,42489.82,0.2
14369,506138,5,3,32053.9,0.15
14370,506139,95,1,7858.6,0.0
14371,506139,132,1,47935.67,0.0
14372,506139,43,3,25517.07,0.2
14373,506140,178,2,16239.3,0.05
14374,506141,15,1,13558.11,0.0
14375,506141,183,2,2591.66,0.0
14376,506141,23,4,45229.71,0.1
14377,506141,174,3,3057.35,0.1
14378,506141,153,1,34143.04,0.0
14379,506142,145,3,5674.44,0.1
14380,506142,6,2,15719.14,0.0
14381,506143,62,3,3498.04,0.05
14382,506143,38,3,33762.69,0.0
14383,506144,91,4,37325.93,0.05
14384,506145,60,4,42396.67,0.1
14385,506146,192,2,906.98,0.1
14386,506147,27,4,52025.44,0.1
14387,506147,136,1,48294.58,0.05
14388,506148,22,3,20749.3,0.1
14389,506148,106,2,49815.63,0.1
14390,506148,131,3,935.86,0.15
14391,506148,124,4,16664.22,0.2
14392,506149,150,1,23255.73,0.15
14393,506149,129,4,39450.63,0.05
14394,506150,24,4,29412.47,0.0
14395,506150,84,1,26499.83,0.15
14396,506151,116,1,16741.69,0.15
14397,506151,67,1,32514.47,0.05
14398,506152,171,3,22643.94,0.0
14399,506153,39,4,42117.5,0.05
14400,506153,73,2,32339.91,0.1
14401,506153,102,3,25753.85,0.05
14402,506154,152,4,47494.55,0.0
14403,506154,163,4,1143.45,0.0
14404,506155,45,2,19474.91,0.0
14405,506155,73,3,32339.91,0.0
14406,506156,79,2,36534.8,0.1
14407,506156,190,4,52000.43,0.0
14408,506156,47,4,7728.9,0.0
14409,506157,106,2,49815.63,0.2
14410,506157,173,3,31442.32,0.05
14411,506158,159,3,25532.77,0.05
14412,506158,14,1,28958.7,0.05
14413,506158,2,4,42946.4,0.05
14414,506159,135,2,25804.56,0.05
14415,506159,85,3,30473.88,0.1
14416,506160,92,4,38084.76,0.15
14417,506161,41,4,790.54,0.05
14418,506162,162,1,16150.96,0.1
14419,506163,112,4,22042.94,0.0
14420,506163,116,4,16741.69,0.15
14421,506163,162,1,16150.96,0.2
14422,506163,173,4,31442.32,0.05
14423,506164,39,4,42117.5,0.0
14424,506164,17,2,17031.55,0.0
14425,506164,95,3,7858.6,0.0
14426,506164,144,4,43009.16,0.0
14427,506165,113,3,20936.8,0.0
14428,506165,156,4,9479.93,0.0
14429,506165,80,3,26747.7,0.1
14430,506165,143,4,8499.37,0.0
14431,506165,96,4,33785.82,0.0
14432,506166,31,2,31665.76,0.0
14433,506166,197,1,20725.99,0.1
14434,506166,83,3,10948.99,0.05
14435,506167,145,3,5674.44,0.0
14436,506167,48,1,32151.32,0.1
14437,506167,20,2,27803.61,0.05
14438,506167,118,3,47968.75,0.15
14439,506168,94,3,30089.86,0.1
14440,506168,123,1,44154.33,0.05
14441,506169,40,4,12159.56,0.1
14442,506169,140,2,19515.46,0.0
14443,506170,14,4,28958.7,0.15
14444,506170,66,4,7626.75,0.1
14445,506171,163,4,1143.45,0.1
14446,506171,106,4,49815.63,0.1
14447,506171,137,1,11644.84,0.15
14448,506171,90,3,42489.82,0.1
14449,506172,110,2,13452.58,0.0
14450,506172,97,4,9014.15,0.15
14451,506172,105,3,28367.27,0.0
14452,506172,2,1,42946.4,0.05
14453,506172,66,4,7626.75,0.1
14454,506173,122,4,7953.1,0.05
14455,506173,154,4,24420.47,0.15
14456,506173,36,1,32323.45,0.05
14457,506174,92,3,38084.76,0.2
14458,506174,72,4,33843.05,0.1
14459,506174,187,4,50291.33,0.1
14460,506175,174,1,3057.35,0.15
14461,506175,65,1,26891.02,0.1
14462,506175,107,2,13631.76,0.05
14463,506175,5,3,32053.9,0.05
14464,506176,142,4,32662.03,0.0
14465,506177,140,2,19515.46,0.05
14466,506177,109,3,20240.83,0.0
14467,506178,126,2,4890.52,0.0
14468,506178,194,1,14529.69,0.05
14469,506178,107,1,13631.76,0.1
14470,506179,184,4,46019.64,0.1
14471,506179,76,4,1551.17,0.0
14472,506180,168,4,9316.31,0.2
14473,506180,133,1,18726.1,0.1
14474,506181,187,1,50291.33,0.05
14475,506181,43,2,25517.07,0.0
14476,506182,62,1,3498.04,0.0
14477,506183,195,1,39570.05,0.1
14478,506183,169,4,42129.24,0.1
14479,506183,97,4,9014.15,0.0
14480,506183,37,4,8747.32,0.15
14481,506184,32,4,30436.6,0.0
14482,506184,84,3,26499.83,0.05
14483,506184,110,3,13452.58,0.0
14484,506185,190,4,52000.43,0.1
14485,506185,144,1,43009.16,0.1
14486,506186,52,3,43157.07,0.05
14487,506187,150,1,23255.73,0.05
14488,506188,94,2,30089.86,0.1
14489,506188,57,3,1412.7,0.05
14490,506189,97,3,9014.15,0.1
14491,506190,58,4,38058.28,0.0
14492,506191,109,4,20240.83,0.05
14493,506192,42,2,17076.73,0.0
14494,506193,7,4,32012.11,0.15
14495,506194,27,3,52025.44,0.1
14496,506194,77,2,45039.66,0.1
14497,506194,133,1,18726.1,0.15
14498,506195,46,4,6300.09,0.1
14499,506195,165,3,6409.81,0.05
14500,506196,27,2,52025.44,0.1
14501,506196,143,4,8499.37,0.2
14502,506197,33,3,15090.93,0.2
14503,506197,25,3,28894.26,0.2
14504,506197,51,3,42529.03,0.0
14505,506197,95,4,7858.6,0.2
14506,506197,125,2,41076.3,0.1
14507,506198,12,4,8809.95,0.1
14508,506198,187,2,50291.33,0.05
14509,506199,38,2,33762.69,0.0
14510,506199,122,4,7953.1,0.0
14511,506199,21,1,873.24,0.0
14512,506199,115,1,2799.41,0.1
14513,506200,135,2,25804.56,0.0
14514,506201,169,1,42129.24,0.1
14515,506202,61,3,23045.67,0.0
14516,506202,136,3,48294.58,0.0
14517,506203,94,1,30089.86,0.05
14518,506203,83,1,10948.99,0.05
14519,506203,127,3,16509.71,0.15
14520,506203,169,3,42129.24,0.15
14521,506203,109,1,20240.83,0.15
14522,506204,110,1,13452.58,0.15
14523,506204,20,4,27803.61,0.0
14524,506204,36,4,32323.45,0.05
14525,506204,139,1,36696.68,0.0
14526,506205,46,1,6300.09,0.05
14527,506205,120,4,14551.18,0.15
14528,506206,174,1,3057.35,0.15
14529,506206,176,4,42034.94,0.1
14530,506206,116,1,16741.69,0.2
14531,506206,138,1,5148.37,0.1
14532,506207,57,4,1412.7,0.0
14533,506208,68,3,731.88,0.15
14534,506208,94,4,30089.86,0.0
14535,506209,101,3,36836.08,0.1
14536,506210,65,2,26891.02,0.15
14537,506210,34,2,15395.87,0.2
14538,506211,80,2,26747.7,0.15
14539,506212,34,4,15395.87,0.0
14540,506212,166,2,16527.13,0.05
14541,506213,200,3,20741.6,0.05
14542,506213,141,4,9199.37,0.0
14543,506214,167,3,1520.89,0.05
14544,506214,59,1,542.46,0.05
14545,506215,64,2,23845.3,0.0
14546,506216,146,2,4466.06,0.0
14547,506216,57,3,1412.7,0.15
14548,506217,29,4,40427.0,0.0
14549,506217,10,2,34430.26,0.0
14550,506218,81,4,15504.13,0.2
14551,506219,83,1,10948.99,0.1
14552,506219,193,4,1419.66,0.1
14553,506220,41,2,790.54,0.15
14554,506221,61,3,23045.67,0.0
14555,506221,137,2,11644.84,0.1
14556,506222,56,2,31457.37,0.05
14557,506222,196,2,8761.57,0.05
14558,506223,100,1,46791.69,0.1
14559,506223,116,2,16741.69,0.05
14560,506224,109,3,20240.83,0.05
14561,506224,153,4,34143.04,0.1
14562,506225,190,4,52000.43,0.05
14563,506226,73,1,32339.91,0.1
14564,506227,5,3,32053.9,0.15
14565,506227,144,1,43009.16,0.1
14566,506228,54,1,28353.11,0.2
14567,506228,11,4,10297.51,0.1
14568,506228,12,4,8809.95,0.1
14569,506228,46,1,6300.09,0.0
14570,506229,51,4,42529.03,0.1
14571,506230,12,2,8809.95,0.0
14572,506231,13,3,41294.2,0.15
14573,506231,48,3,32151.32,0.15
14574,506231,175,4,7528.69,0.1
14575,506232,24,4,29412.47,0.1
14576,506232,48,4,32151.32,0.0
14577,506233,118,2,47968.75,0.1
14578,506234,48,3,32151.32,0.05
14579,506235,51,2,42529.03,0.0
14580,506235,129,3,39450.63,0.0
14581,506235,57,1,1412.7,0.0
14582,506235,157,3,26053.23,0.1
14583,506235,59,3,542.46,0.15
14584,506236,105,1,28367.27,0.05
14585,506236,67,4,32514.47,0.1
14586,506237,107,1,13631.76,0.1
14587,506238,46,3,6300.09,0.1
14588,506238,162,3,16150.96,0.0
14589,506239,151,3,15178.52,0.0
14590,506240,196,4,8761.57,0.0
14591,506241,96,1,33785.82,0.1
14592,506241,102,3,25753.85,0.1
14593,506241,174,1,3057.35,0.1
14594,506241,170,3,31500.56,0.1
14595,506241,134,1,24171.94,0.15
14596,506242,190,1,52000.43,0.15
14597,506242,187,1,50291.33,0.2
14598,506243,50,1,37071.05,0.15
14599,506243,110,3,13452.58,0.0
14600,506243,149,4,33795.66,0.05
14601,506244,103,1,33485.32,0.0
14602,506244,98,3,35512.2,0.1
14603,506244,196,2,8761.57,0.05
14604,506244,93,4,33594.98,0.1
14605,506245,193,1,1419.66,0.0
14606,506246,167,2,1520.89,0.1
14607,506247,37,2,8747.32,0.0
14608,506248,155,4,51623.31,0.0
14609,506248,161,4,45736.6,0.05
14610,506248,129,3,39450.63,0.0
14611,506249,171,1,22643.94,0.0
14612,506249,122,2,7953.1,0.1
14613,506250,132,4,47935.67,0.2
14614,506250,136,2,48294.58,0.0
14615,506251,31,4,31665.76,0.0
14616,506252,141,1,9199.37,0.1
14617,506253,131,3,935.86,0.05
14618,506253,171,3,22643.94,0.05
14619,506254,123,3,44154.33,0.0
14620,506255,131,2,935.86,0.05
14621,506255,139,3,36696.68,0.1
14622,506255,42,4,17076.73,0.1
14623,506256,171,1,22643.94,0.1
14624,506256,23,4,45229.71,0.0
14625,506256,200,2,20741.6,0.0
14626,506256,56,2,31457.37,0.0
14627,506256,94,2,30089.86,0.2
14628,506257,198,2,44779.95,0.1
14629,506257,106,2,49815.63,0.0
14630,506257,105,1,28367.27,0.1
14631,506257,7,1,32012.11,0.0
14632,506258,101,4,36836.08,0.2
14633,506258,107,2,13631.76,0.05
14634,506259,109,1,20240.83,0.15
14635,506260,182,3,25258.66,0.05
14636,506260,153,4,34143.04,0.05
14637,506261,145,3,5674.44,0.05
14638,506262,174,4,3057.35,0.0
14639,506262,180,2,6088.9,0.05
14640,506262,50,3,37071.05,0.0
14641,506262,66,2,7626.75,0.0
14642,506262,124,2,16664.22,0.05
14643,506263,98,2,35512.2,0.1
14644,506263,23,4,45229.71,0.05
14645,506263,45,1,19474.91,0.0
14646,506264,57,4,1412.7,0.15
14647,506265,168,4,9316.31,0.05
14648,506265,35,3,3103.89,0.15
14649,506265,198,1,44779.95,0.0
14650,506266,26,3,13443.96,0.2
14651,506267,47,1,7728.9,0.1
14652,506267,54,1,28353.11,0.1
14653,506267,83,3,10948.99,0.05
14654,506268,148,4,30748.98,0.2
14655,506268,86,2,25389.28,0.1
14656,506269,66,1,7626.75,0.0
14657,506269,152,3,47494.55,0.1
14658,506269,65,1,26891.02,0.05
14659,506269,165,3,6409.81,0.0
14660,506270,158,3,17301.25,0.05
14661,506270,176,4,42034.94,0.15
14662,506270,134,4,24171.94,0.15
14663,506270,164,3,54714.33,0.05
14664,506270,171,1,22643.94,0.0
14665,506271,1,2,45769.48,0.1
14666,506271,147,2,51028.85,0.0
14667,506272,159,4,25532.77,0.2
14668,506272,139,2,36696.68,0.0
14669,506273,34,2,15395.87,0.05
14670,506274,134,3,24171.94,0.0
14671,506274,188,2,6070.27,0.1
14672,506274,140,1,19515.46,0.05
14673,506275,109,3,20240.83,0.15
14674,506275,58,2,38058.28,0.0
14675,506276,150,3,23255.73,0.0
14676,506276,182,1,25258.66,0.1
14677,506276,7,1,32012.11,0.1
14678,506276,81,2,15504.13,0.05
14679,506276,105,2,28367.27,0.1
14680,506277,47,2,7728.9,0.0
14681,506277,145,4,5674.44,0.1
14682,506277,39,3,42117.5,0.1
14683,506277,29,2,40427.0,0.0
14684,506278,167,1,1520.89,0.05
14685,506279,96,3,33785.82,0.1
14686,506280,32,3,30436.6,0.0
14687,506280,135,1,25804.56,0.1
14688,506281,179,4,47254.91,0.0
14689,506281,158,2,17301.25,0.0
14690,506282,100,1,46791.69,0.15
14691,506283,22,2,20749.3,0.15
14692,506283,90,2,42489.82,0.05
14693,506284,174,1,3057.35,0.0
14694,506284,73,1,32339.91,0.15
14695,506285,113,3,20936.8,0.05
14696,506285,178,4,16239.3,0.1
14697,506286,99,2,51437.59,0.05
14698,506287,84,3,26499.83,0.0
14699,506288,51,3,42529.03,0.0
14700,506289,32,2,30436.6,0.0
14701,506289,50,4,37071.05,0.0
14702,506289,113,4,20936.8,0.0
14703,506290,45,1,19474.91,0.1
14704,506290,133,2,18726.1,0.15
14705,506291,45,4,19474.91,0.05
14706,506291,84,2,26499.83,0.05
14707,506292,93,1,33594.98,0.0
14708,506292,81,2,15504.13,0.1
14709,506292,123,3,44154.33,0.05
14710,506292,120,1,14551.18,0.05
14711,506292,92,1,38084.76,0.1
14712,506293,43,2,25517.07,0.0
14713,506293,159,2,25532.77,0.0
14714,506293,63,1,14212.89,0.1
14715,506293,111,1,41282.72,0.2
14716,506294,187,3,50291.33,0.0
14717,506295,125,4,41076.3,0.1
14718,506295,142,2,32662.03,0.05
14719,506295,92,2,38084.76,0.1
14720,506296,35,4,3103.89,0.05
14721,506297,84,1,26499.83,0.0
14722,506297,154,4,24420.47,0.0
14723,506297,72,1,33843.05,0.05
14724,506298,78,1,9475.8,0.0
14725,506299,75,2,7343.48,0.1
14726,506300,87,3,3216.87,0.15
14727,506300,64,3,23845.3,0.1
14728,506300,169,3,42129.24,0.05
14729,506300,158,1,17301.25,0.1
14730,506301,181,3,20017.36,0.0
14731,506301,106,4,49815.63,0.05
14732,506302,197,4,20725.99,0.0
14733,506302,17,3,17031.55,0.1
14734,506303,72,3,33843.05,0.1
14735,506303,173,3,31442.32,0.2
14736,506303,110,4,13452.58,0.0
14737,506303,142,3,32662.03,0.1
14738,506304,64,3,23845.3,0.15
14739,506305,63,2,14212.89,0.0
14740,506306,116,4,16741.69,0.0
14741,506306,132,3,47935.67,0.0
14742,506307,36,2,32323.45,0.2
14743,506307,156,1,9479.93,0.0
14744,506307,29,4,40427.0,0.05
14745,506308,10,1,34430.26,0.2
14746,506308,96,3,33785.82,0.05
14747,506308,81,3,15504.13,0.15
14748,506309,19,4,21391.84,0.05
14749,506309,174,3,3057.35,0.0
14750,506310,74,2,9594.57,0.05
14751,506310,97,2,9014.15,0.1
14752,506311,55,2,45214.9,0.0
14753,506311,38,4,33762.69,0.15
14754,506312,109,3,20240.83,0.0
14755,506312,69,3,20234.72,0.15
14756,506313,28,3,34955.61,0.0
14757,506314,103,1,33485.32,0.15
14758,506315,31,1,31665.76,0.1
14759,506315,183,2,2591.66,0.05
14760,506315,76,4,1551.17,0.2
14761,506316,189,1,36176.21,0.05
14762,506316,95,4,7858.6,0.1
14763,506316,199,2,40427.21,0.0
14764,506317,43,1,25517.07,0.1
14765,506317,152,4,47494.55,0.1
14766,506318,12,4,8809.95,0.1
14767,506318,63,4,14212.89,0.15
14768,506319,128,4,39089.34,0.0
14769,506319,174,3,3057.35,0.05
14770,506320,28,3,34955.61,0.0
14771,506321,165,2,6409.81,0.15
14772,506321,172,3,35356.68,0.0
14773,506322,154,2,24420.47,0.0
14774,506322,165,1,6409.81,0.05
14775,506323,190,2,52000.43,0.1
14776,506323,5,3,32053.9,0.15
14777,506324,157,4,26053.23,0.2
14778,506325,153,4,34143.04,0.05
14779,506325,131,2,935.86,0.05
14780,506325,114,3,24883.58,0.05
14781,506325,6,1,15719.14,0.1
14782,506325,98,3,35512.2,0.1
14783,506326,55,3,45214.9,0.2
14784,506327,94,3,30089.86,0.2
14785,506328,98,1,35512.2,0.0
14786,506328,72,1,33843.05,0.15
14787,506329,193,1,1419.66,0.15
14788,506329,146,2,4466.06,0.0
14789,506329,155,4,51623.31,0.0
14790,506330,59,1,542.46,0.2
14791,506330,183,3,2591.66,0.0
14792,506330,194,3,14529.69,0.05
14793,506331,48,2,32151.32,0.1
14794,506331,85,2,30473.88,0.05
14795,506332,26,3,13443.96,0.0
14796,506332,80,3,26747.7,0.15
14797,506333,112,4,22042.94,0.05
14798,506333,141,4,9199.37,0.0
14799,506334,183,1,2591.66,0.15
14800,506335,195,1,39570.05,0.0
14801,506336,87,4,3216.87,0.1
14802,506336,119,2,20465.15,0.05
14803,506337,155,1,51623.31,0.2
14804,506337,46,3,6300.09,0.05
14805,506338,115,2,2799.41,0.15
14806,506338,178,2,16239.3,0.0
14807,506338,51,1,42529.03,0.15
14808,506339,179,1,47254.91,0.15
14809,506339,99,4,51437.59,0.1
14810,506339,9,3,26670.95,0.0
14811,506339,27,4,52025.44,0.0
14812,506339,161,1,45736.6,0.15
14813,506340,146,2,4466.06,0.0
14814,506340,145,4,5674.44,0.1
14815,506341,104,2,17663.08,0.0
14816,506341,178,3,16239.3,0.2
14817,506341,163,4,1143.45,0.1
14818,506342,181,3,20017.36,0.05
14819,506342,172,1,35356.68,0.05
14820,506342,171,1,22643.94,0.1
14821,506342,5,4,32053.9,0.15
14822,506342,190,3,52000.43,0.2
14823,506343,143,4,8499.37,0.05
14824,506344,189,3,36176.21,0.15
14825,506344,125,3,41076.3,0.0
14826,506345,137,2,11644.84,0.1
14827,506345,83,4,10948.99,0.05
14828,506345,81,2,15504.13,0.05
14829,506346,116,2,16741.69,0.0
14830,506346,26,1,13443.96,0.1
14831,506347,68,1,731.88,0.2
14832,506347,95,4,7858.6,0.1
14833,506347,8,2,16654.82,0.0
14834,506347,46,1,6300.09,0.0
14835,506348,141,1,9199.37,0.0
14836,506348,7,2,32012.11,0.05
14837,506349,25,3,28894.26,0.15
14838,506349,178,1,16239.3,0.1
14839,506349,190,4,52000.43,0.05
14840,506349,30,3,8599.09,0.2
14841,506350,182,1,25258.66,0.1
14842,506351,34,4,15395.87,0.0
14843,506351,2,1,42946.4,0.05
14844,506351,150,4,23255.73,0.1
14845,506352,80,3,26747.7,0.0
14846,506353,77,2,45039.66,0.05
14847,506354,97,1,9014.15,0.05
14848,506355,113,1,20936.8,0.1
14849,506355,118,4,47968.75,0.15
14850,506356,43,3,25517.07,0.15
14851,506357,44,3,23585.72,0.0
14852,506358,88,4,22349.99,0.1
14853,506358,192,4,906.98,0.05
14854,506358,101,1,36836.08,0.05
14855,506359,93,2,33594.98,0.05
14856,506359,112,3,22042.94,0.1
14857,506360,192,4,906.98,0.15
14858,506360,21,4,873.24,0.05
14859,506361,40,4,12159.56,0.1
14860,506361,10,1,34430.26,0.15
14861,506362,63,4,14212.89,0.05
14862,506362,169,3,42129.24,0.05
14863,506362,115,1,2799.41,0.05
14864,506362,74,3,9594.57,0.05
14865,506363,60,4,42396.67,0.0
14866,506363,139,3,36696.68,0.0
14867,506363,170,3,31500.56,0.0
14868,506364,111,1,41282.72,0.05
14869,506364,39,1,42117.5,0.0
14870,506365,125,1,41076.3,0.1
14871,506365,58,1,38058.28,0.15
14872,506365,20,4,27803.61,0.15
14873,506365,130,3,1826.9,0.0
14874,506366,51,1,42529.03,0.15
14875,506366,153,4,34143.04,0.15
14876,506366,131,2,935.86,0.2
14877,506366,45,3,19474.91,0.2
14878,506367,6,4,15719.14,0.0
14879,506367,200,4,20741.6,0.0
14880,506368,135,2,25804.56,0.0
14881,506369,66,3,7626.75,0.15
14882,506370,45,3,19474.91,0.0
14883,506370,190,1,52000.43,0.0
14884,506370,161,2,45736.6,0.1
14885,506371,103,1,33485.32,0.0
14886,506371,53,2,41659.1,0.1
14887,506371,79,2,36534.8,0.15
14888,506371,4,4,4600.28,0.0
14889,506372,42,4,17076.73,0.1
14890,506373,145,2,5674.44,0.15
14891,506373,172,2,35356.68,0.0
14892,506374,162,4,16150.96,0.05
14893,506375,174,1,3057.35,0.0
14894,506375,153,1,34143.04,0.0
14895,506376,116,1,16741.69,0.1
14896,506376,129,3,39450.63,0.1
14897,506376,112,1,22042.94,0.1
14898,506376,91,2,37325.93,0.1
14899,506377,154,3,24420.47,0.05
14900,506377,150,3,23255.73,0.1
14901,506377,102,2,25753.85,0.05
14902,506378,1,4,45769.48,0.05
14903,506378,13,4,41294.2,0.2
14904,506378,184,2,46019.64,0.1
14905,506378,117,2,5573.85,0.05
14906,506378,22,4,20749.3,0.15
14907,506379,156,3,9479.93,0.0
14908,506379,21,2,873.24,0.05
14909,506380,151,4,15178.52,0.05
14910,506380,2,1,42946.4,0.05
14911,506380,165,2,6409.81,0.15
14912,506381,167,2,1520.89,0.05
14913,506381,183,3,2591.66,0.05
14914,506381,165,2,6409.81,0.2
14915,506381,64,4,23845.3,0.0
14916,506382,64,3,23845.3,0.15
14917,506382,188,4,6070.27,0.05
14918,506382,5,2,32053.9,0.15
14919,506383,14,4,28958.7,0.0
14920,506383,68,1,731.88,0.2
14921,506383,153,3,34143.04,0.0
14922,506383,173,4,31442.32,0.05
14923,506383,56,2,31457.37,0.1
14924,506384,21,2,873.24,0.1
14925,506385,123,3,44154.33,0.05
14926,506386,16,3,17752.56,0.0
14927,506387,16,2,17752.56,0.05
14928,506387,139,3,36696.68,0.05
14929,506387,34,3,15395.87,0.1
14930,506387,52,1,43157.07,0.0
14931,506388,74,1,9594.57,0.0
14932,506389,65,4,26891.02,0.1
14933,506389,176,2,42034.94,0.1
14934,506389,193,4,1419.66,0.0
14935,506390,42,2,17076.73,0.05
14936,506390,152,2,47494.55,0.15
14937,506391,86,2,25389.28,0.05
14938,506391,145,3,5674.44,0.0
14939,506391,3,3,2440.7,0.0
14940,506392,47,2,7728.9,0.1
14941,506392,154,4,24420.47,0.1
14942,506392,158,3,17301.25,0.15
14943,506393,77,4,45039.66,0.05
14944,506393,120,2,14551.18,0.0
14945,506394,13,3,41294.2,0.05
14946,506395,5,1,32053.9,0.1
14947,506395,129,3,39450.63,0.1
14948,506396,150,2,23255.73,0.0
14949,506396,185,1,11835.89,0.0
14950,506396,16,3,17752.56,0.0
14951,506396,102,3,25753.85,0.05
14952,506396,8,2,16654.82,0.0
14953,506397,67,4,32514.47,0.0
14954,506398,136,4,48294.58,0.05
14955,506399,84,2,26499.83,0.1
14956,506399,200,4,20741.6,0.0
14957,506399,150,4,23255.73,0.1
14958,506399,182,3,25258.66,0.15
14959,506400,97,1,9014.15,0.1
14960,506401,22,1,20749.3,0.15
14961,506402,107,1,13631.76,0.1
14962,506402,14,4,28958.7,0.2
14963,506402,60,1,42396.67,0.2
14964,506402,155,1,51623.31,0.1
14965,506403,198,2,44779.95,0.0
14966,506403,14,1,28958.7,0.1
14967,506403,177,1,7521.62,0.1
14968,506404,107,2,13631.76,0.1
14969,506405,91,3,37325.93,0.1
14970,506405,194,4,14529.69,0.0
14971,506405,75,3,7343.48,0.1
14972,506405,167,1,1520.89,0.0
14973,506405,124,1,16664.22,0.1
14974,506406,92,1,38084.76,0.2
14975,506406,121,1,43178.12,0.1
14976,506406,135,3,25804.56,0.0
14977,506407,33,4,15090.93,0.1
14978,506408,37,3,8747.32,0.05
14979,506408,63,4,14212.89,0.2
14980,506409,39,4,42117.5,0.15
14981,506409,197,2,20725.99,0.1
14982,506409,118,2,47968.75,0.0
14983,506409,153,3,34143.04,0.0
14984,506410,77,2,45039.66,0.15
14985,506410,140,4,19515.46,0.1
14986,506410,43,4,25517.07,0.0
14987,506411,111,4,41282.72,0.1
14988,506411,18,3,17846.96,0.0
14989,506412,134,2,24171.94,0.15
14990,506412,110,3,13452.58,0.15
14991,506413,86,4,25389.28,0.15
14992,506414,1,3,45769.48,0.05
14993,506414,126,3,4890.52,0.05
14994,506415,162,3,16150.96,0.2
14995,506416,89,1,2812.94,0.05
14996,506416,57,1,1412.7,0.15
14997,506416,107,2,13631.76,0.15
14998,506417,54,2,28353.11,0.1
14999,506418,108,3,22454.46,0.05
15000,506419,197,3,20725.99,0.1
15001,506420,160,2,24067.85,0.1
15002,506420,61,4,23045.67,0.05
15003,506420,101,1,36836.08,0.0
15004,506421,125,3,41076.3,0.0
15005,506421,37,4,8747.32,0.2
15006,506422,139,2,36696.68,0.15
15007,506422,127,3,16509.71,0.0
15008,506423,136,1,48294.58,0.1
15009,506423,61,4,23045.67,0.05
15010,506424,89,2,2812.94,0.05
15011,506424,152,4,47494.55,0.1
15012,506425,99,3,51437.59,0.0
15013,506425,73,4,32339.91,0.05
15014,506425,181,4,20017.36,0.2
15015,506425,130,2,1826.9,0.1
15016,506426,75,2,7343.48,0.0
15017,506426,55,1,45214.9,0.0
15018,506427,7,1,32012.11,0.05
15019,506428,91,3,37325.93,0.0
15020,506428,177,4,7521.62,0.0
15021,506428,196,3,8761.57,0.2
15022,506428,95,3,7858.6,0.1
15023,506429,76,1,1551.17,0.15
15024,506429,2,1,42946.4,0.0
15025,506430,116,2,16741.69,0.05
15026,506430,51,3,42529.03,0.15
15027,506431,162,1,16150.96,0.1
15028,506432,119,3,20465.15,0.2
15029,506432,172,1,35356.68,0.15
15030,506432,97,4,9014.15,0.2
15031,506432,171,2,22643.94,0.0
15032,506433,104,4,17663.08,0.05
15033,506433,23,4,45229.71,0.2
15034,506433,159,4,25532.77,0.1
15035,506433,200,1,20741.6,0.2
15036,506434,118,1,47968.75,0.0
15037,506434,137,4,11644.84,0.1
15038,506435,115,3,2799.41,0.1
15039,506436,161,1,45736.6,0.0
15040,506437,61,4,23045.67,0.0
15041,506437,189,3,36176.21,0.2
15042,506438,183,4,2591.66,0.1
15043,506438,114,2,24883.58,0.2
15044,506439,31,2,31665.76,0.1
15045,506439,22,3,20749.3,0.15
15046,506440,41,2,790.54,0.15
15047,506440,189,1,36176.21,0.05
15048,506441,24,4,29412.47,0.1
15049,506442,180,3,6088.9,0.05
15050,506443,30,1,8599.09,0.0
15051,506443,118,1,47968.75,0.1
15052,506443,65,4,26891.02,0.0
15053,506443,8,3,16654.82,0.1
15054,506443,143,3,8499.37,0.15
15055,506444,13,3,41294.2,0.1
15056,506445,38,2,33762.69,0.2
15057,506445,1,3,45769.48,0.0
15058,506445,105,4,28367.27,0.0
15059,506445,145,4,5674.44,0.05
15060,506445,147,1,51028.85,0.05
15061,506446,82,1,26994.56,0.15
15062,506446,116,2,16741.69,0.15
15063,506447,54,3,28353.11,0.05
15064,506448,151,3,15178.52,0.2
15065,506448,1,4,45769.48,0.2
15066,506449,47,2,7728.9,0.1
15067,506449,133,4,18726.1,0.0
15068,506449,55,3,45214.9,0.05
15069,506449,195,4,39570.05,0.1
15070,506449,73,1,32339.91,0.05
15071,506450,156,2,9479.93,0.0
15072,506450,11,4,10297.51,0.15
15073,506450,123,2,44154.33,0.0
15074,506450,24,2,29412.47,0.05
15075,506451,2,3,42946.4,0.2
15076,506451,154,2,24420.47,0.05
15077,506452,151,3,15178.52,0.05
15078,506453,68,4,731.88,0.1
15079,506453,71,1,40831.91,0.1
15080,506454,29,2,40427.0,0.0
15081,506455,162,3,16150.96,0.0
15082,506456,71,4,40831.91,0.0
15083,506456,111,1,41282.72,0.15
15084,506456,198,3,44779.95,0.1
15085,506456,43,1,25517.07,0.15
15086,506457,92,4,38084.76,0.0
15087,506457,170,1,31500.56,0.0
15088,506457,147,3,51028.85,0.1
15089,506458,86,2,25389.28,0.1
15090,506458,127,3,16509.71,0.15
15091,506458,117,3,5573.85,0.0
15092,506459,55,2,45214.9,0.1
15093,506459,195,1,39570.05,0.2
15094,506460,140,3,19515.46,0.1
15095,506461,20,2,27803.61,0.1
15096,506462,85,4,30473.88,0.0
15097,506462,150,3,23255.73,0.2
15098,506462,192,4,906.98,0.15
15099,506463,18,3,17846.96,0.0
15100,506463,81,1,15504.13,0.0
15101,506464,39,4,42117.5,0.1
15102,506464,14,3,28958.7,0.0
15103,506465,179,1,47254.91,0.05
15104,506466,86,2,25389.28,0.1
15105,506466,43,3,25517.07,0.05
15106,506467,195,3,39570.05,0.15
15107,506468,115,2,2799.41,0.0
15108,506469,79,3,36534.8,0.0
15109,506469,145,3,5674.44,0.1
15110,506469,86,1,25389.28,0.1
15111,506469,71,3,40831.91,0.0
15112,506470,132,3,47935.67,0.15
15113,506470,186,1,13953.35,0.0
15114,506470,190,1,52000.43,0.0
15115,506471,18,2,17846.96,0.0
15116,506471,37,3,8747.32,0.05
15117,506471,175,3,7528.69,0.0
15118,506471,32,2,30436.6,0.15
15119,506472,159,3,25532.77,0.05
15120,506472,183,2,2591.66,0.1
15121,506472,118,4,47968.75,0.1
15122,506472,66,2,7626.75,0.1
15123,506473,188,1,6070.27,0.05
15124,506473,17,3,17031.55,0.2
15125,506474,180,1,6088.9,0.1
15126,506474,117,3,5573.85,0.05
15127,506475,92,3,38084.76,0.15
15128,506475,182,3,25258.66,0.0
15129,506476,69,2,20234.72,0.05
15130,506477,102,3,25753.85,0.0
15131,506477,193,1,1419.66,0.0
15132,506477,30,3,8599.09,0.2
15133,506478,136,1,48294.58,0.2
15134,506478,145,3,5674.44,0.1
15135,506478,121,2,43178.12,0.2
15136,506479,135,1,25804.56,0.2
15137,506479,186,1,13953.35,0.1
15138,506480,162,2,16150.96,0.2
15139,506480,148,3,30748.98,0.1
15140,506481,158,4,17301.25,0.15
15141,506482,154,1,24420.47,0.1
15142,506483,171,3,22643.94,0.1
15143,506483,189,4,36176.21,0.0
15144,506484,113,3,20936.8,0.15
15145,506484,155,2,51623.31,0.0
15146,506484,77,3,45039.66,0.2
15147,506484,3,1,2440.7,0.0
15148,506485,102,4,25753.85,0.15
15149,506486,128,2,39089.34,0.0
15150,506486,30,3,8599.09,0.2
15151,506486,114,1,24883.58,0.0
15152,506486,81,1,15504.13,0.0
15153,506486,113,3,20936.8,0.05
15154,506487,182,4,25258.66,0.05
15155,506487,51,4,42529.03,0.0
15156,506488,161,1,45736.6,0.0
15157,506488,41,4,790.54,0.0
15158,506489,60,4,42396.67,0.2
15159,506490,16,1,17752.56,0.1
15160,506491,55,3,45214.9,0.0
15161,506491,16,3,17752.56,0.0
15162,506492,68,3,731.88,0.2
15163,506492,161,4,45736.6,0.1
15164,506493,90,2,42489.82,0.1
15165,506493,37,4,8747.32,0.0
15166,506494,140,3,19515.46,0.15
15167,506495,178,4,16239.3,0.15
15168,506496,179,1,47254.91,0.05
15169,506497,72,1,33843.05,0.05
15170,506497,86,4,25389.28,0.0
15171,506497,91,3,37325.93,0.15
15172,506498,142,1,32662.03,0.1
15173,506498,67,4,32514.47,0.0
15174,506499,128,4,39089.34,0.1
15175,506500,108,1,22454.46,0.1
15176,506500,163,1,1143.45,0.05
15177,506500,191,4,39507.0,0.15
15178,506501,176,2,42034.94,0.0
15179,506502,150,1,23255.73,0.05
15180,506502,95,2,7858.6,0.0
15181,506502,64,2,23845.3,0.0
15182,506503,122,4,7953.1,0.1
15183,506503,15,2,13558.11,0.1
15184,506504,109,4,20240.83,0.05
15185,506504,85,1,30473.88,0.15
15186,506504,150,3,23255.73,0.0
15187,506505,180,2,6088.9,0.1
15188,506506,83,1,10948.99,0.1
15189,506506,169,3,42129.24,0.2
15190,506506,89,4,2812.94,0.1
15191,506507,55,1,45214.9,0.1
15192,506507,186,2,13953.35,0.1
15193,506507,171,4,22643.94,0.15
15194,506508,156,3,9479.93,0.0
15195,506509,146,1,4466.06,0.1
15196,506510,45,2,19474.91,0.0
15197,506510,170,1,31500.56,0.05
15198,506510,61,2,23045.67,0.05
15199,506511,120,4,14551.18,0.0
15200,506511,194,2,14529.69,0.0
15201,506512,47,3,7728.9,0.1
15202,506512,119,1,20465.15,0.05
15203,506512,85,3,30473.88,0.1
15204,506513,94,1,30089.86,0.15
15205,506514,6,3,15719.14,0.1
15206,506515,189,4,36176.21,0.1
15207,506515,1,3,45769.48,0.1
15208,506515,23,1,45229.71,0.1
15209,506516,32,3,30436.6,0.15
15210,506517,67,2,32514.47,0.1
15211,506518,3,1,2440.7,0.0
15212,506519,4,2,4600.28,0.05
15213,506519,166,3,16527.13,0.05
15214,506519,132,1,47935.67,0.05
15215,506519,115,1,2799.41,0.0
15216,506520,163,4,1143.45,0.0
15217,506520,144,1,43009.16,0.2
15218,506521,165,4,6409.81,0.0
15219,506521,23,3,45229.71,0.0
15220,506522,114,3,24883.58,0.1
15221,506522,62,1,3498.04,0.0
15222,506523,167,1,1520.89,0.0
15223,506523,106,2,49815.63,0.05
15224,506524,26,2,13443.96,0.05
15225,506525,23,4,45229.71,0.05
15226,506526,134,4,24171.94,0.1
15227,506527,119,1,20465.15,0.0
15228,506527,87,3,3216.87,0.0
15229,506527,93,3,33594.98,0.05
15230,506527,162,3,16150.96,0.1
15231,506528,48,1,32151.32,0.1
15232,506528,177,2,7521.62,0.15
15233,506528,146,2,4466.06,0.0
15234,506529,60,4,42396.67,0.1
15235,506529,115,2,2799.41,0.2
15236,506529,36,4,32323.45,0.0
15237,506529,86,1,25389.28,0.2
15238,506530,12,2,8809.95,0.1
15239,506530,128,2,39089.34,0.1
15240,506530,195,3,39570.05,0.1
15241,506531,198,3,44779.95,0.15
15242,506532,69,3,20234.72,0.2
15243,506532,73,2,32339.91,0.15
15244,506532,91,3,37325.93,0.0
15245,506533,129,1,39450.63,0.1
15246,506533,162,2,16150.96,0.1
15247,506534,65,1,26891.02,0.0
15248,506534,87,1,3216.87,0.05
15249,506534,105,1,28367.27,0.0
15250,506535,115,3,2799.41,0.05
15251,506535,69,2,20234.72,0.15
15252,506535,194,4,14529.69,0.1
15253,506535,86,2,25389.28,0.15
15254,506535,130,1,1826.9,0.1
15255,506536,157,2,26053.23,0.05
15256,506536,37,4,8747.32,0.1
15257,506537,161,1,45736.6,0.1
15258,506537,186,2,13953.35,0.1
15259,506538,123,4,44154.33,0.15
15260,506538,109,1,20240.83,0.05
15261,506539,200,2,20741.6,0.0
15262,506539,135,4,25804.56,0.15
15263,506539,139,1,36696.68,0.1
15264,506539,178,1,16239.3,0.1
15265,506540,66,1,7626.75,0.0
15266,506541,47,3,7728.9,0.05
15267,506541,124,3,16664.22,0.05
15268,506542,93,3,33594.98,0.15
15269,506542,89,2,2812.94,0.0
15270,506542,147,1,51028.85,0.15
15271,506542,45,3,19474.91,0.0
15272,506543,55,4,45214.9,0.05
15273,506544,23,3,45229.71,0.05
15274,506544,84,2,26499.83,0.2
15275,506545,110,2,13452.58,0.05
15276,506545,52,2,43157.07,0.15
15277,506546,114,1,24883.58,0.05
15278,506546,200,2,20741.6,0.1
15279,506547,145,4,5674.44,0.0
15280,506548,61,4,23045.67,0.15
15281,506549,92,3,38084.76,0.2
15282,506549,99,4,51437.59,0.2
15283,506550,16,3,17752.56,0.0
15284,506550,40,4,12159.56,0.1
15285,506551,92,4,38084.76,0.2
15286,506551,87,3,3216.87,0.15
15287,506551,99,3,51437.59,0.0
15288,506551,7,2,32012.11,0.1
15289,506551,130,3,1826.9,0.15
15290,506552,164,4,54714.33,0.05
15291,506552,111,1,41282.72,0.15
15292,506552,12,3,8809.95,0.05
15293,506553,155,1,51623.31,0.05
15294,506553,123,1,44154.33,0.05
15295,506554,128,1,39089.34,0.1
15296,506555,175,3,7528.69,0.15
15297,506555,53,1,41659.1,0.1
15298,506555,107,3,13631.76,0.2
15299,506555,122,1,7953.1,0.05
15300,506556,149,1,33795.66,0.2
15301,506557,157,1,26053.23,0.1
15302,506557,26,3,13443.96,0.05
15303,506557,79,3,36534.8,0.15
15304,506557,91,1,37325.93,0.2
15305,506557,41,1,790.54,0.2
15306,506558,75,1,7343.48,0.05
15307,506558,131,2,935.86,0.15
15308,506558,147,2,51028.85,0.0
15309,506558,69,4,20234.72,0.15
15310,506558,196,1,8761.57,0.2
15311,506559,142,4,32662.03,0.0
15312,506559,37,1,8747.32,0.0
15313,506559,15,3,13558.11,0.05
15314,506559,106,2,49815.63,0.15
15315,506559,8,2,16654.82,0.05
15316,506560,180,4,6088.9,0.1
15317,506561,167,2,1520.89,0.1
15318,506562,77,1,45039.66,0.15
15319,506562,161,1,45736.6,0.1
15320,506562,1,4,45769.48,0.2
15321,506563,173,1,31442.32,0.1
15322,506563,29,2,40427.0,0.1
15323,506564,28,3,34955.61,0.05
15324,506564,142,1,32662.03,0.15
15325,506565,73,3,32339.91,0.2
15326,506565,182,4,25258.66,0.15
15327,506566,106,4,49815.63,0.05
15328,506566,152,3,47494.55,0.1
15329,506566,63,4,14212.89,0.0
15330,506567,61,4,23045.67,0.1
15331,506567,196,1,8761.57,0.0
15332,506568,92,2,38084.76,0.1
15333,506568,30,3,8599.09,0.05
15334,506569,159,1,25532.77,0.0
15335,506569,138,3,5148.37,0.0
15336,506570,132,3,47935.67,0.1
15337,506571,89,1,2812.94,0.1
15338,506571,58,4,38058.28,0.1
15339,506571,189,1,36176.21,0.15
15340,506572,34,1,15395.87,0.0
15341,506572,18,3,17846.96,0.0
15342,506572,153,2,34143.04,0.05
15343,506573,15,1,13558.11,0.1
15344,506573,140,1,19515.46,0.05
15345,506573,188,4,6070.27,0.15
15346,506573,121,2,43178.12,0.05
15347,506574,170,4,31500.56,0.1
15348,506574,21,4,873.24,0.05
15349,506574,7,2,32012.11,0.05
15350,506575,166,3,16527.13,0.0
15351,506575,42,3,17076.73,0.1
15352,506576,127,4,16509.71,0.0
15353,506576,145,1,5674.44,0.15
15354,506576,169,4,42129.24,0.1
15355,506576,198,3,44779.95,0.0
15356,506577,109,1,20240.83,0.05
15357,506577,71,2,40831.91,0.1
15358,506578,51,1,42529.03,0.2
15359,506578,43,3,25517.07,0.1
15360,506578,147,1,51028.85,0.05
15361,506579,76,3,1551.17,0.0
15362,506580,55,2,45214.9,0.05
15363,506580,176,4,42034.94,0.05
15364,506580,172,4,35356.68,0.05
15365,506581,170,4,31500.56,0.2
15366,506582,49,4,33529.65,0.0
15367,506583,153,3,34143.04,0.15
15368,506583,112,3,22042.94,0.05
15369,506584,97,1,9014.15,0.1
15370,506585,72,2,33843.05,0.1
15371,506585,140,4,19515.46,0.15
15372,506586,193,1,1419.66,0.2
15373,506586,95,3,7858.6,0.05
15374,506586,2,3,42946.4,0.05
15375,506587,89,1,2812.94,0.15
15376,506587,163,1,1143.45,0.1
15377,506588,174,2,3057.35,0.0
15378,506588,164,1,54714.33,0.0
15379,506588,64,4,23845.3,0.05
15380,506589,146,2,4466.06,0.05
15381,506589,47,1,7728.9,0.0
15382,506589,32,4,30436.6,0.05
15383,506590,51,2,42529.03,0.05
15384,506590,137,3,11644.84,0.1
15385,506591,170,2,31500.56,0.2
15386,506591,107,2,13631.76,0.1
15387,506591,134,3,24171.94,0.15
15388,506591,145,3,5674.44,0.0
15389,506591,3,1,2440.7,0.1
15390,506592,118,3,47968.75,0.15
15391,506593,127,3,16509.71,0.0
15392,506594,98,2,35512.2,0.1
15393,506594,85,4,30473.88,0.0
15394,506595,122,4,7953.1,0.05
15395,506595,66,4,7626.75,0.1
15396,506595,75,3,7343.48,0.05
15397,506596,85,2,30473.88,0.2
15398,506597,137,4,11644.84,0.0
15399,506597,126,2,4890.52,0.1
15400,506598,76,1,1551.17,0.1
15401,506598,15,1,13558.11,0.0
15402,506599,120,3,14551.18,0.15
15403,506599,116,3,16741.69,0.1
15404,506599,135,2,25804.56,0.0
15405,506600,7,2,32012.11,0.15
15406,506600,21,3,873.24,0.0
15407,506600,46,1,6300.09,0.1
15408,506600,199,1,40427.21,0.0
15409,506601,118,1,47968.75,0.05
15410,506602,164,4,54714.33,0.1
15411,506603,120,2,14551.18,0.0
15412,506603,99,1,51437.59,0.1
15413,506603,29,3,40427.0,0.2
15414,506604,144,2,43009.16,0.1
15415,506604,157,1,26053.23,0.1
15416,506604,182,4,25258.66,0.0
15417,506604,12,4,8809.95,0.05
15418,506605,192,3,906.98,0.1
15419,506606,97,4,9014.15,0.0
15420,506606,71,1,40831.91,0.0
15421,506606,50,3,37071.05,0.05
15422,506607,56,3,31457.37,0.0
15423,506608,166,4,16527.13,0.2
15424,506609,169,3,42129.24,0.1
15425,506609,131,4,935.86,0.2
15426,506610,121,1,43178.12,0.15
15427,506610,46,1,6300.09,0.0
15428,506610,59,2,542.46,0.1
15429,506611,34,2,15395.87,0.0
15430,506611,16,4,17752.56,0.05
15431,506611,12,1,8809.95,0.0
15432,506612,155,1,51623.31,0.1
15433,506612,135,1,25804.56,0.1
15434,506613,102,3,25753.85,0.05
15435,506613,135,3,25804.56,0.05
15436,506613,108,1,22454.46,0.0
15437,506614,37,4,8747.32,0.15
15438,506614,73,2,32339.91,0.05
15439,506615,53,4,41659.1,0.15
15440,506616,65,1,26891.02,0.15
15441,506616,100,4,46791.69,0.0
15442,506616,15,4,13558.11,0.1
15443,506616,168,1,9316.31,0.0
15444,506617,170,3,31500.56,0.0
15445,506618,197,1,20725.99,0.2
15446,506618,95,1,7858.6,0.0
15447,506618,38,1,33762.69,0.1
15448,506618,77,1,45039.66,0.1
15449,506619,53,2,41659.1,0.0
15450,506619,186,1,13953.35,0.2
15451,506619,20,4,27803.61,0.05
15452,506620,124,4,16664.22,0.15
15453,506620,151,1,15178.52,0.15
15454,506620,41,4,790.54,0.0
15455,506621,173,4,31442.32,0.1
15456,506621,126,4,4890.52,0.15
15457,506622,8,1,16654.82,0.05
15458,506622,81,1,15504.13,0.1
15459,506622,147,3,51028.85,0.1
15460,506623,81,4,15504.13,0.0
15461,506624,140,4,19515.46,0.15
15462,506624,83,1,10948.99,0.0
15463,506625,199,2,40427.21,0.1
15464,506626,63,3,14212.89,0.1
15465,506626,51,2,42529.03,0.05
15466,506626,107,3,13631.76,0.05
15467,506627,93,4,33594.98,0.15
15468,506627,66,3,7626.75,0.1
15469,506627,86,3,25389.28,0.15
15470,506628,84,2,26499.83,0.1
15471,506629,19,2,21391.84,0.15
15472,506630,122,3,7953.1,0.05
15473,506630,118,4,47968.75,0.05
15474,506631,85,3,30473.88,0.05
15475,506631,42,1,17076.73,0.0
15476,506631,43,3,25517.07,0.05
15477,506631,113,2,20936.8,0.0
15478,506631,102,1,25753.85,0.1
15479,506632,182,1,25258.66,0.1
15480,506632,71,1,40831.91,0.2
15481,506632,3,1,2440.7,0.05
15482,506633,147,1,51028.85,0.15
15483,506633,197,3,20725.99,0.1
15484,506634,64,1,23845.3,0.05
15485,506634,196,4,8761.57,0.1
15486,506634,70,4,9185.74,0.0
15487,506634,67,4,32514.47,0.05
15488,506635,134,4,24171.94,0.1
15489,506635,139,4,36696.68,0.0
15490,506635,38,1,33762.69,0.05
15491,506636,98,3,35512.2,0.1
15492,506636,53,4,41659.1,0.0
15493,506636,111,1,41282.72,0.0
15494,506637,88,2,22349.99,0.0
15495,506637,20,4,27803.61,0.1
15496,506638,42,4,17076.73,0.15
15497,506638,63,3,14212.89,0.05
15498,506639,53,1,41659.1,0.0
15499,506640,5,4,32053.9,0.1
15500,506640,38,2,33762.69,0.1
15501,506640,99,2,51437.59,0.15
15502,506641,66,1,7626.75,0.0
15503,506642,5,4,32053.9,0.1
15504,506642,186,1,13953.35,0.1
15505,506642,76,2,1551.17,0.0
15506,506643,51,1,42529.03,0.1
15507,506643,123,1,44154.33,0.0
15508,506643,132,4,47935.67,0.1
15509,506643,103,3,33485.32,0.1
15510,506644,63,3,14212.89,0.1
15511,506644,117,4,5573.85,0.0
15512,506645,35,2,3103.89,0.0
15513,506646,132,2,47935.67,0.0
15514,506647,54,2,28353.11,0.1
15515,506647,106,2,49815.63,0.1
15516,506647,46,3,6300.09,0.0
15517,506648,33,2,15090.93,0.15
15518,506649,24,1,29412.47,0.2
15519,506650,57,1,1412.7,0.0
15520,506650,175,4,7528.69,0.2
15521,506651,185,1,11835.89,0.2
15522,506651,30,1,8599.09,0.0
15523,506652,186,4,13953.35,0.1
15524,506652,70,1,9185.74,0.1
15525,506653,86,2,25389.28,0.05
15526,506654,56,3,31457.37,0.0
15527,506654,8,2,16654.82,0.1
15528,506655,95,1,7858.6,0.2
15529,506655,92,3,38084.76,0.1
15530,506656,72,4,33843.05,0.1
15531,506656,174,2,3057.35,0.1
15532,506657,56,2,31457.37,0.0
15533,506657,25,1,28894.26,0.1
15534,506657,37,2,8747.32,0.05
15535,506657,34,2,15395.87,0.1
15536,506658,113,1,20936.8,0.1
15537,506659,135,1,25804.56,0.1
15538,506659,109,4,20240.83,0.1
15539,506660,23,4,45229.71,0.0
15540,506661,46,4,6300.09,0.1
15541,506662,38,2,33762.69,0.05
15542,506662,189,2,36176.21,0.05
15543,506663,40,4,12159.56,0.15
15544,506663,173,1,31442.32,0.1
15545,506663,19,2,21391.84,0.1
15546,506664,198,3,44779.95,0.1
15547,506664,46,4,6300.09,0.2
15548,506665,116,1,16741.69,0.0
15549,506665,128,2,39089.34,0.05
15550,506665,38,2,33762.69,0.0
15551,506665,138,3,5148.37,0.0
15552,506666,58,3,38058.28,0.0
15553,506666,119,4,20465.15,0.05
15554,506666,142,4,32662.03,0.05
15555,506667,26,4,13443.96,0.0
15556,506668,67,3,32514.47,0.2
15557,506668,3,1,2440.7,0.1
15558,506668,141,1,9199.37,0.1
15559,506669,21,1,873.24,0.05
15560,506669,91,3,37325.93,0.1
15561,506669,42,3,17076.73,0.0
15562,506670,61,1,23045.67,0.0
15563,506670,42,3,17076.73,0.05
15564,506670,11,3,10297.51,0.1
15565,506671,179,1,47254.91,0.0
15566,506671,70,2,9185.74,0.15
15567,506672,142,2,32662.03,0.05
15568,506672,30,3,8599.09,0.1
15569,506672,191,4,39507.0,0.15
15570,506672,199,4,40427.21,0.15
15571,506672,4,2,4600.28,0.15
15572,506673,17,3,17031.55,0.05
15573,506673,53,1,41659.1,0.05
15574,506674,158,2,17301.25,0.15
15575,506674,90,1,42489.82,0.15
15576,506674,113,1,20936.8,0.1
15577,506675,73,3,32339.91,0.05
15578,506675,34,1,15395.87,0.2
15579,506676,22,1,20749.3,0.1
15580,506676,71,4,40831.91,0.0
15581,506676,19,1,21391.84,0.05
15582,506677,166,4,16527.13,0.1
15583,506677,75,2,7343.48,0.05
15584,506678,31,3,31665.76,0.2
15585,506679,77,2,45039.66,0.1
15586,506679,65,3,26891.02,0.0
15587,506680,96,1,33785.82,0.15
15588,506680,140,1,19515.46,0.0
15589,506681,131,3,935.86,0.05
15590,506682,64,2,23845.3,0.05
15591,506682,100,2,46791.69,0.0
15592,506682,136,3,48294.58,0.05
15593,506683,100,3,46791.69,0.15
15594,506683,39,1,42117.5,0.1
15595,506683,162,2,16150.96,0.1
15596,506683,173,3,31442.32,0.1
15597,506684,51,2,42529.03,0.05
15598,506684,181,3,20017.36,0.1
15599,506684,47,3,7728.9,0.1
15600,506684,58,4,38058.28,0.1
15601,506685,22,4,20749.3,0.0
15602,506685,82,2,26994.56,0.1
15603,506686,103,3,33485.32,0.1
15604,506686,143,4,8499.37,0.1
15605,506687,63,4,14212.89,0.1
15606,506687,109,3,20240.83,0.15
15607,506687,115,4,2799.41,0.2
15608,506687,183,1,2591.66,0.05
15609,506688,117,1,5573.85,0.1
15610,506688,131,3,935.86,0.2
15611,506688,2,1,42946.4,0.15
15612,506688,180,3,6088.9,0.1
15613,506688,114,1,24883.58,0.1
15614,506689,128,4,39089.34,0.1
15615,506690,198,1,44779.95,0.0
15616,506691,10,3,34430.26,0.1
15617,506692,84,2,26499.83,0.0
15618,506692,55,4,45214.9,0.15
15619,506693,183,1,2591.66,0.1
15620,506693,131,3,935.86,0.2
15621,506693,115,4,2799.41,0.1
15622,506694,126,1,4890.52,0.05
15623,506695,81,4,15504.13,0.05
15624,506695,74,3,9594.57,0.1
15625,506695,100,4,46791.69,0.05
15626,506696,87,1,3216.87,0.1
15627,506697,154,2,24420.47,0.0
15628,506698,177,1,7521.62,0.2
15629,506698,121,3,43178.12,0.0
15630,506699,5,2,32053.9,0.0
15631,506699,21,4,873.24,0.0
15632,506700,153,3,34143.04,0.2
15633,506701,86,3,25389.28,0.05
15634,506701,25,3,28894.26,0.0
15635,506702,26,1,13443.96,0.0
15636,506702,75,4,7343.48,0.1
15637,506703,60,4,42396.67,0.05
15638,506703,168,3,9316.31,0.0
15639,506703,147,2,51028.85,0.1
15640,506703,177,4,7521.62,0.2
15641,506704,193,2,1419.66,0.1
15642,506704,118,4,47968.75,0.1
15643,506704,185,4,11835.89,0.0
15644,506704,93,2,33594.98,0.1
15645,506705,26,4,13443.96,0.15
15646,506705,108,2,22454.46,0.0
15647,506706,86,3,25389.28,0.0
15648,506706,140,3,19515.46,0.0
15649,506706,182,2,25258.66,0.15
15650,506706,121,3,43178.12,0.0
15651,506706,109,4,20240.83,0.0
15652,506707,68,1,731.88,0.05
15653,506707,102,2,25753.85,0.1
15654,506708,61,1,23045.67,0.05
15655,506709,180,3,6088.9,0.1
15656,506709,16,3,17752.56,0.1
15657,506710,45,2,19474.91,0.0
15658,506710,49,2,33529.65,0.1
15659,506710,127,2,16509.71,0.1
15660,506710,186,3,13953.35,0.1
15661,506711,130,1,1826.9,0.2
15662,506711,196,4,8761.57,0.0
15663,506711,68,3,731.88,0.0
15664,506712,8,2,16654.82,0.05
15665,506712,33,1,15090.93,0.0
15666,506712,93,1,33594.98,0.15
15667,506712,143,2,8499.37,0.05
15668,506712,30,4,8599.09,0.1
15669,506713,169,1,42129.24,0.15
15670,506713,195,3,39570.05,0.1
15671,506714,17,2,17031.55,0.1
15672,506714,194,4,14529.69,0.1
15673,506714,166,3,16527.13,0.0
15674,506714,82,4,26994.56,0.1
15675,506715,34,1,15395.87,0.05
15676,506715,164,3,54714.33,0.05
15677,506715,64,1,23845.3,0.2
15678,506716,10,4,34430.26,0.15
15679,506716,72,2,33843.05,0.05
15680,506716,185,2,11835.89,0.0
15681,506716,42,4,17076.73,0.1
15682,506717,119,3,20465.15,0.1
15683,506717,99,4,51437.59,0.0
15684,506717,151,1,15178.52,0.05
15685,506717,114,4,24883.58,0.0
15686,506717,137,2,11644.84,0.0
15687,506718,126,2,4890.52,0.1
15688,506718,23,3,45229.71,0.2
15689,506719,34,3,15395.87,0.1
15690,506719,174,3,3057.35,0.0
15691,506719,152,3,47494.55,0.0
15692,506720,165,3,6409.81,0.1
15693,506721,6,1,15719.14,0.1
15694,506721,79,3,36534.8,0.15
15695,506721,167,2,1520.89,0.0
15696,506721,166,4,16527.13,0.1
15697,506722,138,3,5148.37,0.15
15698,506722,166,4,16527.13,0.1
15699,506723,22,2,20749.3,0.1
15700,506724,101,1,36836.08,0.05
15701,506724,134,1,24171.94,0.15
15702,506725,188,3,6070.27,0.15
15703,506726,19,1,21391.84,0.05
15704,506726,16,3,17752.56,0.0
15705,506727,67,2,32514.47,0.0
15706,506728,167,4,1520.89,0.0
15707,506728,191,1,39507.0,0.05
15708,506728,74,1,9594.57,0.05
15709,506728,199,3,40427.21,0.1
15710,506728,116,2,16741.69,0.1
15711,506729,127,3,16509.71,0.1
15712,506729,3,4,2440.7,0.05
15713,506730,63,3,14212.89,0.05
15714,506730,185,3,11835.89,0.05
15715,506730,38,1,33762.69,0.0
15716,506730,73,3,32339.91,0.1
15717,506730,197,3,20725.99,0.15
15718,506731,115,1,2799.41,0.0
15719,506732,88,4,22349.99,0.2
15720,506732,182,1,25258.66,0.1
15721,506733,186,2,13953.35,0.1
15722,506733,19,3,21391.84,0.05
15723,506733,193,1,1419.66,0.05
15724,506733,34,2,15395.87,0.1
15725,506734,181,2,20017.36,0.05
15726,506734,149,3,33795.66,0.15
15727,506734,154,1,24420.47,0.1
15728,506735,70,1,9185.74,0.1
15729,506736,37,4,8747.32,0.0
15730,506736,94,2,30089.86,0.1
15731,506736,30,2,8599.09,0.1
15732,506736,138,4,5148.37,0.0
15733,506737,94,2,30089.86,0.05
15734,506738,154,3,24420.47,0.15
15735,506739,198,1,44779.95,0.05
15736,506739,166,3,16527.13,0.1
15737,506739,140,3,19515.46,0.15
15738,506740,63,3,14212.89,0.0
15739,506740,86,3,25389.28,0.0
15740,506740,56,4,31457.37,0.0
15741,506741,82,2,26994.56,0.15
15742,506741,76,2,1551.17,0.15
15743,506741,89,1,2812.94,0.1
15744,506742,20,1,27803.61,0.2
15745,506743,7,4,32012.11,0.05
15746,506744,101,1,36836.08,0.1
15747,506744,91,2,37325.93,0.05
15748,506745,75,1,7343.48,0.0
15749,506745,50,2,37071.05,0.1
15750,506746,160,1,24067.85,0.0
15751,506747,70,2,9185.74,0.1
15752,506747,168,1,9316.31,0.2
15753,506747,65,4,26891.02,0.0
15754,506748,128,4,39089.34,0.2
15755,506748,185,4,11835.89,0.1
15756,506748,173,3,31442.32,0.2
15757,506748,15,2,13558.11,0.15
15758,506749,179,4,47254.91,0.1
15759,506749,39,4,42117.5,0.1
15760,506749,180,3,6088.9,0.1
15761,506749,35,1,3103.89,0.0
15762,506749,100,2,46791.69,0.1
15763,506750,196,1,8761.57,0.1
15764,506750,123,4,44154.33,0.1
15765,506750,161,4,45736.6,0.2
15766,506751,181,2,20017.36,0.05
15767,506752,97,1,9014.15,0.05
15768,506752,83,1,10948.99,0.0
15769,506753,10,4,34430.26,0.05
15770,506753,52,1,43157.07,0.0
15771,506753,167,4,1520.89,0.0
15772,506753,60,3,42396.67,0.15
15773,506754,46,4,6300.09,0.15
15774,506755,126,4,4890.52,0.0
15775,506756,58,3,38058.28,0.0
15776,506757,48,2,32151.32,0.1
15777,506757,109,4,20240.83,0.1
15778,506758,16,3,17752.56,0.2
15779,506758,4,3,4600.28,0.05
15780,506758,39,1,42117.5,0.0
15781,506758,92,3,38084.76,0.0
15782,506758,53,2,41659.1,0.05
15783,506759,78,3,9475.8,0.15
15784,506759,55,2,45214.9,0.15
15785,506760,154,4,24420.47,0.0
15786,506760,101,2,36836.08,0.05
15787,506761,145,1,5674.44,0.1
15788,506761,6,1,15719.14,0.0
15789,506761,151,1,15178.52,0.0
15790,506762,164,1,54714.33,0.2
15791,506762,136,4,48294.58,0.15
15792,506762,57,1,1412.7,0.0
15793,506762,37,1,8747.32,0.0
15794,506763,5,1,32053.9,0.1
15795,506764,39,4,42117.5,0.05
15796,506764,180,2,6088.9,0.15
15797,506764,67,4,32514.47,0.05
15798,506765,63,2,14212.89,0.0
15799,506765,11,4,10297.51,0.15
15800,506765,44,2,23585.72,0.05
15801,506765,140,3,19515.46,0.0
15802,506766,105,2,28367.27,0.05
15803,506766,35,2,3103.89,0.05
15804,506766,33,4,15090.93,0.0
15805,506766,28,3,34955.61,0.15
15806,506767,128,3,39089.34,0.1
15807,506767,37,4,8747.32,0.0
15808,506768,12,1,8809.95,0.0
15809,506769,123,3,44154.33,0.15
15810,506769,20,3,27803.61,0.2
15811,506769,67,4,32514.47,0.15
15812,506769,172,4,35356.68,0.05
15813,506770,52,2,43157.07,0.0
15814,506770,95,1,7858.6,0.0
15815,506770,16,3,17752.56,0.2
15816,506770,104,4,17663.08,0.0
15817,506771,107,4,13631.76,0.1
15818,506772,29,2,40427.0,0.05
15819,506773,150,2,23255.73,0.0
15820,506774,196,4,8761.57,0.1
15821,506774,130,3,1826.9,0.1
15822,506774,43,2,25517.07,0.05
15823,506775,191,2,39507.0,0.2
15824,506775,29,2,40427.0,0.15
15825,506776,157,2,26053.23,0.1
15826,506777,80,1,26747.7,0.15
15827,506777,141,3,9199.37,0.0
15828,506777,83,2,10948.99,0.0
15829,506778,95,3,7858.6,0.0
15830,506779,130,4,1826.9,0.0
15831,506779,89,2,2812.94,0.2
15832,506779,27,3,52025.44,0.05
15833,506779,163,1,1143.45,0.1
15834,506779,135,1,25804.56,0.1
15835,506780,43,1,25517.07,0.15
15836,506780,134,3,24171.94,0.0
15837,506781,144,1,43009.16,0.0
15838,506781,89,2,2812.94,0.0
15839,506782,31,1,31665.76,0.1
15840,506782,112,4,22042.94,0.05
15841,506782,154,2,24420.47,0.2
15842,506782,53,2,41659.1,0.1
15843,506782,92,2,38084.76,0.0
15844,506783,150,4,23255.73,0.1
15845,506784,195,2,39570.05,0.15
15846,506785,112,1,22042.94,0.2
15847,506785,120,1,14551.18,0.0
15848,506786,22,4,20749.3,0.05
15849,506786,8,2,16654.82,0.2
15850,506787,172,3,35356.68,0.0
15851,506787,171,1,22643.94,0.0
15852,506788,56,2,31457.37,0.05
15853,506788,139,1,36696.68,0.0
15854,506788,36,4,32323.45,0.0
15855,506788,180,3,6088.9,0.1
15856,506788,124,2,16664.22,0.1
15857,506789,27,1,52025.44,0.15
15858,506789,72,3,33843.05,0.1
15859,506789,36,2,32323.45,0.05
15860,506789,9,4,26670.95,0.0
15861,506789,196,2,8761.57,0.15
15862,506790,44,1,23585.72,0.1
15863,506791,95,4,7858.6,0.05
15864,506792,77,3,45039.66,0.0
15865,506792,96,3,33785.82,0.0
15866,506793,51,1,42529.03,0.05
15867,506793,57,4,1412.7,0.1
15868,506793,133,3,18726.1,0.1
15869,506793,5,2,32053.9,0.1
15870,506793,45,1,19474.91,0.15
15871,506794,18,3,17846.96,0.1
15872,506795,118,2,47968.75,0.05
15873,506795,185,1,11835.89,0.0
15874,506796,33,3,15090.93,0.15
15875,506797,29,4,40427.0,0.05
15876,506797,170,2,31500.56,0.1
15877,506797,93,4,33594.98,0.0
15878,506797,42,4,17076.73,0.0
15879,506797,154,3,24420.47,0.15
15880,506798,131,4,935.86,0.1
15881,506799,50,1,37071.05,0.1
15882,506799,193,3,1419.66,0.1
15883,506800,43,4,25517.07,0.15
15884,506801,21,1,873.24,0.0
15885,506801,172,3,35356.68,0.05
15886,506802,75,2,7343.48,0.1
15887,506802,56,3,31457.37,0.0
15888,506803,198,3,44779.95,0.05
15889,506803,58,1,38058.28,0.15
15890,506804,62,1,3498.04,0.0
15891,506805,43,2,25517.07,0.05
15892,506806,61,2,23045.67,0.1
15893,506807,146,3,4466.06,0.05
15894,506807,90,1,42489.82,0.2
15895,506807,129,1,39450.63,0.1
15896,506807,97,4,9014.15,0.1
15897,506808,108,4,22454.46,0.0
15898,506808,46,3,6300.09,0.2
15899,506808,84,4,26499.83,0.1
15900,506809,88,2,22349.99,0.15
15901,506810,21,2,873.24,0.05
15902,506810,198,1,44779.95,0.0
15903,506811,97,2,9014.15,0.15
15904,506811,16,3,17752.56,0.05
15905,506812,114,2,24883.58,0.2
15906,506813,61,4,23045.67,0.05
15907,506813,200,1,20741.6,0.15
15908,506813,185,3,11835.89,0.05
15909,506813,35,2,3103.89,0.15
15910,506814,102,3,25753.85,0.1
15911,506814,113,2,20936.8,0.1
15912,506815,169,3,42129.24,0.1
15913,506815,196,4,8761.57,0.2
15914,506815,69,1,20234.72,0.05
15915,506816,155,1,51623.31,0.0
15916,506816,22,2,20749.3,0.1
15917,506816,50,1,37071.05,0.2
15918,506817,112,3,22042.94,0.1
15919,506817,182,1,25258.66,0.1
15920,506817,134,2,24171.94,0.15
15921,506817,141,2,9199.37,0.05
15922,506818,106,2,49815.63,0.0
15923,506818,184,2,46019.64,0.0
15924,506818,144,3,43009.16,0.0
15925,506819,122,1,7953.1,0.1
15926,506820,144,2,43009.16,0.1
15927,506821,127,3,16509.71,0.15
15928,506821,114,1,24883.58,0.0
15929,506822,116,1,16741.69,0.05
15930,506823,13,3,41294.2,0.1
15931,506823,196,2,8761.57,0.05
15932,506824,129,3,39450.63,0.0
15933,506824,69,1,20234.72,0.1
15934,506824,154,4,24420.47,0.05
15935,506824,80,2,26747.7,0.05
15936,506824,72,1,33843.05,0.1
15937,506825,5,4,32053.9,0.1
15938,506826,154,1,24420.47,0.15
15939,506826,121,4,43178.12,0.15
15940,506826,183,2,2591.66,0.0
15941,506827,87,3,3216.87,0.1
15942,506828,102,4,25753.85,0.0
15943,506829,82,1,26994.56,0.1
15944,506830,102,3,25753.85,0.0
15945,506831,8,4,16654.82,0.15
15946,506832,170,4,31500.56,0.1
15947,506832,72,1,33843.05,0.1
15948,506832,37,4,8747.32,0.05
15949,506832,25,4,28894.26,0.1
15950,506832,177,3,7521.62,0.1
15951,506833,80,2,26747.7,0.05
15952,506833,23,2,45229.71,0.15
15953,506833,152,4,47494.55,0.15
15954,506834,148,1,30748.98,0.05
15955,506835,99,2,51437.59,0.15
15956,506836,66,1,7626.75,0.2
15957,506836,188,4,6070.27,0.0
15958,506836,125,2,41076.3,0.1
15959,506836,45,2,19474.91,0.1
15960,506836,54,4,28353.11,0.1
15961,506837,190,4,52000.43,0.2
15962,506838,34,4,15395.87,0.15
15963,506839,93,2,33594.98,0.15
15964,506839,143,4,8499.37,0.0
15965,506839,70,4,9185.74,0.15
15966,506839,158,4,17301.25,0.1
15967,506840,122,3,7953.1,0.1
15968,506840,34,3,15395.87,0.1
15969,506841,50,4,37071.05,0.0
15970,506842,70,2,9185.74,0.05
15971,506842,58,2,38058.28,0.15
15972,506842,59,2,542.46,0.0
15973,506843,90,3,42489.82,0.05
15974,506843,75,3,7343.48,0.2
15975,506844,114,4,24883.58,0.2
15976,506844,13,4,41294.2,0.0
15977,506845,21,3,873.24,0.05
15978,506846,170,4,31500.56,0.1
15979,506846,75,2,7343.48,0.15
15980,506846,41,3,790.54,0.0
15981,506846,113,1,20936.8,0.1
15982,506847,73,2,32339.91,0.15
15983,506847,114,4,24883.58,0.1
15984,506848,17,1,17031.55,0.0
15985,506849,191,3,39507.0,0.0
15986,506849,122,1,7953.1,0.2
15987,506850,95,2,7858.6,0.1
15988,506850,99,2,51437.59,0.2
15989,506851,15,2,13558.11,0.0
15990,506851,168,2,9316.31,0.0
15991,506851,125,4,41076.3,0.0
15992,506851,67,3,32514.47,0.15
15993,506852,160,4,24067.85,0.2
15994,506853,52,2,43157.07,0.0
15995,506853,44,1,23585.72,0.05
15996,506854,134,3,24171.94,0.15
15997,506854,161,4,45736.6,0.0
15998,506854,194,2,14529.69,0.0
15999,506855,157,3,26053.23,0.1
16000,506856,100,3,46791.69,0.05
16001,506856,30,2,8599.09,0.1
16002,506857,120,1,14551.18,0.0
16003,506857,21,4,873.24,0.0
16004,506857,137,4,11644.84,0.1
16005,506858,199,2,40427.21,0.2
16006,506858,89,1,2812.94,0.0
16007,506858,124,2,16664.22,0.1
16008,506859,103,4,33485.32,0.1
16009,506859,2,3,42946.4,0.1
16010,506860,8,3,16654.82,0.1
16011,506860,68,1,731.88,0.0
16012,506861,105,3,28367.27,0.05
16013,506861,56,3,31457.37,0.1
16014,506862,106,1,49815.63,0.0
16015,506862,158,1,17301.25,0.0
16016,506862,195,4,39570.05,0.0
16017,506862,9,4,26670.95,0.2
16018,506863,162,1,16150.96,0.0
16019,506863,155,3,51623.31,0.2
16020,506863,89,1,2812.94,0.15
16021,506864,157,1,26053.23,0.1
16022,506864,180,4,6088.9,0.0
16023,506865,143,2,8499.37,0.1
16024,506865,63,1,14212.89,0.1
16025,506865,112,2,22042.94,0.1
16026,506866,26,1,13443.96,0.15
16027,506866,95,4,7858.6,0.05
16028,506867,45,1,19474.91,0.1
16029,506867,19,4,21391.84,0.0
16030,506868,198,4,44779.95,0.1
16031,506868,25,1,28894.26,0.2
16032,506868,53,2,41659.1,0.1
16033,506869,2,1,42946.4,0.0
16034,506869,81,4,15504.13,0.0
16035,506870,190,4,52000.43,0.1
16036,506870,134,4,24171.94,0.15
16037,506871,40,1,12159.56,0.2
16038,506872,115,2,2799.41,0.15
16039,506872,142,1,32662.03,0.15
16040,506873,133,2,18726.1,0.0
16041,506873,146,4,4466.06,0.1
16042,506873,21,3,873.24,0.0
16043,506874,43,2,25517.07,0.2
16044,506874,52,3,43157.07,0.1
16045,506874,140,1,19515.46,0.1
16046,506874,101,3,36836.08,0.0
16047,506875,58,4,38058.28,0.15
16048,506876,24,3,29412.47,0.0
16049,506876,74,3,9594.57,0.05
16050,506876,90,1,42489.82,0.05
16051,506876,171,2,22643.94,0.1
16052,506877,56,2,31457.37,0.1
16053,506878,28,4,34955.61,0.0
16054,506878,169,4,42129.24,0.2
16055,506878,33,3,15090.93,0.0
16056,506879,68,1,731.88,0.0
16057,506879,93,3,33594.98,0.2
16058,506880,7,2,32012.11,0.05
16059,506880,108,2,22454.46,0.2
16060,506881,139,3,36696.68,0.1
16061,506881,124,4,16664.22,0.0
16062,506881,189,2,36176.21,0.05
16063,506881,29,4,40427.0,0.05
16064,506882,14,4,28958.7,0.15
16065,506882,130,3,1826.9,0.0
16066,506883,180,4,6088.9,0.0
16067,506884,21,1,873.24,0.1
16068,506884,22,2,20749.3,0.2
16069,506885,99,1,51437.59,0.0
16070,506885,74,4,9594.57,0.1
16071,506886,118,3,47968.75,0.1
16072,506886,93,1,33594.98,0.1
16073,506886,141,2,9199.37,0.0
16074,506887,98,1,35512.2,0.1
16075,506887,179,2,47254.91,0.05
16076,506888,59,3,542.46,0.0
16077,506889,75,4,7343.48,0.0
16078,506889,112,1,22042.94,0.0
16079,506890,28,1,34955.61,0.0
16080,506890,197,3,20725.99,0.05
16081,506891,40,3,12159.56,0.0
16082,506891,39,1,42117.5,0.05
16083,506892,149,2,33795.66,0.05
16084,506892,90,2,42489.82,0.1
16085,506892,95,4,7858.6,0.0
16086,506892,145,1,5674.44,0.1
16087,506893,195,1,39570.05,0.1
16088,506894,52,3,43157.07,0.0
16089,506894,192,3,906.98,0.1
16090,506895,153,4,34143.04,0.0
16091,506895,77,4,45039.66,0.0
16092,506895,63,2,14212.89,0.0
16093,506895,60,4,42396.67,0.0
16094,506895,99,4,51437.59,0.0
16095,506896,4,3,4600.28,0.2
16096,506896,174,2,3057.35,0.05
16097,506897,4,1,4600.28,0.1
16098,506897,123,4,44154.33,0.2
16099,506898,3,1,2440.7,0.15
16100,506898,163,3,1143.45,0.15
16101,506898,54,3,28353.11,0.1
16102,506898,120,3,14551.18,0.05
16103,506898,151,4,15178.52,0.0
16104,506899,18,2,17846.96,0.1
16105,506900,66,2,7626.75,0.0
16106,506900,5,3,32053.9,0.15
16107,506901,185,2,11835.89,0.15
16108,506901,126,4,4890.52,0.15
16109,506902,139,1,36696.68,0.0
16110,506903,114,2,24883.58,0.0
16111,506903,72,4,33843.05,0.0
16112,506903,141,2,9199.37,0.05
16113,506904,20,2,27803.61,0.1
16114,506905,11,2,10297.51,0.0
16115,506905,62,2,3498.04,0.0
16116,506905,31,3,31665.76,0.1
16117,506905,2,1,42946.4,0.0
16118,506906,51,1,42529.03,0.0
16119,506906,140,4,19515.46,0.05
16120,506907,45,3,19474.91,0.1
16121,506908,154,2,24420.47,0.1
16122,506909,65,1,26891.02,0.05
16123,506909,96,3,33785.82,0.0
16124,506909,67,1,32514.47,0.05
16125,506909,18,3,17846.96,0.1
16126,506910,157,4,26053.23,0.2
16127,506910,83,3,10948.99,0.0
16128,506911,189,2,36176.21,0.05
16129,506912,95,3,7858.6,0.15
16130,506913,18,3,17846.96,0.2
16131,506913,93,3,33594.98,0.1
16132,506914,126,4,4890.52,0.1
16133,506915,4,3,4600.28,0.05
16134,506915,111,2,41282.72,0.05
16135,506915,35,3,3103.89,0.05
16136,506915,16,1,17752.56,0.1
16137,506916,71,4,40831.91,0.2
16138,506917,128,4,39089.34,0.1
16139,506918,159,2,25532.77,0.2
16140,506918,114,1,24883.58,0.2
16141,506919,47,1,7728.9,0.15
16142,506920,76,2,1551.17,0.2
16143,506920,7,3,32012.11,0.15
16144,506920,127,4,16509.71,0.0
16145,506921,14,1,28958.7,0.0
16146,506921,186,1,13953.35,0.2
16147,506921,74,2,9594.57,0.2
16148,506921,106,4,49815.63,0.1
16149,506922,186,4,13953.35,0.15
16150,506922,86,4,25389.28,0.05
16151,506923,50,2,37071.05,0.1
16152,506923,151,3,15178.52,0.1
16153,506923,172,4,35356.68,0.0
16154,506923,23,3,45229.71,0.0
16155,506924,48,4,32151.32,0.0
16156,506924,115,3,2799.41,0.1
16157,506924,33,4,15090.93,0.05
16158,506925,133,1,18726.1,0.0
16159,506926,1,1,45769.48,0.0
16160,506927,96,1,33785.82,0.1
16161,506927,97,2,9014.15,0.2
16162,506927,114,4,24883.58,0.0
16163,506928,191,3,39507.0,0.1
16164,506928,124,4,16664.22,0.0
16165,506928,47,2,7728.9,0.05
16166,506928,53,4,41659.1,0.1
16167,506928,33,3,15090.93,0.1
16168,506929,117,3,5573.85,0.0
16169,506929,103,3,33485.32,0.15
16170,506929,176,2,42034.94,0.1
16171,506929,22,3,20749.3,0.15
16172,506930,190,1,52000.43,0.0
16173,506930,76,1,1551.17,0.15
16174,506931,183,1,2591.66,0.15
16175,506932,98,2,35512.2,0.2
16176,506932,14,4,28958.7,0.1
16177,506932,175,1,7528.69,0.2
16178,506933,182,2,25258.66,0.0
16179,506933,133,1,18726.1,0.0
16180,506933,91,1,37325.93,0.1
16181,506934,41,3,790.54,0.0
16182,506934,4,2,4600.28,0.1
16183,506934,107,2,13631.76,0.15
16184,506934,153,4,34143.04,0.0
16185,506935,23,3,45229.71,0.05
16186,506935,128,1,39089.34,0.1
16187,506935,51,2,42529.03,0.1
16188,506936,100,3,46791.69,0.0
16189,506937,42,4,17076.73,0.1
16190,506937,5,3,32053.9,0.1
16191,506938,91,3,37325.93,0.05
16192,506938,73,2,32339.91,0.1
16193,506939,119,2,20465.15,0.1
16194,506939,138,2,5148.37,0.0
16195,506940,128,3,39089.34,0.2
16196,506940,13,1,41294.2,0.1
16197,506940,55,3,45214.9,0.0
16198,506941,146,1,4466.06,0.15
16199,506941,106,2,49815.63,0.05
16200,506941,46,4,6300.09,0.0
16201,506941,163,4,1143.45,0.15
16202,506942,148,2,30748.98,0.15
16203,506942,28,2,34955.61,0.1
16204,506942,66,1,7626.75,0.1
16205,506943,193,2,1419.66,0.1
16206,506944,165,4,6409.81,0.1
16207,506945,12,4,8809.95,0.1
16208,506945,183,2,2591.66,0.2
16209,506946,100,3,46791.69,0.2
16210,506946,14,1,28958.7,0.05
16211,506946,51,3,42529.03,0.1
16212,506947,101,1,36836.08,0.0
16213,506947,128,2,39089.34,0.0
16214,506947,143,4,8499.37,0.05
16215,506948,43,1,25517.07,0.05
16216,506948,105,2,28367.27,0.0
16217,506949,119,4,20465.15,0.1
16218,506949,53,2,41659.1,0.05
16219,506950,9,2,26670.95,0.0
16220,506950,59,1,542.46,0.2
16221,506950,53,1,41659.1,0.0
16222,506951,92,2,38084.76,0.2
16223,506952,3,3,2440.7,0.05
16224,506952,11,2,10297.51,0.1
16225,506953,52,2,43157.07,0.15
16226,506953,185,1,11835.89,0.1
16227,506953,128,3,39089.34,0.0
16228,506954,200,2,20741.6,0.05
16229,506955,28,2,34955.61,0.0
16230,506956,165,3,6409.81,0.1
16231,506956,87,1,3216.87,0.0
16232,506956,135,4,25804.56,0.1
16233,506957,172,4,35356.68,0.05
16234,506958,182,3,25258.66,0.15
16235,506958,62,3,3498.04,0.1
16236,506959,171,4,22643.94,0.0
16237,506959,71,2,40831.91,0.0
16238,506959,129,2,39450.63,0.0
16239,506959,197,2,20725.99,0.1
16240,506960,171,4,22643.94,0.1
16241,506961,17,1,17031.55,0.0
16242,506961,60,3,42396.67,0.0
16243,506961,185,2,11835.89,0.05
16244,506961,195,1,39570.05,0.2
16245,506962,199,1,40427.21,0.1
16246,506963,150,3,23255.73,0.15
16247,506963,27,4,52025.44,0.1
16248,506964,93,2,33594.98,0.05
16249,506965,88,2,22349.99,0.15
16250,506965,179,1,47254.91,0.05
16251,506965,9,3,26670.95,0.1
16252,506966,114,3,24883.58,0.0
16253,506966,63,4,14212.89,0.0
16254,506966,74,1,9594.57,0.1
16255,506966,48,2,32151.32,0.05
16256,506966,33,3,15090.93,0.2
16257,506967,11,3,10297.51,0.1
16258,506967,102,1,25753.85,0.0
16259,506968,184,2,46019.64,0.1
16260,506968,129,4,39450.63,0.0
16261,506968,37,2,8747.32,0.15
16262,506968,11,2,10297.51,0.05
16263,506969,123,2,44154.33,0.1
16264,506969,171,1,22643.94,0.1
16265,506969,73,2,32339.91,0.2
16266,506970,150,2,23255.73,0.05
16267,506970,100,2,46791.69,0.05
16268,506970,174,1,3057.35,0.0
16269,506970,9,1,26670.95,0.15
16270,506970,7,3,32012.11,0.15
16271,506971,18,3,17846.96,0.2
16272,506971,149,3,33795.66,0.1
16273,506971,88,3,22349.99,0.15
16274,506972,197,4,20725.99,0.2
16275,506972,112,3,22042.94,0.05
16276,506972,163,3,1143.45,0.1
16277,506973,85,2,30473.88,0.1
16278,506973,67,1,32514.47,0.0
16279,506973,187,4,50291.33,0.1
16280,506973,124,3,16664.22,0.1
16281,506973,33,3,15090.93,0.15
16282,506974,58,3,38058.28,0.05
16283,506974,106,2,49815.63,0.15
16284,506974,88,4,22349.99,0.0
16285,506975,32,1,30436.6,0.05
16286,506975,46,4,6300.09,0.05
16287,506975,96,1,33785.82,0.15
16288,506975,74,1,9594.57,0.0
16289,506976,5,2,32053.9,0.05
16290,506977,168,4,9316.31,0.05
16291,506978,62,3,3498.04,0.2
16292,506978,65,2,26891.02,0.0
16293,506978,137,3,11644.84,0.05
16294,506979,175,2,7528.69,0.1
16295,506980,95,2,7858.6,0.1
16296,506980,34,1,15395.87,0.0
16297,506981,104,2,17663.08,0.1
16298,506981,169,2,42129.24,0.1
16299,506981,187,2,50291.33,0.0
16300,506981,51,4,42529.03,0.1
16301,506982,120,4,14551.18,0.1
16302,506982,106,1,49815.63,0.0
16303,506982,165,3,6409.81,0.05
16304,506983,30,3,8599.09,0.1
16305,506983,12,2,8809.95,0.1
16306,506983,61,4,23045.67,0.2
16307,506983,176,4,42034.94,0.1
16308,506983,88,2,22349.99,0.15
16309,506984,197,1,20725.99,0.05
16310,506984,47,1,7728.9,0.0
16311,506985,58,2,38058.28,0.15
16312,506986,57,1,1412.7,0.0
16313,506987,110,2,13452.58,0.1
16314,506987,44,1,23585.72,0.0
16315,506987,15,1,13558.11,0.15
16316,506987,35,1,3103.89,0.15
16317,506987,40,1,12159.56,0.2
16318,506988,186,2,13953.35,0.1
16319,506988,132,3,47935.67,0.0
16320,506989,60,4,42396.67,0.0
16321,506989,104,3,17663.08,0.1
16322,506989,44,2,23585.72,0.05
16323,506989,49,2,33529.65,0.1
16324,506990,46,1,6300.09,0.0
16325,506990,158,2,17301.25,0.05
16326,506991,35,4,3103.89,0.1
16327,506992,149,1,33795.66,0.0
16328,506992,13,1,41294.2,0.15
16329,506992,118,3,47968.75,0.05
16330,506993,155,2,51623.31,0.0
16331,506993,70,1,9185.74,0.15
16332,506994,147,2,51028.85,0.1
16333,506994,41,3,790.54,0.05
16334,506995,57,3,1412.7,0.15
16335,506995,69,1,20234.72,0.0
16336,506996,200,1,20741.6,0.05
16337,506996,183,1,2591.66,0.0
16338,506997,185,4,11835.89,0.15
16339,506997,109,1,20240.83,0.0
16340,506997,6,2,15719.14,0.1
16341,506997,55,1,45214.9,0.15
16342,506998,36,2,32323.45,0.05
16343,506999,65,2,26891.02,0.0
16344,507000,175,2,7528.69,0.05
16345,507001,121,2,43178.12,0.0
16346,507001,199,4,40427.21,0.2
16347,507002,169,1,42129.24,0.1
16348,507002,60,3,42396.67,0.2
16349,507002,51,3,42529.03,0.15
16350,507003,37,2,8747.32,0.1
16351,507003,88,2,22349.99,0.0
16352,507003,176,2,42034.94,0.05
16353,507004,20,2,27803.61,0.15
16354,507004,63,3,14212.89,0.0
16355,507004,140,4,19515.46,0.0
16356,507004,193,3,1419.66,0.15
16357,507004,158,2,17301.25,0.1
16358,507005,65,2,26891.02,0.05
16359,507005,148,4,30748.98,0.15
16360,507006,36,2,32323.45,0.0
16361,507006,39,3,42117.5,0.05
16362,507007,21,2,873.24,0.1
16363,507007,116,3,16741.69,0.0
16364,507008,48,4,32151.32,0.0
16365,507008,87,1,3216.87,0.2
16366,507008,165,2,6409.81,0.0
16367,507008,66,3,7626.75,0.15
16368,507009,73,2,32339.91,0.1
16369,507010,24,2,29412.47,0.0
16370,507010,103,1,33485.32,0.15
16371,507011,46,4,6300.09,0.15
16372,507011,27,3,52025.44,0.0
16373,507012,116,2,16741.69,0.15
16374,507012,10,4,34430.26,0.1
16375,507012,114,2,24883.58,0.0
16376,507012,145,2,5674.44,0.1
16377,507012,1,1,45769.48,0.0
16378,507013,32,1,30436.6,0.15
16379,507014,21,3,873.24,0.15
16380,507015,64,3,23845.3,0.15
16381,507015,4,3,4600.28,0.1
16382,507015,115,1,2799.41,0.1
16383,507016,133,3,18726.1,0.1
16384,507016,27,4,52025.44,0.1
16385,507016,72,4,33843.05,0.2
16386,507017,168,3,9316.31,0.05
16387,507017,189,4,36176.21,0.15
16388,507018,144,4,43009.16,0.15
16389,507018,118,1,47968.75,0.15
16390,507019,71,2,40831.91,0.1
16391,507019,184,4,46019.64,0.2
16392,507020,7,3,32012.11,0.2
16393,507020,141,1,9199.37,0.1
16394,507021,173,4,31442.32,0.1
16395,507021,198,2,44779.95,0.2
16396,507022,64,1,23845.3,0.15
16397,507023,148,4,30748.98,0.05
16398,507023,191,4,39507.0,0.1
16399,507023,96,2,33785.82,0.0
16400,507024,128,3,39089.34,0.2
16401,507024,50,1,37071.05,0.05
16402,507025,154,4,24420.47,0.2
16403,507025,19,3,21391.84,0.1
16404,507025,178,1,16239.3,0.1
16405,507026,125,4,41076.3,0.0
16406,507026,44,3,23585.72,0.0
16407,507027,104,2,17663.08,0.1
16408,507028,47,2,7728.9,0.05
16409,507028,140,4,19515.46,0.05
16410,507028,168,1,9316.31,0.1
16411,507029,165,2,6409.81,0.1
16412,507029,129,2,39450.63,0.1
16413,507030,136,2,48294.58,0.05
16414,507031,180,4,6088.9,0.1
16415,507031,111,2,41282.72,0.1
16416,507031,76,1,1551.17,0.0
16417,507031,30,1,8599.09,0.15
16418,507032,133,4,18726.1,0.1
16419,507032,97,1,9014.15,0.15
16420,507032,37,3,8747.32,0.0
16421,507032,77,1,45039.66,0.0
16422,507033,112,4,22042.94,0.1
16423,507033,137,4,11644.84,0.1
16424,507033,156,4,9479.93,0.0
16425,507034,153,4,34143.04,0.1
16426,507034,97,1,9014.15,0.0
16427,507035,3,2,2440.7,0.1
16428,507035,37,4,8747.32,0.1
16429,507035,11,3,10297.51,0.0
16430,507036,123,2,44154.33,0.0
16431,507036,160,1,24067.85,0.15
16432,507037,149,3,33795.66,0.15
16433,507038,176,3,42034.94,0.0
16434,507038,162,4,16150.96,0.05
16435,507039,52,3,43157.07,0.1
16436,507039,19,2,21391.84,0.0
16437,507039,98,3,35512.2,0.05
16438,507040,120,2,14551.18,0.0
16439,507040,163,1,1143.45,0.0
16440,507041,104,4,17663.08,0.0
16441,507041,126,3,4890.52,0.0
16442,507041,180,4,6088.9,0.15
16443,507041,16,1,17752.56,0.0
16444,507042,19,4,21391.84,0.0
16445,507042,194,4,14529.69,0.05
16446,507043,113,3,20936.8,0.1
16447,507043,185,4,11835.89,0.1
16448,507044,84,3,26499.83,0.15
16449,507044,89,2,2812.94,0.2
16450,507045,161,2,45736.6,0.0
16451,507045,34,3,15395.87,0.1
16452,507045,114,4,24883.58,0.0
16453,507046,160,3,24067.85,0.1
16454,507047,61,2,23045.67,0.05
16455,507047,10,1,34430.26,0.1
16456,507048,157,2,26053.23,0.0
16457,507048,59,3,542.46,0.0
16458,507048,136,4,48294.58,0.1
16459,507049,29,1,40427.0,0.1
16460,507049,58,2,38058.28,0.1
16461,507050,33,1,15090.93,0.05
16462,507050,124,4,16664.22,0.0
16463,507051,196,3,8761.57,0.05
16464,507051,92,3,38084.76,0.15
16465,507051,63,2,14212.89,0.05
16466,507052,157,2,26053.23,0.0
16467,507052,16,4,17752.56,0.1
16468,507052,151,4,15178.52,0.0
16469,507052,61,1,23045.67,0.15
16470,507053,95,1,7858.6,0.0
16471,507053,32,4,30436.6,0.1
16472,507054,129,3,39450.63,0.15
16473,507054,38,2,33762.69,0.0
16474,507054,14,3,28958.7,0.1
16475,507055,3,1,2440.7,0.1
16476,507056,68,4,731.88,0.15
16477,507056,45,1,19474.91,0.05
16478,507057,125,4,41076.3,0.05
16479,507058,70,1,9185.74,0.1
16480,507058,165,4,6409.81,0.15
16481,507058,98,1,35512.2,0.0
16482,507058,25,2,28894.26,0.1
16483,507058,133,4,18726.1,0.05
16484,507059,161,2,45736.6,0.1
16485,507060,149,4,33795.66,0.15
16486,507060,54,1,28353.11,0.05
16487,507060,55,2,45214.9,0.1
16488,507060,7,3,32012.11,0.1
16489,507060,34,1,15395.87,0.05
16490,507061,8,2,16654.82,0.05
16491,507061,73,3,32339.91,0.0
16492,507062,107,3,13631.76,0.15
16493,507062,48,4,32151.32,0.05
16494,507063,153,1,34143.04,0.0
16495,507063,78,3,9475.8,0.0
16496,507064,131,3,935.86,0.1
16497,507065,53,3,41659.1,0.05
16498,507066,87,1,3216.87,0.1
16499,507066,102,2,25753.85,0.05
16500,507067,132,3,47935.67,0.1
16501,507067,70,2,9185.74,0.0
16502,507067,71,4,40831.91,0.2
16503,507068,7,3,32012.11,0.05
16504,507068,92,3,38084.76,0.0
16505,507068,74,4,9594.57,0.15
16506,507069,103,1,33485.32,0.1
16507,507069,157,3,26053.23,0.05
16508,507069,72,4,33843.05,0.1
16509,507069,55,4,45214.9,0.1
16510,507069,145,1,5674.44,0.15
16511,507070,143,3,8499.37,0.1
16512,507071,113,1,20936.8,0.05
16513,507071,22,4,20749.3,0.05
16514,507071,122,1,7953.1,0.05
16515,507072,120,1,14551.18,0.15
16516,507073,52,3,43157.07,0.1
16517,507073,42,1,17076.73,0.15
16518,507074,95,1,7858.6,0.05
16519,507075,34,1,15395.87,0.15
16520,507075,121,2,43178.12,0.05
16521,507075,52,4,43157.07,0.15
16522,507075,162,3,16150.96,0.0
16523,507076,94,2,30089.86,0.0
16524,507076,19,4,21391.84,0.05
16525,507077,159,3,25532.77,0.0
16526,507077,28,2,34955.61,0.0
16527,507078,118,2,47968.75,0.15
16528,507078,109,1,20240.83,0.1
16529,507079,111,2,41282.72,0.0
16530,507079,133,4,18726.1,0.0
16531,507080,78,4,9475.8,0.0
16532,507081,112,3,22042.94,0.0
16533,507081,197,2,20725.99,0.1
16534,507081,99,4,51437.59,0.2
16535,507082,94,3,30089.86,0.05
16536,507082,187,2,50291.33,0.15
16537,507083,150,1,23255.73,0.1
16538,507084,130,2,1826.9,0.0
16539,507085,180,3,6088.9,0.1
16540,507086,56,1,31457.37,0.05
16541,507086,191,2,39507.0,0.2
16542,507087,194,4,14529.69,0.15
16543,507088,79,1,36534.8,0.2
16544,507089,156,3,9479.93,0.05
16545,507090,132,1,47935.67,0.0
16546,507090,107,2,13631.76,0.1
16547,507091,189,3,36176.21,0.05
16548,507091,139,3,36696.68,0.0
16549,507091,192,3,906.98,0.0
16550,507092,4,4,4600.28,0.0
16551,507092,53,2,41659.1,0.0
16552,507092,174,3,3057.35,0.0
16553,507093,88,1,22349.99,0.0
16554,507094,6,3,15719.14,0.15
16555,507094,198,1,44779.95,0.15
16556,507095,19,3,21391.84,0.0
16557,507095,29,4,40427.0,0.15
16558,507095,104,4,17663.08,0.0
16559,507096,182,1,25258.66,0.1
16560,507096,78,3,9475.8,0.15
16561,507097,133,3,18726.1,0.05
16562,507097,89,2,2812.94,0.05
16563,507097,192,1,906.98,0.0
16564,507097,153,1,34143.04,0.0
16565,507097,55,3,45214.9,0.0
16566,507098,199,3,40427.21,0.2
16567,507098,139,2,36696.68,0.1
16568,507098,77,2,45039.66,0.05
16569,507099,27,2,52025.44,0.1
16570,507099,8,1,16654.82,0.1
16571,507100,145,4,5674.44,0.2
16572,507100,103,3,33485.32,0.15
16573,507101,107,2,13631.76,0.15
16574,507101,65,3,26891.02,0.0
16575,507102,44,1,23585.72,0.1
16576,507103,54,3,28353.11,0.0
16577,507104,2,3,42946.4,0.0
16578,507104,185,4,11835.89,0.1
16579,507104,200,3,20741.6,0.1
16580,507104,51,1,42529.03,0.0
16581,507105,156,2,9479.93,0.15
16582,507105,92,4,38084.76,0.1
16583,507105,96,3,33785.82,0.1
16584,507105,105,3,28367.27,0.1
16585,507106,29,3,40427.0,0.2
16586,507106,158,2,17301.25,0.0
16587,507106,71,2,40831.91,0.15
16588,507106,130,2,1826.9,0.15
16589,507106,195,3,39570.05,0.0
16590,507107,36,1,32323.45,0.05
16591,507107,98,4,35512.2,0.1
16592,507108,156,2,9479.93,0.15
16593,507108,109,3,20240.83,0.05
16594,507108,144,1,43009.16,0.0
16595,507108,75,1,7343.48,0.05
16596,507108,7,1,32012.11,0.0
16597,507109,162,1,16150.96,0.1
16598,507109,60,3,42396.67,0.05
16599,507109,143,2,8499.37,0.1
16600,507110,69,1,20234.72,0.15
16601,507110,26,1,13443.96,0.1
16602,507111,150,2,23255.73,0.0
16603,507111,121,4,43178.12,0.05
16604,507111,8,4,16654.82,0.05
16605,507111,38,1,33762.69,0.0
16606,507112,114,3,24883.58,0.1
16607,507112,58,4,38058.28,0.15
16608,507112,181,3,20017.36,0.05
16609,507112,182,2,25258.66,0.15
16610,507112,63,2,14212.89,0.05
16611,507113,43,2,25517.07,0.05
16612,507113,102,3,25753.85,0.0
16613,507114,173,1,31442.32,0.1
16614,507114,32,4,30436.6,0.05
16615,507114,11,4,10297.51,0.1
16616,507115,159,3,25532.77,0.0
16617,507115,130,4,1826.9,0.2
16618,507115,38,3,33762.69,0.1
16619,507116,7,1,32012.11,0.05
16620,507116,85,2,30473.88,0.2
16621,507117,161,4,45736.6,0.1
16622,507117,148,4,30748.98,0.0
16623,507118,170,4,31500.56,0.15
16624,507119,106,4,49815.63,0.2
16625,507119,118,1,47968.75,0.05
16626,507119,170,4,31500.56,0.1
16627,507119,50,1,37071.05,0.05
16628,507119,141,1,9199.37,0.1
16629,507120,166,4,16527.13,0.1
16630,507121,199,1,40427.21,0.1
16631,507122,132,1,47935.67,0.1
16632,507122,130,1,1826.9,0.15
16633,507123,43,3,25517.07,0.05
16634,507123,35,3,3103.89,0.15
16635,507124,147,4,51028.85,0.1
16636,507125,89,3,2812.94,0.1
16637,507126,148,3,30748.98,0.15
16638,507126,93,3,33594.98,0.1
16639,507126,39,3,42117.5,0.1
16640,507126,72,1,33843.05,0.05
16641,507127,189,3,36176.21,0.1
16642,507127,123,4,44154.33,0.05
16643,507128,141,3,9199.37,0.15
16644,507128,17,2,17031.55,0.0
16645,507128,78,2,9475.8,0.05
16646,507128,27,4,52025.44,0.0
16647,507128,108,2,22454.46,0.0
16648,507129,89,2,2812.94,0.1
16649,507129,186,1,13953.35,0.0
16650,507129,27,1,52025.44,0.15
16651,507129,9,4,26670.95,0.15
16652,507130,171,3,22643.94,0.1
16653,507130,134,2,24171.94,0.15
16654,507131,192,1,906.98,0.1
16655,507131,117,1,5573.85,0.0
16656,507132,191,4,39507.0,0.0
16657,507133,159,4,25532.77,0.2
16658,507133,3,2,2440.7,0.0
16659,507133,64,1,23845.3,0.05
16660,507133,145,2,5674.44,0.0
16661,507133,131,1,935.86,0.05
16662,507134,60,1,42396.67,0.2
16663,507134,3,4,2440.7,0.05
16664,507135,24,3,29412.47,0.1
16665,507135,60,2,42396.67,0.05
16666,507135,142,3,32662.03,0.05
16667,507135,54,3,28353.11,0.1
16668,507136,158,4,17301.25,0.0
16669,507136,95,2,7858.6,0.05
16670,507136,25,3,28894.26,0.0
16671,507136,43,1,25517.07,0.1
16672,507136,144,1,43009.16,0.1
16673,507137,124,4,16664.22,0.0
16674,507138,141,1,9199.37,0.1
16675,507138,36,2,32323.45,0.05
16676,507138,162,2,16150.96,0.1
16677,507138,59,2,542.46,0.0
16678,507139,106,4,49815.63,0.15
16679,507139,124,3,16664.22,0.0
16680,507139,142,2,32662.03,0.05
16681,507140,98,1,35512.2,0.1
16682,507140,135,3,25804.56,0.15
16683,507141,121,3,43178.12,0.05
16684,507141,35,1,3103.89,0.1
16685,507141,92,3,38084.76,0.1
16686,507141,48,3,32151.32,0.2
16687,507141,81,4,15504.13,0.0
16688,507142,8,3,16654.82,0.0
16689,507142,121,3,43178.12,0.15
16690,507143,185,2,11835.89,0.0
16691,507143,192,4,906.98,0.0
16692,507144,77,1,45039.66,0.0
16693,507145,16,4,17752.56,0.1
16694,507145,192,4,906.98,0.1
16695,507145,168,2,9316.31,0.1
16696,507146,38,1,33762.69,0.05
16697,507146,192,1,906.98,0.1
16698,507146,166,4,16527.13,0.05
16699,507147,96,1,33785.82,0.1
16700,507148,64,1,23845.3,0.15
16701,507148,113,1,20936.8,0.1
16702,507149,152,2,47494.55,0.1
16703,507150,35,1,3103.89,0.0
16704,507150,67,4,32514.47,0.15
16705,507151,92,1,38084.76,0.15
16706,507151,101,3,36836.08,0.0
16707,507152,163,4,1143.45,0.15
16708,507152,114,1,24883.58,0.2
16709,507152,107,1,13631.76,0.1
16710,507152,136,4,48294.58,0.0
16711,507153,74,3,9594.57,0.15
16712,507154,42,4,17076.73,0.1
16713,507155,71,2,40831.91,0.05
16714,507156,23,1,45229.71,0.15
16715,507156,114,1,24883.58,0.0
16716,507156,35,2,3103.89,0.0
16717,507156,165,3,6409.81,0.05
16718,507156,8,1,16654.82,0.0
16719,507157,7,3,32012.11,0.15
16720,507157,195,4,39570.05,0.2
16721,507158,89,4,2812.94,0.05
16722,507159,85,3,30473.88,0.1
16723,507160,146,3,4466.06,0.0
16724,507161,78,1,9475.8,0.1
16725,507161,25,1,28894.26,0.05
16726,507161,61,1,23045.67,0.05
16727,507162,22,3,20749.3,0.1
16728,507162,140,2,19515.46,0.1
16729,507163,131,3,935.86,0.1
16730,507163,95,3,7858.6,0.1
16731,507163,85,3,30473.88,0.05
16732,507164,144,3,43009.16,0.15
16733,507165,26,4,13443.96,0.0
16734,507165,92,3,38084.76,0.1
16735,507166,27,2,52025.44,0.1
16736,507166,88,2,22349.99,0.0
16737,507166,22,3,20749.3,0.1
16738,507167,84,2,26499.83,0.1
16739,507168,25,3,28894.26,0.05
16740,507169,191,4,39507.0,0.1
16741,507170,168,2,9316.31,0.1
16742,507170,120,3,14551.18,0.1
16743,507170,171,1,22643.94,0.15
16744,507171,127,1,16509.71,0.05
16745,507171,102,1,25753.85,0.1
16746,507172,2,2,42946.4,0.0
16747,507172,102,2,25753.85,0.1
16748,507173,64,4,23845.3,0.0
16749,507173,200,3,20741.6,0.1
16750,507174,117,3,5573.85,0.0
16751,507175,133,3,18726.1,0.1
16752,507175,109,2,20240.83,0.0
16753,507175,110,1,13452.58,0.15
16754,507176,112,2,22042.94,0.2
16755,507176,104,3,17663.08,0.1
16756,507176,62,2,3498.04,0.05
16757,507177,171,4,22643.94,0.1
16758,507178,69,2,20234.72,0.05
16759,507178,172,2,35356.68,0.0
16760,507178,90,4,42489.82,0.0
16761,507178,85,2,30473.88,0.15
16762,507179,129,1,39450.63,0.2
16763,507179,117,4,5573.85,0.1
16764,507180,194,1,14529.69,0.1
16765,507180,140,2,19515.46,0.05
16766,507181,176,4,42034.94,0.0
16767,507181,179,3,47254.91,0.15
16768,507182,34,1,15395.87,0.15
16769,507182,74,2,9594.57,0.1
16770,507182,154,3,24420.47,0.0
16771,507183,140,4,19515.46,0.1
16772,507184,124,1,16664.22,0.05
16773,507185,143,3,8499.37,0.15
16774,507185,82,1,26994.56,0.15
16775,507185,63,2,14212.89,0.05
16776,507185,170,3,31500.56,0.0
16777,507186,38,2,33762.69,0.05
16778,507186,119,4,20465.15,0.1
16779,507186,63,3,14212.89,0.1
16780,507186,145,4,5674.44,0.15
16781,507187,123,2,44154.33,0.1
16782,507187,160,3,24067.85,0.2
16783,507187,152,4,47494.55,0.0
16784,507188,154,3,24420.47,0.15
16785,507189,177,3,7521.62,0.1
16786,507189,55,3,45214.9,0.0
16787,507190,77,1,45039.66,0.2
16788,507190,94,3,30089.86,0.0
16789,507191,149,2,33795.66,0.0
16790,507192,4,4,4600.28,0.15
16791,507193,139,3,36696.68,0.1
16792,507193,107,3,13631.76,0.0
16793,507193,99,3,51437.59,0.05
16794,507193,133,4,18726.1,0.15
16795,507194,133,2,18726.1,0.05
16796,507195,42,4,17076.73,0.15
16797,507196,90,1,42489.82,0.0
16798,507197,74,4,9594.57,0.15
16799,507197,149,2,33795.66,0.0
16800,507198,26,2,13443.96,0.0
16801,507198,189,2,36176.21,0.0
16802,507198,144,2,43009.16,0.15
16803,507199,142,1,32662.03,0.0
16804,507200,77,1,45039.66,0.0
16805,507200,132,4,47935.67,0.05
16806,507200,73,3,32339.91,0.1
16807,507201,10,3,34430.26,0.1
16808,507202,98,1,35512.2,0.0
16809,507202,157,4,26053.23,0.2
16810,507203,26,4,13443.96,0.05
16811,507204,119,4,20465.15,0.0
16812,507204,55,3,45214.9,0.1
16813,507205,20,1,27803.61,0.05
16814,507205,191,1,39507.0,0.15
16815,507205,22,1,20749.3,0.2
16816,507205,162,3,16150.96,0.1
16817,507205,117,2,5573.85,0.15
16818,507206,148,4,30748.98,0.05
16819,507206,155,3,51623.31,0.05
16820,507206,127,4,16509.71,0.15
16821,507207,87,1,3216.87,0.0
16822,507208,3,1,2440.7,0.0
16823,507208,101,4,36836.08,0.15
16824,507208,47,3,7728.9,0.1
16825,507208,58,3,38058.28,0.15
16826,507208,12,4,8809.95,0.0
16827,507209,57,3,1412.7,0.2
16828,507209,130,3,1826.9,0.0
16829,507209,11,4,10297.51,0.1
16830,507210,160,3,24067.85,0.0
16831,507210,152,1,47494.55,0.05
16832,507211,115,2,2799.41,0.0
16833,507211,135,2,25804.56,0.1
16834,507211,149,2,33795.66,0.0
16835,507211,8,1,16654.82,0.1
16836,507212,140,4,19515.46,0.15
16837,507212,52,4,43157.07,0.1
16838,507212,23,3,45229.71,0.1
16839,507213,66,2,7626.75,0.0
16840,507213,127,4,16509.71,0.1
16841,507213,133,4,18726.1,0.15
16842,507214,186,2,13953.35,0.1
16843,507215,152,4,47494.55,0.0
16844,507216,58,1,38058.28,0.15
16845,507216,104,4,17663.08,0.2
16846,507216,41,1,790.54,0.0
16847,507216,52,1,43157.07,0.15
16848,507217,133,1,18726.1,0.0
16849,507217,186,3,13953.35,0.2
16850,507217,8,4,16654.82,0.15
16851,507218,167,4,1520.89,0.2
16852,507218,65,2,26891.02,0.05
16853,507218,170,4,31500.56,0.0
16854,507219,120,1,14551.18,0.0
16855,507219,170,2,31500.56,0.15
16856,507219,193,2,1419.66,0.1
16857,507220,88,4,22349.99,0.0
16858,507220,13,2,41294.2,0.0
16859,507220,105,1,28367.27,0.15
16860,507220,66,1,7626.75,0.0
16861,507221,71,1,40831.91,0.15
16862,507221,180,2,6088.9,0.1
16863,507222,60,1,42396.67,0.0
16864,507222,121,1,43178.12,0.15
16865,507223,145,1,5674.44,0.0
16866,507224,124,3,16664.22,0.0
16867,507225,1,2,45769.48,0.05
16868,507225,145,4,5674.44,0.05
16869,507226,198,2,44779.95,0.1
16870,507226,13,3,41294.2,0.15
16871,507227,60,1,42396.67,0.1
16872,507228,49,2,33529.65,0.0
16873,507228,37,1,8747.32,0.1
16874,507229,62,4,3498.04,0.05
16875,507229,160,3,24067.85,0.05
16876,507230,80,3,26747.7,0.15
16877,507230,104,1,17663.08,0.0
16878,507231,191,1,39507.0,0.05
16879,507231,14,3,28958.7,0.0
16880,507232,85,3,30473.88,0.15
16881,507232,132,1,47935.67,0.1
16882,507233,128,1,39089.34,0.1
16883,507233,124,4,16664.22,0.05
16884,507233,65,2,26891.02,0.1
16885,507234,101,1,36836.08,0.0
16886,507234,143,3,8499.37,0.1
16887,507235,167,3,1520.89,0.1
16888,507235,79,3,36534.8,0.15
16889,507236,120,3,14551.18,0.2
16890,507236,192,1,906.98,0.0
16891,507237,107,1,13631.76,0.15
16892,507238,89,3,2812.94,0.05
16893,507238,92,3,38084.76,0.1
16894,507238,117,2,5573.85,0.2
16895,507239,48,4,32151.32,0.05
16896,507239,56,1,31457.37,0.0
16897,507239,117,3,5573.85,0.05
16898,507239,22,1,20749.3,0.2
16899,507239,179,3,47254.91,0.05
16900,507240,132,4,47935.67,0.0
16901,507241,196,1,8761.57,0.15
16902,507242,140,4,19515.46,0.0
16903,507242,118,1,47968.75,0.15
16904,507242,24,2,29412.47,0.1
16905,507242,181,4,20017.36,0.0
16906,507243,85,3,30473.88,0.15
16907,507243,179,2,47254.91,0.15
16908,507243,29,4,40427.0,0.05
16909,507244,182,4,25258.66,0.0
16910,507244,30,1,8599.09,0.15
16911,507245,45,4,19474.91,0.15
16912,507245,173,4,31442.32,0.1
16913,507245,64,2,23845.3,0.05
16914,507246,125,1,41076.3,0.15
16915,507246,23,4,45229.71,0.1
16916,507246,41,3,790.54,0.1
16917,507246,60,2,42396.67,0.15
16918,507247,124,3,16664.22,0.0
16919,507248,145,3,5674.44,0.05
16920,507248,111,4,41282.72,0.0
16921,507248,33,2,15090.93,0.05
16922,507249,104,1,17663.08,0.1
16923,507249,16,4,17752.56,0.15
16924,507249,158,4,17301.25,0.05
16925,507250,16,4,17752.56,0.1
16926,507251,77,2,45039.66,0.05
16927,507251,48,3,32151.32,0.15
16928,507251,94,1,30089.86,0.1
16929,507251,61,1,23045.67,0.15
16930,507252,105,3,28367.27,0.05
16931,507252,140,4,19515.46,0.05
16932,507252,176,2,42034.94,0.0
16933,507252,193,1,1419.66,0.05
16934,507252,194,3,14529.69,0.0
16935,507253,66,1,7626.75,0.1
16936,507253,110,3,13452.58,0.05
16937,507253,185,4,11835.89,0.2
16938,507254,119,2,20465.15,0.1
16939,507254,25,3,28894.26,0.2
16940,507255,124,1,16664.22,0.1
16941,507255,108,3,22454.46,0.0
16942,507256,4,4,4600.28,0.0
16943,507256,149,3,33795.66,0.2
16944,507256,1,3,45769.48,0.1
16945,507257,60,2,42396.67,0.0
16946,507258,90,4,42489.82,0.1
16947,507259,17,4,17031.55,0.0
16948,507260,116,4,16741.69,0.1
16949,507260,125,1,41076.3,0.05
16950,507261,117,4,5573.85,0.1
16951,507261,76,2,1551.17,0.15
16952,507261,20,3,27803.61,0.0
16953,507262,191,4,39507.0,0.05
16954,507262,58,3,38058.28,0.15
16955,507262,144,1,43009.16,0.1
16956,507262,195,1,39570.05,0.2
16957,507263,38,4,33762.69,0.15
16958,507263,167,3,1520.89,0.05
16959,507264,189,1,36176.21,0.1
16960,507264,65,3,26891.02,0.0
16961,507265,106,4,49815.63,0.2
16962,507265,47,3,7728.9,0.0
16963,507266,134,4,24171.94,0.0
16964,507266,159,3,25532.77,0.15
16965,507267,138,4,5148.37,0.1
16966,507267,126,4,4890.52,0.1
16967,507267,171,4,22643.94,0.2
16968,507268,134,4,24171.94,0.2
16969,507269,139,4,36696.68,0.1
16970,507270,171,2,22643.94,0.0
16971,507270,143,2,8499.37,0.0
16972,507271,23,1,45229.71,0.1
16973,507271,118,2,47968.75,0.1
16974,507271,41,1,790.54,0.1
16975,507271,124,2,16664.22,0.0
16976,507271,96,4,33785.82,0.0
16977,507272,141,1,9199.37,0.0
16978,507272,73,3,32339.91,0.0
16979,507272,15,3,13558.11,0.1
16980,507272,173,3,31442.32,0.05
16981,507272,181,1,20017.36,0.2
16982,507273,31,4,31665.76,0.15
16983,507273,182,4,25258.66,0.0
16984,507273,56,4,31457.37,0.1
16985,507274,179,3,47254.91,0.0
16986,507274,181,3,20017.36,0.05
16987,507275,163,1,1143.45,0.05
16988,507275,74,3,9594.57,0.1
16989,507275,85,1,30473.88,0.15
16990,507276,113,2,20936.8,0.05
16991,507276,149,4,33795.66,0.2
16992,507277,122,2,7953.1,0.1
16993,507278,191,1,39507.0,0.0
16994,507279,88,1,22349.99,0.0
16995,507280,121,2,43178.12,0.05
16996,507280,34,4,15395.87,0.15
16997,507280,189,4,36176.21,0.0
16998,507280,73,1,32339.91,0.15
16999,507280,13,3,41294.2,0.0
17000,507281,181,4,20017.36,0.1
17001,507281,179,3,47254.91,0.1
17002,507281,127,3,16509.71,0.15
17003,507282,1,3,45769.48,0.15
17004,507282,167,3,1520.89,0.0
17005,507282,44,4,23585.72,0.2
17006,507283,93,1,33594.98,0.15
17007,507283,128,4,39089.34,0.1
17008,507283,186,2,13953.35,0.0
17009,507283,86,4,25389.28,0.1
17010,507284,27,3,52025.44,0.15
17011,507284,178,2,16239.3,0.1
17012,507285,90,2,42489.82,0.2
17013,507285,121,3,43178.12,0.1
17014,507285,28,2,34955.61,0.1
17015,507286,95,4,7858.6,0.05
17016,507286,175,2,7528.69,0.2
17017,507286,142,3,32662.03,0.0
17018,507287,139,2,36696.68,0.1
17019,507288,26,3,13443.96,0.05
17020,507289,53,4,41659.1,0.0
17021,507289,131,3,935.86,0.1
17022,507290,200,4,20741.6,0.1
17023,507291,135,1,25804.56,0.15
17024,507291,171,2,22643.94,0.05
17025,507291,32,3,30436.6,0.1
17026,507292,2,3,42946.4,0.1
17027,507292,163,2,1143.45,0.15
17028,507292,39,1,42117.5,0.0
17029,507292,61,1,23045.67,0.05
17030,507293,171,2,22643.94,0.1
17031,507293,103,2,33485.32,0.05
17032,507293,27,4,52025.44,0.1
17033,507293,126,3,4890.52,0.15
17034,507294,177,2,7521.62,0.0
17035,507294,147,1,51028.85,0.05
17036,507295,15,1,13558.11,0.1
17037,507296,113,2,20936.8,0.1
17038,507296,74,4,9594.57,0.0
17039,507296,128,4,39089.34,0.0
17040,507296,3,2,2440.7,0.1
17041,507296,37,4,8747.32,0.0
17042,507297,46,2,6300.09,0.05
17043,507297,158,1,17301.25,0.1
17044,507297,29,2,40427.0,0.2
17045,507297,75,4,7343.48,0.05
17046,507298,1,3,45769.48,0.1
17047,507298,189,2,36176.21,0.1
17048,507299,53,1,41659.1,0.1
17049,507299,56,3,31457.37,0.1
17050,507299,198,1,44779.95,0.0
17051,507299,83,4,10948.99,0.15
17052,507300,75,3,7343.48,0.0
17053,507300,131,4,935.86,0.0
17054,507300,182,3,25258.66,0.05
17055,507300,189,1,36176.21,0.15
17056,507301,80,1,26747.7,0.0
17057,507301,170,4,31500.56,0.05
17058,507302,2,4,42946.4,0.0
17059,507302,117,2,5573.85,0.1
17060,507303,153,4,34143.04,0.0
17061,507303,128,2,39089.34,0.1
17062,507303,62,3,3498.04,0.05
17063,507303,51,4,42529.03,0.1
17064,507304,75,2,7343.48,0.0
17065,507304,59,4,542.46,0.15
17066,507304,57,3,1412.7,0.05
17067,507305,136,1,48294.58,0.1
17068,507305,34,2,15395.87,0.15
17069,507306,117,3,5573.85,0.1
17070,507306,137,3,11644.84,0.1
17071,507306,173,4,31442.32,0.1
17072,507306,59,2,542.46,0.1
17073,507306,161,1,45736.6,0.0
17074,507307,54,3,28353.11,0.1
17075,507307,163,4,1143.45,0.0
17076,507307,63,3,14212.89,0.0
17077,507307,44,1,23585.72,0.05
17078,507308,71,3,40831.91,0.2
17079,507309,5,1,32053.9,0.0
17080,507309,45,1,19474.91,0.0
17081,507310,138,3,5148.37,0.1
17082,507310,63,4,14212.89,0.15
17083,507310,108,3,22454.46,0.0
17084,507310,166,3,16527.13,0.0
17085,507311,118,4,47968.75,0.05
17086,507312,82,3,26994.56,0.0
17087,507313,14,4,28958.7,0.05
17088,507313,90,4,42489.82,0.15
17089,507313,24,2,29412.47,0.1
17090,507313,46,1,6300.09,0.15
17091,507314,57,3,1412.7,0.0
17092,507314,10,4,34430.26,0.1
17093,507314,175,3,7528.69,0.05
17094,507315,74,3,9594.57,0.15
17095,507316,48,3,32151.32,0.0
17096,507317,1,2,45769.48,0.15
17097,507317,20,2,27803.61,0.15
17098,507317,176,3,42034.94,0.0
17099,507317,32,3,30436.6,0.2
17100,507318,133,1,18726.1,0.2
17101,507319,156,2,9479.93,0.1
17102,507320,108,2,22454.46,0.05
17103,507320,193,1,1419.66,0.05
17104,507320,140,4,19515.46,0.1
17105,507320,161,1,45736.6,0.0
17106,507321,17,3,17031.55,0.1
17107,507321,199,3,40427.21,0.1
17108,507321,3,2,2440.7,0.05
17109,507322,5,2,32053.9,0.1
17110,507322,21,3,873.24,0.1
17111,507323,182,1,25258.66,0.1
17112,507323,36,3,32323.45,0.05
17113,507323,59,2,542.46,0.0
17114,507324,65,1,26891.02,0.05
17115,507324,176,2,42034.94,0.0
17116,507325,73,4,32339.91,0.0
17117,507326,63,4,14212.89,0.05
17118,507326,199,4,40427.21,0.05
17119,507326,167,3,1520.89,0.0
17120,507326,104,2,17663.08,0.1
17121,507326,166,4,16527.13,0.0
17122,507327,74,2,9594.57,0.0
17123,507327,186,2,13953.35,0.05
17124,507328,41,1,790.54,0.2
17125,507328,147,2,51028.85,0.1
17126,507328,77,3,45039.66,0.15
17127,507329,60,3,42396.67,0.0
17128,507329,149,1,33795.66,0.0
17129,507330,171,2,22643.94,0.05
17130,507330,58,4,38058.28,0.0
17131,507331,70,4,9185.74,0.05
17132,507332,150,2,23255.73,0.0
17133,507332,37,2,8747.32,0.05
17134,507333,83,3,10948.99,0.2
17135,507333,178,3,16239.3,0.0
17136,507333,184,3,46019.64,0.1
17137,507334,80,2,26747.7,0.0
17138,507334,105,2,28367.27,0.0
17139,507334,95,4,7858.6,0.15
17140,507335,111,1,41282.72,0.0
17141,507335,139,4,36696.68,0.1
17142,507335,54,2,28353.11,0.0
17143,507336,149,3,33795.66,0.15
17144,507337,171,1,22643.94,0.1
17145,507337,102,2,25753.85,0.0
17146,507338,189,1,36176.21,0.05
17147,507338,15,2,13558.11,0.2
17148,507339,92,1,38084.76,0.2
17149,507339,114,2,24883.58,0.0
17150,507340,117,3,5573.85,0.0
17151,507340,95,2,7858.6,0.0
17152,507340,47,3,7728.9,0.05
17153,507340,104,1,17663.08,0.15
17154,507341,82,1,26994.56,0.1
17155,507341,181,4,20017.36,0.0
17156,507341,24,3,29412.47,0.1
17157,507342,173,3,31442.32,0.1
17158,507342,80,1,26747.7,0.1
17159,507343,138,1,5148.37,0.0
17160,507343,111,3,41282.72,0.05
17161,507343,157,3,26053.23,0.1
17162,507344,45,1,19474.91,0.05
17163,507345,99,1,51437.59,0.1
17164,507346,39,1,42117.5,0.05
17165,507347,97,3,9014.15,0.05
17166,507347,170,3,31500.56,0.0
17167,507348,100,3,46791.69,0.0
17168,507348,2,2,42946.4,0.05
17169,507349,40,4,12159.56,0.0
17170,507349,140,2,19515.46,0.1
17171,507350,94,4,30089.86,0.1
17172,507350,11,2,10297.51,0.15
17173,507350,139,1,36696.68,0.0
17174,507351,7,2,32012.11,0.2
17175,507352,129,4,39450.63,0.15
17176,507352,78,4,9475.8,0.0
17177,507353,38,4,33762.69,0.0
17178,507354,102,3,25753.85,0.1
17179,507354,42,4,17076.73,0.15
17180,507355,43,3,25517.07,0.1
17181,507355,25,4,28894.26,0.05
17182,507356,98,1,35512.2,0.2
17183,507357,143,3,8499.37,0.1
17184,507357,53,1,41659.1,0.05
17185,507358,193,4,1419.66,0.1
17186,507358,172,4,35356.68,0.2
17187,507358,78,4,9475.8,0.2
17188,507359,171,1,22643.94,0.1
17189,507360,194,3,14529.69,0.0
17190,507360,138,3,5148.37,0.0
17191,507360,90,3,42489.82,0.15
17192,507361,88,1,22349.99,0.0
17193,507362,172,2,35356.68,0.0
17194,507362,108,2,22454.46,0.1
17195,507362,4,2,4600.28,0.0
17196,507363,134,2,24171.94,0.2
17197,507364,161,3,45736.6,0.1
17198,507364,130,1,1826.9,0.15
17199,507364,109,1,20240.83,0.1
17200,507364,181,2,20017.36,0.1
17201,507364,45,3,19474.91,0.0
17202,507365,148,3,30748.98,0.1
17203,507366,16,1,17752.56,0.0
17204,507366,129,1,39450.63,0.0
17205,507366,188,1,6070.27,0.1
17206,507366,192,3,906.98,0.2
17207,507366,140,3,19515.46,0.0
17208,507367,21,1,873.24,0.0
17209,507368,56,4,31457.37,0.1
17210,507368,4,1,4600.28,0.0
17211,507368,81,4,15504.13,0.05
17212,507369,12,3,8809.95,0.0
17213,507369,101,4,36836.08,0.0
17214,507370,181,3,20017.36,0.15
17215,507371,65,3,26891.02,0.1
17216,507372,101,3,36836.08,0.1
17217,507373,182,3,25258.66,0.0
17218,507373,200,3,20741.6,0.05
17219,507374,68,3,731.88,0.15
17220,507374,184,3,46019.64,0.1
17221,507375,106,3,49815.63,0.15
17222,507375,5,1,32053.9,0.0
17223,507376,191,3,39507.0,0.1
17224,507376,87,1,3216.87,0.05
17225,507376,51,4,42529.03,0.15
17226,507377,183,3,2591.66,0.05
17227,507378,96,3,33785.82,0.1
17228,507378,58,3,38058.28,0.15
17229,507378,163,1,1143.45,0.0
17230,507379,64,1,23845.3,0.1
17231,507379,18,1,17846.96,0.05
17232,507379,171,3,22643.94,0.15
17233,507380,49,1,33529.65,0.05
17234,507381,7,4,32012.11,0.1
17235,507381,106,2,49815.63,0.2
17236,507381,166,3,16527.13,0.15
17237,507382,144,3,43009.16,0.15
17238,507383,198,4,44779.95,0.05
17239,507383,183,2,2591.66,0.1
17240,507384,149,4,33795.66,0.15
17241,507384,100,4,46791.69,0.1
17242,507384,94,1,30089.86,0.2
17243,507385,200,4,20741.6,0.15
17244,507385,178,2,16239.3,0.2
17245,507385,67,2,32514.47,0.05
17246,507386,64,1,23845.3,0.0
17247,507386,150,1,23255.73,0.0
17248,507387,82,3,26994.56,0.05
17249,507387,185,2,11835.89,0.1
17250,507388,101,1,36836.08,0.0
17251,507388,84,3,26499.83,0.05
17252,507389,66,1,7626.75,0.0
17253,507389,48,3,32151.32,0.2
17254,507390,88,2,22349.99,0.05
17255,507390,61,2,23045.67,0.15
17256,507390,35,3,3103.89,0.05
17257,507390,181,1,20017.36,0.0
17258,507390,171,2,22643.94,0.15
17259,507391,132,3,47935.67,0.0
17260,507391,104,1,17663.08,0.05
17261,507391,20,1,27803.61,0.0
17262,507391,109,3,20240.83,0.0
17263,507392,6,4,15719.14,0.0
17264,507393,176,4,42034.94,0.0
17265,507393,75,3,7343.48,0.05
17266,507394,127,1,16509.71,0.0
17267,507394,151,4,15178.52,0.1
17268,507395,22,3,20749.3,0.1
17269,507395,18,2,17846.96,0.0
17270,507395,42,4,17076.73,0.15
17271,507396,106,1,49815.63,0.1
17272,507397,154,1,24420.47,0.2
17273,507397,101,2,36836.08,0.1
17274,507397,43,1,25517.07,0.05
17275,507397,89,4,2812.94,0.05
17276,507398,139,2,36696.68,0.1
17277,507398,114,4,24883.58,0.0
17278,507398,72,2,33843.05,0.15
17279,507399,149,4,33795.66,0.1
17280,507400,13,1,41294.2,0.0
17281,507401,56,3,31457.37,0.15
17282,507401,123,1,44154.33,0.2
17283,507401,97,2,9014.15,0.1
17284,507402,129,1,39450.63,0.15
17285,507402,67,3,32514.47,0.0
17286,507402,149,2,33795.66,0.15
17287,507403,55,4,45214.9,0.15
17288,507403,135,1,25804.56,0.15
17289,507404,133,4,18726.1,0.1
17290,507405,163,2,1143.45,0.1
17291,507406,51,1,42529.03,0.0
17292,507406,117,3,5573.85,0.15
17293,507407,141,4,9199.37,0.2
17294,507407,49,1,33529.65,0.0
17295,507407,82,3,26994.56,0.15
17296,507408,43,4,25517.07,0.0
17297,507409,96,4,33785.82,0.2
17298,507409,168,4,9316.31,0.0
17299,507409,53,3,41659.1,0.1
17300,507410,191,2,39507.0,0.1
17301,507411,95,3,7858.6,0.05
17302,507411,35,4,3103.89,0.1
17303,507411,188,2,6070.27,0.15
17304,507412,35,3,3103.89,0.1
17305,507412,187,2,50291.33,0.05
17306,507412,181,1,20017.36,0.1
17307,507412,2,3,42946.4,0.0
17308,507413,187,1,50291.33,0.05
17309,507414,147,3,51028.85,0.1
17310,507414,26,1,13443.96,0.0
17311,507414,62,2,3498.04,0.1
17312,507414,139,2,36696.68,0.1
17313,507415,12,2,8809.95,0.05
17314,507415,96,3,33785.82,0.1
17315,507415,87,3,3216.87,0.2
17316,507416,13,1,41294.2,0.15
17317,507416,182,2,25258.66,0.05
17318,507416,135,4,25804.56,0.05
17319,507416,119,1,20465.15,0.1
17320,507417,118,3,47968.75,0.1
17321,507417,98,2,35512.2,0.0
17322,507418,34,1,15395.87,0.0
17323,507418,186,3,13953.35,0.0
17324,507418,163,1,1143.45,0.05
17325,507418,133,1,18726.1,0.0
17326,507419,173,1,31442.32,0.0
17327,507419,88,3,22349.99,0.0
17328,507420,23,3,45229.71,0.2
17329,507421,138,1,5148.37,0.05
17330,507421,37,3,8747.32,0.1
17331,507421,166,3,16527.13,0.05
17332,507421,93,1,33594.98,0.05
17333,507421,80,2,26747.7,0.0
17334,507422,81,1,15504.13,0.0
17335,507422,20,4,27803.61,0.15
17336,507422,35,3,3103.89,0.0
17337,507422,44,1,23585.72,0.0
17338,507422,163,3,1143.45,0.0
17339,507423,177,1,7521.62,0.1
17340,507424,166,2,16527.13,0.15
17341,507424,9,1,26670.95,0.1
17342,507425,111,1,41282.72,0.05
17343,507425,28,2,34955.61,0.15
17344,507425,9,2,26670.95,0.05
17345,507425,48,1,32151.32,0.0
17346,507425,117,3,5573.85,0.1
17347,507426,132,1,47935.67,0.05
17348,507426,163,1,1143.45,0.15
17349,507427,166,4,16527.13,0.1
17350,507427,124,2,16664.22,0.15
17351,507428,115,3,2799.41,0.1
17352,507429,187,4,50291.33,0.05
17353,507429,100,1,46791.69,0.05
17354,507430,47,2,7728.9,0.1
17355,507430,40,4,12159.56,0.0
17356,507431,128,4,39089.34,0.0
17357,507431,197,1,20725.99,0.15
17358,507431,91,1,37325.93,0.0
17359,507432,35,4,3103.89,0.15
17360,507432,73,2,32339.91,0.1
17361,507433,70,4,9185.74,0.1
17362,507433,14,2,28958.7,0.05
17363,507433,159,3,25532.77,0.2
17364,507434,170,3,31500.56,0.0
17365,507435,177,1,7521.62,0.05
17366,507435,106,2,49815.63,0.05
17367,507435,184,4,46019.64,0.1
17368,507436,194,2,14529.69,0.2
17369,507437,9,4,26670.95,0.0
17370,507437,128,3,39089.34,0.15
17371,507437,108,2,22454.46,0.0
17372,507438,66,2,7626.75,0.15
17373,507438,33,3,15090.93,0.0
17374,507438,190,1,52000.43,0.15
17375,507438,44,2,23585.72,0.1
17376,507439,186,1,13953.35,0.1
17377,507439,76,3,1551.17,0.05
17378,507439,182,3,25258.66,0.0
17379,507440,50,1,37071.05,0.0
17380,507441,113,4,20936.8,0.1
17381,507441,151,4,15178.52,0.1
17382,507441,49,3,33529.65,0.0
17383,507441,56,1,31457.37,0.0
17384,507442,146,3,4466.06,0.1
17385,507443,178,2,16239.3,0.1
17386,507444,146,1,4466.06,0.1
17387,507444,168,2,9316.31,0.0
17388,507444,150,1,23255.73,0.0
17389,507444,116,1,16741.69,0.0
17390,507445,64,1,23845.3,0.1
17391,507446,173,2,31442.32,0.15
17392,507446,193,3,1419.66,0.0
17393,507447,138,1,5148.37,0.1
17394,507447,9,2,26670.95,0.15
17395,507447,143,2,8499.37,0.1
17396,507447,113,2,20936.8,0.05
17397,507448,197,4,20725.99,0.1
17398,507449,135,3,25804.56,0.0
17399,507449,151,1,15178.52,0.1
17400,507449,28,4,34955.61,0.0
17401,507450,40,2,12159.56,0.1
17402,507450,90,3,42489.82,0.1
17403,507451,72,3,33843.05,0.2
17404,507451,181,3,20017.36,0.0
17405,507452,176,4,42034.94,0.15
17406,507452,54,3,28353.11,0.1
17407,507453,12,3,8809.95,0.05
17408,507453,132,4,47935.67,0.0
17409,507454,158,2,17301.25,0.0
17410,507454,79,2,36534.8,0.05
17411,507454,117,2,5573.85,0.15
17412,507454,150,1,23255.73,0.1
17413,507455,102,1,25753.85,0.05
17414,507455,195,1,39570.05,0.2
17415,507455,52,2,43157.07,0.05
17416,507456,61,4,23045.67,0.15
17417,507456,176,4,42034.94,0.0
17418,507457,165,1,6409.81,0.2
17419,507457,147,4,51028.85,0.1
17420,507457,50,2,37071.05,0.05
17421,507458,130,2,1826.9,0.15
17422,507458,171,3,22643.94,0.15
17423,507459,41,2,790.54,0.1
17424,507459,145,2,5674.44,0.0
17425,507459,35,2,3103.89,0.1
17426,507460,73,3,32339.91,0.2
17427,507461,43,1,25517.07,0.0
17428,507461,193,1,1419.66,0.05
17429,507462,42,1,17076.73,0.0
17430,507462,69,2,20234.72,0.0
17431,507463,146,4,4466.06,0.15
17432,507463,151,4,15178.52,0.05
17433,507464,1,1,45769.48,0.2
17434,507465,187,3,50291.33,0.1
17435,507465,110,4,13452.58,0.15
17436,507466,103,3,33485.32,0.1
17437,507466,116,4,16741.69,0.0
17438,507466,199,2,40427.21,0.0
17439,507466,180,4,6088.9,0.0
17440,507466,193,4,1419.66,0.15
17441,507467,79,3,36534.8,0.0
17442,507468,175,4,7528.69,0.1
17443,507468,85,2,30473.88,0.2
17444,507469,186,2,13953.35,0.1
17445,507470,23,4,45229.71,0.1
17446,507470,165,4,6409.81,0.05
17447,507471,162,4,16150.96,0.05
17448,507472,64,2,23845.3,0.0
17449,507472,142,4,32662.03,0.05
17450,507472,165,3,6409.81,0.2
17451,507472,140,4,19515.46,0.2
17452,507473,114,2,24883.58,0.0
17453,507473,199,4,40427.21,0.1
17454,507474,116,1,16741.69,0.0
17455,507474,192,1,906.98,0.1
17456,507474,193,1,1419.66,0.15
17457,507474,164,4,54714.33,0.15
17458,507474,3,4,2440.7,0.15
17459,507475,124,2,16664.22,0.0
17460,507476,22,2,20749.3,0.15
17461,507476,84,2,26499.83,0.05
17462,507476,164,4,54714.33,0.0
17463,507476,139,1,36696.68,0.1
17464,507477,50,1,37071.05,0.05
17465,507478,49,4,33529.65,0.05
17466,507479,43,3,25517.07,0.05
17467,507479,121,3,43178.12,0.15
17468,507479,25,1,28894.26,0.1
17469,507479,148,1,30748.98,0.15
17470,507480,54,1,28353.11,0.1
17471,507480,72,4,33843.05,0.2
17472,507481,108,1,22454.46,0.0
17473,507481,66,2,7626.75,0.0
17474,507482,115,2,2799.41,0.15
17475,507482,81,3,15504.13,0.0
17476,507482,66,3,7626.75,0.0
17477,507483,170,1,31500.56,0.05
17478,507483,77,3,45039.66,0.1
17479,507484,46,3,6300.09,0.1
17480,507485,196,4,8761.57,0.05
17481,507485,26,2,13443.96,0.1
17482,507485,110,3,13452.58,0.0
17483,507485,85,1,30473.88,0.0
17484,507486,67,2,32514.47,0.05
17485,507486,187,1,50291.33,0.0
17486,507486,109,3,20240.83,0.15
17487,507487,130,4,1826.9,0.0
17488,507487,197,3,20725.99,0.1
17489,507487,9,1,26670.95,0.1
17490,507487,125,2,41076.3,0.1
17491,507488,45,2,19474.91,0.05
17492,507488,163,2,1143.45,0.2
17493,507488,186,4,13953.35,0.15
17494,507489,133,1,18726.1,0.0
17495,507489,7,1,32012.11,0.15
17496,507489,92,1,38084.76,0.15
17497,507490,29,4,40427.0,0.1
17498,507490,130,2,1826.9,0.1
17499,507491,194,2,14529.69,0.15
17500,507492,200,2,20741.6,0.0
17501,507492,98,4,35512.2,0.15
17502,507492,34,3,15395.87,0.1
17503,507492,183,2,2591.66,0.1
17504,507493,18,4,17846.96,0.2
17505,507493,150,3,23255.73,0.1
17506,507493,94,4,30089.86,0.0
17507,507493,88,3,22349.99,0.0
17508,507494,95,2,7858.6,0.0
17509,507494,5,2,32053.9,0.2
17510,507494,4,2,4600.28,0.0
17511,507495,105,1,28367.27,0.1
17512,507495,57,4,1412.7,0.15
17513,507495,197,3,20725.99,0.1
17514,507495,92,4,38084.76,0.0
17515,507496,6,3,15719.14,0.0
17516,507497,110,4,13452.58,0.15
17517,507498,27,4,52025.44,0.0
17518,507499,150,2,23255.73,0.1
17519,507499,70,3,9185.74,0.1
17520,507499,99,4,51437.59,0.15
17521,507500,93,1,33594.98,0.05
17522,507500,84,3,26499.83,0.15
17523,507501,164,3,54714.33,0.0
17524,507502,186,2,13953.35,0.15
17525,507502,153,2,34143.04,0.05
17526,507503,23,2,45229.71,0.1
17527,507503,40,1,12159.56,0.15
17528,507504,125,2,41076.3,0.15
17529,507504,13,2,41294.2,0.0
17530,507505,24,1,29412.47,0.2
17531,507506,97,1,9014.15,0.15
17532,507507,131,3,935.86,0.0
17533,507507,178,3,16239.3,0.0
17534,507508,107,3,13631.76,0.1
17535,507509,46,4,6300.09,0.0
17536,507509,145,2,5674.44,0.05
17537,507510,112,2,22042.94,0.15
17538,507510,94,3,30089.86,0.05
17539,507511,46,4,6300.09,0.05
17540,507511,80,4,26747.7,0.05
17541,507511,194,2,14529.69,0.05
17542,507511,42,4,17076.73,0.2
17543,507511,26,3,13443.96,0.1
17544,507512,149,4,33795.66,0.05
17545,507513,69,2,20234.72,0.15
17546,507514,90,4,42489.82,0.1
17547,507514,198,3,44779.95,0.0
17548,507514,11,1,10297.51,0.15
17549,507515,83,2,10948.99,0.05
17550,507516,161,2,45736.6,0.05
17551,507516,36,3,32323.45,0.0
17552,507517,155,1,51623.31,0.1
17553,507517,41,2,790.54,0.0
17554,507517,128,1,39089.34,0.05
17555,507518,97,1,9014.15,0.2
17556,507519,152,1,47494.55,0.0
17557,507519,142,3,32662.03,0.15
17558,507519,63,2,14212.89,0.1
17559,507519,39,4,42117.5,0.0
17560,507519,9,4,26670.95,0.0
17561,507520,200,2,20741.6,0.0
17562,507520,40,3,12159.56,0.15
17563,507521,106,3,49815.63,0.0
17564,507521,47,1,7728.9,0.05
17565,507521,100,3,46791.69,0.05
17566,507522,138,2,5148.37,0.0
17567,507522,49,4,33529.65,0.1
17568,507522,159,1,25532.77,0.1
17569,507522,120,4,14551.18,0.1
17570,507523,103,4,33485.32,0.15
17571,507523,182,4,25258.66,0.0
17572,507523,32,3,30436.6,0.0
17573,507523,172,2,35356.68,0.0
17574,507524,131,3,935.86,0.1
17575,507525,84,3,26499.83,0.0
17576,507525,11,2,10297.51,0.0
17577,507526,9,4,26670.95,0.0
17578,507526,53,3,41659.1,0.2
17579,507527,181,1,20017.36,0.15
17580,507527,168,4,9316.31,0.05
17581,507528,47,2,7728.9,0.0
17582,507528,130,4,1826.9,0.15
17583,507528,134,3,24171.94,0.0
17584,507529,13,2,41294.2,0.1
17585,507529,136,1,48294.58,0.0
17586,507530,79,1,36534.8,0.2
17587,507530,2,3,42946.4,0.1
17588,507531,140,1,19515.46,0.0
17589,507531,56,3,31457.37,0.1
17590,507532,181,1,20017.36,0.2
17591,507533,117,4,5573.85,0.0
17592,507533,32,4,30436.6,0.1
17593,507534,62,2,3498.04,0.15
17594,507535,117,2,5573.85,0.2
17595,507535,4,3,4600.28,0.15
17596,507535,193,2,1419.66,0.0
17597,507536,61,1,23045.67,0.1
17598,507537,175,4,7528.69,0.2
17599,507537,111,3,41282.72,0.0
17600,507537,152,4,47494.55,0.0
17601,507538,11,3,10297.51,0.0
17602,507539,132,4,47935.67,0.05
17603,507539,48,1,32151.32,0.05
17604,507539,12,1,8809.95,0.0
17605,507540,94,1,30089.86,0.0
17606,507540,127,1,16509.71,0.15
17607,507541,4,2,4600.28,0.05
17608,507541,119,3,20465.15,0.15
17609,507542,143,4,8499.37,0.2
17610,507542,121,3,43178.12,0.0
17611,507542,161,2,45736.6,0.1
17612,507543,98,2,35512.2,0.0
17613,507543,45,3,19474.91,0.15
17614,507543,126,2,4890.52,0.1
17615,507543,60,2,42396.67,0.05
17616,507544,165,3,6409.81,0.05
17617,507545,5,4,32053.9,0.1
17618,507545,16,4,17752.56,0.1
17619,507545,93,3,33594.98,0.05
17620,507546,19,2,21391.84,0.1
17621,507546,163,4,1143.45,0.0
17622,507547,27,2,52025.44,0.0
17623,507547,199,2,40427.21,0.15
17624,507547,162,1,16150.96,0.1
17625,507548,76,3,1551.17,0.0
17626,507548,116,1,16741.69,0.15
17627,507548,181,2,20017.36,0.1
17628,507548,111,3,41282.72,0.0
17629,507549,82,2,26994.56,0.1
17630,507549,149,1,33795.66,0.15
17631,507549,145,4,5674.44,0.0
17632,507550,149,1,33795.66,0.1
17633,507551,117,4,5573.85,0.1
17634,507551,126,4,4890.52,0.1
17635,507552,22,1,20749.3,0.1
17636,507552,159,2,25532.77,0.1
17637,507553,12,2,8809.95,0.05
17638,507554,85,1,30473.88,0.1
17639,507554,23,2,45229.71,0.15
17640,507554,58,3,38058.28,0.0
17641,507555,86,4,25389.28,0.0
17642,507555,59,1,542.46,0.0
17643,507555,199,2,40427.21,0.05
17644,507556,75,4,7343.48,0.15
17645,507556,58,3,38058.28,0.05
17646,507556,53,1,41659.1,0.05
17647,507557,128,4,39089.34,0.1
17648,507558,200,3,20741.6,0.0
17649,507558,63,2,14212.89,0.1
17650,507558,178,1,16239.3,0.1
17651,507559,179,3,47254.91,0.0
17652,507559,151,1,15178.52,0.0
17653,507560,105,2,28367.27,0.0
17654,507561,51,2,42529.03,0.1
17655,507561,131,1,935.86,0.1
17656,507562,30,1,8599.09,0.05
17657,507562,107,3,13631.76,0.15
17658,507563,117,3,5573.85,0.0
17659,507563,199,4,40427.21,0.0
17660,507564,145,4,5674.44,0.0
17661,507564,180,2,6088.9,0.15
17662,507564,94,2,30089.86,0.05
17663,507564,161,1,45736.6,0.05
17664,507565,149,2,33795.66,0.15
17665,507566,119,3,20465.15,0.0
17666,507566,134,1,24171.94,0.05
17667,507567,137,1,11644.84,0.1
17668,507568,33,2,15090.93,0.2
17669,507569,175,3,7528.69,0.15
17670,507569,180,1,6088.9,0.1
17671,507570,72,3,33843.05,0.05
17672,507570,164,2,54714.33,0.1
17673,507570,191,2,39507.0,0.0
17674,507571,7,2,32012.11,0.15
17675,507571,25,1,28894.26,0.15
17676,507572,14,1,28958.7,0.05
17677,507572,103,4,33485.32,0.0
17678,507573,175,3,7528.69,0.1
17679,507573,117,1,5573.85,0.15
17680,507574,180,1,6088.9,0.0
17681,507574,189,3,36176.21,0.0
17682,507575,146,1,4466.06,0.1
17683,507576,143,4,8499.37,0.05
17684,507576,99,2,51437.59,0.05
17685,507577,192,4,906.98,0.1
17686,507577,84,2,26499.83,0.05
17687,507577,117,2,5573.85,0.1
17688,507578,95,3,7858.6,0.0
17689,507578,113,3,20936.8,0.05
17690,507578,175,4,7528.69,0.0
17691,507579,123,3,44154.33,0.1
17692,507580,54,2,28353.11,0.1
17693,507580,144,3,43009.16,0.15
17694,507581,37,3,8747.32,0.05
17695,507581,138,1,5148.37,0.1
17696,507582,29,1,40427.0,0.0
17697,507582,60,2,42396.67,0.0
17698,507582,97,1,9014.15,0.15
17699,507583,61,3,23045.67,0.0
17700,507584,29,4,40427.0,0.1
17701,507585,138,3,5148.37,0.0
17702,507585,101,2,36836.08,0.0
17703,507585,130,2,1826.9,0.0
17704,507585,26,3,13443.96,0.05
17705,507586,38,3,33762.69,0.1
17706,507587,136,4,48294.58,0.1
17707,507587,61,4,23045.67,0.0
17708,507587,16,1,17752.56,0.0
17709,507587,161,1,45736.6,0.0
17710,507587,74,4,9594.57,0.0
17711,507588,174,3,3057.35,0.0
17712,507588,126,3,4890.52,0.0
17713,507589,20,4,27803.61,0.15
17714,507589,194,4,14529.69,0.2
17715,507590,7,2,32012.11,0.0
17716,507591,109,3,20240.83,0.0
17717,507591,62,1,3498.04,0.0
17718,507591,63,3,14212.89,0.05
17719,507591,95,2,7858.6,0.15
17720,507592,192,1,906.98,0.15
17721,507593,164,3,54714.33,0.05
17722,507593,134,1,24171.94,0.15
17723,507594,81,1,15504.13,0.1
17724,507595,191,4,39507.0,0.15
17725,507596,134,2,24171.94,0.0
17726,507596,172,2,35356.68,0.1
17727,507596,143,2,8499.37,0.1
17728,507597,61,3,23045.67,0.0
17729,507598,66,4,7626.75,0.0
17730,507598,155,2,51623.31,0.1
17731,507599,12,1,8809.95,0.2
17732,507599,27,4,52025.44,0.15
17733,507599,23,4,45229.71,0.1
17734,507600,107,1,13631.76,0.1
17735,507600,66,1,7626.75,0.15
17736,507601,115,1,2799.41,0.15
17737,507601,171,4,22643.94,0.0
17738,507601,121,3,43178.12,0.05
17739,507602,40,1,12159.56,0.15
17740,507603,110,1,13452.58,0.1
17741,507603,17,2,17031.55,0.05
17742,507603,94,3,30089.86,0.05
17743,507604,64,3,23845.3,0.05
17744,507605,50,2,37071.05,0.0
17745,507605,99,4,51437.59,0.2
17746,507606,150,4,23255.73,0.0
17747,507606,169,2,42129.24,0.0
17748,507606,84,1,26499.83,0.0
17749,507606,191,2,39507.0,0.1
17750,507607,128,4,39089.34,0.0
17751,507607,3,1,2440.7,0.0
17752,507607,134,3,24171.94,0.0
17753,507608,145,1,5674.44,0.1
17754,507609,65,1,26891.02,0.2
17755,507609,68,4,731.88,0.15
17756,507610,94,4,30089.86,0.0
17757,507610,193,3,1419.66,0.0
17758,507610,100,3,46791.69,0.15
17759,507610,117,1,5573.85,0.0
17760,507611,71,1,40831.91,0.05
17761,507611,14,1,28958.7,0.0
17762,507611,91,3,37325.93,0.15
17763,507611,105,3,28367.27,0.2
17764,507612,82,2,26994.56,0.1
17765,507612,29,1,40427.0,0.05
17766,507612,93,4,33594.98,0.1
17767,507613,3,4,2440.7,0.15
17768,507614,92,2,38084.76,0.1
17769,507614,121,1,43178.12,0.2
17770,507615,25,3,28894.26,0.1
17771,507615,44,1,23585.72,0.1
17772,507615,20,4,27803.61,0.1
17773,507615,31,2,31665.76,0.0
17774,507615,89,3,2812.94,0.2
17775,507616,180,3,6088.9,0.1
17776,507617,122,1,7953.1,0.1
17777,507617,141,1,9199.37,0.05
17778,507617,53,3,41659.1,0.05
17779,507618,32,1,30436.6,0.0
17780,507618,113,1,20936.8,0.1
17781,507619,35,4,3103.89,0.05
17782,507619,43,4,25517.07,0.1
17783,507619,193,1,1419.66,0.0
17784,507620,116,1,16741.69,0.1
17785,507621,173,1,31442.32,0.2
17786,507622,49,2,33529.65,0.1
17787,507622,161,4,45736.6,0.0
17788,507623,171,4,22643.94,0.2
17789,507623,131,1,935.86,0.0
17790,507623,180,1,6088.9,0.0
17791,507623,111,4,41282.72,0.1
17792,507624,47,2,7728.9,0.1
17793,507624,65,3,26891.02,0.2
17794,507624,68,2,731.88,0.0
17795,507625,2,1,42946.4,0.2
17796,507625,97,1,9014.15,0.1
17797,507626,91,3,37325.93,0.05
17798,507626,126,2,4890.52,0.0
17799,507626,194,3,14529.69,0.1
17800,507626,84,4,26499.83,0.15
17801,507626,49,2,33529.65,0.1
17802,507627,142,2,32662.03,0.05
17803,507627,28,3,34955.61,0.1
17804,507628,76,4,1551.17,0.0
17805,507628,172,2,35356.68,0.1
17806,507628,94,2,30089.86,0.0
17807,507628,151,2,15178.52,0.1
17808,507629,139,2,36696.68,0.1
17809,507630,6,2,15719.14,0.0
17810,507631,143,4,8499.37,0.15
17811,507631,7,1,32012.11,0.1
17812,507632,164,3,54714.33,0.15
17813,507632,192,2,906.98,0.1
17814,507632,11,3,10297.51,0.0
17815,507632,159,3,25532.77,0.0
17816,507632,87,1,3216.87,0.1
17817,507633,100,4,46791.69,0.0
17818,507633,179,3,47254.91,0.05
17819,507633,127,4,16509.71,0.05
17820,507634,117,3,5573.85,0.15
17821,507635,80,1,26747.7,0.1
17822,507635,13,2,41294.2,0.0
17823,507635,154,1,24420.47,0.1
17824,507635,49,4,33529.65,0.05
17825,507635,48,2,32151.32,0.15
17826,507636,75,3,7343.48,0.1
17827,507636,125,1,41076.3,0.15
17828,507636,22,3,20749.3,0.05
17829,507637,90,2,42489.82,0.05
17830,507637,200,1,20741.6,0.05
17831,507637,31,2,31665.76,0.15
17832,507638,101,2,36836.08,0.05
17833,507638,70,4,9185.74,0.1
17834,507639,57,4,1412.7,0.1
17835,507639,180,2,6088.9,0.1
17836,507640,144,3,43009.16,0.1
17837,507641,46,2,6300.09,0.0
17838,507641,39,3,42117.5,0.0
17839,507642,18,1,17846.96,0.0
17840,507643,188,2,6070.27,0.0
17841,507643,20,2,27803.61,0.1
17842,507644,85,4,30473.88,0.0
17843,507644,52,2,43157.07,0.0
17844,507645,143,2,8499.37,0.15
17845,507645,45,3,19474.91,0.0
17846,507646,2,4,42946.4,0.05
17847,507646,66,4,7626.75,0.1
17848,507646,121,3,43178.12,0.05
17849,507646,26,2,13443.96,0.15
17850,507647,12,1,8809.95,0.1
17851,507647,15,4,13558.11,0.0
17852,507648,89,2,2812.94,0.2
17853,507648,105,3,28367.27,0.05
17854,507649,43,2,25517.07,0.0
17855,507650,189,1,36176.21,0.1
17856,507651,149,2,33795.66,0.0
17857,507652,87,2,3216.87,0.0
17858,507653,167,3,1520.89,0.0
17859,507653,109,3,20240.83,0.1
17860,507654,139,2,36696.68,0.15
17861,507654,127,1,16509.71,0.1
17862,507655,1,3,45769.48,0.0
17863,507655,99,2,51437.59,0.0
17864,507655,189,1,36176.21,0.0
17865,507655,150,4,23255.73,0.05
17866,507656,152,3,47494.55,0.2
17867,507657,159,3,25532.77,0.2
17868,507658,160,1,24067.85,0.0
17869,507658,42,2,17076.73,0.1
17870,507658,112,4,22042.94,0.05
17871,507659,200,3,20741.6,0.15
17872,507660,91,3,37325.93,0.15
17873,507660,65,3,26891.02,0.1
17874,507660,26,4,13443.96,0.1
17875,507661,17,4,17031.55,0.05
17876,507661,194,1,14529.69,0.1
17877,507661,98,2,35512.2,0.0
17878,507662,24,1,29412.47,0.1
17879,507662,78,2,9475.8,0.0
17880,507662,154,2,24420.47,0.0
17881,507663,35,4,3103.89,0.0
17882,507664,95,1,7858.6,0.1
17883,507665,82,3,26994.56,0.0
17884,507665,76,3,1551.17,0.1
17885,507665,133,1,18726.1,0.15
17886,507665,194,3,14529.69,0.05
17887,507665,154,4,24420.47,0.2
17888,507666,25,3,28894.26,0.0
17889,507666,14,3,28958.7,0.0
17890,507666,17,3,17031.55,0.15
17891,507666,52,3,43157.07,0.2
17892,507667,111,3,41282.72,0.05
17893,507667,199,4,40427.21,0.05
17894,507667,117,4,5573.85,0.05
17895,507668,65,4,26891.02,0.2
17896,507669,53,1,41659.1,0.0
17897,507669,156,3,9479.93,0.15
17898,507670,144,4,43009.16,0.0
17899,507670,152,1,47494.55,0.1
17900,507670,16,4,17752.56,0.1
17901,507671,131,2,935.86,0.1
17902,507672,186,4,13953.35,0.1
17903,507672,38,3,33762.69,0.0
17904,507672,176,3,42034.94,0.05
17905,507672,33,2,15090.93,0.0
17906,507672,152,3,47494.55,0.1
17907,507673,197,4,20725.99,0.0
17908,507673,130,3,1826.9,0.05
17909,507673,126,2,4890.52,0.1
17910,507673,148,2,30748.98,0.1
17911,507673,4,3,4600.28,0.1
17912,507674,168,1,9316.31,0.1
17913,507675,52,4,43157.07,0.0
17914,507676,9,1,26670.95,0.15
17915,507676,26,2,13443.96,0.0
17916,507677,131,4,935.86,0.1
17917,507677,199,4,40427.21,0.05
17918,507678,140,1,19515.46,0.1
17919,507678,12,2,8809.95,0.1
17920,507679,165,3,6409.81,0.2
17921,507679,98,3,35512.2,0.1
17922,507679,22,4,20749.3,0.0
17923,507680,164,3,54714.33,0.0
17924,507680,31,3,31665.76,0.0
17925,507681,158,4,17301.25,0.1
17926,507682,46,2,6300.09,0.1
17927,507683,58,3,38058.28,0.2
17928,507683,94,4,30089.86,0.1
17929,507684,197,3,20725.99,0.1
17930,507684,157,1,26053.23,0.0
17931,507685,195,1,39570.05,0.0
17932,507685,170,4,31500.56,0.05
17933,507685,23,3,45229.71,0.1
17934,507685,102,1,25753.85,0.1
17935,507686,81,3,15504.13,0.05
17936,507687,75,1,7343.48,0.0
17937,507687,39,3,42117.5,0.05
17938,507687,9,3,26670.95,0.0
17939,507688,66,1,7626.75,0.05
17940,507688,86,2,25389.28,0.05
17941,507689,130,2,1826.9,0.1
17942,507689,50,1,37071.05,0.0
17943,507689,60,3,42396.67,0.15
17944,507690,98,1,35512.2,0.0
17945,507691,197,3,20725.99,0.05
17946,507691,123,2,44154.33,0.05
17947,507692,103,1,33485.32,0.05
17948,507692,147,4,51028.85,0.05
17949,507693,23,2,45229.71,0.1
17950,507693,21,4,873.24,0.1
17951,507693,72,2,33843.05,0.1
17952,507694,82,4,26994.56,0.2
17953,507695,139,4,36696.68,0.05
17954,507695,35,4,3103.89,0.1
17955,507696,94,1,30089.86,0.05
17956,507696,14,3,28958.7,0.1
17957,507697,168,3,9316.31,0.1
17958,507697,98,3,35512.2,0.1
17959,507697,160,1,24067.85,0.2
17960,507698,162,2,16150.96,0.05
17961,507699,41,1,790.54,0.0
17962,507700,124,1,16664.22,0.05
17963,507700,45,1,19474.91,0.05
17964,507700,46,4,6300.09,0.1
17965,507701,115,4,2799.41,0.05
17966,507701,16,3,17752.56,0.15
17967,507702,192,4,906.98,0.15
17968,507703,89,3,2812.94,0.2
17969,507704,62,2,3498.04,0.1
17970,507704,191,4,39507.0,0.0
17971,507705,8,1,16654.82,0.0
17972,507705,88,1,22349.99,0.05
17973,507705,36,3,32323.45,0.1
17974,507705,150,4,23255.73,0.0
17975,507705,80,2,26747.7,0.0
17976,507706,107,1,13631.76,0.05
17977,507706,58,4,38058.28,0.1
17978,507706,161,4,45736.6,0.0
17979,507707,124,4,16664.22,0.2
17980,507707,194,3,14529.69,0.05
17981,507707,158,3,17301.25,0.1
17982,507708,45,3,19474.91,0.0
17983,507708,23,4,45229.71,0.05
17984,507709,190,1,52000.43,0.15
17985,507709,133,4,18726.1,0.1
17986,507710,168,4,9316.31,0.0
17987,507710,48,4,32151.32,0.05
17988,507710,108,3,22454.46,0.05
17989,507710,153,1,34143.04,0.05
17990,507710,166,1,16527.13,0.15
17991,507711,137,1,11644.84,0.05
17992,507712,11,4,10297.51,0.2
17993,507712,197,1,20725.99,0.15
17994,507712,134,4,24171.94,0.2
17995,507713,197,2,20725.99,0.2
17996,507714,155,1,51623.31,0.15
17997,507714,109,2,20240.83,0.0
17998,507715,199,4,40427.21,0.15
17999,507715,26,4,13443.96,0.05
18000,507715,76,3,1551.17,0.2
18001,507715,116,3,16741.69,0.0
18002,507715,1,4,45769.48,0.05
18003,507716,49,4,33529.65,0.05
18004,507716,165,1,6409.81,0.0
18005,507716,31,2,31665.76,0.0
18006,507716,44,2,23585.72,0.0
18007,507717,137,4,11644.84,0.2
18008,507717,89,3,2812.94,0.0
18009,507717,123,3,44154.33,0.2
18010,507717,127,2,16509.71,0.1
18011,507718,4,3,4600.28,0.2
18012,507718,73,3,32339.91,0.1
18013,507718,54,3,28353.11,0.0
18014,507718,147,3,51028.85,0.1
18015,507719,36,2,32323.45,0.05
18016,507719,49,2,33529.65,0.0
18017,507720,189,3,36176.21,0.05
18018,507720,134,1,24171.94,0.0
18019,507721,154,4,24420.47,0.0
18020,507721,73,2,32339.91,0.1
18021,507722,124,2,16664.22,0.1
18022,507723,40,1,12159.56,0.05
18023,507723,97,4,9014.15,0.0
18024,507724,107,4,13631.76,0.2
18025,507725,57,2,1412.7,0.1
18026,507725,12,3,8809.95,0.05
18027,507725,128,1,39089.34,0.05
18028,507725,41,4,790.54,0.1
18029,507726,190,1,52000.43,0.2
18030,507726,128,1,39089.34,0.1
18031,507726,58,4,38058.28,0.15
18032,507727,187,3,50291.33,0.0
18033,507728,98,2,35512.2,0.0
18034,507728,121,3,43178.12,0.1
18035,507728,60,4,42396.67,0.0
18036,507729,69,3,20234.72,0.1
18037,507729,25,1,28894.26,0.15
18038,507729,21,1,873.24,0.05
18039,507730,172,2,35356.68,0.05
18040,507730,6,3,15719.14,0.0
18041,507730,189,3,36176.21,0.0
18042,507730,191,2,39507.0,0.15
18043,507731,168,1,9316.31,0.15
18044,507731,200,2,20741.6,0.05
18045,507732,41,4,790.54,0.1
18046,507732,177,1,7521.62,0.05
18047,507732,130,3,1826.9,0.2
18048,507733,173,3,31442.32,0.0
18049,507734,40,4,12159.56,0.05
18050,507734,35,3,3103.89,0.0
18051,507734,173,3,31442.32,0.05
18052,507734,6,3,15719.14,0.1
18053,507735,69,4,20234.72,0.0
18054,507735,145,4,5674.44,0.0
18055,507735,167,3,1520.89,0.05
18056,507735,22,4,20749.3,0.15
18057,507736,147,4,51028.85,0.15
18058,507737,186,1,13953.35,0.0
18059,507738,174,1,3057.35,0.1
18060,507739,70,2,9185.74,0.05
18061,507739,140,2,19515.46,0.1
18062,507740,79,3,36534.8,0.2
18063,507741,191,1,39507.0,0.15
18064,507741,171,2,22643.94,0.0
18065,507741,29,2,40427.0,0.05
18066,507742,97,1,9014.15,0.05
18067,507742,24,1,29412.47,0.1
18068,507743,38,4,33762.69,0.0
18069,507743,7,3,32012.11,0.0
18070,507744,44,2,23585.72,0.05
18071,507744,158,3,17301.25,0.05
18072,507744,94,2,30089.86,0.0
18073,507745,165,2,6409.81,0.05
18074,507745,128,3,39089.34,0.15
18075,507745,78,3,9475.8,0.0
18076,507746,114,1,24883.58,0.0
18077,507746,74,4,9594.57,0.0
18078,507747,186,2,13953.35,0.0
18079,507747,94,3,30089.86,0.15
18080,507747,68,3,731.88,0.0
18081,507748,52,4,43157.07,0.2
18082,507748,179,3,47254.91,0.05
18083,507748,90,3,42489.82,0.0
18084,507749,55,1,45214.9,0.15
18085,507750,40,1,12159.56,0.0
18086,507751,58,1,38058.28,0.05
18087,507751,39,4,42117.5,0.0
18088,507751,155,3,51623.31,0.1
18089,507752,158,1,17301.25,0.2
18090,507753,40,2,12159.56,0.1
18091,507754,140,3,19515.46,0.1
18092,507754,118,1,47968.75,0.05
18093,507755,76,4,1551.17,0.0
18094,507755,4,2,4600.28,0.1
18095,507755,19,2,21391.84,0.1
18096,507755,33,3,15090.93,0.05
18097,507756,198,1,44779.95,0.05
18098,507756,79,4,36534.8,0.0
18099,507756,115,4,2799.41,0.2
18100,507757,159,3,25532.77,0.0
18101,507757,38,3,33762.69,0.0
18102,507757,166,4,16527.13,0.1
18103,507758,172,1,35356.68,0.1
18104,507759,16,1,17752.56,0.0
18105,507759,89,1,2812.94,0.2
18106,507759,76,3,1551.17,0.2
18107,507759,141,2,9199.37,0.0
18108,507760,102,4,25753.85,0.05
18109,507760,10,4,34430.26,0.1
18110,507761,177,2,7521.62,0.1
18111,507761,107,2,13631.76,0.0
18112,507761,138,1,5148.37,0.0
18113,507761,137,2,11644.84,0.15
18114,507761,106,3,49815.63,0.0
18115,507762,124,4,16664.22,0.0
18116,507762,96,2,33785.82,0.0
18117,507763,111,1,41282.72,0.1
18118,507763,69,4,20234.72,0.05
18119,507764,153,1,34143.04,0.1
18120,507764,139,4,36696.68,0.15
18121,507764,174,3,3057.35,0.0
18122,507764,169,3,42129.24,0.15
18123,507765,16,3,17752.56,0.1
18124,507765,175,3,7528.69,0.0
18125,507765,157,3,26053.23,0.05
18126,507765,41,4,790.54,0.05
18127,507765,136,3,48294.58,0.05
18128,507766,51,1,42529.03,0.1
18129,507767,87,2,3216.87,0.0
18130,507768,177,2,7521.62,0.1
18131,507768,101,1,36836.08,0.0
18132,507769,46,4,6300.09,0.15
18133,507770,13,1,41294.2,0.15
18134,507770,69,2,20234.72,0.1
18135,507771,166,2,16527.13,0.15
18136,507772,48,2,32151.32,0.1
18137,507772,150,3,23255.73,0.1
18138,507773,2,2,42946.4,0.2
18139,507773,52,2,43157.07,0.15
18140,507774,48,3,32151.32,0.0
18141,507775,185,3,11835.89,0.15
18142,507775,26,4,13443.96,0.2
18143,507776,23,4,45229.71,0.1
18144,507776,10,2,34430.26,0.2
18145,507777,111,3,41282.72,0.1
18146,507777,192,4,906.98,0.2
18147,507777,21,3,873.24,0.15
18148,507777,41,4,790.54,0.0
18149,507777,26,4,13443.96,0.05
18150,507778,15,1,13558.11,0.05
18151,507779,120,1,14551.18,0.1
18152,507779,111,2,41282.72,0.05
18153,507779,137,4,11644.84,0.1
18154,507779,192,3,906.98,0.1
18155,507780,2,3,42946.4,0.05
18156,507780,113,3,20936.8,0.0
18157,507780,5,1,32053.9,0.0
18158,507780,59,3,542.46,0.05
18159,507780,115,2,2799.41,0.0
18160,507781,19,3,21391.84,0.2
18161,507781,34,4,15395.87,0.0
18162,507782,113,2,20936.8,0.15
18163,507782,116,3,16741.69,0.2
18164,507782,21,1,873.24,0.1
18165,507783,108,3,22454.46,0.1
18166,507784,167,2,1520.89,0.0
18167,507784,181,1,20017.36,0.2
18168,507785,107,3,13631.76,0.0
18169,507786,54,3,28353.11,0.1
18170,507786,196,4,8761.57,0.1
18171,507787,7,3,32012.11,0.1
18172,507787,123,1,44154.33,0.1
18173,507787,138,4,5148.37,0.1
18174,507787,51,3,42529.03,0.1
18175,507787,8,1,16654.82,0.1
18176,507788,199,2,40427.21,0.1
18177,507789,143,4,8499.37,0.15
18178,507789,1,3,45769.48,0.05
18179,507790,197,4,20725.99,0.15
18180,507790,23,1,45229.71,0.05
18181,507790,174,1,3057.35,0.05
18182,507791,68,2,731.88,0.05
18183,507791,84,1,26499.83,0.05
18184,507792,196,2,8761.57,0.2
18185,507792,89,3,2812.94,0.05
18186,507793,81,4,15504.13,0.0
18187,507793,173,2,31442.32,0.15
18188,507794,116,4,16741.69,0.2
18189,507794,57,2,1412.7,0.0
18190,507795,107,1,13631.76,0.15
18191,507796,40,3,12159.56,0.15
18192,507796,33,2,15090.93,0.0
18193,507797,93,3,33594.98,0.1
18194,507797,87,2,3216.87,0.05
18195,507798,82,3,26994.56,0.1
18196,507799,29,2,40427.0,0.0
18197,507799,16,3,17752.56,0.0
18198,507800,124,2,16664.22,0.1
18199,507800,98,4,35512.2,0.2
18200,507801,189,2,36176.21,0.1
18201,507801,33,1,15090.93,0.2
18202,507802,7,1,32012.11,0.1
18203,507802,10,3,34430.26,0.0
18204,507803,21,1,873.24,0.0
18205,507803,88,4,22349.99,0.1
18206,507804,5,3,32053.9,0.1
18207,507804,165,1,6409.81,0.0
18208,507804,73,3,32339.91,0.15
18209,507805,62,2,3498.04,0.05
18210,507805,182,2,25258.66,0.15
18211,507806,109,4,20240.83,0.1
18212,507806,174,1,3057.35,0.05
18213,507807,106,1,49815.63,0.05
18214,507807,44,3,23585.72,0.1
18215,507808,66,2,7626.75,0.1
18216,507808,60,4,42396.67,0.0
18217,507809,114,1,24883.58,0.2
18218,507809,118,1,47968.75,0.05
18219,507809,194,1,14529.69,0.15
18220,507810,33,2,15090.93,0.0
18221,507810,21,4,873.24,0.15
18222,507810,121,4,43178.12,0.15
18223,507811,152,4,47494.55,0.1
18224,507812,46,4,6300.09,0.0
18225,507812,39,3,42117.5,0.1
18226,507813,94,2,30089.86,0.15
18227,507814,184,3,46019.64,0.15
18228,507814,169,2,42129.24,0.05
18229,507814,73,3,32339.91,0.0
18230,507815,196,4,8761.57,0.0
18231,507815,68,3,731.88,0.05
18232,507815,122,3,7953.1,0.1
18233,507815,148,4,30748.98,0.15
18234,507815,106,2,49815.63,0.1
18235,507816,195,4,39570.05,0.1
18236,507816,163,3,1143.45,0.1
18237,507817,143,2,8499.37,0.05
18238,507817,28,4,34955.61,0.15
18239,507818,189,3,36176.21,0.0
18240,507819,171,2,22643.94,0.05
18241,507819,155,4,51623.31,0.1
18242,507820,151,3,15178.52,0.0
18243,507820,164,4,54714.33,0.2
18244,507821,112,4,22042.94,0.1
18245,507821,67,1,32514.47,0.0
18246,507821,139,2,36696.68,0.05
18247,507821,111,3,41282.72,0.0
18248,507822,18,3,17846.96,0.0
18249,507822,1,4,45769.48,0.0
18250,507823,124,1,16664.22,0.05
18251,507823,141,4,9199.37,0.0
18252,507823,29,1,40427.0,0.1
18253,507823,167,2,1520.89,0.0
18254,507823,3,1,2440.7,0.0
18255,507824,156,2,9479.93,0.2
18256,507824,152,2,47494.55,0.05
18257,507825,18,1,17846.96,0.05
18258,507826,191,4,39507.0,0.1
18259,507826,86,3,25389.28,0.1
18260,507826,79,4,36534.8,0.1
18261,507827,197,2,20725.99,0.1
18262,507828,84,3,26499.83,0.0
18263,507829,111,1,41282.72,0.0
18264,507830,40,3,12159.56,0.05
18265,507830,117,4,5573.85,0.0
18266,507831,49,3,33529.65,0.05
18267,507832,60,4,42396.67,0.05
18268,507832,149,2,33795.66,0.1
18269,507832,22,1,20749.3,0.0
18270,507832,119,3,20465.15,0.15
18271,507832,175,2,7528.69,0.2
18272,507833,95,2,7858.6,0.15
18273,507833,178,1,16239.3,0.15
18274,507833,185,4,11835.89,0.0
18275,507833,164,2,54714.33,0.05
18276,507834,7,1,32012.11,0.0
18277,507834,27,1,52025.44,0.0
18278,507834,101,4,36836.08,0.05
18279,507835,42,2,17076.73,0.0
18280,507835,54,4,28353.11,0.15
18281,507836,51,1,42529.03,0.05
18282,507837,65,2,26891.02,0.0
18283,507837,131,2,935.86,0.05
18284,507837,136,4,48294.58,0.1
18285,507838,175,4,7528.69,0.15
18286,507839,185,3,11835.89,0.05
18287,507839,8,3,16654.82,0.15
18288,507840,187,3,50291.33,0.1
18289,507841,75,4,7343.48,0.1
18290,507841,177,2,7521.62,0.05
18291,507842,132,2,47935.67,0.1
18292,507842,192,2,906.98,0.15
18293,507843,101,3,36836.08,0.05
18294,507843,19,4,21391.84,0.05
18295,507844,80,2,26747.7,0.0
18296,507844,163,1,1143.45,0.1
18297,507844,137,2,11644.84,0.1
18298,507845,16,3,17752.56,0.1
18299,507846,32,4,30436.6,0.05
18300,507847,17,1,17031.55,0.0
18301,507847,103,2,33485.32,0.05
18302,507848,199,4,40427.21,0.1
18303,507848,128,1,39089.34,0.05
18304,507848,177,3,7521.62,0.05
18305,507849,105,4,28367.27,0.2
18306,507850,7,4,32012.11,0.15
18307,507850,10,3,34430.26,0.05
18308,507850,160,2,24067.85,0.0
18309,507850,147,1,51028.85,0.1
18310,507851,104,1,17663.08,0.05
18311,507852,26,2,13443.96,0.15
18312,507853,71,4,40831.91,0.05
18313,507853,161,4,45736.6,0.0
18314,507854,89,4,2812.94,0.05
18315,507855,189,3,36176.21,0.1
18316,507855,115,3,2799.41,0.0
18317,507856,161,1,45736.6,0.05
18318,507857,18,4,17846.96,0.15
18319,507857,26,4,13443.96,0.1
18320,507858,97,3,9014.15,0.0
18321,507858,155,1,51623.31,0.1
18322,507859,150,1,23255.73,0.15
18323,507860,50,3,37071.05,0.1
18324,507860,113,1,20936.8,0.0
18325,507861,39,4,42117.5,0.05
18326,507861,6,1,15719.14,0.15
18327,507861,3,1,2440.7,0.15
18328,507862,59,1,542.46,0.05
18329,507862,72,4,33843.05,0.15
18330,507862,49,1,33529.65,0.05
18331,507863,34,1,15395.87,0.0
18332,507863,164,3,54714.33,0.05
18333,507864,22,2,20749.3,0.1
18334,507864,135,4,25804.56,0.0
18335,507864,53,1,41659.1,0.15
18336,507864,153,2,34143.04,0.15
18337,507864,35,2,3103.89,0.1
18338,507865,109,4,20240.83,0.15
18339,507866,69,2,20234.72,0.15
18340,507866,122,4,7953.1,0.1
18341,507866,169,3,42129.24,0.05
18342,507866,180,2,6088.9,0.1
18343,507867,108,2,22454.46,0.1
18344,507867,113,4,20936.8,0.1
18345,507867,186,1,13953.35,0.2
18346,507867,101,3,36836.08,0.15
18347,507867,118,1,47968.75,0.0
18348,507868,11,3,10297.51,0.15
18349,507868,71,1,40831.91,0.0
18350,507869,169,3,42129.24,0.15
18351,507870,10,1,34430.26,0.1
18352,507870,52,2,43157.07,0.2
18353,507870,65,1,26891.02,0.05
18354,507870,2,3,42946.4,0.1
18355,507871,66,4,7626.75,0.1
18356,507871,100,2,46791.69,0.2
18357,507872,164,1,54714.33,0.0
18358,507873,174,3,3057.35,0.2
18359,507873,85,2,30473.88,0.1
18360,507873,178,2,16239.3,0.0
18361,507873,93,3,33594.98,0.05
18362,507874,64,1,23845.3,0.1
18363,507874,49,3,33529.65,0.15
18364,507875,3,1,2440.7,0.05
18365,507875,184,3,46019.64,0.05
18366,507876,129,3,39450.63,0.1
18367,507876,63,4,14212.89,0.2
18368,507877,167,1,1520.89,0.15
18369,507877,141,1,9199.37,0.15
18370,507877,62,3,3498.04,0.05
18371,507877,76,1,1551.17,0.15
18372,507878,109,3,20240.83,0.15
18373,507878,148,1,30748.98,0.15
18374,507879,181,2,20017.36,0.05
18375,507879,16,4,17752.56,0.15
18376,507879,50,3,37071.05,0.1
18377,507879,63,1,14212.89,0.05
18378,507880,67,2,32514.47,0.15
18379,507881,125,4,41076.3,0.0
18380,507881,186,1,13953.35,0.0
18381,507882,92,4,38084.76,0.1
18382,507882,143,4,8499.37,0.0
18383,507883,109,3,20240.83,0.15
18384,507883,114,4,24883.58,0.0
18385,507884,39,2,42117.5,0.05
18386,507885,145,2,5674.44,0.0
18387,507886,143,4,8499.37,0.0
18388,507887,127,3,16509.71,0.0
18389,507887,84,1,26499.83,0.1
18390,507887,189,3,36176.21,0.1
18391,507888,49,1,33529.65,0.15
18392,507889,115,3,2799.41,0.15
18393,507889,189,3,36176.21,0.05
18394,507889,11,4,10297.51,0.15
18395,507890,195,3,39570.05,0.0
18396,507890,28,1,34955.61,0.2
18397,507890,31,3,31665.76,0.1
18398,507890,83,3,10948.99,0.0
18399,507891,157,1,26053.23,0.1
18400,507891,175,3,7528.69,0.2
18401,507891,121,4,43178.12,0.1
18402,507892,12,3,8809.95,0.15
18403,507892,109,2,20240.83,0.0
18404,507892,128,1,39089.34,0.15
18405,507893,163,1,1143.45,0.0
18406,507893,194,2,14529.69,0.2
18407,507894,8,3,16654.82,0.05
18408,507894,18,3,17846.96,0.1
18409,507894,79,1,36534.8,0.0
18410,507894,31,3,31665.76,0.0
18411,507894,122,4,7953.1,0.0
18412,507895,11,4,10297.51,0.2
18413,507895,41,1,790.54,0.15
18414,507895,33,3,15090.93,0.0
18415,507896,85,2,30473.88,0.05
18416,507896,184,3,46019.64,0.0
18417,507897,133,1,18726.1,0.0
18418,507897,177,1,7521.62,0.15
18419,507897,146,4,4466.06,0.1
18420,507898,124,3,16664.22,0.0
18421,507898,31,3,31665.76,0.05
18422,507898,73,1,32339.91,0.1
18423,507899,8,1,16654.82,0.2
18424,507899,98,4,35512.2,0.2
18425,507899,142,2,32662.03,0.0
18426,507900,49,2,33529.65,0.0
18427,507900,53,1,41659.1,0.05
18428,507901,39,1,42117.5,0.0
18429,507901,130,3,1826.9,0.15
18430,507902,148,2,30748.98,0.1
18431,507902,34,1,15395.87,0.0
18432,507902,52,1,43157.07,0.2
18433,507902,60,4,42396.67,0.15
18434,507903,163,4,1143.45,0.2
18435,507903,191,4,39507.0,0.0
18436,507903,90,4,42489.82,0.05
18437,507903,183,3,2591.66,0.05
18438,507903,2,3,42946.4,0.2
18439,507904,1,2,45769.48,0.2
18440,507904,69,3,20234.72,0.0
18441,507905,20,2,27803.61,0.1
18442,507905,141,3,9199.37,0.0
18443,507906,157,2,26053.23,0.1
18444,507906,192,2,906.98,0.05
18445,507907,51,3,42529.03,0.0
18446,507907,95,2,7858.6,0.15
18447,507907,16,2,17752.56,0.1
18448,507908,126,3,4890.52,0.05
18449,507909,19,2,21391.84,0.1
18450,507909,123,2,44154.33,0.1
18451,507909,112,3,22042.94,0.15
18452,507909,3,1,2440.7,0.0
18453,507909,12,1,8809.95,0.0
18454,507910,35,2,3103.89,0.15
18455,507910,132,2,47935.67,0.05
18456,507911,77,2,45039.66,0.1
18457,507912,112,3,22042.94,0.05
18458,507913,4,2,4600.28,0.0
18459,507913,14,3,28958.7,0.2
18460,507914,134,2,24171.94,0.05
18461,507914,194,3,14529.69,0.05
18462,507915,146,2,4466.06,0.0
18463,507915,98,3,35512.2,0.0
18464,507915,173,4,31442.32,0.1
18465,507916,187,2,50291.33,0.0
18466,507916,78,3,9475.8,0.1
18467,507917,50,2,37071.05,0.05
18468,507917,184,2,46019.64,0.1
18469,507918,37,4,8747.32,0.15
18470,507918,102,3,25753.85,0.05
18471,507919,145,3,5674.44,0.05
18472,507920,168,4,9316.31,0.05
18473,507921,34,1,15395.87,0.15
18474,507921,198,2,44779.95,0.0
18475,507922,117,1,5573.85,0.1
18476,507922,159,1,25532.77,0.1
18477,507922,134,2,24171.94,0.15
18478,507923,63,3,14212.89,0.1
18479,507924,171,4,22643.94,0.1
18480,507924,120,1,14551.18,0.15
18481,507924,122,3,7953.1,0.0
18482,507925,182,4,25258.66,0.0
18483,507926,147,3,51028.85,0.0
18484,507927,42,1,17076.73,0.1
18485,507928,139,1,36696.68,0.0
18486,507928,194,4,14529.69,0.05
18487,507929,122,1,7953.1,0.05
18488,507930,51,1,42529.03,0.0
18489,507930,198,1,44779.95,0.0
18490,507930,181,3,20017.36,0.15
18491,507930,37,4,8747.32,0.2
18492,507931,132,2,47935.67,0.2
18493,507931,84,2,26499.83,0.05
18494,507932,164,1,54714.33,0.1
18495,507932,70,3,9185.74,0.1
18496,507933,94,2,30089.86,0.1
18497,507933,183,3,2591.66,0.0
18498,507933,116,2,16741.69,0.1
18499,507933,62,2,3498.04,0.05
18500,507933,85,4,30473.88,0.2
18501,507934,185,1,11835.89,0.2
18502,507935,152,1,47494.55,0.05
18503,507935,69,2,20234.72,0.0
18504,507936,58,1,38058.28,0.0
18505,507936,44,1,23585.72,0.1
18506,507936,57,2,1412.7,0.15
18507,507937,16,1,17752.56,0.1
18508,507938,191,3,39507.0,0.1
18509,507939,2,2,42946.4,0.15
18510,507939,39,1,42117.5,0.2
18511,507939,71,2,40831.91,0.1
18512,507940,159,4,25532.77,0.05
18513,507941,174,2,3057.35,0.0
18514,507941,60,3,42396.67,0.05
18515,507942,86,4,25389.28,0.0
18516,507942,45,1,19474.91,0.1
18517,507943,12,4,8809.95,0.0
18518,507944,150,4,23255.73,0.0
18519,507944,177,4,7521.62,0.0
18520,507944,42,4,17076.73,0.0
18521,507944,153,2,34143.04,0.2
18522,507945,17,3,17031.55,0.15
18523,507945,114,4,24883.58,0.0
18524,507945,83,2,10948.99,0.15
18525,507945,21,4,873.24,0.2
18526,507946,101,3,36836.08,0.0
18527,507946,86,3,25389.28,0.05
18528,507946,36,1,32323.45,0.1
18529,507946,79,3,36534.8,0.05
18530,507947,128,3,39089.34,0.1
18531,507948,116,3,16741.69,0.0
18532,507948,63,3,14212.89,0.05
18533,507948,117,2,5573.85,0.1
18534,507948,62,1,3498.04,0.0
18535,507948,4,4,4600.28,0.1
18536,507949,87,2,3216.87,0.1
18537,507949,121,1,43178.12,0.05
18538,507949,194,3,14529.69,0.1
18539,507950,10,3,34430.26,0.05
18540,507950,56,2,31457.37,0.0
18541,507951,121,2,43178.12,0.05
18542,507951,164,2,54714.33,0.1
18543,507951,198,2,44779.95,0.15
18544,507952,29,3,40427.0,0.05
18545,507952,143,4,8499.37,0.1
18546,507952,19,3,21391.84,0.2
18547,507953,153,2,34143.04,0.0
18548,507953,52,4,43157.07,0.1
18549,507954,178,2,16239.3,0.2
18550,507954,108,2,22454.46,0.1
18551,507955,199,1,40427.21,0.1
18552,507955,34,1,15395.87,0.1
18553,507956,20,3,27803.61,0.2
18554,507957,59,1,542.46,0.1
18555,507958,6,4,15719.14,0.2
18556,507958,161,2,45736.6,0.05
18557,507959,90,3,42489.82,0.1
18558,507959,5,4,32053.9,0.1
18559,507960,8,4,16654.82,0.0
18560,507960,121,1,43178.12,0.0
18561,507960,144,1,43009.16,0.2
18562,507961,191,3,39507.0,0.1
18563,507961,157,1,26053.23,0.05
18564,507961,78,3,9475.8,0.0
18565,507962,197,4,20725.99,0.0
18566,507962,100,1,46791.69,0.05
18567,507963,67,1,32514.47,0.0
18568,507964,62,2,3498.04,0.0
18569,507964,152,1,47494.55,0.15
18570,507965,191,4,39507.0,0.05
18571,507966,72,1,33843.05,0.05
18572,507966,122,3,7953.1,0.0
18573,507966,50,1,37071.05,0.0
18574,507967,52,4,43157.07,0.0
18575,507967,117,2,5573.85,0.1
18576,507968,199,3,40427.21,0.15
18577,507968,86,4,25389.28,0.0
18578,507968,193,2,1419.66,0.0
18579,507968,87,4,3216.87,0.15
18580,507969,63,2,14212.89,0.2
18581,507970,124,3,16664.22,0.2
18582,507970,38,4,33762.69,0.0
18583,507970,65,2,26891.02,0.1
18584,507971,189,3,36176.21,0.0
18585,507971,200,1,20741.6,0.2
18586,507972,167,4,1520.89,0.15
18587,507973,53,2,41659.1,0.1
18588,507973,141,3,9199.37,0.0
18589,507974,54,3,28353.11,0.05
18590,507975,38,4,33762.69,0.0
18591,507976,45,3,19474.91,0.05
18592,507976,84,3,26499.83,0.1
18593,507977,181,4,20017.36,0.0
18594,507977,18,1,17846.96,0.15
18595,507978,88,4,22349.99,0.15
18596,507978,77,3,45039.66,0.2
18597,507979,189,4,36176.21,0.2
18598,507979,9,4,26670.95,0.05
18599,507980,29,1,40427.0,0.15
18600,507981,132,3,47935.67,0.0
18601,507981,20,3,27803.61,0.1
18602,507982,100,1,46791.69,0.15
18603,507982,121,4,43178.12,0.1
18604,507983,48,1,32151.32,0.0
18605,507983,191,3,39507.0,0.2
18606,507984,75,4,7343.48,0.05
18607,507984,19,4,21391.84,0.0
18608,507985,15,1,13558.11,0.0
18609,507986,17,3,17031.55,0.1
18610,507986,145,2,5674.44,0.0
18611,507987,69,1,20234.72,0.05
18612,507988,190,1,52000.43,0.1
18613,507988,126,2,4890.52,0.0
18614,507989,111,3,41282.72,0.2
18615,507989,74,4,9594.57,0.1
18616,507989,119,2,20465.15,0.1
18617,507990,59,1,542.46,0.0
18618,507990,178,1,16239.3,0.0
18619,507990,44,3,23585.72,0.0
18620,507991,114,4,24883.58,0.1
18621,507992,51,4,42529.03,0.05
18622,507992,54,4,28353.11,0.15
18623,507993,16,3,17752.56,0.05
18624,507993,138,2,5148.37,0.1
18625,507994,185,2,11835.89,0.0
18626,507994,29,4,40427.0,0.1
18627,507995,81,2,15504.13,0.1
18628,507995,173,3,31442.32,0.1
18629,507995,170,1,31500.56,0.05
18630,507996,62,4,3498.04,0.2
18631,507996,28,4,34955.61,0.0
18632,507996,15,1,13558.11,0.1
18633,507997,96,2,33785.82,0.1
18634,507998,100,2,46791.69,0.0
18635,507998,163,3,1143.45,0.2
18636,507998,107,2,13631.76,0.05
18637,507999,5,1,32053.9,0.1
18638,507999,57,1,1412.7,0.0
18639,507999,63,3,14212.89,0.1
18640,507999,195,1,39570.05,0.1
18641,508000,118,3,47968.75,0.15
18642,508000,5,3,32053.9,0.1
18643,508000,31,2,31665.76,0.0
18644,508000,13,4,41294.2,0.05
18645,508001,198,2,44779.95,0.05
18646,508002,115,1,2799.41,0.0
18647,508002,11,4,10297.51,0.1
18648,508002,108,2,22454.46,0.1
18649,508002,84,2,26499.83,0.2
18650,508003,58,2,38058.28,0.0
18651,508004,128,2,39089.34,0.1
18652,508004,127,1,16509.71,0.0
18653,508005,125,4,41076.3,0.2
18654,508005,65,2,26891.02,0.15
18655,508006,102,2,25753.85,0.1
18656,508007,57,4,1412.7,0.15
18657,508008,180,2,6088.9,0.15
18658,508009,51,4,42529.03,0.05
18659,508009,126,4,4890.52,0.0
18660,508009,2,3,42946.4,0.1
18661,508010,155,4,51623.31,0.0
18662,508010,89,2,2812.94,0.15
18663,508011,41,3,790.54,0.05
18664,508011,105,4,28367.27,0.05
18665,508012,46,4,6300.09,0.0
18666,508012,40,1,12159.56,0.1
18667,508013,169,3,42129.24,0.1
18668,508014,76,2,1551.17,0.0
18669,508014,91,4,37325.93,0.0
18670,508015,27,4,52025.44,0.1
18671,508015,143,1,8499.37,0.05
18672,508015,60,4,42396.67,0.1
18673,508016,110,1,13452.58,0.05
18674,508017,68,2,731.88,0.0
18675,508017,102,4,25753.85,0.1
18676,508017,198,4,44779.95,0.2
18677,508017,140,4,19515.46,0.1
18678,508017,35,3,3103.89,0.1
18679,508018,79,2,36534.8,0.05
18680,508018,14,3,28958.7,0.0
18681,508019,183,2,2591.66,0.1
18682,508019,101,2,36836.08,0.0
18683,508019,78,2,9475.8,0.1
18684,508020,15,4,13558.11,0.2
18685,508020,92,3,38084.76,0.0
18686,508021,111,1,41282.72,0.15
18687,508021,1,4,45769.48,0.0
18688,508021,196,2,8761.57,0.05
18689,508022,11,3,10297.51,0.1
18690,508022,56,1,31457.37,0.1
18691,508022,15,2,13558.11,0.0
18692,508023,71,3,40831.91,0.0
18693,508023,95,2,7858.6,0.15
18694,508023,40,4,12159.56,0.15
18695,508024,24,2,29412.47,0.05
18696,508025,113,3,20936.8,0.1
18697,508026,52,1,43157.07,0.0
18698,508027,163,3,1143.45,0.05
18699,508027,97,2,9014.15,0.0
18700,508027,51,1,42529.03,0.05
18701,508027,102,4,25753.85,0.05
18702,508027,138,2,5148.37,0.2
18703,508028,160,4,24067.85,0.2
18704,508028,95,4,7858.6,0.05
18705,508029,61,3,23045.67,0.05
18706,508029,119,3,20465.15,0.1
18707,508030,199,1,40427.21,0.1
18708,508031,136,3,48294.58,0.15
18709,508031,143,3,8499.37,0.15
18710,508032,133,2,18726.1,0.05
18711,508032,109,3,20240.83,0.2
18712,508032,91,2,37325.93,0.1
18713,508032,199,2,40427.21,0.0
18714,508033,27,1,52025.44,0.05
18715,508033,128,1,39089.34,0.1
18716,508033,28,2,34955.61,0.05
18717,508034,163,3,1143.45,0.0
18718,508035,25,3,28894.26,0.1
18719,508035,16,1,17752.56,0.15
18720,508035,43,2,25517.07,0.2
18721,508035,46,3,6300.09,0.05
18722,508036,181,1,20017.36,0.1
18723,508036,93,1,33594.98,0.2
18724,508036,41,2,790.54,0.0
18725,508036,138,3,5148.37,0.05
18726,508036,32,2,30436.6,0.05
18727,508037,61,2,23045.67,0.0
18728,508037,186,3,13953.35,0.15
18729,508037,119,1,20465.15,0.1
18730,508038,186,2,13953.35,0.2
18731,508038,157,2,26053.23,0.2
18732,508039,155,4,51623.31,0.15
18733,508039,65,3,26891.02,0.05
18734,508039,161,4,45736.6,0.05
18735,508040,127,4,16509.71,0.1
18736,508040,14,4,28958.7,0.15
18737,508040,155,2,51623.31,0.15
18738,508041,101,4,36836.08,0.05
18739,508041,198,4,44779.95,0.05
18740,508041,66,2,7626.75,0.0
18741,508041,171,3,22643.94,0.05
18742,508042,12,3,8809.95,0.0
18743,508042,27,3,52025.44,0.0
18744,508042,189,4,36176.21,0.0
18745,508043,192,4,906.98,0.0
18746,508043,158,2,17301.25,0.15
18747,508044,175,2,7528.69,0.15
18748,508045,172,3,35356.68,0.0
18749,508045,96,1,33785.82,0.05
18750,508046,67,2,32514.47,0.1
18751,508047,32,3,30436.6,0.1
18752,508047,43,1,25517.07,0.15
18753,508047,156,3,9479.93,0.05
18754,508048,135,4,25804.56,0.0
18755,508048,71,2,40831.91,0.2
18756,508048,131,1,935.86,0.05
18757,508048,180,4,6088.9,0.2
18758,508048,9,3,26670.95,0.1
18759,508049,117,2,5573.85,0.0
18760,508050,88,3,22349.99,0.2
18761,508050,69,4,20234.72,0.05
18762,508051,161,2,45736.6,0.15
18763,508051,11,4,10297.51,0.0
18764,508051,13,2,41294.2,0.1
18765,508052,71,3,40831.91,0.05
18766,508053,96,1,33785.82,0.15
18767,508053,27,2,52025.44,0.1
18768,508054,2,3,42946.4,0.1
18769,508054,47,2,7728.9,0.0
18770,508054,90,3,42489.82,0.15
18771,508055,69,3,20234.72,0.0
18772,508056,18,4,17846.96,0.1
18773,508056,31,1,31665.76,0.1
18774,508056,141,3,9199.37,0.1
18775,508057,59,3,542.46,0.0
18776,508057,173,2,31442.32,0.1
18777,508058,65,4,26891.02,0.15
18778,508058,136,2,48294.58,0.1
18779,508058,198,3,44779.95,0.2
18780,508059,143,4,8499.37,0.1
18781,508060,124,4,16664.22,0.15
18782,508061,149,4,33795.66,0.0
18783,508062,38,4,33762.69,0.1
18784,508062,125,4,41076.3,0.2
18785,508063,119,1,20465.15,0.1
18786,508064,30,2,8599.09,0.0
18787,508064,84,2,26499.83,0.15
18788,508064,139,3,36696.68,0.2
18789,508065,45,4,19474.91,0.15
18790,508065,111,3,41282.72,0.0
18791,508066,39,2,42117.5,0.0
18792,508066,48,3,32151.32,0.05
18793,508066,192,1,906.98,0.1
18794,508066,172,2,35356.68,0.0
18795,508067,111,3,41282.72,0.05
18796,508067,89,4,2812.94,0.15
18797,508067,88,3,22349.99,0.15
18798,508068,185,1,11835.89,0.0
18799,508068,199,3,40427.21,0.05
18800,508069,47,2,7728.9,0.15
18801,508070,100,4,46791.69,0.05
18802,508071,146,1,4466.06,0.1
18803,508071,191,1,39507.0,0.05
18804,508071,196,2,8761.57,0.15
18805,508072,159,1,25532.77,0.05
18806,508072,112,4,22042.94,0.0
18807,508073,110,4,13452.58,0.1
18808,508073,151,1,15178.52,0.15
18809,508074,156,1,9479.93,0.05
18810,508074,93,4,33594.98,0.1
18811,508074,145,2,5674.44,0.05
18812,508075,178,4,16239.3,0.1
18813,508076,26,3,13443.96,0.05
18814,508076,164,3,54714.33,0.05
18815,508077,36,1,32323.45,0.1
18816,508077,140,2,19515.46,0.1
18817,508078,31,2,31665.76,0.1
18818,508079,95,2,7858.6,0.05
18819,508079,151,1,15178.52,0.15
18820,508079,77,2,45039.66,0.0
18821,508080,75,3,7343.48,0.15
18822,508080,37,2,8747.32,0.1
18823,508080,167,2,1520.89,0.05
18824,508081,168,1,9316.31,0.05
18825,508081,47,2,7728.9,0.0
18826,508082,147,1,51028.85,0.0
18827,508082,42,2,17076.73,0.1
18828,508082,139,4,36696.68,0.1
18829,508083,90,2,42489.82,0.0
18830,508084,98,2,35512.2,0.0
18831,508084,84,4,26499.83,0.0
18832,508085,152,1,47494.55,0.1
18833,508085,191,1,39507.0,0.1
18834,508086,138,4,5148.37,0.05
18835,508086,107,4,13631.76,0.1
18836,508087,112,3,22042.94,0.0
18837,508087,13,4,41294.2,0.1
18838,508087,75,1,7343.48,0.2
18839,508088,33,4,15090.93,0.0
18840,508088,16,4,17752.56,0.1
18841,508089,134,4,24171.94,0.2
18842,508089,43,4,25517.07,0.1
18843,508090,141,1,9199.37,0.15
18844,508090,146,1,4466.06,0.0
18845,508091,112,2,22042.94,0.05
18846,508091,54,3,28353.11,0.0
18847,508091,117,2,5573.85,0.15
18848,508092,3,4,2440.7,0.0
18849,508093,172,4,35356.68,0.1
18850,508093,88,3,22349.99,0.15
18851,508093,115,1,2799.41,0.0
18852,508093,148,2,30748.98,0.0
18853,508094,88,3,22349.99,0.05
18854,508095,134,1,24171.94,0.05
18855,508096,28,3,34955.61,0.1
18856,508096,52,3,43157.07,0.15
18857,508096,138,1,5148.37,0.1
18858,508097,5,1,32053.9,0.15
18859,508097,32,2,30436.6,0.0
18860,508098,153,2,34143.04,0.0
18861,508098,194,1,14529.69,0.0
18862,508099,5,3,32053.9,0.0
18863,508099,93,3,33594.98,0.05
18864,508100,56,1,31457.37,0.15
18865,508101,112,1,22042.94,0.15
18866,508101,171,3,22643.94,0.1
18867,508102,180,1,6088.9,0.15
18868,508102,144,1,43009.16,0.15
18869,508102,17,3,17031.55,0.0
18870,508103,66,1,7626.75,0.0
18871,508104,129,4,39450.63,0.1
18872,508104,53,2,41659.1,0.0
18873,508104,183,1,2591.66,0.2
18874,508105,78,2,9475.8,0.0
18875,508106,176,4,42034.94,0.15
18876,508106,157,1,26053.23,0.0
18877,508106,8,3,16654.82,0.0
18878,508107,154,1,24420.47,0.1
18879,508107,56,4,31457.37,0.05
18880,508107,49,3,33529.65,0.0
18881,508108,155,1,51623.31,0.05
18882,508108,109,4,20240.83,0.0
18883,508108,120,1,14551.18,0.2
18884,508108,194,1,14529.69,0.1
18885,508109,123,4,44154.33,0.1
18886,508109,43,4,25517.07,0.1
18887,508109,57,2,1412.7,0.0
18888,508110,85,4,30473.88,0.05
18889,508110,32,2,30436.6,0.0
18890,508110,23,1,45229.71,0.05
18891,508110,128,4,39089.34,0.1
18892,508111,69,3,20234.72,0.0
18893,508111,3,1,2440.7,0.15
18894,508111,104,3,17663.08,0.15
18895,508111,30,2,8599.09,0.0
18896,508111,171,1,22643.94,0.05
18897,508112,178,1,16239.3,0.1
18898,508112,188,1,6070.27,0.0
18899,508112,107,2,13631.76,0.0
18900,508112,16,1,17752.56,0.1
18901,508113,122,3,7953.1,0.0
18902,508113,87,4,3216.87,0.05
18903,508113,50,3,37071.05,0.1
18904,508114,127,3,16509.71,0.1
18905,508115,139,4,36696.68,0.15
18906,508115,99,3,51437.59,0.0
18907,508115,14,4,28958.7,0.1
18908,508116,198,2,44779.95,0.15
18909,508116,186,3,13953.35,0.0
18910,508116,114,2,24883.58,0.2
18911,508117,166,2,16527.13,0.15
18912,508117,61,2,23045.67,0.1
18913,508117,170,1,31500.56,0.0
18914,508117,58,2,38058.28,0.05
18915,508117,3,3,2440.7,0.1
18916,508118,33,3,15090.93,0.1
18917,508118,127,3,16509.71,0.05
18918,508118,31,4,31665.76,0.1
18919,508119,64,1,23845.3,0.2
18920,508120,129,4,39450.63,0.0
18921,508121,143,4,8499.37,0.1
18922,508122,66,1,7626.75,0.1
18923,508122,81,2,15504.13,0.15
18924,508123,104,1,17663.08,0.0
18925,508123,188,2,6070.27,0.05
18926,508123,80,2,26747.7,0.0
18927,508124,192,3,906.98,0.05
18928,508125,147,2,51028.85,0.1
18929,508126,116,4,16741.69,0.1
18930,508126,36,4,32323.45,0.05
18931,508127,192,4,906.98,0.15
18932,508127,169,3,42129.24,0.05
18933,508127,41,3,790.54,0.0
18934,508128,189,3,36176.21,0.1
18935,508128,16,1,17752.56,0.15
18936,508129,131,2,935.86,0.1
18937,508130,60,2,42396.67,0.1
18938,508130,182,4,25258.66,0.1
18939,508131,50,2,37071.05,0.0
18940,508132,129,2,39450.63,0.2
18941,508132,31,3,31665.76,0.1
18942,508132,168,1,9316.31,0.1
18943,508133,153,2,34143.04,0.1
18944,508133,187,2,50291.33,0.1
18945,508133,102,2,25753.85,0.0
18946,508133,53,3,41659.1,0.0
18947,508134,187,2,50291.33,0.05
18948,508135,28,3,34955.61,0.0
18949,508135,108,3,22454.46,0.05
18950,508135,50,4,37071.05,0.0
18951,508135,179,1,47254.91,0.05
18952,508136,92,2,38084.76,0.2
18953,508136,54,3,28353.11,0.05
18954,508136,46,2,6300.09,0.0
18955,508137,22,3,20749.3,0.15
18956,508138,12,4,8809.95,0.0
18957,508139,80,1,26747.7,0.2
18958,508140,107,2,13631.76,0.1
18959,508141,85,1,30473.88,0.0
18960,508141,190,4,52000.43,0.1
18961,508142,157,2,26053.23,0.0
18962,508142,64,1,23845.3,0.15
18963,508142,89,3,2812.94,0.0
18964,508142,200,4,20741.6,0.0
18965,508143,179,1,47254.91,0.0
18966,508144,183,1,2591.66,0.2
18967,508144,147,4,51028.85,0.0
18968,508144,137,1,11644.84,0.1
18969,508144,48,3,32151.32,0.05
18970,508145,164,3,54714.33,0.0
18971,508145,55,3,45214.9,0.15
18972,508146,46,4,6300.09,0.15
18973,508146,72,3,33843.05,0.15
18974,508147,72,2,33843.05,0.15
18975,508147,41,1,790.54,0.05
18976,508147,4,3,4600.28,0.15
18977,508148,199,3,40427.21,0.0
18978,508148,105,4,28367.27,0.05
18979,508148,66,4,7626.75,0.1
18980,508149,48,3,32151.32,0.05
18981,508149,99,4,51437.59,0.1
18982,508149,115,3,2799.41,0.05
18983,508149,192,4,906.98,0.05
18984,508149,194,3,14529.69,0.15
18985,508150,167,4,1520.89,0.05
18986,508151,98,4,35512.2,0.05
18987,508151,152,1,47494.55,0.0
18988,508152,180,1,6088.9,0.1
18989,508153,137,3,11644.84,0.0
18990,508154,194,1,14529.69,0.05
18991,508155,88,1,22349.99,0.0
18992,508155,36,3,32323.45,0.05
18993,508155,80,4,26747.7,0.0
18994,508156,183,3,2591.66,0.2
18995,508157,185,1,11835.89,0.05
18996,508157,99,3,51437.59,0.15
18997,508157,106,4,49815.63,0.2
18998,508157,139,2,36696.68,0.1
18999,508158,64,4,23845.3,0.0
19000,508158,148,3,30748.98,0.15
19001,508158,101,4,36836.08,0.05
19002,508159,174,1,3057.35,0.05
19003,508159,122,4,7953.1,0.1
19004,508160,177,3,7521.62,0.05
19005,508160,72,1,33843.05,0.0
19006,508161,97,3,9014.15,0.2
19007,508161,13,4,41294.2,0.1
19008,508161,106,3,49815.63,0.15
19009,508162,61,3,23045.67,0.05
19010,508163,145,4,5674.44,0.05
19011,508163,189,3,36176.21,0.1
19012,508164,131,4,935.86,0.15
19013,508165,24,1,29412.47,0.1
19014,508166,98,2,35512.2,0.05
19015,508166,26,1,13443.96,0.05
19016,508167,182,4,25258.66,0.1
19017,508168,159,4,25532.77,0.1
19018,508168,120,3,14551.18,0.05
19019,508169,91,1,37325.93,0.05
19020,508169,4,2,4600.28,0.05
19021,508169,36,4,32323.45,0.15
19022,508170,78,2,9475.8,0.05
19023,508170,89,3,2812.94,0.05
19024,508170,17,3,17031.55,0.0
19025,508171,9,2,26670.95,0.1
19026,508171,111,3,41282.72,0.2
19027,508172,94,4,30089.86,0.15
19028,508173,46,3,6300.09,0.15
19029,508174,164,1,54714.33,0.15
19030,508174,82,1,26994.56,0.0
19031,508175,1,1,45769.48,0.05
19032,508175,61,4,23045.67,0.15
19033,508176,136,1,48294.58,0.05
19034,508176,15,3,13558.11,0.1
19035,508176,43,1,25517.07,0.1
19036,508177,129,1,39450.63,0.0
19037,508178,36,3,32323.45,0.1
19038,508178,17,1,17031.55,0.0
19039,508178,115,2,2799.41,0.0
19040,508178,91,3,37325.93,0.0
19041,508179,195,4,39570.05,0.15
19042,508180,80,2,26747.7,0.05
19043,508180,66,3,7626.75,0.1
19044,508181,158,4,17301.25,0.0
19045,508181,40,2,12159.56,0.1
19046,508181,194,4,14529.69,0.15
19047,508181,136,2,48294.58,0.1
19048,508182,149,2,33795.66,0.2
19049,508182,72,4,33843.05,0.1
19050,508182,197,3,20725.99,0.05
19051,508182,77,4,45039.66,0.15
19052,508183,29,1,40427.0,0.2
19053,508183,122,3,7953.1,0.1
19054,508184,2,3,42946.4,0.15
19055,508185,184,1,46019.64,0.05
19056,508185,92,3,38084.76,0.15
19057,508186,27,1,52025.44,0.1
19058,508186,159,2,25532.77,0.1
19059,508186,168,1,9316.31,0.0
19060,508187,22,1,20749.3,0.15
19061,508188,166,2,16527.13,0.0
19062,508189,129,1,39450.63,0.1
19063,508189,155,4,51623.31,0.15
19064,508190,22,4,20749.3,0.1
19065,508190,49,4,33529.65,0.0
19066,508190,67,4,32514.47,0.0
19067,508191,198,4,44779.95,0.0
19068,508191,78,4,9475.8,0.0
19069,508192,186,3,13953.35,0.0
19070,508193,198,1,44779.95,0.0
19071,508193,90,4,42489.82,0.2
19072,508193,184,2,46019.64,0.15
19073,508193,174,4,3057.35,0.0
19074,508194,106,2,49815.63,0.1
19075,508194,65,4,26891.02,0.1
19076,508194,54,1,28353.11,0.0
19077,508194,108,1,22454.46,0.1
19078,508195,125,4,41076.3,0.15
19079,508195,53,2,41659.1,0.1
19080,508195,139,3,36696.68,0.1
19081,508196,63,3,14212.89,0.05
19082,508197,27,2,52025.44,0.15
19083,508198,52,2,43157.07,0.0
19084,508198,157,3,26053.23,0.1
19085,508199,170,1,31500.56,0.0
19086,508199,165,3,6409.81,0.0
19087,508199,132,2,47935.67,0.05
19088,508200,34,4,15395.87,0.1
19089,508200,172,2,35356.68,0.1
19090,508201,180,3,6088.9,0.05
19091,508201,79,3,36534.8,0.05
19092,508202,64,2,23845.3,0.2
19093,508202,63,1,14212.89,0.05
19094,508202,12,1,8809.95,0.1
19095,508202,140,4,19515.46,0.1
19096,508203,54,4,28353.11,0.1
19097,508203,115,4,2799.41,0.1
19098,508204,137,4,11644.84,0.1
19099,508204,149,3,33795.66,0.15
19100,508204,70,1,9185.74,0.05
19101,508204,160,2,24067.85,0.05
19102,508205,143,1,8499.37,0.0
19103,508205,112,2,22042.94,0.05
19104,508206,50,3,37071.05,0.2
19105,508206,161,1,45736.6,0.15
19106,508207,156,3,9479.93,0.0
19107,508208,99,3,51437.59,0.1
19108,508209,29,3,40427.0,0.2
19109,508209,93,1,33594.98,0.1
19110,508209,48,4,32151.32,0.0
19111,508209,37,2,8747.32,0.05
19112,508209,72,4,33843.05,0.2
19113,508210,53,4,41659.1,0.1
19114,508210,91,1,37325.93,0.15
19115,508210,161,2,45736.6,0.1
19116,508211,61,2,23045.67,0.1
19117,508211,52,3,43157.07,0.0
19118,508212,44,2,23585.72,0.0
19119,508212,116,3,16741.69,0.15
19120,508213,19,2,21391.84,0.15
19121,508214,181,2,20017.36,0.15
19122,508214,188,2,6070.27,0.2
19123,508214,39,4,42117.5,0.05
19124,508215,30,1,8599.09,0.0
19125,508216,75,2,7343.48,0.15
19126,508216,154,1,24420.47,0.0
19127,508217,124,3,16664.22,0.2
19128,508217,107,3,13631.76,0.1
19129,508218,16,4,17752.56,0.2
19130,508218,9,3,26670.95,0.0
19131,508219,96,4,33785.82,0.05
19132,508219,121,2,43178.12,0.0
19133,508220,71,4,40831.91,0.1
19134,508220,175,4,7528.69,0.05
19135,508220,29,4,40427.0,0.05
19136,508220,50,4,37071.05,0.0
19137,508220,168,3,9316.31,0.1
19138,508221,71,3,40831.91,0.1
19139,508221,59,3,542.46,0.0
19140,508221,179,4,47254.91,0.1
19141,508222,129,2,39450.63,0.1
19142,508222,68,1,731.88,0.15
19143,508222,174,4,3057.35,0.05
19144,508222,175,1,7528.69,0.1
19145,508222,106,3,49815.63,0.0
19146,508223,99,4,51437.59,0.15
19147,508223,129,1,39450.63,0.15
19148,508224,107,4,13631.76,0.0
19149,508224,170,3,31500.56,0.0
19150,508225,59,1,542.46,0.1
19151,508225,70,3,9185.74,0.2
19152,508225,9,4,26670.95,0.0
19153,508225,126,4,4890.52,0.0
19154,508225,199,1,40427.21,0.1
19155,508226,182,3,25258.66,0.0
19156,508227,106,2,49815.63,0.1
19157,508227,195,2,39570.05,0.1
19158,508227,83,3,10948.99,0.15
19159,508227,183,1,2591.66,0.15
19160,508228,112,3,22042.94,0.1
19161,508229,92,3,38084.76,0.05
19162,508229,69,4,20234.72,0.2
19163,508229,181,2,20017.36,0.0
19164,508230,68,3,731.88,0.1
19165,508230,127,1,16509.71,0.05
19166,508230,157,2,26053.23,0.1
19167,508231,129,1,39450.63,0.1
19168,508231,198,1,44779.95,0.1
19169,508231,107,4,13631.76,0.1
19170,508232,171,4,22643.94,0.0
19171,508232,179,2,47254.91,0.05
19172,508232,79,2,36534.8,0.1
19173,508233,90,3,42489.82,0.0
19174,508234,172,1,35356.68,0.1
19175,508234,38,3,33762.69,0.0
19176,508235,119,3,20465.15,0.0
19177,508235,29,4,40427.0,0.0
19178,508236,44,4,23585.72,0.05
19179,508236,133,4,18726.1,0.15
19180,508236,90,4,42489.82,0.1
19181,508236,26,2,13443.96,0.0
19182,508236,21,1,873.24,0.0
19183,508237,104,4,17663.08,0.1
19184,508237,65,1,26891.02,0.0
19185,508238,105,2,28367.27,0.2
19186,508239,24,4,29412.47,0.15
19187,508240,39,1,42117.5,0.1
19188,508240,138,4,5148.37,0.0
19189,508240,108,3,22454.46,0.1
19190,508240,142,3,32662.03,0.15
19191,508241,164,3,54714.33,0.1
19192,508241,125,2,41076.3,0.15
19193,508241,196,2,8761.57,0.0
19194,508241,149,3,33795.66,0.05
19195,508242,56,2,31457.37,0.1
19196,508242,183,1,2591.66,0.05
19197,508242,51,2,42529.03,0.2
19198,508242,134,4,24171.94,0.0
19199,508243,112,2,22042.94,0.0
19200,508244,117,1,5573.85,0.15
19201,508244,133,1,18726.1,0.1
19202,508244,27,1,52025.44,0.15
19203,508245,4,2,4600.28,0.0
19204,508245,184,3,46019.64,0.05
19205,508246,100,1,46791.69,0.0
19206,508246,168,1,9316.31,0.2
19207,508246,126,1,4890.52,0.1
19208,508247,8,3,16654.82,0.0
19209,508247,34,2,15395.87,0.15
19210,508247,86,2,25389.28,0.05
19211,508247,82,4,26994.56,0.1
19212,508248,21,1,873.24,0.0
19213,508249,73,1,32339.91,0.1
19214,508249,36,1,32323.45,0.0
19215,508250,16,4,17752.56,0.2
19216,508250,42,3,17076.73,0.0
19217,508251,25,1,28894.26,0.2
19218,508251,49,3,33529.65,0.05
19219,508252,165,1,6409.81,0.1
19220,508253,165,2,6409.81,0.05
19221,508253,5,1,32053.9,0.1
19222,508254,44,4,23585.72,0.0
19223,508255,39,2,42117.5,0.1
19224,508256,198,4,44779.95,0.05
19225,508256,52,3,43157.07,0.2
19226,508257,83,4,10948.99,0.1
19227,508257,90,1,42489.82,0.05
19228,508258,183,2,2591.66,0.05
19229,508258,120,3,14551.18,0.1
19230,508258,151,2,15178.52,0.1
19231,508258,42,3,17076.73,0.15
19232,508259,2,1,42946.4,0.0
19233,508259,68,1,731.88,0.1
19234,508260,18,4,17846.96,0.2
19235,508260,190,3,52000.43,0.1
19236,508260,132,4,47935.67,0.2
19237,508261,157,4,26053.23,0.1
19238,508261,200,1,20741.6,0.05
19239,508261,3,4,2440.7,0.1
19240,508261,48,4,32151.32,0.1
19241,508261,172,2,35356.68,0.1
19242,508262,130,4,1826.9,0.0
19243,508262,81,3,15504.13,0.1
19244,508263,159,2,25532.77,0.0
19245,508263,110,2,13452.58,0.05
19246,508263,150,4,23255.73,0.1
19247,508264,20,2,27803.61,0.05
19248,508264,197,1,20725.99,0.0
19249,508264,84,3,26499.83,0.15
19250,508264,45,1,19474.91,0.0
19251,508264,82,3,26994.56,0.0
19252,508265,47,4,7728.9,0.1
19253,508265,171,3,22643.94,0.15
19254,508265,25,4,28894.26,0.1
19255,508266,62,3,3498.04,0.0
19256,508267,2,1,42946.4,0.05
19257,508268,105,3,28367.27,0.0
19258,508269,171,3,22643.94,0.1
19259,508269,185,4,11835.89,0.0
19260,508269,29,3,40427.0,0.1
19261,508270,4,1,4600.28,0.15
19262,508270,146,1,4466.06,0.1
19263,508270,114,2,24883.58,0.2
19264,508271,120,2,14551.18,0.05
19265,508272,90,4,42489.82,0.0
19266,508272,99,2,51437.59,0.0
19267,508273,63,1,14212.89,0.0
19268,508273,110,4,13452.58,0.0
19269,508274,116,1,16741.69,0.1
19270,508274,34,1,15395.87,0.05
19271,508274,76,1,1551.17,0.0
19272,508275,58,1,38058.28,0.1
19273,508276,48,4,32151.32,0.1
19274,508277,85,4,30473.88,0.15
19275,508277,81,4,15504.13,0.0
19276,508278,102,3,25753.85,0.0
19277,508279,143,4,8499.37,0.05
19278,508279,192,4,906.98,0.0
19279,508279,129,4,39450.63,0.0
19280,508280,152,3,47494.55,0.0
19281,508280,46,4,6300.09,0.15
19282,508281,69,2,20234.72,0.0
19283,508281,43,3,25517.07,0.0
19284,508282,151,3,15178.52,0.0
19285,508282,89,2,2812.94,0.05
19286,508282,111,1,41282.72,0.05
19287,508283,95,4,7858.6,0.0
19288,508284,176,3,42034.94,0.15
19289,508285,138,2,5148.37,0.15
19290,508285,69,1,20234.72,0.05
19291,508285,199,4,40427.21,0.0
19292,508285,120,2,14551.18,0.0
19293,508286,36,3,32323.45,0.2
19294,508286,182,3,25258.66,0.1
19295,508286,27,2,52025.44,0.0
19296,508287,157,2,26053.23,0.0
19297,508288,12,1,8809.95,0.05
19298,508288,137,3,11644.84,0.1
19299,508288,173,3,31442.32,0.0
19300,508289,72,3,33843.05,0.05
19301,508289,126,2,4890.52,0.0
19302,508290,122,2,7953.1,0.05
19303,508290,199,1,40427.21,0.05
19304,508291,55,4,45214.9,0.1
19305,508291,182,2,25258.66,0.1
19306,508291,147,3,51028.85,0.05
19307,508292,41,3,790.54,0.1
19308,508293,153,3,34143.04,0.0
19309,508293,98,2,35512.2,0.1
19310,508294,89,2,2812.94,0.05
19311,508294,44,3,23585.72,0.1
19312,508295,110,4,13452.58,0.1
19313,508295,85,4,30473.88,0.1
19314,508296,57,1,1412.7,0.1
19315,508296,83,2,10948.99,0.05
19316,508297,71,1,40831.91,0.1
19317,508297,105,4,28367.27,0.0
19318,508297,94,1,30089.86,0.05
19319,508297,108,1,22454.46,0.0
19320,508297,142,1,32662.03,0.1
19321,508298,53,2,41659.1,0.0
19322,508298,6,4,15719.14,0.1
19323,508299,64,4,23845.3,0.0
19324,508299,168,3,9316.31,0.2
19325,508299,9,2,26670.95,0.15
19326,508299,142,1,32662.03,0.1
19327,508300,163,1,1143.45,0.05
19328,508301,182,1,25258.66,0.05
19329,508301,190,4,52000.43,0.15
19330,508302,191,2,39507.0,0.1
19331,508302,77,1,45039.66,0.1
19332,508302,54,4,28353.11,0.15
19333,508303,87,2,3216.87,0.0
19334,508304,74,3,9594.57,0.05
19335,508304,162,2,16150.96,0.15
19336,508304,114,1,24883.58,0.2
19337,508304,195,2,39570.05,0.0
19338,508304,182,1,25258.66,0.05
19339,508305,59,2,542.46,0.15
19340,508305,182,4,25258.66,0.1
19341,508305,180,2,6088.9,0.1
19342,508306,117,4,5573.85,0.05
19343,508306,23,2,45229.71,0.05
19344,508306,42,2,17076.73,0.2
19345,508306,32,1,30436.6,0.2
19346,508307,6,1,15719.14,0.1
19347,508308,75,2,7343.48,0.15
19348,508308,115,1,2799.41,0.1
19349,508309,62,3,3498.04,0.05
19350,508309,2,3,42946.4,0.0
19351,508310,112,2,22042.94,0.05
19352,508310,134,4,24171.94,0.0
19353,508310,78,4,9475.8,0.05
19354,508310,10,4,34430.26,0.0
19355,508310,130,2,1826.9,0.2
19356,508311,26,4,13443.96,0.2
19357,508312,156,3,9479.93,0.05
19358,508312,139,1,36696.68,0.0
19359,508312,130,2,1826.9,0.1
19360,508313,32,4,30436.6,0.0
19361,508313,192,1,906.98,0.1
19362,508313,63,4,14212.89,0.1
19363,508314,147,1,51028.85,0.15
19364,508314,102,4,25753.85,0.0
19365,508314,163,4,1143.45,0.0
19366,508314,19,2,21391.84,0.15
19367,508315,164,1,54714.33,0.1
19368,508315,44,1,23585.72,0.0
19369,508315,166,4,16527.13,0.0
19370,508315,77,4,45039.66,0.0
19371,508315,38,3,33762.69,0.05
19372,508316,27,3,52025.44,0.0
19373,508316,60,1,42396.67,0.05
19374,508316,75,2,7343.48,0.05
19375,508317,173,3,31442.32,0.0
19376,508318,140,1,19515.46,0.0
19377,508318,122,4,7953.1,0.2
19378,508318,30,4,8599.09,0.0
19379,508318,28,4,34955.61,0.1
19380,508319,35,3,3103.89,0.05
19381,508319,127,3,16509.71,0.15
19382,508320,73,1,32339.91,0.1
19383,508320,154,3,24420.47,0.05
19384,508320,12,1,8809.95,0.15
19385,508321,122,4,7953.1,0.1
19386,508322,154,4,24420.47,0.15
19387,508322,116,4,16741.69,0.0
19388,508322,60,3,42396.67,0.0
19389,508323,88,3,22349.99,0.05
19390,508323,44,1,23585.72,0.1
19391,508324,45,4,19474.91,0.0
19392,508324,27,3,52025.44,0.15
19393,508324,72,1,33843.05,0.15
19394,508325,5,2,32053.9,0.15
19395,508325,143,3,8499.37,0.0
19396,508326,185,1,11835.89,0.15
19397,508326,74,1,9594.57,0.15
19398,508327,195,1,39570.05,0.05
19399,508328,184,3,46019.64,0.05
19400,508329,103,1,33485.32,0.15
19401,508329,109,2,20240.83,0.05
19402,508329,71,2,40831.91,0.0
19403,508329,3,3,2440.7,0.1
19404,508329,73,2,32339.91,0.15
19405,508330,1,2,45769.48,0.05
19406,508330,59,4,542.46,0.0
19407,508330,171,3,22643.94,0.05
19408,508331,4,1,4600.28,0.1
19409,508332,63,2,14212.89,0.05
19410,508332,159,2,25532.77,0.0
19411,508333,195,3,39570.05,0.0
19412,508333,74,1,9594.57,0.0
19413,508333,192,2,906.98,0.15
19414,508334,2,1,42946.4,0.1
19415,508334,186,2,13953.35,0.2
19416,508335,114,2,24883.58,0.1
19417,508335,182,3,25258.66,0.05
19418,508336,6,1,15719.14,0.0
19419,508336,162,4,16150.96,0.2
19420,508336,193,3,1419.66,0.1
19421,508336,159,2,25532.77,0.1
19422,508337,193,2,1419.66,0.0
19423,508338,30,4,8599.09,0.2
19424,508338,139,1,36696.68,0.0
19425,508338,119,4,20465.15,0.0
19426,508339,103,1,33485.32,0.15
19427,508339,93,1,33594.98,0.0
19428,508340,104,4,17663.08,0.2
19429,508340,83,2,10948.99,0.0
19430,508340,115,1,2799.41,0.0
19431,508341,27,4,52025.44,0.2
19432,508342,115,3,2799.41,0.1
19433,508343,93,2,33594.98,0.05
19434,508343,107,4,13631.76,0.05
19435,508343,186,3,13953.35,0.15
19436,508343,180,1,6088.9,0.0
19437,508343,95,1,7858.6,0.1
19438,508344,66,2,7626.75,0.15
19439,508344,120,2,14551.18,0.2
19440,508344,149,3,33795.66,0.1
19441,508344,100,3,46791.69,0.1
19442,508345,83,3,10948.99,0.2
19443,508345,60,1,42396.67,0.15
19444,508345,109,3,20240.83,0.0
19445,508345,133,2,18726.1,0.05
19446,508346,183,4,2591.66,0.0
19447,508346,198,2,44779.95,0.15
19448,508346,24,3,29412.47,0.1
19449,508347,12,1,8809.95,0.2
19450,508348,81,3,15504.13,0.1
19451,508348,172,1,35356.68,0.05
19452,508348,21,3,873.24,0.15
19453,508349,56,2,31457.37,0.1
19454,508349,24,1,29412.47,0.0
19455,508350,13,2,41294.2,0.1
19456,508350,76,2,1551.17,0.2
19457,508351,119,4,20465.15,0.15
19458,508352,107,3,13631.76,0.0
19459,508353,116,1,16741.69,0.0
19460,508354,38,2,33762.69,0.0
19461,508355,109,3,20240.83,0.1
19462,508355,169,2,42129.24,0.0
19463,508355,25,3,28894.26,0.15
19464,508356,99,4,51437.59,0.1
19465,508356,8,4,16654.82,0.15
19466,508356,1,1,45769.48,0.15
19467,508356,135,1,25804.56,0.1
19468,508357,189,4,36176.21,0.1
19469,508357,100,2,46791.69,0.0
19470,508358,148,2,30748.98,0.05
19471,508359,35,3,3103.89,0.05
19472,508360,185,3,11835.89,0.1
19473,508360,23,3,45229.71,0.1
19474,508360,66,2,7626.75,0.1
19475,508361,57,4,1412.7,0.1
19476,508361,99,3,51437.59,0.05
19477,508362,93,3,33594.98,0.0
19478,508362,92,1,38084.76,0.15
19479,508362,178,1,16239.3,0.1
19480,508363,64,3,23845.3,0.0
19481,508364,197,2,20725.99,0.05
19482,508364,127,1,16509.71,0.0
19483,508364,154,2,24420.47,0.15
19484,508365,169,2,42129.24,0.2
19485,508365,48,4,32151.32,0.1
19486,508365,67,2,32514.47,0.15
19487,508366,71,2,40831.91,0.1
19488,508367,30,3,8599.09,0.2
19489,508367,188,4,6070.27,0.15
19490,508367,20,2,27803.61,0.1
19491,508367,157,2,26053.23,0.2
19492,508368,82,1,26994.56,0.1
19493,508368,39,4,42117.5,0.05
19494,508369,126,4,4890.52,0.15
19495,508370,144,3,43009.16,0.1
19496,508370,19,4,21391.84,0.1
19497,508371,37,3,8747.32,0.2
19498,508371,58,2,38058.28,0.1
19499,508372,82,3,26994.56,0.05
19500,508372,56,2,31457.37,0.15
19501,508372,35,2,3103.89,0.1
19502,508372,45,1,19474.91,0.0
19503,508373,189,4,36176.21,0.1
19504,508373,50,2,37071.05,0.15
19505,508374,23,1,45229.71,0.1
19506,508374,141,4,9199.37,0.05
19507,508374,104,3,17663.08,0.1
19508,508374,178,2,16239.3,0.1
19509,508375,174,3,3057.35,0.05
19510,508375,183,2,2591.66,0.15
19511,508375,44,2,23585.72,0.05
19512,508376,120,3,14551.18,0.05
19513,508376,85,4,30473.88,0.1
19514,508376,142,2,32662.03,0.1
19515,508377,163,4,1143.45,0.05
19516,508378,32,4,30436.6,0.1
19517,508379,170,4,31500.56,0.05
19518,508379,196,3,8761.57,0.1
19519,508379,144,1,43009.16,0.05
19520,508379,6,1,15719.14,0.05
19521,508380,193,4,1419.66,0.1
19522,508380,124,3,16664.22,0.2
19523,508381,107,4,13631.76,0.05
19524,508381,121,3,43178.12,0.1
19525,508381,188,4,6070.27,0.15
19526,508381,185,1,11835.89,0.15
19527,508381,20,2,27803.61,0.2
19528,508382,39,3,42117.5,0.0
19529,508382,60,2,42396.67,0.2
19530,508383,132,2,47935.67,0.15
19531,508383,138,3,5148.37,0.1
19532,508384,132,2,47935.67,0.15
19533,508384,53,3,41659.1,0.0
19534,508384,2,4,42946.4,0.05
19535,508384,50,4,37071.05,0.2
19536,508384,52,1,43157.07,0.1
19537,508385,125,3,41076.3,0.2
19538,508385,65,2,26891.02,0.2
19539,508385,148,2,30748.98,0.1
19540,508386,179,1,47254.91,0.0
19541,508386,141,2,9199.37,0.0
19542,508387,146,1,4466.06,0.0
19543,508387,140,3,19515.46,0.15
19544,508387,73,4,32339.91,0.0
19545,508387,110,4,13452.58,0.1
19546,508388,65,1,26891.02,0.0
19547,508389,12,4,8809.95,0.1
19548,508389,65,3,26891.02,0.0
19549,508390,102,1,25753.85,0.0
19550,508391,15,1,13558.11,0.15
19551,508391,64,1,23845.3,0.0
19552,508391,173,1,31442.32,0.1
19553,508391,5,1,32053.9,0.1
19554,508391,2,2,42946.4,0.15
19555,508392,163,1,1143.45,0.0
19556,508392,162,4,16150.96,0.15
19557,508392,111,3,41282.72,0.05
19558,508392,88,3,22349.99,0.0
19559,508393,21,2,873.24,0.15
19560,508393,11,2,10297.51,0.05
19561,508393,64,1,23845.3,0.1
19562,508393,71,4,40831.91,0.0
19563,508394,150,1,23255.73,0.05
19564,508394,177,4,7521.62,0.05
19565,508395,95,4,7858.6,0.1
19566,508395,69,2,20234.72,0.05
19567,508395,67,4,32514.47,0.1
19568,508396,23,3,45229.71,0.05
19569,508397,183,3,2591.66,0.1
19570,508397,63,4,14212.89,0.15
19571,508398,123,1,44154.33,0.05
19572,508398,10,2,34430.26,0.15
19573,508398,26,4,13443.96,0.1
19574,508399,162,2,16150.96,0.1
19575,508400,157,1,26053.23,0.0
19576,508401,95,2,7858.6,0.0
19577,508401,30,4,8599.09,0.0
19578,508401,65,4,26891.02,0.0
19579,508402,166,2,16527.13,0.05
19580,508402,1,1,45769.48,0.05
19581,508402,52,3,43157.07,0.0
19582,508403,148,2,30748.98,0.05
19583,508403,192,4,906.98,0.1
19584,508404,2,3,42946.4,0.1
19585,508404,75,1,7343.48,0.05
19586,508404,174,3,3057.35,0.05
19587,508405,39,2,42117.5,0.15
19588,508405,87,3,3216.87,0.2
19589,508405,93,1,33594.98,0.1
19590,508405,159,3,25532.77,0.0
19591,508406,25,2,28894.26,0.0
19592,508407,162,3,16150.96,0.0
19593,508407,104,1,17663.08,0.0
19594,508407,41,1,790.54,0.05
19595,508407,21,1,873.24,0.1
19596,508408,15,2,13558.11,0.0
19597,508408,5,2,32053.9,0.1
19598,508409,17,3,17031.55,0.05
19599,508409,198,1,44779.95,0.1
19600,508410,11,4,10297.51,0.0
19601,508411,54,4,28353.11,0.1
19602,508411,163,4,1143.45,0.2
19603,508412,102,3,25753.85,0.15
19604,508412,132,3,47935.67,0.0
19605,508412,168,1,9316.31,0.15
19606,508413,90,2,42489.82,0.15
19607,508413,166,1,16527.13,0.15
19608,508414,164,3,54714.33,0.1
19609,508415,119,4,20465.15,0.05
19610,508416,23,2,45229.71,0.15
19611,508416,76,4,1551.17,0.05
19612,508416,176,2,42034.94,0.0
19613,508416,45,2,19474.91,0.1
19614,508417,16,3,17752.56,0.15
19615,508417,70,1,9185.74,0.0
19616,508418,88,4,22349.99,0.15
19617,508419,165,2,6409.81,0.1
19618,508419,198,4,44779.95,0.1
19619,508419,69,2,20234.72,0.1
19620,508419,139,4,36696.68,0.15
19621,508419,7,2,32012.11,0.0
19622,508420,60,4,42396.67,0.1
19623,508421,81,4,15504.13,0.05
19624,508421,185,2,11835.89,0.15
19625,508421,20,1,27803.61,0.0
19626,508422,44,1,23585.72,0.15
19627,508423,133,4,18726.1,0.15
19628,508424,149,4,33795.66,0.0
19629,508424,182,4,25258.66,0.15
19630,508425,180,2,6088.9,0.0
19631,508425,31,2,31665.76,0.0
19632,508425,120,3,14551.18,0.0
19633,508425,71,1,40831.91,0.1
19634,508426,6,2,15719.14,0.1
19635,508426,145,4,5674.44,0.05
19636,508426,78,4,9475.8,0.05
19637,508427,104,3,17663.08,0.05
19638,508427,101,1,36836.08,0.05
19639,508428,40,4,12159.56,0.15
19640,508428,183,1,2591.66,0.1
19641,508428,128,4,39089.34,0.0
19642,508429,44,1,23585.72,0.0
19643,508429,150,4,23255.73,0.1
19644,508429,57,4,1412.7,0.0
19645,508430,82,2,26994.56,0.0
19646,508430,168,2,9316.31,0.0
19647,508431,128,2,39089.34,0.05
19648,508431,43,1,25517.07,0.05
19649,508432,194,3,14529.69,0.0
19650,508432,13,2,41294.2,0.05
19651,508433,110,2,13452.58,0.2
19652,508434,182,2,25258.66,0.1
19653,508434,178,3,16239.3,0.05
19654,508434,197,3,20725.99,0.1
19655,508435,138,2,5148.37,0.0
19656,508435,144,4,43009.16,0.05
19657,508435,96,1,33785.82,0.05
19658,508436,18,2,17846.96,0.05
19659,508436,147,3,51028.85,0.1
19660,508436,139,3,36696.68,0.05
19661,508436,200,3,20741.6,0.05
19662,508437,124,4,16664.22,0.1
19663,508437,162,2,16150.96,0.1
19664,508437,166,1,16527.13,0.0
19665,508438,140,1,19515.46,0.0
19666,508438,72,2,33843.05,0.05
19667,508438,101,4,36836.08,0.1
19668,508439,118,1,47968.75,0.0
19669,508439,56,1,31457.37,0.05
19670,508439,191,2,39507.0,0.1
19671,508440,106,4,49815.63,0.15
19672,508440,101,3,36836.08,0.1
19673,508440,186,2,13953.35,0.15
19674,508440,132,1,47935.67,0.1
19675,508440,129,2,39450.63,0.1
19676,508441,22,2,20749.3,0.05
19677,508441,131,3,935.86,0.1
19678,508442,98,3,35512.2,0.05
19679,508442,105,2,28367.27,0.15
19680,508442,69,1,20234.72,0.1
19681,508442,52,3,43157.07,0.1
19682,508443,200,1,20741.6,0.15
19683,508443,126,2,4890.52,0.15
19684,508443,171,4,22643.94,0.1
19685,508444,11,4,10297.51,0.15
19686,508445,100,2,46791.69,0.05
19687,508445,46,2,6300.09,0.1
19688,508446,85,4,30473.88,0.05
19689,508446,91,3,37325.93,0.05
19690,508446,136,3,48294.58,0.1
19691,508447,187,1,50291.33,0.15
19692,508448,175,4,7528.69,0.1
19693,508448,136,2,48294.58,0.0
19694,508449,141,4,9199.37,0.0
19695,508450,89,1,2812.94,0.1
19696,508451,127,3,16509.71,0.1
19697,508451,185,3,11835.89,0.2
19698,508452,187,4,50291.33,0.15
19699,508452,132,3,47935.67,0.0
19700,508453,143,4,8499.37,0.0
19701,508453,123,4,44154.33,0.0
19702,508453,67,2,32514.47,0.0
19703,508454,169,2,42129.24,0.0
19704,508454,165,3,6409.81,0.2
19705,508454,106,4,49815.63,0.15
19706,508455,44,1,23585.72,0.0
19707,508456,3,1,2440.7,0.1
19708,508457,23,2,45229.71,0.1
19709,508458,9,2,26670.95,0.0
19710,508458,121,4,43178.12,0.05
19711,508459,179,4,47254.91,0.05
19712,508459,158,3,17301.25,0.05
19713,508459,12,2,8809.95,0.15
19714,508460,173,2,31442.32,0.05
19715,508460,118,2,47968.75,0.2
19716,508461,137,1,11644.84,0.0
19717,508462,68,4,731.88,0.1
19718,508462,90,1,42489.82,0.0
19719,508463,6,4,15719.14,0.1
19720,508463,18,2,17846.96,0.05
19721,508463,87,4,3216.87,0.0
19722,508463,26,4,13443.96,0.0
19723,508463,170,1,31500.56,0.1
19724,508464,153,2,34143.04,0.1
19725,508464,156,4,9479.93,0.0
19726,508464,56,2,31457.37,0.1
19727,508464,152,1,47494.55,0.1
19728,508465,30,4,8599.09,0.2
19729,508465,113,2,20936.8,0.05
19730,508465,131,4,935.86,0.1
19731,508466,157,3,26053.23,0.05
19732,508467,165,3,6409.81,0.1
19733,508468,115,1,2799.41,0.05
19734,508468,143,1,8499.37,0.1
19735,508469,18,4,17846.96,0.15
19736,508469,90,2,42489.82,0.2
19737,508470,123,3,44154.33,0.1
19738,508470,23,2,45229.71,0.0
19739,508470,42,2,17076.73,0.1
19740,508471,7,4,32012.11,0.0
19741,508472,119,3,20465.15,0.0
19742,508472,189,2,36176.21,0.2
19743,508472,37,1,8747.32,0.1
19744,508472,20,3,27803.61,0.1
19745,508473,9,4,26670.95,0.1
19746,508473,148,3,30748.98,0.0
19747,508473,17,2,17031.55,0.0
19748,508474,128,1,39089.34,0.15
19749,508474,41,3,790.54,0.15
19750,508474,164,3,54714.33,0.15
19751,508474,36,1,32323.45,0.0
19752,508474,159,2,25532.77,0.15
19753,508475,1,2,45769.48,0.1
19754,508475,58,3,38058.28,0.1
19755,508475,164,4,54714.33,0.2
19756,508475,33,2,15090.93,0.05
19757,508476,13,2,41294.2,0.05
19758,508476,11,2,10297.51,0.0
19759,508477,161,3,45736.6,0.05
19760,508477,100,1,46791.69,0.1
19761,508477,155,1,51623.31,0.1
19762,508478,168,4,9316.31,0.1
19763,508478,57,1,1412.7,0.05
19764,508478,58,1,38058.28,0.05
19765,508478,197,1,20725.99,0.05
19766,508479,50,1,37071.05,0.05
19767,508480,141,1,9199.37,0.15
19768,508481,119,2,20465.15,0.0
19769,508481,40,2,12159.56,0.15
19770,508482,17,3,17031.55,0.1
19771,508482,93,1,33594.98,0.05
19772,508483,198,3,44779.95,0.15
19773,508483,25,3,28894.26,0.15
19774,508483,194,1,14529.69,0.15
19775,508484,69,4,20234.72,0.15
19776,508485,65,4,26891.02,0.1
19777,508485,198,3,44779.95,0.1
19778,508486,14,1,28958.7,0.0
19779,508486,48,2,32151.32,0.0
19780,508486,22,2,20749.3,0.05
19781,508487,180,3,6088.9,0.1
19782,508487,30,3,8599.09,0.05
19783,508487,125,3,41076.3,0.1
19784,508487,94,2,30089.86,0.15
19785,508488,54,1,28353.11,0.15
19786,508489,158,2,17301.25,0.05
19787,508489,159,3,25532.77,0.15
19788,508489,189,1,36176.21,0.1
19789,508490,112,2,22042.94,0.1
19790,508490,54,1,28353.11,0.15
19791,508490,125,3,41076.3,0.15
19792,508490,6,1,15719.14,0.0
19793,508491,52,4,43157.07,0.2
19794,508491,22,4,20749.3,0.0
19795,508492,126,1,4890.52,0.05
19796,508492,33,1,15090.93,0.1
19797,508493,193,1,1419.66,0.05
19798,508494,72,3,33843.05,0.05
19799,508494,141,3,9199.37,0.15
19800,508494,159,1,25532.77,0.05
19801,508495,139,3,36696.68,0.05
19802,508495,124,4,16664.22,0.0
19803,508495,144,1,43009.16,0.1
19804,508495,174,4,3057.35,0.05
19805,508496,98,4,35512.2,0.15
19806,508497,9,1,26670.95,0.0
19807,508497,82,2,26994.56,0.0
19808,508497,193,3,1419.66,0.05
19809,508497,105,1,28367.27,0.05
19810,508498,73,4,32339.91,0.1
19811,508499,30,4,8599.09,0.15
19812,508499,125,3,41076.3,0.0
19813,508499,168,1,9316.31,0.2
19814,508499,169,2,42129.24,0.05
19815,508500,154,1,24420.47,0.05
19816,508500,144,4,43009.16,0.0
19817,508501,56,1,31457.37,0.0
19818,508501,124,3,16664.22,0.15
19819,508502,45,3,19474.91,0.05
19820,508502,102,1,25753.85,0.15
19821,508502,116,4,16741.69,0.05
19822,508502,91,3,37325.93,0.2
19823,508502,39,1,42117.5,0.1
19824,508503,55,1,45214.9,0.15
19825,508503,121,4,43178.12,0.05
19826,508504,89,3,2812.94,0.05
19827,508505,192,1,906.98,0.0
19828,508505,69,1,20234.72,0.0
19829,508505,61,1,23045.67,0.05
19830,508506,87,3,3216.87,0.15
19831,508507,155,1,51623.31,0.15
19832,508507,66,1,7626.75,0.2
19833,508507,130,4,1826.9,0.2
19834,508507,135,1,25804.56,0.05
19835,508508,170,2,31500.56,0.15
19836,508509,95,3,7858.6,0.1
19837,508509,119,2,20465.15,0.0
19838,508510,58,2,38058.28,0.2
19839,508510,1,4,45769.48,0.15
19840,508511,191,2,39507.0,0.05
19841,508511,131,1,935.86,0.05
19842,508512,135,4,25804.56,0.05
19843,508512,39,3,42117.5,0.15
19844,508513,21,1,873.24,0.2
19845,508513,151,4,15178.52,0.15
19846,508514,185,3,11835.89,0.15
19847,508514,136,1,48294.58,0.2
19848,508514,80,3,26747.7,0.15
19849,508515,27,1,52025.44,0.2
19850,508516,141,2,9199.37,0.15
19851,508516,150,2,23255.73,0.15
19852,508516,102,4,25753.85,0.15
19853,508517,160,1,24067.85,0.0
19854,508518,125,2,41076.3,0.0
19855,508518,9,1,26670.95,0.1
19856,508518,142,3,32662.03,0.1
19857,508518,153,4,34143.04,0.05
19858,508519,108,2,22454.46,0.1
19859,508519,18,1,17846.96,0.0
19860,508519,85,4,30473.88,0.1
19861,508520,167,3,1520.89,0.0
19862,508520,181,2,20017.36,0.05
19863,508520,40,2,12159.56,0.2
19864,508521,185,1,11835.89,0.15
19865,508522,48,2,32151.32,0.05
19866,508522,114,2,24883.58,0.0
19867,508522,186,3,13953.35,0.0
19868,508522,36,1,32323.45,0.05
19869,508523,185,1,11835.89,0.0
19870,508523,118,1,47968.75,0.15
19871,508523,39,3,42117.5,0.0
19872,508524,109,2,20240.83,0.05
19873,508524,70,1,9185.74,0.05
19874,508524,112,2,22042.94,0.05
19875,508524,163,2,1143.45,0.05
19876,508524,151,4,15178.52,0.0
19877,508525,32,3,30436.6,0.0
19878,508526,113,2,20936.8,0.0
19879,508526,196,2,8761.57,0.1
19880,508526,153,4,34143.04,0.2
19881,508527,131,4,935.86,0.0
19882,508527,161,2,45736.6,0.0
19883,508527,112,4,22042.94,0.2
19884,508528,146,1,4466.06,0.05
19885,508528,82,3,26994.56,0.05
19886,508528,194,4,14529.69,0.2
19887,508528,160,1,24067.85,0.0
19888,508528,157,3,26053.23,0.05
19889,508529,69,2,20234.72,0.1
19890,508529,16,2,17752.56,0.05
19891,508530,54,4,28353.11,0.05
19892,508531,194,1,14529.69,0.0
19893,508531,197,2,20725.99,0.0
19894,508531,72,1,33843.05,0.1
19895,508531,101,4,36836.08,0.0
19896,508532,27,4,52025.44,0.15
19897,508532,83,3,10948.99,0.1
19898,508533,146,3,4466.06,0.0
19899,508533,72,3,33843.05,0.0
19900,508533,58,1,38058.28,0.0
19901,508534,5,4,32053.9,0.1
19902,508534,144,4,43009.16,0.0
19903,508535,32,3,30436.6,0.0
19904,508535,57,3,1412.7,0.15
19905,508535,152,3,47494.55,0.1
19906,508535,45,2,19474.91,0.1
19907,508535,10,1,34430.26,0.05
19908,508536,184,4,46019.64,0.05
19909,508536,73,3,32339.91,0.2
19910,508537,8,4,16654.82,0.0
19911,508537,161,2,45736.6,0.1
19912,508538,56,3,31457.37,0.2
19913,508538,44,4,23585.72,0.2
19914,508538,37,3,8747.32,0.1
19915,508538,150,4,23255.73,0.15
19916,508539,120,4,14551.18,0.15
19917,508540,185,2,11835.89,0.0
19918,508541,181,1,20017.36,0.15
19919,508541,200,4,20741.6,0.15
19920,508541,43,2,25517.07,0.0
19921,508541,174,2,3057.35,0.1
19922,508542,105,2,28367.27,0.05
19923,508542,186,3,13953.35,0.05
19924,508543,33,4,15090.93,0.0
19925,508544,184,2,46019.64,0.05
19926,508544,6,3,15719.14,0.0
19927,508545,112,1,22042.94,0.05
19928,508546,28,1,34955.61,0.1
19929,508546,100,1,46791.69,0.05
19930,508546,18,4,17846.96,0.05
19931,508546,8,4,16654.82,0.15
19932,508546,125,3,41076.3,0.05
19933,508547,197,1,20725.99,0.0
19934,508547,9,1,26670.95,0.05
19935,508547,180,4,6088.9,0.0
19936,508547,122,4,7953.1,0.0
19937,508548,8,1,16654.82,0.0
19938,508548,17,2,17031.55,0.05
19939,508548,23,4,45229.71,0.05
19940,508548,103,1,33485.32,0.0
19941,508549,116,1,16741.69,0.1
19942,508549,111,1,41282.72,0.15
19943,508549,196,4,8761.57,0.0
19944,508549,108,3,22454.46,0.0
19945,508550,124,3,16664.22,0.15
19946,508550,179,2,47254.91,0.1
19947,508550,30,1,8599.09,0.0
19948,508550,39,2,42117.5,0.1
19949,508551,43,1,25517.07,0.05
19950,508551,169,3,42129.24,0.0
19951,508552,37,1,8747.32,0.2
19952,508552,3,3,2440.7,0.05
19953,508552,55,2,45214.9,0.0
19954,508553,198,2,44779.95,0.2
19955,508553,174,4,3057.35,0.1
19956,508553,171,4,22643.94,0.0
19957,508553,180,4,6088.9,0.15
19958,508554,143,2,8499.37,0.15
19959,508554,57,1,1412.7,0.0
19960,508554,181,3,20017.36,0.0
19961,508555,92,1,38084.76,0.1
19962,508555,112,2,22042.94,0.1
19963,508555,140,4,19515.46,0.15
19964,508555,75,1,7343.48,0.1
19965,508555,45,1,19474.91,0.0
19966,508556,123,3,44154.33,0.2
19967,508556,100,2,46791.69,0.1
19968,508556,132,3,47935.67,0.15
19969,508556,56,3,31457.37,0.15
19970,508557,66,3,7626.75,0.1
19971,508558,168,1,9316.31,0.2
19972,508558,55,1,45214.9,0.05
19973,508559,175,2,7528.69,0.0
19974,508560,161,2,45736.6,0.15
19975,508560,151,2,15178.52,0.0
19976,508560,5,1,32053.9,0.0
19977,508560,34,3,15395.87,0.0
19978,508561,173,4,31442.32,0.1
19979,508561,21,1,873.24,0.1
19980,508561,17,4,17031.55,0.15
19981,508561,186,4,13953.35,0.0
19982,508562,6,3,15719.14,0.15
19983,508562,177,4,7521.62,0.05
19984,508563,136,4,48294.58,0.0
19985,508564,116,4,16741.69,0.05
19986,508564,109,2,20240.83,0.05
19987,508565,99,2,51437.59,0.15
19988,508566,98,1,35512.2,0.1
19989,508566,114,2,24883.58,0.0
19990,508567,154,3,24420.47,0.05
19991,508567,51,4,42529.03,0.0
19992,508567,130,1,1826.9,0.0
19993,508567,40,2,12159.56,0.05
19994,508567,62,2,3498.04,0.1
19995,508568,104,3,17663.08,0.05
19996,508568,170,4,31500.56,0.1
19997,508569,90,3,42489.82,0.1
19998,508569,150,3,23255.73,0.1
19999,508569,41,4,790.54,0.15
20000,508570,87,4,3216.87,0.05
20001,508570,112,2,22042.94,0.15
20002,508570,186,2,13953.35,0.1
20003,508570,182,2,25258.66,0.1
20004,508571,45,1,19474.91,0.05
20005,508571,15,4,13558.11,0.0
20006,508571,38,1,33762.69,0.1
20007,508571,95,4,7858.6,0.1
20008,508572,31,2,31665.76,0.0
20009,508573,190,3,52000.43,0.15
20010,508574,17,2,17031.55,0.1
20011,508575,143,1,8499.37,0.1
20012,508576,178,4,16239.3,0.05
20013,508577,84,2,26499.83,0.1
20014,508577,28,4,34955.61,0.0
20015,508578,13,3,41294.2,0.1
20016,508578,170,2,31500.56,0.1
20017,508578,23,1,45229.71,0.15
20018,508579,51,4,42529.03,0.2
20019,508580,72,4,33843.05,0.05
20020,508580,33,3,15090.93,0.05
20021,508580,94,2,30089.86,0.15
20022,508581,9,1,26670.95,0.15
20023,508581,68,2,731.88,0.1
20024,508582,64,2,23845.3,0.0
20025,508583,58,3,38058.28,0.0
20026,508584,47,3,7728.9,0.0
20027,508585,112,4,22042.94,0.1
20028,508585,172,3,35356.68,0.05
20029,508586,116,4,16741.69,0.0
20030,508586,121,3,43178.12,0.1
20031,508586,176,1,42034.94,0.2
20032,508587,138,2,5148.37,0.0
20033,508587,182,4,25258.66,0.05
20034,508588,60,4,42396.67,0.05
20035,508589,185,3,11835.89,0.15
20036,508590,26,1,13443.96,0.0
20037,508591,185,2,11835.89,0.15
20038,508591,108,4,22454.46,0.0
20039,508591,115,3,2799.41,0.05
20040,508592,187,1,50291.33,0.1
20041,508592,24,2,29412.47,0.0
20042,508592,163,1,1143.45,0.1
20043,508593,90,3,42489.82,0.05
20044,508593,55,3,45214.9,0.1
20045,508593,124,1,16664.22,0.1
20046,508594,192,3,906.98,0.0
20047,508594,113,4,20936.8,0.1
20048,508595,51,4,42529.03,0.0
20049,508596,58,3,38058.28,0.1
20050,508597,142,4,32662.03,0.1
20051,508597,156,4,9479.93,0.1
20052,508598,70,3,9185.74,0.05
20053,508598,88,1,22349.99,0.1
20054,508598,110,3,13452.58,0.1
20055,508599,156,4,9479.93,0.2
20056,508599,97,3,9014.15,0.1
20057,508599,139,1,36696.68,0.1
20058,508600,168,2,9316.31,0.05
20059,508600,200,1,20741.6,0.05
20060,508600,10,4,34430.26,0.2
20061,508601,94,4,30089.86,0.0
20062,508601,188,4,6070.27,0.0
20063,508601,176,2,42034.94,0.0
20064,508602,72,2,33843.05,0.2
20065,508602,103,4,33485.32,0.05
20066,508602,112,3,22042.94,0.1
20067,508602,153,1,34143.04,0.0
20068,508603,150,4,23255.73,0.0
20069,508603,176,3,42034.94,0.1
20070,508603,88,1,22349.99,0.0
20071,508604,35,4,3103.89,0.05
20072,508604,134,2,24171.94,0.1
20073,508604,147,3,51028.85,0.05
20074,508604,39,2,42117.5,0.1
20075,508604,69,4,20234.72,0.0
20076,508605,7,1,32012.11,0.1
20077,508606,175,1,7528.69,0.05
20078,508607,130,1,1826.9,0.2
20079,508607,69,4,20234.72,0.05
20080,508608,140,1,19515.46,0.1
20081,508608,173,1,31442.32,0.0
20082,508609,176,2,42034.94,0.05
20083,508609,190,4,52000.43,0.1
20084,508610,74,2,9594.57,0.0
20085,508610,78,2,9475.8,0.0
20086,508610,42,2,17076.73,0.15
20087,508611,51,3,42529.03,0.2
20088,508611,127,3,16509.71,0.1
20089,508612,95,1,7858.6,0.1
20090,508612,198,3,44779.95,0.15
20091,508613,75,3,7343.48,0.15
20092,508614,4,4,4600.28,0.1
20093,508614,136,4,48294.58,0.15
20094,508615,186,4,13953.35,0.0
20095,508615,155,1,51623.31,0.0
20096,508616,31,2,31665.76,0.15
20097,508617,85,1,30473.88,0.2
20098,508618,148,3,30748.98,0.15
20099,508618,133,2,18726.1,0.0
20100,508619,102,2,25753.85,0.05
20101,508619,95,1,7858.6,0.1
20102,508619,62,2,3498.04,0.15
20103,508619,86,3,25389.28,0.2
20104,508620,121,3,43178.12,0.15
20105,508621,193,1,1419.66,0.1
20106,508621,36,4,32323.45,0.15
20107,508622,91,2,37325.93,0.15
20108,508623,190,4,52000.43,0.1
20109,508623,40,2,12159.56,0.05
20110,508624,178,1,16239.3,0.0
20111,508624,49,2,33529.65,0.1
20112,508624,28,3,34955.61,0.0
20113,508625,83,1,10948.99,0.0
20114,508625,42,4,17076.73,0.15
20115,508626,36,3,32323.45,0.0
20116,508626,95,4,7858.6,0.1
20117,508627,138,1,5148.37,0.0
20118,508627,120,2,14551.18,0.1
20119,508627,180,1,6088.9,0.05
20120,508627,108,1,22454.46,0.1
20121,508628,92,1,38084.76,0.15
20122,508628,192,2,906.98,0.1
20123,508629,69,1,20234.72,0.1
20124,508629,138,1,5148.37,0.2
20125,508630,102,3,25753.85,0.1
20126,508630,185,2,11835.89,0.2
20127,508630,148,3,30748.98,0.0
20128,508630,39,2,42117.5,0.05
20129,508631,36,1,32323.45,0.2
20130,508631,156,1,9479.93,0.1
20131,508632,143,3,8499.37,0.1
20132,508633,36,2,32323.45,0.1
20133,508634,66,4,7626.75,0.1
20134,508634,4,2,4600.28,0.2
20135,508634,69,3,20234.72,0.1
20136,508634,60,4,42396.67,0.0
20137,508635,199,3,40427.21,0.0
20138,508635,13,1,41294.2,0.0
20139,508635,10,4,34430.26,0.1
20140,508635,152,2,47494.55,0.05
20141,508636,61,1,23045.67,0.0
20142,508637,195,3,39570.05,0.05
20143,508637,66,1,7626.75,0.0
20144,508637,53,3,41659.1,0.0
20145,508638,70,2,9185.74,0.1
20146,508639,100,3,46791.69,0.05
20147,508640,150,1,23255.73,0.0
20148,508640,77,3,45039.66,0.1
20149,508640,197,4,20725.99,0.0
20150,508640,164,1,54714.33,0.15
20151,508641,42,2,17076.73,0.1
20152,508641,10,1,34430.26,0.1
20153,508642,196,4,8761.57,0.0
20154,508643,129,1,39450.63,0.1
20155,508643,176,2,42034.94,0.05
20156,508644,130,4,1826.9,0.0
20157,508644,13,3,41294.2,0.15
20158,508644,143,2,8499.37,0.1
20159,508644,111,2,41282.72,0.0
20160,508645,175,3,7528.69,0.1
20161,508645,126,1,4890.52,0.1
20162,508645,91,4,37325.93,0.1
20163,508645,3,4,2440.7,0.05
20164,508646,108,3,22454.46,0.15
20165,508646,151,2,15178.52,0.1
20166,508646,112,3,22042.94,0.0
20167,508647,50,2,37071.05,0.15
20168,508647,36,2,32323.45,0.0
20169,508647,166,4,16527.13,0.15
20170,508648,60,2,42396.67,0.15
20171,508648,35,3,3103.89,0.05
20172,508648,125,2,41076.3,0.1
20173,508649,105,2,28367.27,0.0
20174,508649,60,2,42396.67,0.1
20175,508649,83,1,10948.99,0.15
20176,508649,168,3,9316.31,0.05
20177,508649,102,4,25753.85,0.0
20178,508650,60,3,42396.67,0.05
20179,508650,141,4,9199.37,0.0
20180,508650,136,3,48294.58,0.0
20181,508651,12,4,8809.95,0.15
20182,508651,35,1,3103.89,0.1
20183,508652,59,1,542.46,0.1
20184,508652,82,2,26994.56,0.05
20185,508652,18,2,17846.96,0.1
20186,508652,168,1,9316.31,0.2
20187,508653,95,1,7858.6,0.1
20188,508653,140,2,19515.46,0.1
20189,508654,101,3,36836.08,0.0
20190,508654,109,2,20240.83,0.05
20191,508655,164,2,54714.33,0.05
20192,508655,166,3,16527.13,0.2
20193,508655,18,3,17846.96,0.2
20194,508655,21,3,873.24,0.1
20195,508656,149,1,33795.66,0.2
20196,508656,37,3,8747.32,0.0
20197,508656,79,3,36534.8,0.05
20198,508656,198,4,44779.95,0.1
20199,508656,95,4,7858.6,0.1
20200,508657,95,2,7858.6,0.1
20201,508657,2,1,42946.4,0.0
20202,508658,190,3,52000.43,0.05
20203,508658,94,4,30089.86,0.1
20204,508659,133,4,18726.1,0.1
20205,508659,94,2,30089.86,0.0
20206,508659,92,1,38084.76,0.15
20207,508659,111,2,41282.72,0.0
20208,508660,7,3,32012.11,0.05
20209,508660,106,4,49815.63,0.2
20210,508661,125,1,41076.3,0.1
20211,508661,177,4,7521.62,0.05
20212,508662,161,3,45736.6,0.15
20213,508663,26,1,13443.96,0.05
20214,508664,77,2,45039.66,0.1
20215,508664,157,2,26053.23,0.1
20216,508665,39,2,42117.5,0.05
20217,508665,192,2,906.98,0.0
20218,508666,147,3,51028.85,0.2
20219,508666,77,2,45039.66,0.1
20220,508666,193,2,1419.66,0.15
20221,508667,127,3,16509.71,0.1
20222,508668,197,3,20725.99,0.0
20223,508669,176,1,42034.94,0.1
20224,508669,20,2,27803.61,0.15
20225,508670,97,3,9014.15,0.1
20226,508671,6,2,15719.14,0.1
20227,508671,179,2,47254.91,0.15
20228,508671,35,1,3103.89,0.0
20229,508671,97,1,9014.15,0.15
20230,508672,149,2,33795.66,0.15
20231,508673,161,3,45736.6,0.0
20232,508673,151,4,15178.52,0.15
20233,508673,87,2,3216.87,0.1
20234,508673,171,1,22643.94,0.0
20235,508674,120,2,14551.18,0.15
20236,508674,119,3,20465.15,0.1
20237,508675,103,4,33485.32,0.05
20238,508675,195,4,39570.05,0.2
20239,508675,24,1,29412.47,0.1
20240,508675,181,2,20017.36,0.0
20241,508675,83,2,10948.99,0.0
20242,508676,92,4,38084.76,0.1
20243,508676,134,1,24171.94,0.0
20244,508677,9,4,26670.95,0.1
20245,508677,118,3,47968.75,0.15
20246,508677,89,4,2812.94,0.1
20247,508677,144,2,43009.16,0.15
20248,508677,87,3,3216.87,0.05
20249,508678,28,4,34955.61,0.15
20250,508678,172,1,35356.68,0.1
20251,508679,114,2,24883.58,0.0
20252,508679,52,1,43157.07,0.2
20253,508679,167,2,1520.89,0.1
20254,508680,159,3,25532.77,0.1
20255,508681,170,4,31500.56,0.2
20256,508681,132,2,47935.67,0.0
20257,508682,9,3,26670.95,0.15
20258,508683,35,2,3103.89,0.1
20259,508683,160,1,24067.85,0.0
20260,508683,80,4,26747.7,0.15
20261,508684,35,3,3103.89,0.0
20262,508684,139,3,36696.68,0.05
20263,508685,103,1,33485.32,0.0
20264,508685,193,2,1419.66,0.1
20265,508685,71,3,40831.91,0.05
20266,508686,121,2,43178.12,0.15
20267,508687,186,2,13953.35,0.0
20268,508688,112,2,22042.94,0.05
20269,508688,64,3,23845.3,0.05
20270,508688,34,1,15395.87,0.1
20271,508689,76,1,1551.17,0.05
20272,508689,114,2,24883.58,0.0
20273,508690,91,2,37325.93,0.1
20274,508690,167,1,1520.89,0.0
20275,508691,76,3,1551.17,0.0
20276,508691,183,3,2591.66,0.0
20277,508691,5,2,32053.9,0.1
20278,508691,125,3,41076.3,0.1
20279,508691,186,1,13953.35,0.1
20280,508692,123,1,44154.33,0.1
20281,508693,121,1,43178.12,0.2
20282,508693,43,2,25517.07,0.15
20283,508693,31,2,31665.76,0.1
20284,508694,82,4,26994.56,0.15
20285,508695,84,1,26499.83,0.05
20286,508695,93,4,33594.98,0.05
20287,508695,52,4,43157.07,0.0
20288,508696,49,3,33529.65,0.05
20289,508696,106,2,49815.63,0.15
20290,508697,92,3,38084.76,0.1
20291,508697,22,4,20749.3,0.15
20292,508697,62,1,3498.04,0.05
20293,508698,122,3,7953.1,0.0
20294,508698,67,2,32514.47,0.05
20295,508698,173,4,31442.32,0.0
20296,508699,151,4,15178.52,0.05
20297,508700,134,3,24171.94,0.1
20298,508701,33,3,15090.93,0.0
20299,508702,195,1,39570.05,0.0
20300,508702,175,1,7528.69,0.0
20301,508703,194,1,14529.69,0.0
20302,508704,125,4,41076.3,0.0
20303,508704,59,3,542.46,0.0
20304,508705,25,2,28894.26,0.15
20305,508705,48,2,32151.32,0.0
20306,508706,190,4,52000.43,0.1
20307,508706,99,1,51437.59,0.1
20308,508707,122,2,7953.1,0.05
20309,508707,30,2,8599.09,0.0
20310,508708,141,3,9199.37,0.1
20311,508708,192,4,906.98,0.1
20312,508708,147,1,51028.85,0.1
20313,508708,184,3,46019.64,0.0
20314,508709,90,1,42489.82,0.2
20315,508709,29,4,40427.0,0.1
20316,508709,121,4,43178.12,0.1
20317,508709,15,2,13558.11,0.05
20318,508709,176,2,42034.94,0.0
20319,508710,190,2,52000.43,0.1
20320,508710,79,4,36534.8,0.2
20321,508711,152,3,47494.55,0.15
20322,508711,63,2,14212.89,0.0
20323,508711,45,4,19474.91,0.0
20324,508711,56,1,31457.37,0.05
20325,508712,123,1,44154.33,0.2
20326,508712,13,3,41294.2,0.15
20327,508712,89,3,2812.94,0.0
20328,508713,100,4,46791.69,0.0
20329,508714,110,1,13452.58,0.0
20330,508714,167,2,1520.89,0.05
20331,508715,144,3,43009.16,0.05
20332,508715,42,2,17076.73,0.1
20333,508716,184,4,46019.64,0.0
20334,508716,18,4,17846.96,0.05
20335,508716,26,1,13443.96,0.0
20336,508717,152,4,47494.55,0.0
20337,508717,6,3,15719.14,0.15
20338,508717,162,2,16150.96,0.2
20339,508717,177,3,7521.62,0.0
20340,508718,32,3,30436.6,0.1
20341,508718,71,3,40831.91,0.0
20342,508718,39,1,42117.5,0.05
20343,508719,32,2,30436.6,0.1
20344,508719,64,4,23845.3,0.0
20345,508719,90,4,42489.82,0.05
20346,508720,86,1,25389.28,0.15
20347,508720,144,3,43009.16,0.1
20348,508720,8,2,16654.82,0.05
20349,508721,196,3,8761.57,0.1
20350,508721,150,1,23255.73,0.15
20351,508722,182,4,25258.66,0.0
20352,508722,190,1,52000.43,0.0
20353,508723,131,1,935.86,0.1
20354,508723,198,1,44779.95,0.0
20355,508724,105,4,28367.27,0.05
20356,508724,62,1,3498.04,0.0
20357,508724,149,4,33795.66,0.05
20358,508725,43,3,25517.07,0.0
20359,508725,22,3,20749.3,0.0
20360,508725,28,1,34955.61,0.1
20361,508726,9,4,26670.95,0.05
20362,508727,43,4,25517.07,0.05
20363,508728,147,4,51028.85,0.2
20364,508728,118,3,47968.75,0.0
20365,508729,75,1,7343.48,0.1
20366,508729,116,3,16741.69,0.05
20367,508729,127,2,16509.71,0.0
20368,508730,15,4,13558.11,0.15
20369,508730,73,1,32339.91,0.1
20370,508731,77,2,45039.66,0.2
20371,508731,20,3,27803.61,0.0
20372,508732,52,2,43157.07,0.0
20373,508732,159,1,25532.77,0.1
20374,508732,14,1,28958.7,0.0
20375,508732,110,3,13452.58,0.1
20376,508733,25,1,28894.26,0.05
20377,508733,142,3,32662.03,0.15
20378,508733,140,1,19515.46,0.0
20379,508733,99,1,51437.59,0.0
20380,508734,179,2,47254.91,0.1
20381,508734,158,2,17301.25,0.0
20382,508735,130,3,1826.9,0.1
20383,508735,58,3,38058.28,0.15
20384,508735,59,3,542.46,0.0
20385,508736,21,2,873.24,0.15
20386,508736,13,4,41294.2,0.1
20387,508737,89,1,2812.94,0.2
20388,508737,54,1,28353.11,0.05
20389,508738,149,1,33795.66,0.0
20390,508739,101,2,36836.08,0.15
20391,508739,90,2,42489.82,0.1
20392,508740,45,1,19474.91,0.0
20393,508740,105,3,28367.27,0.15
20394,508740,30,3,8599.09,0.0
20395,508741,143,2,8499.37,0.2
20396,508741,49,4,33529.65,0.2
20397,508742,1,4,45769.48,0.1
20398,508742,155,1,51623.31,0.15
20399,508742,169,3,42129.24,0.05
20400,508743,90,4,42489.82,0.05
20401,508744,159,4,25532.77,0.0
20402,508745,140,4,19515.46,0.1
20403,508745,145,2,5674.44,0.2
20404,508745,48,3,32151.32,0.0
20405,508745,127,2,16509.71,0.15
20406,508746,4,1,4600.28,0.0
20407,508746,54,2,28353.11,0.0
20408,508747,150,4,23255.73,0.0
20409,508748,99,2,51437.59,0.05
20410,508748,179,2,47254.91,0.1
20411,508749,165,2,6409.81,0.15
20412,508750,71,1,40831.91,0.05
20413,508750,165,4,6409.81,0.0
20414,508750,185,4,11835.89,0.0
20415,508751,91,3,37325.93,0.05
20416,508751,193,2,1419.66,0.1
20417,508752,86,4,25389.28,0.15
20418,508752,115,1,2799.41,0.05
20419,508752,181,2,20017.36,0.15
20420,508752,61,2,23045.67,0.0
20421,508752,98,1,35512.2,0.05
20422,508753,98,4,35512.2,0.0
20423,508754,135,4,25804.56,0.15
20424,508754,120,1,14551.18,0.0
20425,508755,31,1,31665.76,0.1
20426,508755,123,3,44154.33,0.1
20427,508756,46,4,6300.09,0.2
20428,508757,154,3,24420.47,0.2
20429,508758,150,3,23255.73,0.05
20430,508759,187,4,50291.33,0.05
20431,508760,80,3,26747.7,0.2
20432,508760,70,2,9185.74,0.1
20433,508760,94,4,30089.86,0.15
20434,508761,137,4,11644.84,0.0
20435,508761,152,2,47494.55,0.15
20436,508761,61,2,23045.67,0.0
20437,508761,144,3,43009.16,0.0
20438,508762,179,1,47254.91,0.1
20439,508762,106,3,49815.63,0.15
20440,508763,64,4,23845.3,0.2
20441,508763,12,3,8809.95,0.1
20442,508764,141,2,9199.37,0.2
20443,508764,81,3,15504.13,0.2
20444,508765,118,3,47968.75,0.15
20445,508766,152,1,47494.55,0.1
20446,508766,13,2,41294.2,0.15
20447,508767,21,2,873.24,0.1
20448,508767,66,1,7626.75,0.1
20449,508767,100,4,46791.69,0.0
20450,508767,113,2,20936.8,0.15
20451,508767,63,4,14212.89,0.15
20452,508768,105,3,28367.27,0.0
20453,508769,117,3,5573.85,0.1
20454,508770,77,2,45039.66,0.1
20455,508771,35,2,3103.89,0.1
20456,508771,176,4,42034.94,0.1
20457,508772,43,1,25517.07,0.15
20458,508772,159,4,25532.77,0.05
20459,508772,142,4,32662.03,0.05
20460,508772,129,3,39450.63,0.15
20461,508773,173,4,31442.32,0.1
20462,508773,167,1,1520.89,0.15
20463,508774,178,3,16239.3,0.0
20464,508774,108,3,22454.46,0.1
20465,508775,48,3,32151.32,0.0
20466,508775,96,1,33785.82,0.1
20467,508776,183,1,2591.66,0.0
20468,508776,59,2,542.46,0.05
20469,508776,171,3,22643.94,0.05
20470,508776,192,1,906.98,0.1
20471,508777,129,3,39450.63,0.0
20472,508777,169,1,42129.24,0.0
20473,508778,192,1,906.98,0.0
20474,508778,92,2,38084.76,0.15
20475,508779,56,3,31457.37,0.1
20476,508780,70,2,9185.74,0.15
20477,508781,84,1,26499.83,0.05
20478,508781,167,2,1520.89,0.0
20479,508781,18,1,17846.96,0.1
20480,508781,169,1,42129.24,0.05
20481,508781,161,3,45736.6,0.15
20482,508782,134,2,24171.94,0.0
20483,508782,84,4,26499.83,0.15
20484,508783,132,2,47935.67,0.0
20485,508784,45,1,19474.91,0.15
20486,508784,143,2,8499.37,0.15
20487,508784,180,2,6088.9,0.1
20488,508784,63,4,14212.89,0.2
20489,508785,7,4,32012.11,0.05
20490,508785,182,4,25258.66,0.15
20491,508785,17,4,17031.55,0.05
20492,508785,181,1,20017.36,0.0
20493,508785,150,3,23255.73,0.05
20494,508786,178,3,16239.3,0.0
20495,508787,197,4,20725.99,0.1
20496,508787,32,4,30436.6,0.15
20497,508788,198,2,44779.95,0.1
20498,508788,111,2,41282.72,0.1
20499,508788,167,4,1520.89,0.15
20500,508788,130,1,1826.9,0.0
20501,508788,41,2,790.54,0.0
20502,508789,138,1,5148.37,0.0
20503,508790,53,3,41659.1,0.05
20504,508790,183,1,2591.66,0.1
20505,508791,44,4,23585.72,0.0
20506,508791,31,2,31665.76,0.05
20507,508792,186,3,13953.35,0.15
20508,508792,190,4,52000.43,0.05
20509,508792,109,1,20240.83,0.0
20510,508793,149,3,33795.66,0.0
20511,508793,136,2,48294.58,0.15
20512,508794,152,1,47494.55,0.0
20513,508794,176,3,42034.94,0.2
20514,508795,26,2,13443.96,0.1
20515,508795,12,1,8809.95,0.2
20516,508795,170,4,31500.56,0.1
20517,508796,140,3,19515.46,0.0
20518,508796,191,3,39507.0,0.0
20519,508796,34,1,15395.87,0.0
20520,508796,63,4,14212.89,0.15
20521,508797,87,1,3216.87,0.15
20522,508798,123,2,44154.33,0.15
20523,508799,56,4,31457.37,0.15
20524,508799,199,1,40427.21,0.05
20525,508799,35,4,3103.89,0.15
20526,508800,190,1,52000.43,0.15
20527,508800,130,1,1826.9,0.0
20528,508801,77,3,45039.66,0.2
20529,508801,137,3,11644.84,0.05
20530,508801,17,2,17031.55,0.1
20531,508802,145,3,5674.44,0.0
20532,508803,132,2,47935.67,0.0
20533,508803,1,3,45769.48,0.0
20534,508803,3,3,2440.7,0.0
20535,508804,157,4,26053.23,0.0
20536,508804,3,2,2440.7,0.1
20537,508805,170,3,31500.56,0.1
20538,508805,187,2,50291.33,0.2
20539,508806,12,1,8809.95,0.2
20540,508807,176,2,42034.94,0.1
20541,508808,148,2,30748.98,0.15
20542,508808,21,4,873.24,0.0
20543,508809,155,2,51623.31,0.15
20544,508809,194,1,14529.69,0.1
20545,508810,123,4,44154.33,0.05
20546,508810,132,4,47935.67,0.2
20547,508810,12,1,8809.95,0.1
20548,508810,196,1,8761.57,0.0
20549,508811,38,1,33762.69,0.15
20550,508811,68,3,731.88,0.2
20551,508811,176,4,42034.94,0.0
20552,508812,187,4,50291.33,0.2
20553,508812,159,1,25532.77,0.15
20554,508813,181,3,20017.36,0.15
20555,508813,187,4,50291.33,0.05
20556,508813,121,2,43178.12,0.05
20557,508814,92,2,38084.76,0.0
20558,508815,138,2,5148.37,0.1
20559,508815,62,4,3498.04,0.1
20560,508815,20,1,27803.61,0.05
20561,508816,149,2,33795.66,0.2
20562,508816,134,1,24171.94,0.0
20563,508817,12,2,8809.95,0.15
20564,508818,87,4,3216.87,0.0
20565,508818,76,2,1551.17,0.0
20566,508818,154,4,24420.47,0.0
20567,508819,66,4,7626.75,0.05
20568,508819,56,2,31457.37,0.05
20569,508819,148,1,30748.98,0.15
20570,508819,42,3,17076.73,0.05
20571,508819,90,4,42489.82,0.0
20572,508820,32,2,30436.6,0.1
20573,508820,176,2,42034.94,0.05
20574,508821,29,4,40427.0,0.05
20575,508821,91,3,37325.93,0.2
20576,508821,86,1,25389.28,0.0
20577,508822,157,4,26053.23,0.05
20578,508822,193,2,1419.66,0.0
20579,508823,73,2,32339.91,0.0
20580,508823,121,3,43178.12,0.15
20581,508824,150,1,23255.73,0.1
20582,508824,136,4,48294.58,0.05
20583,508825,97,3,9014.15,0.1
20584,508826,90,3,42489.82,0.1
20585,508827,86,2,25389.28,0.05
20586,508827,182,2,25258.66,0.05
20587,508827,99,1,51437.59,0.2
20588,508828,44,1,23585.72,0.15
20589,508828,195,1,39570.05,0.2
20590,508829,37,3,8747.32,0.05
20591,508829,103,3,33485.32,0.05
20592,508830,159,3,25532.77,0.1
20593,508831,107,2,13631.76,0.0
20594,508832,2,1,42946.4,0.1
20595,508832,187,2,50291.33,0.1
20596,508833,191,3,39507.0,0.15
20597,508833,41,1,790.54,0.0
20598,508834,106,1,49815.63,0.15
20599,508834,52,1,43157.07,0.15
20600,508835,112,2,22042.94,0.15
20601,508835,89,3,2812.94,0.05
20602,508835,69,3,20234.72,0.0
20603,508836,112,4,22042.94,0.15
20604,508836,23,1,45229.71,0.05
20605,508836,192,4,906.98,0.1
20606,508837,8,2,16654.82,0.0
20607,508838,149,4,33795.66,0.0
20608,508839,100,2,46791.69,0.0
20609,508840,39,3,42117.5,0.0
20610,508840,140,1,19515.46,0.05
20611,508841,39,4,42117.5,0.1
20612,508842,136,4,48294.58,0.05
20613,508842,106,4,49815.63,0.0
20614,508843,145,2,5674.44,0.05
20615,508844,45,2,19474.91,0.1
20616,508844,56,1,31457.37,0.0
20617,508845,90,4,42489.82,0.0
20618,508845,63,4,14212.89,0.05
20619,508846,61,1,23045.67,0.15
20620,508846,26,2,13443.96,0.0
20621,508846,79,4,36534.8,0.0
20622,508846,99,3,51437.59,0.05
20623,508846,158,1,17301.25,0.0
20624,508847,69,1,20234.72,0.2
20625,508847,45,3,19474.91,0.2
20626,508847,162,3,16150.96,0.0
20627,508847,197,1,20725.99,0.15
20628,508848,45,2,19474.91,0.1
20629,508848,188,2,6070.27,0.1
20630,508848,40,2,12159.56,0.1
20631,508848,97,2,9014.15,0.0
20632,508848,64,1,23845.3,0.05
20633,508849,17,3,17031.55,0.05
20634,508849,149,4,33795.66,0.1
20635,508849,158,1,17301.25,0.05
20636,508850,165,3,6409.81,0.05
20637,508850,174,4,3057.35,0.1
20638,508850,62,4,3498.04,0.0
20639,508850,88,4,22349.99,0.1
20640,508850,166,3,16527.13,0.05
20641,508851,12,3,8809.95,0.1
20642,508852,91,4,37325.93,0.1
20643,508852,13,2,41294.2,0.15
20644,508853,150,4,23255.73,0.05
20645,508853,99,3,51437.59,0.1
20646,508853,165,3,6409.81,0.1
20647,508854,37,4,8747.32,0.2
20648,508854,75,2,7343.48,0.15
20649,508855,172,4,35356.68,0.1
20650,508856,142,1,32662.03,0.0
20651,508856,172,2,35356.68,0.0
20652,508856,100,2,46791.69,0.05
20653,508857,82,3,26994.56,0.15
20654,508857,122,3,7953.1,0.1
20655,508857,24,1,29412.47,0.15
20656,508857,60,3,42396.67,0.2
20657,508857,185,4,11835.89,0.15
20658,508858,135,4,25804.56,0.0
20659,508858,14,3,28958.7,0.0
20660,508859,163,4,1143.45,0.15
20661,508860,147,1,51028.85,0.0
20662,508861,28,3,34955.61,0.1
20663,508862,70,1,9185.74,0.1
20664,508862,151,1,15178.52,0.15
20665,508862,177,2,7521.62,0.1
20666,508863,34,3,15395.87,0.2
20667,508863,18,2,17846.96,0.05
20668,508864,136,4,48294.58,0.0
20669,508865,83,4,10948.99,0.1
20670,508865,12,4,8809.95,0.0
20671,508865,80,1,26747.7,0.05
20672,508865,98,2,35512.2,0.15
20673,508866,165,1,6409.81,0.1
20674,508866,194,2,14529.69,0.05
20675,508867,13,4,41294.2,0.0
20676,508867,140,4,19515.46,0.1
20677,508867,183,2,2591.66,0.0
20678,508868,122,3,7953.1,0.15
20679,508868,147,4,51028.85,0.15
20680,508868,199,4,40427.21,0.15
20681,508869,193,1,1419.66,0.1
20682,508869,145,1,5674.44,0.1
20683,508869,10,3,34430.26,0.0
20684,508870,59,1,542.46,0.1
20685,508870,128,2,39089.34,0.0
20686,508870,52,1,43157.07,0.05
20687,508870,125,1,41076.3,0.05
20688,508870,29,1,40427.0,0.05
20689,508871,86,1,25389.28,0.05
20690,508871,31,4,31665.76,0.1
20691,508871,19,1,21391.84,0.0
20692,508871,99,2,51437.59,0.2
20693,508872,7,3,32012.11,0.15
20694,508873,33,3,15090.93,0.1
20695,508873,139,3,36696.68,0.15
20696,508874,41,3,790.54,0.05
20697,508874,138,2,5148.37,0.1
20698,508874,13,4,41294.2,0.0
20699,508874,72,2,33843.05,0.1
20700,508874,38,4,33762.69,0.0
20701,508875,166,2,16527.13,0.0
20702,508875,90,1,42489.82,0.0
20703,508875,180,4,6088.9,0.05
20704,508876,179,4,47254.91,0.1
20705,508876,192,4,906.98,0.1
20706,508877,120,4,14551.18,0.0
20707,508877,123,1,44154.33,0.0
20708,508877,57,1,1412.7,0.0
20709,508877,75,3,7343.48,0.2
20710,508878,125,1,41076.3,0.0
20711,508878,192,2,906.98,0.15
20712,508878,88,4,22349.99,0.0
20713,508879,145,4,5674.44,0.05
20714,508879,176,3,42034.94,0.05
20715,508880,70,1,9185.74,0.05
20716,508881,128,3,39089.34,0.05
20717,508881,56,3,31457.37,0.1
20718,508881,150,1,23255.73,0.1
20719,508881,22,1,20749.3,0.2
20720,508882,12,4,8809.95,0.15
20721,508882,191,2,39507.0,0.0
20722,508882,61,1,23045.67,0.0
20723,508882,148,1,30748.98,0.0
20724,508883,116,4,16741.69,0.0
20725,508883,140,3,19515.46,0.0
20726,508883,91,4,37325.93,0.2
20727,508883,30,2,8599.09,0.05
20728,508884,102,3,25753.85,0.05
20729,508884,194,3,14529.69,0.05
20730,508884,143,2,8499.37,0.0
20731,508885,173,1,31442.32,0.1
20732,508886,37,1,8747.32,0.05
20733,508886,112,4,22042.94,0.05
20734,508887,47,2,7728.9,0.1
20735,508887,143,1,8499.37,0.0
20736,508888,106,1,49815.63,0.15
20737,508889,142,1,32662.03,0.15
20738,508889,20,1,27803.61,0.1
20739,508889,44,1,23585.72,0.1
20740,508890,60,4,42396.67,0.05
20741,508891,116,1,16741.69,0.15
20742,508891,104,3,17663.08,0.0
20743,508892,129,3,39450.63,0.1
20744,508892,72,3,33843.05,0.0
20745,508892,6,4,15719.14,0.05
20746,508892,83,2,10948.99,0.0
20747,508893,44,3,23585.72,0.0
20748,508893,151,3,15178.52,0.1
20749,508893,102,3,25753.85,0.0
20750,508894,25,1,28894.26,0.05
20751,508895,194,3,14529.69,0.05
20752,508896,182,3,25258.66,0.1
20753,508896,152,3,47494.55,0.05
20754,508897,111,4,41282.72,0.05
20755,508897,15,1,13558.11,0.1
20756,508898,182,1,25258.66,0.1
20757,508898,77,4,45039.66,0.15
20758,508898,10,1,34430.26,0.0
20759,508898,144,1,43009.16,0.15
20760,508899,199,3,40427.21,0.1
20761,508899,110,2,13452.58,0.05
20762,508900,12,4,8809.95,0.0
20763,508901,64,2,23845.3,0.15
20764,508901,8,4,16654.82,0.15
20765,508901,117,3,5573.85,0.05
20766,508902,63,2,14212.89,0.1
20767,508902,190,4,52000.43,0.0
20768,508903,90,3,42489.82,0.1
20769,508903,162,2,16150.96,0.05
20770,508903,158,3,17301.25,0.1
20771,508903,105,3,28367.27,0.05
20772,508904,70,4,9185.74,0.2
20773,508905,190,4,52000.43,0.0
20774,508905,9,1,26670.95,0.1
20775,508906,72,1,33843.05,0.1
20776,508906,192,3,906.98,0.05
20777,508907,23,3,45229.71,0.0
20778,508907,87,2,3216.87,0.15
20779,508908,53,1,41659.1,0.1
20780,508908,175,1,7528.69,0.0
20781,508909,50,2,37071.05,0.0
20782,508909,145,1,5674.44,0.15
20783,508910,68,2,731.88,0.0
20784,508910,10,4,34430.26,0.0
20785,508910,199,1,40427.21,0.05
20786,508911,188,1,6070.27,0.05
20787,508912,42,1,17076.73,0.05
20788,508913,104,4,17663.08,0.05
20789,508914,107,3,13631.76,0.15
20790,508915,106,1,49815.63,0.05
20791,508915,39,3,42117.5,0.15
20792,508916,37,2,8747.32,0.15
20793,508917,39,1,42117.5,0.0
20794,508918,183,2,2591.66,0.0
20795,508918,77,4,45039.66,0.15
20796,508918,140,3,19515.46,0.0
20797,508918,119,3,20465.15,0.05
20798,508918,146,3,4466.06,0.1
20799,508919,180,2,6088.9,0.15
20800,508919,15,3,13558.11,0.1
20801,508920,81,4,15504.13,0.05
20802,508920,11,2,10297.51,0.0
20803,508920,194,3,14529.69,0.1
20804,508920,17,3,17031.55,0.1
20805,508921,43,2,25517.07,0.05
20806,508921,65,1,26891.02,0.1
20807,508921,143,2,8499.37,0.05
20808,508922,106,2,49815.63,0.1
20809,508923,176,2,42034.94,0.15
20810,508923,111,3,41282.72,0.0
20811,508924,154,4,24420.47,0.0
20812,508924,69,3,20234.72,0.05
20813,508925,13,1,41294.2,0.15
20814,508926,83,2,10948.99,0.0
20815,508927,97,2,9014.15,0.05
20816,508928,151,4,15178.52,0.1
20817,508929,21,2,873.24,0.2
20818,508930,139,3,36696.68,0.0
20819,508931,194,3,14529.69,0.15
20820,508931,93,2,33594.98,0.1
20821,508932,112,3,22042.94,0.05
20822,508933,37,2,8747.32,0.15
20823,508933,33,4,15090.93,0.0
20824,508933,174,1,3057.35,0.2
20825,508934,83,1,10948.99,0.0
20826,508935,26,2,13443.96,0.15
20827,508935,19,4,21391.84,0.0
20828,508935,10,4,34430.26,0.0
20829,508936,121,1,43178.12,0.05
20830,508936,135,2,25804.56,0.1
20831,508936,160,3,24067.85,0.1
20832,508937,174,3,3057.35,0.05
20833,508937,123,3,44154.33,0.15
20834,508938,18,3,17846.96,0.0
20835,508938,164,2,54714.33,0.0
20836,508939,153,2,34143.04,0.1
20837,508939,1,1,45769.48,0.05
20838,508940,6,4,15719.14,0.1
20839,508940,105,1,28367.27,0.05
20840,508941,79,3,36534.8,0.1
20841,508942,22,4,20749.3,0.0
20842,508942,72,3,33843.05,0.1
20843,508943,2,3,42946.4,0.1
20844,508943,10,2,34430.26,0.15
20845,508943,174,4,3057.35,0.1
20846,508944,81,4,15504.13,0.0
20847,508944,186,3,13953.35,0.1
20848,508945,80,1,26747.7,0.15
20849,508945,68,4,731.88,0.1
20850,508945,108,4,22454.46,0.15
20851,508945,34,1,15395.87,0.0
20852,508945,173,2,31442.32,0.1
20853,508946,20,4,27803.61,0.0
20854,508946,96,2,33785.82,0.0
20855,508946,10,3,34430.26,0.1
20856,508946,149,4,33795.66,0.0
20857,508947,46,1,6300.09,0.1
20858,508948,134,3,24171.94,0.1
20859,508948,151,4,15178.52,0.0
20860,508948,67,4,32514.47,0.1
20861,508949,8,1,16654.82,0.0
20862,508950,155,2,51623.31,0.1
20863,508950,3,1,2440.7,0.2
20864,508950,75,3,7343.48,0.1
20865,508951,10,2,34430.26,0.15
20866,508951,141,1,9199.37,0.1
20867,508951,22,1,20749.3,0.0
20868,508952,46,1,6300.09,0.05
20869,508952,9,3,26670.95,0.0
20870,508953,122,4,7953.1,0.1
20871,508953,88,4,22349.99,0.0
20872,508954,50,1,37071.05,0.1
20873,508954,191,2,39507.0,0.15
20874,508955,176,2,42034.94,0.15
20875,508956,10,2,34430.26,0.05
20876,508956,162,4,16150.96,0.05
20877,508957,13,4,41294.2,0.15
20878,508957,69,3,20234.72,0.0
20879,508957,135,1,25804.56,0.15
20880,508957,196,3,8761.57,0.05
20881,508958,50,3,37071.05,0.0
20882,508958,44,2,23585.72,0.0
20883,508959,144,2,43009.16,0.1
20884,508960,5,1,32053.9,0.1
20885,508960,67,1,32514.47,0.0
20886,508961,14,1,28958.7,0.1
20887,508961,163,2,1143.45,0.1
20888,508961,36,4,32323.45,0.15
20889,508962,51,4,42529.03,0.2
20890,508962,77,2,45039.66,0.0
20891,508963,188,4,6070.27,0.1
20892,508964,109,4,20240.83,0.0
20893,508964,144,1,43009.16,0.05
20894,508964,103,1,33485.32,0.05
20895,508965,107,3,13631.76,0.15
20896,508966,60,2,42396.67,0.05
20897,508966,198,3,44779.95,0.1
20898,508967,35,1,3103.89,0.15
20899,508967,152,3,47494.55,0.0
20900,508968,108,1,22454.46,0.2
20901,508968,4,2,4600.28,0.2
20902,508968,130,3,1826.9,0.15
20903,508968,7,2,32012.11,0.1
20904,508969,143,1,8499.37,0.1
20905,508969,71,4,40831.91,0.2
20906,508969,47,2,7728.9,0.05
20907,508969,80,3,26747.7,0.0
20908,508970,2,2,42946.4,0.0
20909,508970,67,3,32514.47,0.15
20910,508970,35,4,3103.89,0.0
20911,508971,126,1,4890.52,0.15
20912,508971,103,3,33485.32,0.05
20913,508971,198,1,44779.95,0.1
20914,508972,80,4,26747.7,0.0
20915,508973,183,2,2591.66,0.0
20916,508973,8,4,16654.82,0.05
20917,508973,185,2,11835.89,0.15
20918,508974,83,1,10948.99,0.1
20919,508974,153,3,34143.04,0.15
20920,508974,5,2,32053.9,0.0
20921,508975,117,1,5573.85,0.2
20922,508975,75,3,7343.48,0.1
20923,508975,52,3,43157.07,0.0
20924,508976,3,2,2440.7,0.0
20925,508976,173,1,31442.32,0.0
20926,508976,15,2,13558.11,0.2
20927,508977,33,3,15090.93,0.1
20928,508978,74,2,9594.57,0.0
20929,508979,62,4,3498.04,0.2
20930,508979,14,2,28958.7,0.1
20931,508979,76,3,1551.17,0.1
20932,508980,120,1,14551.18,0.1
20933,508981,191,3,39507.0,0.0
20934,508982,62,3,3498.04,0.1
20935,508982,97,4,9014.15,0.15
20936,508982,3,1,2440.7,0.05
20937,508982,176,4,42034.94,0.1
20938,508982,102,3,25753.85,0.2
20939,508983,67,3,32514.47,0.05
20940,508983,142,2,32662.03,0.1
20941,508983,85,3,30473.88,0.1
20942,508983,35,2,3103.89,0.0
20943,508983,139,4,36696.68,0.1
20944,508984,159,4,25532.77,0.05
20945,508984,172,2,35356.68,0.0
20946,508985,63,1,14212.89,0.05
20947,508986,82,1,26994.56,0.0
20948,508986,111,1,41282.72,0.15
20949,508987,187,4,50291.33,0.0
20950,508988,155,3,51623.31,0.15
20951,508989,17,2,17031.55,0.1
20952,508990,110,3,13452.58,0.1
20953,508990,58,3,38058.28,0.05
20954,508990,56,2,31457.37,0.2
20955,508990,184,1,46019.64,0.0
20956,508991,183,3,2591.66,0.1
20957,508991,192,3,906.98,0.1
20958,508992,147,2,51028.85,0.15
20959,508993,130,4,1826.9,0.05
20960,508993,37,1,8747.32,0.0
20961,508993,162,1,16150.96,0.1
20962,508994,188,2,6070.27,0.15
20963,508995,9,4,26670.95,0.15
20964,508995,12,1,8809.95,0.15
20965,508995,72,2,33843.05,0.0
20966,508995,30,4,8599.09,0.0
20967,508996,147,3,51028.85,0.05
20968,508997,57,3,1412.7,0.1
20969,508998,197,2,20725.99,0.05
20970,508998,36,3,32323.45,0.0
20971,508999,198,4,44779.95,0.15
20972,509000,143,3,8499.37,0.1
20973,509001,95,4,7858.6,0.0
20974,509001,97,2,9014.15,0.1
20975,509001,149,1,33795.66,0.05
20976,509001,157,2,26053.23,0.2
20977,509002,165,4,6409.81,0.2
20978,509002,69,2,20234.72,0.05
20979,509002,58,1,38058.28,0.0
20980,509002,147,4,51028.85,0.15
20981,509003,166,1,16527.13,0.0
20982,509003,91,1,37325.93,0.0
20983,509003,133,1,18726.1,0.2
20984,509003,98,2,35512.2,0.15
20985,509004,144,2,43009.16,0.15
20986,509004,152,2,47494.55,0.1
20987,509004,24,3,29412.47,0.15
20988,509005,156,2,9479.93,0.1
20989,509006,186,4,13953.35,0.1
20990,509006,198,1,44779.95,0.15
20991,509006,7,1,32012.11,0.2
20992,509006,9,1,26670.95,0.0
20993,509006,176,4,42034.94,0.0
20994,509007,49,2,33529.65,0.15
20995,509007,42,1,17076.73,0.1
20996,509007,156,2,9479.93,0.0
20997,509008,34,3,15395.87,0.15
20998,509008,194,1,14529.69,0.05
20999,509009,165,3,6409.81,0.1
21000,509009,162,2,16150.96,0.15
21001,509009,120,1,14551.18,0.05
21002,509010,107,4,13631.76,0.2
21003,509010,33,3,15090.93,0.05
21004,509011,38,1,33762.69,0.2
21005,509011,66,1,7626.75,0.15
21006,509011,97,4,9014.15,0.2
21007,509012,89,1,2812.94,0.1
21008,509012,126,4,4890.52,0.1
21009,509012,158,1,17301.25,0.1
21010,509012,192,3,906.98,0.05
21011,509013,41,1,790.54,0.05
21012,509013,197,3,20725.99,0.0
21013,509013,44,1,23585.72,0.05
21014,509013,115,2,2799.41,0.1
21015,509014,194,1,14529.69,0.0
21016,509014,26,1,13443.96,0.0
21017,509014,101,1,36836.08,0.0
21018,509015,8,3,16654.82,0.1
21019,509015,138,1,5148.37,0.05
21020,509015,33,1,15090.93,0.2
21021,509015,40,2,12159.56,0.0
21022,509016,174,1,3057.35,0.05
21023,509016,43,3,25517.07,0.1
21024,509017,56,1,31457.37,0.1
21025,509017,1,3,45769.48,0.1
21026,509018,180,1,6088.9,0.2
21027,509018,2,3,42946.4,0.05
21028,509018,166,4,16527.13,0.0
21029,509019,53,4,41659.1,0.05
21030,509019,154,2,24420.47,0.1
21031,509020,82,3,26994.56,0.1
21032,509021,143,3,8499.37,0.2
21033,509021,57,4,1412.7,0.1
21034,509022,84,1,26499.83,0.05
21035,509022,14,2,28958.7,0.15
21036,509023,82,1,26994.56,0.0
21037,509023,145,4,5674.44,0.15
21038,509024,173,3,31442.32,0.15
21039,509024,84,3,26499.83,0.15
21040,509024,73,4,32339.91,0.2
21041,509025,1,1,45769.48,0.2
21042,509025,35,1,3103.89,0.0
21043,509025,78,1,9475.8,0.05
21044,509025,181,4,20017.36,0.05
21045,509026,112,3,22042.94,0.1
21046,509027,119,2,20465.15,0.0
21047,509027,150,3,23255.73,0.0
21048,509027,39,4,42117.5,0.05
21049,509028,125,1,41076.3,0.05
21050,509029,200,1,20741.6,0.1
21051,509029,73,2,32339.91,0.15
21052,509030,12,4,8809.95,0.15
21053,509030,193,4,1419.66,0.15
21054,509030,91,4,37325.93,0.1
21055,509030,18,1,17846.96,0.05
21056,509031,42,4,17076.73,0.1
21057,509031,162,3,16150.96,0.05
21058,509031,81,3,15504.13,0.15
21059,509031,108,3,22454.46,0.1
21060,509032,162,1,16150.96,0.15
21061,509032,87,4,3216.87,0.2
21062,509033,45,3,19474.91,0.0
21063,509033,93,2,33594.98,0.15
21064,509033,177,3,7521.62,0.0
21065,509034,153,3,34143.04,0.0
21066,509034,171,4,22643.94,0.0
21067,509034,49,4,33529.65,0.0
21068,509034,50,2,37071.05,0.1
21069,509035,15,4,13558.11,0.1
21070,509036,47,3,7728.9,0.0
21071,509036,179,3,47254.91,0.15
21072,509037,61,4,23045.67,0.1
21073,509037,68,3,731.88,0.1
21074,509037,171,3,22643.94,0.0
21075,509038,114,2,24883.58,0.0
21076,509039,110,4,13452.58,0.1
21077,509039,20,2,27803.61,0.1
21078,509039,167,3,1520.89,0.1
21079,509040,17,1,17031.55,0.15
21080,509040,112,4,22042.94,0.05
21081,509041,15,3,13558.11,0.05
21082,509041,37,3,8747.32,0.1
21083,509042,104,2,17663.08,0.05
21084,509042,45,4,19474.91,0.05
21085,509043,65,2,26891.02,0.15
21086,509044,176,1,42034.94,0.15
21087,509044,86,2,25389.28,0.05
21088,509045,183,2,2591.66,0.0
21089,509045,64,2,23845.3,0.1
21090,509045,175,4,7528.69,0.0
21091,509045,87,2,3216.87,0.0
21092,509046,3,2,2440.7,0.0
21093,509046,126,3,4890.52,0.0
21094,509047,184,1,46019.64,0.0
21095,509047,86,4,25389.28,0.05
21096,509048,73,1,32339.91,0.05
21097,509048,66,2,7626.75,0.2
21098,509048,161,3,45736.6,0.05
21099,509049,188,3,6070.27,0.0
21100,509050,46,3,6300.09,0.0
21101,509051,84,2,26499.83,0.0
21102,509051,58,3,38058.28,0.0
21103,509052,40,3,12159.56,0.1
21104,509053,190,2,52000.43,0.15
21105,509054,69,3,20234.72,0.1
21106,509054,117,1,5573.85,0.2
21107,509054,14,4,28958.7,0.05
21108,509055,60,4,42396.67,0.15
21109,509055,176,2,42034.94,0.15
21110,509055,89,4,2812.94,0.2
21111,509055,102,4,25753.85,0.0
21112,509056,133,2,18726.1,0.1
21113,509057,199,4,40427.21,0.05
21114,509057,196,3,8761.57,0.1
21115,509058,174,4,3057.35,0.2
21116,509058,20,4,27803.61,0.1
21117,509058,176,4,42034.94,0.1
21118,509059,7,1,32012.11,0.1
21119,509059,160,1,24067.85,0.0
21120,509059,139,2,36696.68,0.2
21121,509060,104,3,17663.08,0.1
21122,509061,156,2,9479.93,0.1
21123,509061,61,3,23045.67,0.05
21124,509061,96,4,33785.82,0.15
21125,509061,179,3,47254.91,0.15
21126,509062,155,3,51623.31,0.0
21127,509062,176,4,42034.94,0.05
21128,509062,56,1,31457.37,0.0
21129,509062,46,2,6300.09,0.0
21130,509062,101,4,36836.08,0.2
21131,509063,66,4,7626.75,0.15
21132,509064,97,2,9014.15,0.0
21133,509065,96,2,33785.82,0.0
21134,509065,36,2,32323.45,0.05
21135,509065,107,4,13631.76,0.0
21136,509066,183,1,2591.66,0.15
21137,509067,23,2,45229.71,0.0
21138,509068,171,3,22643.94,0.0
21139,509068,91,1,37325.93,0.1
21140,509068,195,2,39570.05,0.05
21141,509068,80,3,26747.7,0.1
21142,509069,123,4,44154.33,0.0
21143,509069,181,1,20017.36,0.2
21144,509069,136,2,48294.58,0.1
21145,509070,130,1,1826.9,0.1
21146,509070,121,3,43178.12,0.15
21147,509070,158,4,17301.25,0.1
21148,509071,146,3,4466.06,0.15
21149,509071,71,1,40831.91,0.05
21150,509072,82,2,26994.56,0.15
21151,509072,53,2,41659.1,0.0
21152,509073,116,2,16741.69,0.05
21153,509073,86,2,25389.28,0.0
21154,509073,120,1,14551.18,0.1
21155,509074,168,1,9316.31,0.1
21156,509074,45,1,19474.91,0.1
21157,509074,4,3,4600.28,0.15
21158,509074,173,4,31442.32,0.1
21159,509075,78,1,9475.8,0.1
21160,509075,172,4,35356.68,0.1
21161,509075,133,2,18726.1,0.1
21162,509076,45,4,19474.91,0.1
21163,509076,125,2,41076.3,0.2
21164,509077,168,1,9316.31,0.0
21165,509077,77,1,45039.66,0.1
21166,509077,27,1,52025.44,0.05
21167,509078,74,3,9594.57,0.1
21168,509078,194,1,14529.69,0.1
21169,509078,104,4,17663.08,0.1
21170,509079,72,4,33843.05,0.1
21171,509079,27,3,52025.44,0.0
21172,509080,175,1,7528.69,0.15
21173,509080,196,3,8761.57,0.1
21174,509081,185,3,11835.89,0.15
21175,509081,178,3,16239.3,0.0
21176,509082,50,1,37071.05,0.1
21177,509082,41,2,790.54,0.0
21178,509083,22,3,20749.3,0.1
21179,509084,170,4,31500.56,0.0
21180,509085,106,2,49815.63,0.0
21181,509086,32,1,30436.6,0.0
21182,509087,140,1,19515.46,0.0
21183,509087,39,2,42117.5,0.15
21184,509088,161,4,45736.6,0.2
21185,509088,175,4,7528.69,0.1
21186,509088,165,2,6409.81,0.15
21187,509089,158,1,17301.25,0.1
21188,509089,82,1,26994.56,0.05
21189,509090,49,1,33529.65,0.0
21190,509090,85,1,30473.88,0.2
21191,509090,127,3,16509.71,0.15
21192,509091,31,2,31665.76,0.0
21193,509091,189,3,36176.21,0.15
21194,509092,138,3,5148.37,0.05
21195,509092,153,2,34143.04,0.1
21196,509092,119,4,20465.15,0.1
21197,509093,110,3,13452.58,0.05
21198,509093,89,3,2812.94,0.05
21199,509093,55,2,45214.9,0.15
21200,509094,112,3,22042.94,0.1
21201,509094,172,2,35356.68,0.0
21202,509094,36,2,32323.45,0.1
21203,509095,180,4,6088.9,0.05
21204,509095,104,3,17663.08,0.15
21205,509095,66,2,7626.75,0.1
21206,509096,23,1,45229.71,0.0
21207,509097,52,1,43157.07,0.2
21208,509097,200,3,20741.6,0.0
21209,509098,145,1,5674.44,0.0
21210,509098,165,1,6409.81,0.05
21211,509098,32,2,30436.6,0.0
21212,509099,99,1,51437.59,0.0
21213,509100,9,4,26670.95,0.1
21214,509101,199,1,40427.21,0.15
21215,509101,129,4,39450.63,0.05
21216,509102,162,4,16150.96,0.1
21217,509102,158,3,17301.25,0.2
21218,509103,135,4,25804.56,0.2
21219,509103,108,1,22454.46,0.15
21220,509103,147,2,51028.85,0.1
21221,509103,160,2,24067.85,0.2
21222,509104,192,2,906.98,0.1
21223,509104,66,4,7626.75,0.05
21224,509104,13,4,41294.2,0.0
21225,509105,130,3,1826.9,0.05
21226,509106,172,4,35356.68,0.15
21227,509106,50,3,37071.05,0.2
21228,509107,156,3,9479.93,0.1
21229,509107,58,3,38058.28,0.05
21230,509107,139,4,36696.68,0.05
21231,509108,147,1,51028.85,0.1
21232,509108,34,4,15395.87,0.1
21233,509108,4,2,4600.28,0.2
21234,509109,92,3,38084.76,0.0
21235,509109,29,3,40427.0,0.1
21236,509110,156,1,9479.93,0.05
21237,509111,61,2,23045.67,0.0
21238,509111,35,4,3103.89,0.2
21239,509111,10,2,34430.26,0.05
21240,509111,172,1,35356.68,0.15
21241,509112,121,1,43178.12,0.0
21242,509112,123,2,44154.33,0.0
21243,509113,23,2,45229.71,0.1
21244,509114,4,2,4600.28,0.0
21245,509115,191,1,39507.0,0.0
21246,509115,129,1,39450.63,0.1
21247,509115,11,1,10297.51,0.0
21248,509116,18,1,17846.96,0.15
21249,509116,75,3,7343.48,0.05
21250,509117,128,3,39089.34,0.15
21251,509118,163,4,1143.45,0.1
21252,509118,26,3,13443.96,0.15
21253,509119,112,2,22042.94,0.15
21254,509119,30,1,8599.09,0.15
21255,509119,15,1,13558.11,0.1
21256,509119,157,3,26053.23,0.1
21257,509119,80,4,26747.7,0.1
21258,509120,70,1,9185.74,0.1
21259,509120,78,4,9475.8,0.0
21260,509121,164,1,54714.33,0.1
21261,509121,197,1,20725.99,0.05
21262,509122,197,1,20725.99,0.05
21263,509122,108,3,22454.46,0.0
21264,509123,198,3,44779.95,0.1
21265,509124,16,4,17752.56,0.0
21266,509124,23,2,45229.71,0.15
21267,509124,200,3,20741.6,0.2
21268,509124,48,1,32151.32,0.15
21269,509125,7,4,32012.11,0.1
21270,509126,171,4,22643.94,0.15
21271,509127,27,2,52025.44,0.15
21272,509128,44,4,23585.72,0.15
21273,509129,127,4,16509.71,0.1
21274,509129,170,1,31500.56,0.0
21275,509130,183,1,2591.66,0.0
21276,509130,43,1,25517.07,0.15
21277,509130,140,4,19515.46,0.15
21278,509130,75,1,7343.48,0.0
21279,509131,122,1,7953.1,0.15
21280,509132,115,4,2799.41,0.1
21281,509133,1,1,45769.48,0.05
21282,509133,46,3,6300.09,0.1
21283,509134,169,3,42129.24,0.0
21284,509134,90,4,42489.82,0.0
21285,509134,155,4,51623.31,0.0
21286,509134,163,2,1143.45,0.0
21287,509135,60,4,42396.67,0.05
21288,509135,74,1,9594.57,0.1
21289,509135,158,3,17301.25,0.15
21290,509135,178,4,16239.3,0.2
21291,509136,47,1,7728.9,0.0
21292,509136,16,3,17752.56,0.15
21293,509136,186,2,13953.35,0.1
21294,509136,185,1,11835.89,0.1
21295,509136,187,3,50291.33,0.15
21296,509137,161,3,45736.6,0.05
21297,509138,169,2,42129.24,0.0
21298,509138,127,4,16509.71,0.05
21299,509138,147,1,51028.85,0.1
21300,509139,144,1,43009.16,0.1
21301,509139,76,2,1551.17,0.0
21302,509139,131,1,935.86,0.15
21303,509140,181,1,20017.36,0.15
21304,509141,95,1,7858.6,0.15
21305,509141,4,2,4600.28,0.0
21306,509141,1,4,45769.48,0.1
21307,509142,7,4,32012.11,0.15
21308,509142,59,4,542.46,0.1
21309,509142,119,2,20465.15,0.1
21310,509143,155,2,51623.31,0.1
21311,509143,83,3,10948.99,0.1
21312,509143,86,2,25389.28,0.2
21313,509144,104,2,17663.08,0.05
21314,509145,199,4,40427.21,0.05
21315,509145,1,2,45769.48,0.0
21316,509146,46,4,6300.09,0.05
21317,509146,29,3,40427.0,0.2
21318,509147,182,4,25258.66,0.1
21319,509148,177,3,7521.62,0.1
21320,509149,81,4,15504.13,0.15
21321,509149,111,1,41282.72,0.0
21322,509149,2,3,42946.4,0.1
21323,509150,184,4,46019.64,0.1
21324,509151,200,2,20741.6,0.1
21325,509152,18,1,17846.96,0.0
21326,509153,35,4,3103.89,0.05
21327,509154,120,1,14551.18,0.05
21328,509155,22,4,20749.3,0.05
21329,509155,90,4,42489.82,0.0
21330,509155,110,4,13452.58,0.1
21331,509156,94,2,30089.86,0.1
21332,509156,111,2,41282.72,0.05
21333,509156,74,2,9594.57,0.0
21334,509157,122,1,7953.1,0.15
21335,509158,70,2,9185.74,0.0
21336,509158,170,2,31500.56,0.1
21337,509159,116,2,16741.69,0.05
21338,509160,144,3,43009.16,0.1
21339,509161,43,4,25517.07,0.1
21340,509161,199,4,40427.21,0.05
21341,509161,75,3,7343.48,0.05
21342,509162,167,4,1520.89,0.05
21343,509162,170,4,31500.56,0.2
21344,509162,160,2,24067.85,0.15
21345,509162,174,2,3057.35,0.0
21346,509162,108,1,22454.46,0.1
21347,509163,171,4,22643.94,0.0
21348,509164,69,2,20234.72,0.1
21349,509164,168,1,9316.31,0.05
21350,509164,113,1,20936.8,0.0
21351,509165,124,3,16664.22,0.0
21352,509165,168,4,9316.31,0.05
21353,509166,45,3,19474.91,0.2
21354,509166,191,3,39507.0,0.2
21355,509166,167,1,1520.89,0.1
21356,509167,75,2,7343.48,0.05
21357,509167,144,2,43009.16,0.05
21358,509168,120,3,14551.18,0.05
21359,509168,57,2,1412.7,0.2
21360,509169,181,3,20017.36,0.0
21361,509169,109,4,20240.83,0.1
21362,509169,152,1,47494.55,0.0
21363,509170,107,3,13631.76,0.15
21364,509170,56,3,31457.37,0.1
21365,509170,116,2,16741.69,0.0
21366,509171,165,1,6409.81,0.2
21367,509171,18,2,17846.96,0.15
21368,509171,125,1,41076.3,0.05
21369,509171,121,2,43178.12,0.1
21370,509171,92,4,38084.76,0.1
21371,509172,180,4,6088.9,0.0
21372,509172,7,1,32012.11,0.1
21373,509173,154,4,24420.47,0.0
21374,509173,118,1,47968.75,0.2
21375,509173,145,1,5674.44,0.0
21376,509173,79,3,36534.8,0.15
21377,509173,93,2,33594.98,0.0
21378,509174,196,4,8761.57,0.1
21379,509174,89,4,2812.94,0.05
21380,509174,175,3,7528.69,0.1
21381,509174,109,4,20240.83,0.15
21382,509175,7,2,32012.11,0.05
21383,509175,115,1,2799.41,0.1
21384,509176,103,3,33485.32,0.0
21385,509176,151,1,15178.52,0.0
21386,509177,31,1,31665.76,0.0
21387,509177,172,2,35356.68,0.05
21388,509177,191,1,39507.0,0.1
21389,509177,90,3,42489.82,0.15
21390,509178,45,1,19474.91,0.15
21391,509178,87,4,3216.87,0.0
21392,509179,4,1,4600.28,0.2
21393,509179,80,2,26747.7,0.0
21394,509180,9,4,26670.95,0.0
21395,509181,60,3,42396.67,0.0
21396,509182,86,2,25389.28,0.15
21397,509183,99,3,51437.59,0.15
21398,509184,178,1,16239.3,0.15
21399,509184,139,2,36696.68,0.1
21400,509184,51,3,42529.03,0.05
21401,509185,30,3,8599.09,0.0
21402,509185,22,3,20749.3,0.1
21403,509186,15,3,13558.11,0.0
21404,509187,142,1,32662.03,0.15
21405,509187,134,4,24171.94,0.0
21406,509188,104,4,17663.08,0.1
21407,509189,134,1,24171.94,0.05
21408,509189,85,2,30473.88,0.2
21409,509190,200,2,20741.6,0.15
21410,509190,2,4,42946.4,0.0
21411,509191,85,3,30473.88,0.05
21412,509191,120,4,14551.18,0.1
21413,509191,169,1,42129.24,0.1
21414,509191,60,4,42396.67,0.15
21415,509192,160,3,24067.85,0.05
21416,509192,162,3,16150.96,0.1
21417,509193,164,4,54714.33,0.0
21418,509193,31,1,31665.76,0.15
21419,509193,24,2,29412.47,0.0
21420,509194,63,1,14212.89,0.0
21421,509194,106,4,49815.63,0.0
21422,509195,22,4,20749.3,0.0
21423,509195,64,2,23845.3,0.0
21424,509195,47,1,7728.9,0.15
21425,509196,98,2,35512.2,0.0
21426,509196,197,2,20725.99,0.1
21427,509196,149,3,33795.66,0.1
21428,509197,46,2,6300.09,0.1
21429,509197,122,1,7953.1,0.15
21430,509197,126,1,4890.52,0.05
21431,509197,117,2,5573.85,0.0
21432,509197,90,3,42489.82,0.05
21433,509198,125,4,41076.3,0.1
21434,509198,158,3,17301.25,0.0
21435,509198,75,4,7343.48,0.05
21436,509199,21,3,873.24,0.1
21437,509199,160,3,24067.85,0.15
21438,509199,129,4,39450.63,0.0
21439,509199,47,2,7728.9,0.05
21440,509200,68,2,731.88,0.0
21441,509200,179,4,47254.91,0.1
21442,509200,71,1,40831.91,0.05
21443,509200,69,4,20234.72,0.1
21444,509201,152,1,47494.55,0.0
21445,509201,160,4,24067.85,0.2
21446,509201,92,1,38084.76,0.0
21447,509201,17,1,17031.55,0.1
21448,509202,166,4,16527.13,0.0
21449,509202,197,2,20725.99,0.1
21450,509203,36,4,32323.45,0.05
21451,509204,172,4,35356.68,0.05
21452,509204,198,2,44779.95,0.15
21453,509205,118,2,47968.75,0.1
21454,509205,169,1,42129.24,0.1
21455,509205,34,1,15395.87,0.1
21456,509205,160,3,24067.85,0.1
21457,509206,133,2,18726.1,0.15
21458,509206,88,1,22349.99,0.15
21459,509206,22,2,20749.3,0.15
21460,509206,8,3,16654.82,0.05
21461,509206,116,3,16741.69,0.05
21462,509207,48,2,32151.32,0.15
21463,509207,186,1,13953.35,0.0
21464,509207,118,1,47968.75,0.0
21465,509207,98,4,35512.2,0.05
21466,509207,167,4,1520.89,0.2
21467,509208,66,4,7626.75,0.05
21468,509208,9,2,26670.95,0.15
21469,509209,119,3,20465.15,0.05
21470,509209,17,1,17031.55,0.15
21471,509209,67,3,32514.47,0.0
21472,509210,129,1,39450.63,0.1
21473,509210,190,3,52000.43,0.0
21474,509211,23,1,45229.71,0.1
21475,509211,94,2,30089.86,0.0
21476,509211,133,1,18726.1,0.15
21477,509212,181,4,20017.36,0.0
21478,509212,155,2,51623.31,0.05
21479,509213,10,1,34430.26,0.0
21480,509213,80,3,26747.7,0.1
21481,509214,144,1,43009.16,0.0
21482,509214,24,4,29412.47,0.0
21483,509215,78,3,9475.8,0.15
21484,509215,21,3,873.24,0.1
21485,509216,100,2,46791.69,0.0
21486,509216,148,4,30748.98,0.0
21487,509217,60,4,42396.67,0.05
21488,509217,120,3,14551.18,0.15
21489,509217,6,2,15719.14,0.15
21490,509218,170,3,31500.56,0.0
21491,509219,184,2,46019.64,0.0
21492,509219,65,2,26891.02,0.2
21493,509219,102,3,25753.85,0.1
21494,509220,127,2,16509.71,0.05
21495,509221,196,3,8761.57,0.1
21496,509222,111,4,41282.72,0.05
21497,509223,178,4,16239.3,0.15
21498,509224,139,1,36696.68,0.1
21499,509224,182,3,25258.66,0.0
21500,509224,177,2,7521.62,0.05
21501,509224,147,2,51028.85,0.1
21502,509225,169,1,42129.24,0.05
21503,509225,79,4,36534.8,0.05
21504,509225,103,2,33485.32,0.2
21505,509226,75,1,7343.48,0.0
21506,509226,119,3,20465.15,0.0
21507,509226,72,2,33843.05,0.2
21508,509227,97,4,9014.15,0.1
21509,509227,102,1,25753.85,0.1
21510,509227,173,2,31442.32,0.1
21511,509228,82,2,26994.56,0.0
21512,509228,46,4,6300.09,0.2
21513,509228,139,3,36696.68,0.1
21514,509229,174,4,3057.35,0.2
21515,509229,51,4,42529.03,0.0
21516,509229,44,2,23585.72,0.15
21517,509229,72,2,33843.05,0.1
21518,509230,1,3,45769.48,0.2
21519,509230,157,2,26053.23,0.1
21520,509231,105,2,28367.27,0.0
21521,509232,82,3,26994.56,0.15
21522,509232,172,4,35356.68,0.1
21523,509232,36,1,32323.45,0.0
21524,509232,190,4,52000.43,0.0
21525,509233,143,1,8499.37,0.15
21526,509233,5,2,32053.9,0.15
21527,509234,105,3,28367.27,0.15
21528,509234,120,2,14551.18,0.05
21529,509234,100,1,46791.69,0.15
21530,509234,5,3,32053.9,0.1
21531,509235,187,4,50291.33,0.15
21532,509235,118,4,47968.75,0.05
21533,509235,61,3,23045.67,0.0
21534,509235,72,4,33843.05,0.05
21535,509236,193,2,1419.66,0.2
21536,509236,78,2,9475.8,0.05
21537,509237,56,1,31457.37,0.0
21538,509237,196,3,8761.57,0.15
21539,509237,82,4,26994.56,0.1
21540,509237,63,3,14212.89,0.2
21541,509238,34,1,15395.87,0.1
21542,509239,200,2,20741.6,0.1
21543,509239,163,1,1143.45,0.05
21544,509239,190,4,52000.43,0.1
21545,509240,64,1,23845.3,0.0
21546,509240,126,4,4890.52,0.15
21547,509240,68,2,731.88,0.0
21548,509241,50,3,37071.05,0.15
21549,509241,94,3,30089.86,0.1
21550,509241,61,3,23045.67,0.0
21551,509241,136,2,48294.58,0.05
21552,509242,74,4,9594.57,0.05
21553,509242,39,3,42117.5,0.0
21554,509243,181,2,20017.36,0.0
21555,509244,13,2,41294.2,0.05
21556,509245,195,3,39570.05,0.0
21557,509245,139,1,36696.68,0.0
21558,509246,22,1,20749.3,0.0
21559,509246,7,1,32012.11,0.05
21560,509247,79,3,36534.8,0.0
21561,509247,85,3,30473.88,0.1
21562,509248,115,4,2799.41,0.15
21563,509248,68,4,731.88,0.0
21564,509248,197,1,20725.99,0.0
21565,509249,81,4,15504.13,0.15
21566,509249,59,3,542.46,0.05
21567,509250,86,3,25389.28,0.1
21568,509251,174,2,3057.35,0.0
21569,509252,117,2,5573.85,0.1
21570,509252,114,1,24883.58,0.05
21571,509252,88,3,22349.99,0.1
21572,509252,75,4,7343.48,0.0
21573,509253,68,4,731.88,0.2
21574,509253,94,2,30089.86,0.0
21575,509253,97,2,9014.15,0.1
21576,509254,41,2,790.54,0.0
21577,509254,43,4,25517.07,0.1
21578,509255,106,3,49815.63,0.1
21579,509255,129,1,39450.63,0.0
21580,509256,200,1,20741.6,0.1
21581,509257,62,2,3498.04,0.05
21582,509258,151,3,15178.52,0.0
21583,509258,177,4,7521.62,0.05
21584,509258,116,2,16741.69,0.1
21585,509258,153,3,34143.04,0.05
21586,509259,31,2,31665.76,0.2
21587,509260,168,1,9316.31,0.1
21588,509261,6,1,15719.14,0.0
21589,509261,46,1,6300.09,0.15
21590,509262,127,3,16509.71,0.0
21591,509262,92,2,38084.76,0.0
21592,509262,152,3,47494.55,0.05
21593,509262,188,4,6070.27,0.15
21594,509263,128,3,39089.34,0.15
21595,509263,154,3,24420.47,0.05
21596,509264,199,1,40427.21,0.0
21597,509264,115,4,2799.41,0.0
21598,509264,99,2,51437.59,0.1
21599,509265,87,3,3216.87,0.2
21600,509265,162,3,16150.96,0.15
21601,509265,58,4,38058.28,0.0
21602,509265,63,3,14212.89,0.2
21603,509266,101,1,36836.08,0.0
21604,509266,145,2,5674.44,0.2
21605,509266,22,1,20749.3,0.1
21606,509266,28,1,34955.61,0.05
21607,509267,146,4,4466.06,0.15
21608,509267,173,3,31442.32,0.2
21609,509268,168,2,9316.31,0.1
21610,509269,31,4,31665.76,0.0
21611,509269,159,2,25532.77,0.1
21612,509270,21,2,873.24,0.15
21613,509270,127,2,16509.71,0.05
21614,509270,15,4,13558.11,0.15
21615,509270,116,1,16741.69,0.05
21616,509271,116,1,16741.69,0.1
21617,509271,62,3,3498.04,0.15
21618,509271,164,4,54714.33,0.1
21619,509272,180,1,6088.9,0.1
21620,509272,85,2,30473.88,0.0
21621,509272,101,2,36836.08,0.05
21622,509272,69,2,20234.72,0.1
21623,509272,38,1,33762.69,0.15
21624,509273,199,2,40427.21,0.2
21625,509273,18,1,17846.96,0.1
21626,509274,19,1,21391.84,0.15
21627,509275,163,4,1143.45,0.1
21628,509275,38,4,33762.69,0.15
21629,509276,41,3,790.54,0.1
21630,509276,27,4,52025.44,0.0
21631,509276,125,4,41076.3,0.05
21632,509276,117,4,5573.85,0.05
21633,509277,93,4,33594.98,0.1
21634,509278,55,2,45214.9,0.15
21635,509278,89,4,2812.94,0.05
21636,509279,126,1,4890.52,0.15
21637,509279,63,4,14212.89,0.1
21638,509280,157,3,26053.23,0.0
21639,509280,118,4,47968.75,0.2
21640,509281,179,4,47254.91,0.05
21641,509281,48,2,32151.32,0.15
21642,509282,48,2,32151.32,0.1
21643,509282,168,1,9316.31,0.1
21644,509283,186,3,13953.35,0.15
21645,509283,73,1,32339.91,0.0
21646,509283,70,3,9185.74,0.2
21647,509283,82,4,26994.56,0.0
21648,509284,102,1,25753.85,0.05
21649,509284,193,2,1419.66,0.0
21650,509285,196,1,8761.57,0.2
21651,509285,17,4,17031.55,0.05
21652,509285,49,4,33529.65,0.0
21653,509286,148,2,30748.98,0.1
21654,509287,189,4,36176.21,0.1
21655,509287,30,1,8599.09,0.05
21656,509288,152,4,47494.55,0.1
21657,509289,142,2,32662.03,0.0
21658,509290,162,1,16150.96,0.05
21659,509290,42,3,17076.73,0.1
21660,509291,32,2,30436.6,0.0
21661,509291,130,3,1826.9,0.1
21662,509292,161,1,45736.6,0.05
21663,509293,51,2,42529.03,0.2
21664,509293,148,2,30748.98,0.0
21665,509293,174,3,3057.35,0.1
21666,509293,29,1,40427.0,0.0
21667,509294,14,1,28958.7,0.1
21668,509294,193,2,1419.66,0.1
21669,509294,121,1,43178.12,0.0
21670,509295,163,4,1143.45,0.1
21671,509295,8,1,16654.82,0.1
21672,509295,84,2,26499.83,0.05
21673,509295,22,2,20749.3,0.1
21674,509295,78,1,9475.8,0.05
21675,509296,55,1,45214.9,0.0
21676,509296,198,1,44779.95,0.2
21677,509296,109,2,20240.83,0.1
21678,509297,175,4,7528.69,0.1
21679,509297,71,3,40831.91,0.0
21680,509298,53,3,41659.1,0.15
21681,509298,154,1,24420.47,0.0
21682,509299,147,3,51028.85,0.0
21683,509299,22,3,20749.3,0.05
21684,509299,171,1,22643.94,0.05
21685,509299,121,3,43178.12,0.1
21686,509299,176,2,42034.94,0.1
21687,509300,148,4,30748.98,0.15
21688,509300,77,1,45039.66,0.15
21689,509301,73,2,32339.91,0.05
21690,509301,165,2,6409.81,0.05
21691,509302,192,1,906.98,0.1
21692,509302,62,3,3498.04,0.15
21693,509303,1,3,45769.48,0.0
21694,509304,195,1,39570.05,0.05
21695,509304,58,1,38058.28,0.1
21696,509304,76,3,1551.17,0.05
21697,509304,170,2,31500.56,0.0
21698,509305,120,1,14551.18,0.15
21699,509306,119,4,20465.15,0.05
21700,509307,172,2,35356.68,0.15
21701,509307,106,2,49815.63,0.2
21702,509307,95,2,7858.6,0.1
21703,509308,103,3,33485.32,0.0
21704,509308,36,1,32323.45,0.1
21705,509308,102,2,25753.85,0.2
21706,509308,81,3,15504.13,0.0
21707,509309,37,3,8747.32,0.0
21708,509309,187,2,50291.33,0.05
21709,509309,195,3,39570.05,0.15
21710,509309,178,3,16239.3,0.0
21711,509310,113,2,20936.8,0.1
21712,509310,138,4,5148.37,0.15
21713,509310,106,4,49815.63,0.0
21714,509311,128,3,39089.34,0.1
21715,509311,140,1,19515.46,0.0
21716,509312,143,1,8499.37,0.0
21717,509312,97,1,9014.15,0.15
21718,509313,191,2,39507.0,0.0
21719,509314,71,2,40831.91,0.0
21720,509315,149,4,33795.66,0.05
21721,509315,82,4,26994.56,0.0
21722,509315,57,2,1412.7,0.1
21723,509315,69,4,20234.72,0.0
21724,509316,156,2,9479.93,0.2
21725,509316,166,4,16527.13,0.05
21726,509316,130,3,1826.9,0.05
21727,509316,39,2,42117.5,0.15
21728,509317,94,2,30089.86,0.1
21729,509318,66,2,7626.75,0.0
21730,509318,87,1,3216.87,0.0
21731,509319,36,2,32323.45,0.0
21732,509319,101,2,36836.08,0.05
21733,509319,68,2,731.88,0.1
21734,509319,173,3,31442.32,0.1
21735,509319,64,3,23845.3,0.05
21736,509320,102,4,25753.85,0.1
21737,509320,50,3,37071.05,0.1
21738,509321,22,4,20749.3,0.0
21739,509321,23,3,45229.71,0.15
21740,509322,39,2,42117.5,0.05
21741,509323,195,1,39570.05,0.05
21742,509323,58,4,38058.28,0.15
21743,509324,131,1,935.86,0.0
21744,509324,192,4,906.98,0.1
21745,509325,20,4,27803.61,0.1
21746,509325,97,1,9014.15,0.0
21747,509325,141,1,9199.37,0.1
21748,509326,160,3,24067.85,0.1
21749,509326,83,1,10948.99,0.05
21750,509327,100,1,46791.69,0.0
21751,509327,77,2,45039.66,0.0
21752,509328,166,4,16527.13,0.1
21753,509328,90,1,42489.82,0.1
21754,509329,59,3,542.46,0.05
21755,509329,78,4,9475.8,0.1
21756,509330,115,2,2799.41,0.0
21757,509331,139,1,36696.68,0.1
21758,509331,117,4,5573.85,0.05
21759,509332,168,2,9316.31,0.05
21760,509332,110,2,13452.58,0.15
21761,509333,63,3,14212.89,0.1
21762,509334,117,2,5573.85,0.0
21763,509334,10,2,34430.26,0.0
21764,509334,84,1,26499.83,0.1
21765,509334,28,2,34955.61,0.1
21766,509335,170,4,31500.56,0.2
21767,509335,157,3,26053.23,0.15
21768,509336,85,1,30473.88,0.15
21769,509336,100,4,46791.69,0.05
21770,509336,101,1,36836.08,0.1
21771,509337,65,1,26891.02,0.15
21772,509337,111,3,41282.72,0.0
21773,509337,50,1,37071.05,0.2
21774,509337,113,1,20936.8,0.0
21775,509338,152,2,47494.55,0.0
21776,509339,90,3,42489.82,0.2
21777,509340,105,3,28367.27,0.1
21778,509341,128,3,39089.34,0.1
21779,509341,52,2,43157.07,0.1
21780,509341,179,3,47254.91,0.05
21781,509341,165,3,6409.81,0.0
21782,509342,133,4,18726.1,0.0
21783,509342,50,4,37071.05,0.1
21784,509343,27,3,52025.44,0.0
21785,509343,126,1,4890.52,0.1
21786,509344,92,1,38084.76,0.0
21787,509345,103,2,33485.32,0.0
21788,509346,6,1,15719.14,0.15
21789,509346,115,2,2799.41,0.1
21790,509347,9,3,26670.95,0.15
21791,509347,34,4,15395.87,0.1
21792,509347,182,4,25258.66,0.05
21793,509348,24,1,29412.47,0.1
21794,509348,16,4,17752.56,0.05
21795,509349,97,1,9014.15,0.05
21796,509350,5,4,32053.9,0.0
21797,509350,180,4,6088.9,0.0
21798,509350,47,2,7728.9,0.15
21799,509351,21,4,873.24,0.1
21800,509351,92,2,38084.76,0.1
21801,509351,47,3,7728.9,0.0
21802,509351,112,3,22042.94,0.0
21803,509352,32,2,30436.6,0.05
21804,509352,13,3,41294.2,0.0
21805,509353,196,4,8761.57,0.2
21806,509353,53,2,41659.1,0.05
21807,509353,140,2,19515.46,0.05
21808,509354,7,2,32012.11,0.0
21809,509354,84,3,26499.83,0.1
21810,509354,74,1,9594.57,0.05
21811,509354,124,1,16664.22,0.05
21812,509355,142,1,32662.03,0.2
21813,509355,27,2,52025.44,0.05
21814,509356,168,3,9316.31,0.1
21815,509357,167,3,1520.89,0.05
21816,509357,19,1,21391.84,0.05
21817,509358,32,1,30436.6,0.1
21818,509359,183,3,2591.66,0.05
21819,509360,82,3,26994.56,0.1
21820,509360,10,4,34430.26,0.0
21821,509360,90,3,42489.82,0.15
21822,509360,38,2,33762.69,0.15
21823,509361,19,4,21391.84,0.1
21824,509361,53,4,41659.1,0.1
21825,509361,1,1,45769.48,0.1
21826,509361,171,2,22643.94,0.2
21827,509362,72,4,33843.05,0.0
21828,509362,166,2,16527.13,0.0
21829,509362,136,4,48294.58,0.15
21830,509363,25,2,28894.26,0.05
21831,509363,84,3,26499.83,0.05
21832,509363,134,4,24171.94,0.0
21833,509363,159,1,25532.77,0.0
21834,509364,36,1,32323.45,0.15
21835,509364,103,1,33485.32,0.1
21836,509364,170,1,31500.56,0.0
21837,509364,66,4,7626.75,0.0
21838,509365,45,3,19474.91,0.05
21839,509365,3,1,2440.7,0.05
21840,509365,50,2,37071.05,0.15
21841,509366,157,4,26053.23,0.05
21842,509366,30,2,8599.09,0.1
21843,509366,179,3,47254.91,0.05
21844,509366,38,1,33762.69,0.15
21845,509367,108,2,22454.46,0.1
21846,509367,85,2,30473.88,0.15
21847,509367,197,2,20725.99,0.1
21848,509367,28,4,34955.61,0.1
21849,509368,164,3,54714.33,0.1
21850,509369,20,1,27803.61,0.2
21851,509369,131,4,935.86,0.0
21852,509369,43,4,25517.07,0.2
21853,509369,186,2,13953.35,0.0
21854,509369,138,2,5148.37,0.2
21855,509370,179,1,47254.91,0.0
21856,509370,164,1,54714.33,0.1
21857,509370,67,1,32514.47,0.1
21858,509370,175,1,7528.69,0.1
21859,509370,57,2,1412.7,0.0
21860,509371,123,2,44154.33,0.1
21861,509372,182,3,25258.66,0.15
21862,509372,120,2,14551.18,0.1
21863,509372,57,2,1412.7,0.15
21864,509373,58,4,38058.28,0.2
21865,509374,104,3,17663.08,0.05
21866,509374,80,3,26747.7,0.1
21867,509375,198,4,44779.95,0.15
21868,509375,24,3,29412.47,0.1
21869,509375,5,3,32053.9,0.1
21870,509376,35,3,3103.89,0.2
21871,509377,173,2,31442.32,0.05
21872,509377,69,4,20234.72,0.0
21873,509377,170,2,31500.56,0.0
21874,509378,173,4,31442.32,0.2
21875,509378,14,3,28958.7,0.05
21876,509379,43,2,25517.07,0.1
21877,509380,1,3,45769.48,0.1
21878,509380,128,2,39089.34,0.0
21879,509380,25,1,28894.26,0.0
21880,509381,8,3,16654.82,0.05
21881,509381,75,2,7343.48,0.1
21882,509381,24,1,29412.47,0.1
21883,509381,183,3,2591.66,0.05
21884,509381,29,4,40427.0,0.0
21885,509382,26,1,13443.96,0.0
21886,509383,160,3,24067.85,0.05
21887,509383,52,4,43157.07,0.2
21888,509384,1,3,45769.48,0.0
21889,509385,104,4,17663.08,0.1
21890,509386,141,1,9199.37,0.0
21891,509386,2,4,42946.4,0.1
21892,509387,166,3,16527.13,0.15
21893,509388,200,1,20741.6,0.0
21894,509388,15,4,13558.11,0.05
21895,509388,116,3,16741.69,0.0
21896,509389,23,3,45229.71,0.1
21897,509390,79,2,36534.8,0.1
21898,509390,115,2,2799.41,0.0
21899,509390,168,4,9316.31,0.0
21900,509391,15,4,13558.11,0.1
21901,509392,162,3,16150.96,0.15
21902,509392,130,1,1826.9,0.0
21903,509392,155,4,51623.31,0.1
21904,509392,157,2,26053.23,0.1
21905,509393,175,4,7528.69,0.15
21906,509393,110,3,13452.58,0.0
21907,509394,151,3,15178.52,0.0
21908,509395,109,1,20240.83,0.15
21909,509396,100,1,46791.69,0.2
21910,509396,52,2,43157.07,0.05
21911,509397,102,2,25753.85,0.0
21912,509397,94,4,30089.86,0.05
21913,509397,37,4,8747.32,0.1
21914,509397,116,3,16741.69,0.05
21915,509398,18,1,17846.96,0.0
21916,509398,45,2,19474.91,0.1
21917,509399,9,1,26670.95,0.2
21918,509399,105,4,28367.27,0.05
21919,509400,106,3,49815.63,0.2
21920,509400,4,2,4600.28,0.1
21921,509400,69,3,20234.72,0.1
21922,509401,26,2,13443.96,0.1
21923,509402,144,1,43009.16,0.0
21924,509402,75,4,7343.48,0.05
21925,509402,80,4,26747.7,0.2
21926,509403,108,1,22454.46,0.05
21927,509404,98,2,35512.2,0.1
21928,509404,12,4,8809.95,0.1
21929,509404,182,3,25258.66,0.15
21930,509404,20,3,27803.61,0.1
21931,509405,85,4,30473.88,0.1
21932,509405,55,4,45214.9,0.0
21933,509405,72,3,33843.05,0.2
21934,509405,90,4,42489.82,0.0
21935,509406,38,3,33762.69,0.0
21936,509407,52,3,43157.07,0.0
21937,509408,45,2,19474.91,0.05
21938,509408,190,1,52000.43,0.1
21939,509408,37,2,8747.32,0.1
21940,509409,90,2,42489.82,0.15
21941,509409,149,4,33795.66,0.0
21942,509409,131,3,935.86,0.15
21943,509410,40,4,12159.56,0.0
21944,509410,56,1,31457.37,0.0
21945,509410,74,1,9594.57,0.0
21946,509411,149,1,33795.66,0.2
21947,509411,71,4,40831.91,0.1
21948,509412,22,2,20749.3,0.05
21949,509413,106,1,49815.63,0.0
21950,509413,52,3,43157.07,0.1
21951,509413,64,1,23845.3,0.05
21952,509414,42,4,17076.73,0.05
21953,509415,44,4,23585.72,0.15
21954,509415,134,4,24171.94,0.1
21955,509416,37,1,8747.32,0.15
21956,509416,130,2,1826.9,0.05
21957,509417,173,1,31442.32,0.1
21958,509417,13,4,41294.2,0.15
21959,509418,31,2,31665.76,0.1
21960,509418,193,1,1419.66,0.1
21961,509418,92,2,38084.76,0.1
21962,509418,179,3,47254.91,0.1
21963,509419,185,4,11835.89,0.1
21964,509419,151,2,15178.52,0.1
21965,509420,155,1,51623.31,0.15
21966,509420,171,2,22643.94,0.1
21967,509421,155,2,51623.31,0.1
21968,509421,115,1,2799.41,0.15
21969,509421,166,3,16527.13,0.0
21970,509421,98,3,35512.2,0.1
21971,509422,124,2,16664.22,0.0
21972,509422,117,2,5573.85,0.0
21973,509423,86,4,25389.28,0.05
21974,509423,46,1,6300.09,0.1
21975,509423,59,3,542.46,0.0
21976,509424,135,4,25804.56,0.15
21977,509424,187,2,50291.33,0.15
21978,509424,16,3,17752.56,0.05
21979,509424,104,2,17663.08,0.05
21980,509425,90,2,42489.82,0.0
21981,509425,67,3,32514.47,0.15
21982,509425,66,4,7626.75,0.0
21983,509426,51,1,42529.03,0.05
21984,509427,71,4,40831.91,0.1
21985,509428,131,3,935.86,0.0
21986,509428,100,3,46791.69,0.0
21987,509429,27,4,52025.44,0.0
21988,509430,91,4,37325.93,0.1
21989,509430,177,2,7521.62,0.2
21990,509431,192,2,906.98,0.05
21991,509432,169,2,42129.24,0.1
21992,509433,171,2,22643.94,0.0
21993,509433,183,2,2591.66,0.1
21994,509434,43,2,25517.07,0.1
21995,509435,52,4,43157.07,0.15
21996,509436,16,3,17752.56,0.1
21997,509436,200,4,20741.6,0.0
21998,509436,95,1,7858.6,0.05
21999,509437,88,4,22349.99,0.0
22000,509437,51,1,42529.03,0.15
22001,509437,160,3,24067.85,0.1
22002,509437,24,4,29412.47,0.05
22003,509438,176,1,42034.94,0.05
22004,509438,101,3,36836.08,0.15
22005,509438,143,2,8499.37,0.1
22006,509439,167,2,1520.89,0.05
22007,509439,136,3,48294.58,0.0
22008,509439,53,3,41659.1,0.05
22009,509439,59,3,542.46,0.1
22010,509440,149,4,33795.66,0.1
22011,509441,171,2,22643.94,0.05
22012,509441,200,2,20741.6,0.0
22013,509441,70,1,9185.74,0.15
22014,509442,37,1,8747.32,0.0
22015,509442,186,1,13953.35,0.15
22016,509443,56,4,31457.37,0.2
22017,509443,162,4,16150.96,0.05
22018,509444,196,3,8761.57,0.15
22019,509444,50,3,37071.05,0.0
22020,509444,89,3,2812.94,0.05
22021,509445,42,2,17076.73,0.15
22022,509445,70,3,9185.74,0.0
22023,509445,159,2,25532.77,0.15
22024,509446,193,4,1419.66,0.15
22025,509447,101,4,36836.08,0.1
22026,509447,178,1,16239.3,0.05
22027,509448,191,3,39507.0,0.0
22028,509448,90,1,42489.82,0.05
22029,509448,159,2,25532.77,0.0
22030,509449,127,3,16509.71,0.15
22031,509449,83,1,10948.99,0.1
22032,509450,85,3,30473.88,0.15
22033,509450,83,4,10948.99,0.1
22034,509451,8,1,16654.82,0.1
22035,509452,71,4,40831.91,0.0
22036,509453,119,4,20465.15,0.15
22037,509453,107,1,13631.76,0.0
22038,509454,43,4,25517.07,0.0
22039,509454,72,1,33843.05,0.0
22040,509455,122,3,7953.1,0.15
22041,509456,189,3,36176.21,0.1
22042,509456,16,4,17752.56,0.0
22043,509456,11,2,10297.51,0.0
22044,509457,169,1,42129.24,0.05
22045,509457,49,2,33529.65,0.15
22046,509457,65,2,26891.02,0.1
22047,509458,168,2,9316.31,0.1
22048,509459,6,4,15719.14,0.0
22049,509460,141,3,9199.37,0.0
22050,509460,101,1,36836.08,0.05
22051,509460,71,3,40831.91,0.0
22052,509460,114,3,24883.58,0.1
22053,509461,199,1,40427.21,0.15
22054,509461,98,2,35512.2,0.05
22055,509461,187,4,50291.33,0.1
22056,509461,130,1,1826.9,0.1
22057,509462,143,1,8499.37,0.05
22058,509462,53,1,41659.1,0.2
22059,509462,69,2,20234.72,0.05
22060,509462,61,1,23045.67,0.1
22061,509462,151,3,15178.52,0.0
22062,509463,98,3,35512.2,0.15
22063,509463,155,1,51623.31,0.15
22064,509463,95,2,7858.6,0.0
22065,509464,189,2,36176.21,0.1
22066,509464,112,4,22042.94,0.1
22067,509464,117,4,5573.85,0.05
22068,509464,163,2,1143.45,0.15
22069,509465,139,4,36696.68,0.15
22070,509466,58,2,38058.28,0.2
22071,509467,146,1,4466.06,0.05
22072,509468,28,4,34955.61,0.2
22073,509468,159,3,25532.77,0.2
22074,509469,102,3,25753.85,0.1
22075,509470,121,1,43178.12,0.0
22076,509470,86,2,25389.28,0.1
22077,509471,72,4,33843.05,0.1
22078,509472,106,2,49815.63,0.05
22079,509472,116,3,16741.69,0.0
22080,509473,17,2,17031.55,0.0
22081,509473,154,2,24420.47,0.0
22082,509473,114,4,24883.58,0.0
22083,509473,183,4,2591.66,0.2
22084,509474,182,2,25258.66,0.15
22085,509474,65,1,26891.02,0.0
22086,509474,56,1,31457.37,0.1
22087,509475,190,4,52000.43,0.15
22088,509475,17,3,17031.55,0.2
22089,509476,162,4,16150.96,0.05
22090,509477,152,1,47494.55,0.1
22091,509478,66,2,7626.75,0.2
22092,509478,151,1,15178.52,0.2
22093,509479,15,1,13558.11,0.0
22094,509480,123,3,44154.33,0.05
22095,509480,177,1,7521.62,0.0
22096,509480,105,2,28367.27,0.15
22097,509481,186,3,13953.35,0.15
22098,509481,98,4,35512.2,0.15
22099,509481,85,4,30473.88,0.05
22100,509481,19,3,21391.84,0.0
22101,509482,3,2,2440.7,0.1
22102,509483,1,4,45769.48,0.2
22103,509484,59,3,542.46,0.15
22104,509485,181,1,20017.36,0.0
22105,509485,128,1,39089.34,0.15
22106,509485,137,4,11644.84,0.1
22107,509486,7,4,32012.11,0.1
22108,509487,73,2,32339.91,0.0
22109,509487,195,3,39570.05,0.0
22110,509487,104,1,17663.08,0.05
22111,509488,44,1,23585.72,0.2
22112,509488,124,3,16664.22,0.0
22113,509489,122,3,7953.1,0.15
22114,509489,60,3,42396.67,0.05
22115,509490,19,1,21391.84,0.0
22116,509490,112,4,22042.94,0.1
22117,509490,32,2,30436.6,0.15
22118,509491,26,2,13443.96,0.1
22119,509491,114,3,24883.58,0.15
22120,509492,199,3,40427.21,0.0
22121,509492,176,1,42034.94,0.1
22122,509492,169,2,42129.24,0.2
22123,509493,79,1,36534.8,0.0
22124,509494,153,3,34143.04,0.0
22125,509494,4,2,4600.28,0.15
22126,509494,164,4,54714.33,0.1
22127,509495,102,1,25753.85,0.1
22128,509495,22,4,20749.3,0.0
22129,509495,12,1,8809.95,0.05
22130,509495,119,3,20465.15,0.1
22131,509496,197,4,20725.99,0.0
22132,509497,113,1,20936.8,0.0
22133,509497,102,4,25753.85,0.1
22134,509498,85,4,30473.88,0.1
22135,509498,147,4,51028.85,0.05
22136,509498,181,3,20017.36,0.0
22137,509499,165,1,6409.81,0.0
22138,509500,185,3,11835.89,0.1
22139,509500,145,1,5674.44,0.0
22140,509501,65,4,26891.02,0.0
22141,509502,143,2,8499.37,0.0
22142,509502,23,3,45229.71,0.0
22143,509502,152,2,47494.55,0.05
22144,509503,175,3,7528.69,0.0
22145,509503,133,3,18726.1,0.0
22146,509504,130,4,1826.9,0.05
22147,509504,100,2,46791.69,0.05
22148,509505,74,1,9594.57,0.1
22149,509505,14,1,28958.7,0.2
22150,509505,88,3,22349.99,0.15
22151,509506,176,1,42034.94,0.05
22152,509506,49,1,33529.65,0.1
22153,509506,77,1,45039.66,0.15
22154,509507,44,2,23585.72,0.1
22155,509508,148,3,30748.98,0.0
22156,509509,178,1,16239.3,0.05
22157,509510,186,3,13953.35,0.05
22158,509510,53,3,41659.1,0.15
22159,509510,80,2,26747.7,0.05
22160,509510,200,4,20741.6,0.05
22161,509511,83,4,10948.99,0.15
22162,509511,104,1,17663.08,0.1
22163,509512,9,3,26670.95,0.0
22164,509513,47,2,7728.9,0.0
22165,509513,99,2,51437.59,0.0
22166,509514,69,2,20234.72,0.0
22167,509514,124,2,16664.22,0.1
22168,509515,135,1,25804.56,0.2
22169,509515,179,1,47254.91,0.05
22170,509516,51,4,42529.03,0.05
22171,509516,149,1,33795.66,0.1
22172,509517,6,4,15719.14,0.05
22173,509518,5,1,32053.9,0.15
22174,509519,39,2,42117.5,0.05
22175,509519,17,2,17031.55,0.0
22176,509519,94,2,30089.86,0.1
22177,509520,133,3,18726.1,0.15
22178,509520,143,2,8499.37,0.0
22179,509520,199,1,40427.21,0.1
22180,509521,188,3,6070.27,0.0
22181,509521,75,2,7343.48,0.15
22182,509521,151,3,15178.52,0.05
22183,509522,110,3,13452.58,0.1
22184,509523,102,2,25753.85,0.2
22185,509523,130,1,1826.9,0.1
22186,509523,18,1,17846.96,0.05
22187,509523,126,4,4890.52,0.15
22188,509523,167,1,1520.89,0.1
22189,509524,119,4,20465.15,0.0
22190,509525,52,2,43157.07,0.2
22191,509525,106,2,49815.63,0.0
22192,509525,129,2,39450.63,0.05
22193,509526,74,1,9594.57,0.1
22194,509526,75,4,7343.48,0.0
22195,509526,45,2,19474.91,0.1
22196,509527,7,3,32012.11,0.0
22197,509528,144,4,43009.16,0.15
22198,509529,118,2,47968.75,0.05
22199,509529,18,1,17846.96,0.1
22200,509529,165,4,6409.81,0.1
22201,509530,114,2,24883.58,0.05
22202,509530,89,3,2812.94,0.2
22203,509531,1,4,45769.48,0.2
22204,509531,65,4,26891.02,0.1
22205,509531,119,1,20465.15,0.1
22206,509531,26,2,13443.96,0.0
22207,509531,158,4,17301.25,0.1
22208,509532,66,2,7626.75,0.1
22209,509532,98,3,35512.2,0.1
22210,509532,193,1,1419.66,0.05
22211,509533,191,4,39507.0,0.0
22212,509533,74,3,9594.57,0.2
22213,509533,23,2,45229.71,0.1
22214,509533,183,3,2591.66,0.1
22215,509534,12,1,8809.95,0.0
22216,509534,81,1,15504.13,0.2
22217,509534,75,4,7343.48,0.15
22218,509535,41,4,790.54,0.1
22219,509535,14,1,28958.7,0.0
22220,509536,61,2,23045.67,0.05
22221,509536,177,3,7521.62,0.05
22222,509536,15,2,13558.11,0.15
22223,509536,34,2,15395.87,0.0
22224,509536,147,1,51028.85,0.1
22225,509537,117,1,5573.85,0.15
22226,509537,184,2,46019.64,0.1
22227,509537,20,1,27803.61,0.1
22228,509538,148,3,30748.98,0.05
22229,509539,165,2,6409.81,0.0
22230,509539,96,1,33785.82,0.2
22231,509540,2,1,42946.4,0.15
22232,509541,163,4,1143.45,0.05
22233,509541,86,4,25389.28,0.15
22234,509541,8,2,16654.82,0.0
22235,509541,51,2,42529.03,0.0
22236,509541,54,3,28353.11,0.0
22237,509542,113,3,20936.8,0.15
22238,509542,116,1,16741.69,0.15
22239,509542,53,3,41659.1,0.0
22240,509543,138,3,5148.37,0.0
22241,509543,89,2,2812.94,0.05
22242,509544,80,4,26747.7,0.05
22243,509544,49,4,33529.65,0.1
22244,509544,14,2,28958.7,0.1
22245,509544,141,2,9199.37,0.0
22246,509544,32,3,30436.6,0.0
22247,509545,174,1,3057.35,0.0
22248,509545,134,1,24171.94,0.0
22249,509546,115,2,2799.41,0.2
22250,509546,57,3,1412.7,0.15
22251,509547,64,3,23845.3,0.05
22252,509547,56,1,31457.37,0.1
22253,509548,48,2,32151.32,0.0
22254,509549,188,2,6070.27,0.0
22255,509550,108,2,22454.46,0.0
22256,509550,184,4,46019.64,0.2
22257,509551,64,3,23845.3,0.15
22258,509552,187,3,50291.33,0.0
22259,509552,7,3,32012.11,0.05
22260,509552,142,1,32662.03,0.0
22261,509552,126,2,4890.52,0.15
22262,509553,1,3,45769.48,0.05
22263,509553,70,2,9185.74,0.05
22264,509554,197,3,20725.99,0.05
22265,509554,30,1,8599.09,0.0
22266,509555,59,1,542.46,0.2
22267,509556,108,4,22454.46,0.05
22268,509556,76,1,1551.17,0.05
22269,509557,74,3,9594.57,0.05
22270,509557,71,3,40831.91,0.0
22271,509557,36,4,32323.45,0.15
22272,509558,112,2,22042.94,0.05
22273,509558,193,2,1419.66,0.1
22274,509558,150,3,23255.73,0.0
22275,509558,36,2,32323.45,0.2
22276,509558,66,4,7626.75,0.1
22277,509559,156,3,9479.93,0.1
22278,509560,150,1,23255.73,0.0
22279,509561,27,1,52025.44,0.0
22280,509562,56,1,31457.37,0.05
22281,509562,94,2,30089.86,0.15
22282,509563,60,2,42396.67,0.0
22283,509564,199,1,40427.21,0.0
22284,509565,15,3,13558.11,0.05
22285,509565,8,4,16654.82,0.1
22286,509565,37,4,8747.32,0.0
22287,509566,118,1,47968.75,0.0
22288,509566,182,3,25258.66,0.0
22289,509566,51,4,42529.03,0.15
22290,509567,57,2,1412.7,0.0
22291,509567,17,4,17031.55,0.0
22292,509568,22,4,20749.3,0.1
22293,509568,30,4,8599.09,0.15
22294,509569,102,2,25753.85,0.1
22295,509569,159,1,25532.77,0.0
22296,509569,10,1,34430.26,0.1
22297,509570,5,4,32053.9,0.0
22298,509571,128,3,39089.34,0.05
22299,509571,34,3,15395.87,0.05
22300,509571,139,4,36696.68,0.05
22301,509572,95,3,7858.6,0.0
22302,509573,127,4,16509.71,0.0
22303,509573,66,1,7626.75,0.05
22304,509574,20,1,27803.61,0.0
22305,509574,169,4,42129.24,0.1
22306,509575,119,1,20465.15,0.0
22307,509575,91,3,37325.93,0.1
22308,509575,106,1,49815.63,0.1
22309,509576,184,3,46019.64,0.15
22310,509576,43,3,25517.07,0.15
22311,509577,71,2,40831.91,0.0
22312,509577,172,4,35356.68,0.1
22313,509577,194,2,14529.69,0.1
22314,509578,56,2,31457.37,0.15
22315,509578,44,1,23585.72,0.1
22316,509579,20,3,27803.61,0.05
22317,509579,131,3,935.86,0.0
22318,509580,72,1,33843.05,0.0
22319,509580,115,2,2799.41,0.1
22320,509580,175,3,7528.69,0.15
22321,509580,81,3,15504.13,0.1
22322,509581,72,4,33843.05,0.0
22323,509581,1,3,45769.48,0.15
22324,509582,127,1,16509.71,0.05
22325,509582,30,1,8599.09,0.1
22326,509583,158,3,17301.25,0.2
22327,509583,44,3,23585.72,0.0
22328,509583,98,1,35512.2,0.1
22329,509584,63,4,14212.89,0.1
22330,509584,78,3,9475.8,0.0
22331,509584,173,1,31442.32,0.1
22332,509584,170,4,31500.56,0.0
22333,509585,14,1,28958.7,0.15
22334,509585,21,4,873.24,0.1
22335,509585,177,1,7521.62,0.0
22336,509586,108,1,22454.46,0.15
22337,509586,131,2,935.86,0.15
22338,509587,175,3,7528.69,0.0
22339,509587,14,3,28958.7,0.05
22340,509587,51,3,42529.03,0.1
22341,509587,187,2,50291.33,0.15
22342,509588,23,3,45229.71,0.0
22343,509588,41,2,790.54,0.05
22344,509588,42,3,17076.73,0.1
22345,509588,123,2,44154.33,0.0
22346,509588,168,4,9316.31,0.1
22347,509589,160,4,24067.85,0.0
22348,509589,167,1,1520.89,0.15
22349,509589,81,3,15504.13,0.15
22350,509589,118,4,47968.75,0.05
22351,509590,143,1,8499.37,0.1
22352,509591,154,3,24420.47,0.0
22353,509591,11,2,10297.51,0.0
22354,509591,132,3,47935.67,0.0
22355,509592,155,2,51623.31,0.1
22356,509592,67,2,32514.47,0.1
22357,509593,196,2,8761.57,0.0
22358,509593,158,1,17301.25,0.1
22359,509594,31,2,31665.76,0.2
22360,509594,79,1,36534.8,0.0
22361,509594,135,3,25804.56,0.2
22362,509595,145,1,5674.44,0.05
22363,509596,84,4,26499.83,0.1
22364,509596,108,2,22454.46,0.05
22365,509596,68,4,731.88,0.0
22366,509597,79,1,36534.8,0.0
22367,509598,111,1,41282.72,0.05
22368,509598,102,2,25753.85,0.05
22369,509598,131,3,935.86,0.15
22370,509599,93,4,33594.98,0.0
22371,509599,145,3,5674.44,0.1
22372,509600,122,2,7953.1,0.0
22373,509601,173,2,31442.32,0.15
22374,509601,152,3,47494.55,0.05
22375,509602,21,4,873.24,0.1
22376,509602,87,1,3216.87,0.0
22377,509602,92,4,38084.76,0.1
22378,509603,4,1,4600.28,0.0
22379,509603,116,4,16741.69,0.1
22380,509604,184,2,46019.64,0.0
22381,509604,64,3,23845.3,0.2
22382,509604,59,3,542.46,0.1
22383,509605,41,3,790.54,0.05
22384,509605,177,4,7521.62,0.0
22385,509605,171,3,22643.94,0.0
22386,509606,11,3,10297.51,0.15
22387,509607,117,3,5573.85,0.0
22388,509608,172,4,35356.68,0.1
22389,509609,100,1,46791.69,0.1
22390,509610,90,1,42489.82,0.1
22391,509610,25,1,28894.26,0.05
22392,509611,194,4,14529.69,0.0
22393,509612,39,4,42117.5,0.1
22394,509612,132,1,47935.67,0.1
22395,509613,138,2,5148.37,0.0
22396,509613,75,4,7343.48,0.15
22397,509614,193,4,1419.66,0.2
22398,509614,170,1,31500.56,0.05
22399,509615,87,2,3216.87,0.15
22400,509615,44,2,23585.72,0.0
22401,509615,145,4,5674.44,0.15
22402,509615,89,1,2812.94,0.1
22403,509615,175,2,7528.69,0.0
22404,509616,23,3,45229.71,0.15
22405,509616,165,2,6409.81,0.15
22406,509616,24,4,29412.47,0.15
22407,509617,16,1,17752.56,0.05
22408,509618,166,3,16527.13,0.0
22409,509618,142,1,32662.03,0.1
22410,509619,41,1,790.54,0.0
22411,509620,164,2,54714.33,0.0
22412,509620,174,4,3057.35,0.0
22413,509621,81,3,15504.13,0.2
22414,509621,166,3,16527.13,0.0
22415,509622,74,4,9594.57,0.2
22416,509622,145,1,5674.44,0.0
22417,509622,111,3,41282.72,0.1
22418,509622,71,3,40831.91,0.1
22419,509622,91,3,37325.93,0.05
22420,509623,53,2,41659.1,0.05
22421,509624,151,2,15178.52,0.1
22422,509625,83,4,10948.99,0.15
22423,509626,127,4,16509.71,0.15
22424,509626,180,1,6088.9,0.1
22425,509627,110,2,13452.58,0.05
22426,509627,72,1,33843.05,0.05
22427,509627,163,1,1143.45,0.05
22428,509627,187,1,50291.33,0.1
22429,509627,185,4,11835.89,0.0
22430,509628,27,2,52025.44,0.0
22431,509628,87,4,3216.87,0.05
22432,509629,53,3,41659.1,0.0
22433,509629,94,2,30089.86,0.0
22434,509630,198,3,44779.95,0.1
22435,509631,25,1,28894.26,0.15
22436,509631,45,2,19474.91,0.1
22437,509632,156,4,9479.93,0.0
22438,509633,109,4,20240.83,0.05
22439,509634,46,1,6300.09,0.0
22440,509634,168,1,9316.31,0.05
22441,509634,184,4,46019.64,0.0
22442,509635,45,2,19474.91,0.1
22443,509636,99,1,51437.59,0.2
22444,509637,95,1,7858.6,0.1
22445,509638,18,3,17846.96,0.0
22446,509639,5,4,32053.9,0.1
22447,509639,80,3,26747.7,0.1
22448,509639,54,4,28353.11,0.1
22449,509640,52,3,43157.07,0.2
22450,509641,6,4,15719.14,0.2
22451,509641,125,4,41076.3,0.15
22452,509641,66,2,7626.75,0.15
22453,509642,32,2,30436.6,0.2
22454,509642,71,2,40831.91,0.0
22455,509643,62,4,3498.04,0.15
22456,509643,25,3,28894.26,0.15
22457,509644,69,3,20234.72,0.1
22458,509645,176,4,42034.94,0.15
22459,509645,108,1,22454.46,0.1
22460,509645,192,3,906.98,0.1
22461,509646,184,2,46019.64,0.15
22462,509646,188,2,6070.27,0.05
22463,509647,166,2,16527.13,0.15
22464,509647,162,2,16150.96,0.05
22465,509647,109,1,20240.83,0.1
22466,509648,36,2,32323.45,0.05
22467,509648,3,2,2440.7,0.1
22468,509649,147,4,51028.85,0.05
22469,509649,190,2,52000.43,0.05
22470,509649,64,1,23845.3,0.1
22471,509650,167,4,1520.89,0.1
22472,509650,85,3,30473.88,0.0
22473,509651,122,2,7953.1,0.1
22474,509651,76,2,1551.17,0.1
22475,509651,142,4,32662.03,0.15
22476,509652,140,4,19515.46,0.0
22477,509652,38,2,33762.69,0.0
22478,509653,62,1,3498.04,0.15
22479,509653,178,2,16239.3,0.05
22480,509653,33,1,15090.93,0.0
22481,509653,137,1,11644.84,0.0
22482,509653,57,1,1412.7,0.1
22483,509654,180,3,6088.9,0.0
22484,509654,121,4,43178.12,0.1
22485,509654,174,2,3057.35,0.0
22486,509654,131,4,935.86,0.0
22487,509655,84,4,26499.83,0.0
22488,509656,74,3,9594.57,0.1
22489,509656,155,1,51623.31,0.1
22490,509656,162,4,16150.96,0.0
22491,509657,3,4,2440.7,0.1
22492,509658,169,3,42129.24,0.1
22493,509658,168,2,9316.31,0.2
22494,509658,2,2,42946.4,0.1
22495,509658,129,2,39450.63,0.1
22496,509659,189,1,36176.21,0.0
22497,509659,175,4,7528.69,0.15
22498,509660,50,1,37071.05,0.1
22499,509660,18,4,17846.96,0.0
22500,509661,81,2,15504.13,0.1
22501,509662,200,1,20741.6,0.0
22502,509662,179,1,47254.91,0.1
22503,509662,119,4,20465.15,0.1
22504,509662,183,3,2591.66,0.2
22505,509663,144,1,43009.16,0.1
22506,509663,172,1,35356.68,0.0
22507,509663,68,4,731.88,0.15
22508,509663,91,1,37325.93,0.1
22509,509663,17,1,17031.55,0.0
22510,509664,37,3,8747.32,0.1
22511,509664,66,2,7626.75,0.05
22512,509665,65,1,26891.02,0.05
22513,509666,9,4,26670.95,0.2
22514,509666,17,3,17031.55,0.1
22515,509666,73,2,32339.91,0.0
22516,509667,10,2,34430.26,0.1
22517,509668,168,4,9316.31,0.2
22518,509668,126,3,4890.52,0.1
22519,509668,37,2,8747.32,0.1
22520,509668,153,4,34143.04,0.0
22521,509668,172,1,35356.68,0.1
22522,509669,102,3,25753.85,0.05
22523,509669,182,4,25258.66,0.05
22524,509670,47,2,7728.9,0.05
22525,509670,154,1,24420.47,0.1
22526,509671,174,4,3057.35,0.0
22527,509672,71,1,40831.91,0.0
22528,509672,85,2,30473.88,0.0
22529,509672,99,3,51437.59,0.05
22530,509672,44,1,23585.72,0.0
22531,509672,69,3,20234.72,0.1
22532,509673,175,3,7528.69,0.1
22533,509673,132,4,47935.67,0.05
22534,509674,44,2,23585.72,0.0
22535,509674,194,4,14529.69,0.15
22536,509674,39,1,42117.5,0.0
22537,509674,70,3,9185.74,0.1
22538,509674,170,4,31500.56,0.1
22539,509675,118,1,47968.75,0.05
22540,509675,76,4,1551.17,0.1
22541,509676,123,3,44154.33,0.1
22542,509676,46,1,6300.09,0.1
22543,509677,59,3,542.46,0.0
22544,509678,145,4,5674.44,0.1
22545,509678,108,3,22454.46,0.0
22546,509678,130,3,1826.9,0.0
22547,509679,6,2,15719.14,0.1
22548,509680,146,4,4466.06,0.15
22549,509680,25,3,28894.26,0.15
22550,509681,3,2,2440.7,0.0
22551,509681,187,3,50291.33,0.1
22552,509681,138,1,5148.37,0.05
22553,509682,90,1,42489.82,0.0
22554,509683,161,2,45736.6,0.0
22555,509683,96,1,33785.82,0.1
22556,509683,49,1,33529.65,0.1
22557,509684,25,4,28894.26,0.05
22558,509684,188,4,6070.27,0.2
22559,509684,150,1,23255.73,0.15
22560,509685,173,4,31442.32,0.2
22561,509685,47,4,7728.9,0.1
22562,509686,47,3,7728.9,0.05
22563,509686,37,1,8747.32,0.15
22564,509687,18,1,17846.96,0.05
22565,509688,141,4,9199.37,0.0
22566,509688,1,2,45769.48,0.1
22567,509689,5,1,32053.9,0.15
22568,509689,176,2,42034.94,0.1
22569,509689,140,3,19515.46,0.15
22570,509689,137,1,11644.84,0.05
22571,509690,52,2,43157.07,0.0
22572,509691,146,4,4466.06,0.05
22573,509691,139,1,36696.68,0.1
22574,509691,110,4,13452.58,0.2
22575,509691,71,1,40831.91,0.2
22576,509691,157,4,26053.23,0.1
22577,509692,153,4,34143.04,0.05
22578,509692,80,3,26747.7,0.0
22579,509693,174,1,3057.35,0.15
22580,509694,6,2,15719.14,0.1
22581,509694,183,2,2591.66,0.1
22582,509695,60,4,42396.67,0.0
22583,509695,154,1,24420.47,0.0
22584,509696,36,3,32323.45,0.15
22585,509696,44,2,23585.72,0.15
22586,509696,90,4,42489.82,0.1
22587,509696,2,1,42946.4,0.1
22588,509696,197,1,20725.99,0.1
22589,509697,83,1,10948.99,0.15
22590,509697,68,4,731.88,0.05
22591,509697,28,3,34955.61,0.15
22592,509698,57,1,1412.7,0.2
22593,509698,199,3,40427.21,0.0
22594,509699,6,4,15719.14,0.2
22595,509699,74,1,9594.57,0.1
22596,509699,55,2,45214.9,0.2
22597,509699,28,1,34955.61,0.15
22598,509699,151,4,15178.52,0.1
22599,509700,117,1,5573.85,0.1
22600,509701,128,1,39089.34,0.0
22601,509701,85,4,30473.88,0.0
22602,509702,170,2,31500.56,0.0
22603,509702,23,2,45229.71,0.1
22604,509702,145,3,5674.44,0.0
22605,509703,90,1,42489.82,0.15
22606,509703,167,4,1520.89,0.0
22607,509704,128,1,39089.34,0.1
22608,509705,51,2,42529.03,0.0
22609,509705,75,4,7343.48,0.1
22610,509705,9,2,26670.95,0.0
22611,509706,71,1,40831.91,0.15
22612,509707,59,1,542.46,0.0
22613,509707,171,3,22643.94,0.15
22614,509708,43,3,25517.07,0.1
22615,509708,67,1,32514.47,0.1
22616,509708,48,3,32151.32,0.05
22617,509708,98,1,35512.2,0.1
22618,509709,168,4,9316.31,0.1
22619,509710,163,3,1143.45,0.0
22620,509710,195,1,39570.05,0.0
22621,509710,114,1,24883.58,0.0
22622,509711,116,3,16741.69,0.05
22623,509711,26,3,13443.96,0.0
22624,509711,115,1,2799.41,0.2
22625,509711,168,1,9316.31,0.0
22626,509712,185,3,11835.89,0.05
22627,509712,109,1,20240.83,0.05
22628,509713,125,1,41076.3,0.05
22629,509714,190,1,52000.43,0.1
22630,509714,25,1,28894.26,0.05
22631,509714,79,1,36534.8,0.05
22632,509714,195,1,39570.05,0.0
22633,509715,62,2,3498.04,0.1
22634,509715,115,4,2799.41,0.1
22635,509716,168,2,9316.31,0.1
22636,509716,175,3,7528.69,0.2
22637,509717,37,4,8747.32,0.0
22638,509718,183,3,2591.66,0.0
22639,509719,112,2,22042.94,0.0
22640,509719,1,1,45769.48,0.15
22641,509720,23,4,45229.71,0.1
22642,509720,131,2,935.86,0.1
22643,509720,132,4,47935.67,0.1
22644,509720,182,1,25258.66,0.0
22645,509721,47,4,7728.9,0.05
22646,509721,144,1,43009.16,0.2
22647,509722,166,1,16527.13,0.0
22648,509723,20,1,27803.61,0.05
22649,509723,100,1,46791.69,0.0
22650,509723,158,4,17301.25,0.15
22651,509723,27,1,52025.44,0.2
22652,509724,185,2,11835.89,0.2
22653,509724,138,2,5148.37,0.0
22654,509725,42,1,17076.73,0.1
22655,509726,141,2,9199.37,0.0
22656,509726,96,1,33785.82,0.0
22657,509726,51,3,42529.03,0.1
22658,509726,6,2,15719.14,0.0
22659,509726,26,3,13443.96,0.0
22660,509727,11,1,10297.51,0.0
22661,509727,131,4,935.86,0.05
22662,509728,139,4,36696.68,0.15
22663,509728,96,2,33785.82,0.0
22664,509729,195,3,39570.05,0.15
22665,509729,77,3,45039.66,0.0
22666,509729,45,4,19474.91,0.0
22667,509729,57,4,1412.7,0.15
22668,509730,160,4,24067.85,0.1
22669,509731,200,3,20741.6,0.15
22670,509731,174,1,3057.35,0.0
22671,509732,118,3,47968.75,0.1
22672,509732,97,2,9014.15,0.05
22673,509732,149,4,33795.66,0.0
22674,509732,69,1,20234.72,0.0
22675,509733,47,2,7728.9,0.05
22676,509734,54,2,28353.11,0.0
22677,509734,178,1,16239.3,0.05
22678,509734,21,3,873.24,0.15
22679,509734,196,3,8761.57,0.05
22680,509735,148,4,30748.98,0.1
22681,509736,188,1,6070.27,0.1
22682,509736,70,2,9185.74,0.0
22683,509736,130,1,1826.9,0.1
22684,509736,164,1,54714.33,0.05
22685,509737,27,4,52025.44,0.05
22686,509737,169,2,42129.24,0.05
22687,509738,189,1,36176.21,0.15
22688,509738,17,4,17031.55,0.0
22689,509739,113,2,20936.8,0.15
22690,509739,102,4,25753.85,0.1
22691,509740,199,1,40427.21,0.0
22692,509741,36,3,32323.45,0.1
22693,509742,129,3,39450.63,0.1
22694,509742,191,1,39507.0,0.1
22695,509742,112,4,22042.94,0.1
22696,509743,102,4,25753.85,0.1
22697,509743,32,4,30436.6,0.1
22698,509743,108,3,22454.46,0.05
22699,509743,111,2,41282.72,0.15
22700,509744,15,4,13558.11,0.0
22701,509745,27,1,52025.44,0.15
22702,509745,153,1,34143.04,0.05
22703,509745,49,3,33529.65,0.1
22704,509746,175,4,7528.69,0.15
22705,509746,144,3,43009.16,0.1
22706,509747,172,1,35356.68,0.0
22707,509747,40,2,12159.56,0.1
22708,509748,167,3,1520.89,0.0
22709,509748,188,4,6070.27,0.1
22710,509749,63,1,14212.89,0.0
22711,509749,168,4,9316.31,0.05
22712,509749,87,3,3216.87,0.15
22713,509750,156,3,9479.93,0.15
22714,509750,55,3,45214.9,0.1
22715,509751,55,4,45214.9,0.0
22716,509752,104,1,17663.08,0.2
22717,509753,97,4,9014.15,0.1
22718,509753,147,2,51028.85,0.1
22719,509754,72,4,33843.05,0.0
22720,509754,1,3,45769.48,0.1
22721,509755,189,2,36176.21,0.15
22722,509756,65,3,26891.02,0.05
22723,509756,169,1,42129.24,0.2
22724,509757,156,2,9479.93,0.15
22725,509758,196,1,8761.57,0.15
22726,509758,40,1,12159.56,0.0
22727,509759,20,1,27803.61,0.1
22728,509759,45,4,19474.91,0.05
22729,509760,99,2,51437.59,0.0
22730,509760,168,1,9316.31,0.0
22731,509760,188,2,6070.27,0.1
22732,509760,110,4,13452.58,0.1
22733,509761,36,2,32323.45,0.1
22734,509762,172,1,35356.68,0.15
22735,509763,174,2,3057.35,0.1
22736,509763,117,3,5573.85,0.1
22737,509764,196,2,8761.57,0.2
22738,509764,173,4,31442.32,0.0
22739,509765,181,4,20017.36,0.15
22740,509765,158,4,17301.25,0.0
22741,509766,116,2,16741.69,0.0
22742,509766,199,3,40427.21,0.15
22743,509767,56,3,31457.37,0.0
22744,509768,63,3,14212.89,0.05
22745,509768,43,2,25517.07,0.2
22746,509768,51,3,42529.03,0.2
22747,509768,135,3,25804.56,0.2
22748,509769,47,1,7728.9,0.05
22749,509769,125,4,41076.3,0.15
22750,509770,77,3,45039.66,0.15
22751,509770,128,4,39089.34,0.0
22752,509770,23,4,45229.71,0.1
22753,509771,95,1,7858.6,0.0
22754,509771,138,3,5148.37,0.15
22755,509772,79,4,36534.8,0.15
22756,509772,1,2,45769.48,0.05
22757,509772,22,4,20749.3,0.15
22758,509772,195,3,39570.05,0.1
22759,509773,84,4,26499.83,0.2
22760,509773,191,1,39507.0,0.15
22761,509773,23,3,45229.71,0.2
22762,509774,81,4,15504.13,0.1
22763,509775,47,4,7728.9,0.0
22764,509776,167,3,1520.89,0.15
22765,509777,189,4,36176.21,0.15
22766,509777,198,3,44779.95,0.1
22767,509777,168,4,9316.31,0.0
22768,509777,174,3,3057.35,0.1
22769,509778,165,2,6409.81,0.0
22770,509779,186,3,13953.35,0.0
22771,509779,64,1,23845.3,0.1
22772,509780,20,2,27803.61,0.1
22773,509780,39,3,42117.5,0.05
22774,509781,35,3,3103.89,0.15
22775,509781,196,4,8761.57,0.0
22776,509781,63,3,14212.89,0.1
22777,509782,157,4,26053.23,0.1
22778,509782,118,1,47968.75,0.15
22779,509783,18,2,17846.96,0.05
22780,509783,16,2,17752.56,0.0
22781,509784,116,2,16741.69,0.15
22782,509784,94,2,30089.86,0.1
22783,509785,33,2,15090.93,0.1
22784,509786,156,3,9479.93,0.1
22785,509787,172,2,35356.68,0.15
22786,509787,177,2,7521.62,0.05
22787,509787,4,4,4600.28,0.1
22788,509787,110,4,13452.58,0.15
22789,509788,79,4,36534.8,0.15
22790,509788,196,4,8761.57,0.0
22791,509788,147,1,51028.85,0.1
22792,509788,130,2,1826.9,0.1
22793,509788,187,2,50291.33,0.2
22794,509789,120,3,14551.18,0.1
22795,509789,122,4,7953.1,0.1
22796,509789,156,1,9479.93,0.0
22797,509789,149,4,33795.66,0.1
22798,509790,118,3,47968.75,0.2
22799,509790,157,3,26053.23,0.0
22800,509791,164,4,54714.33,0.1
22801,509792,159,2,25532.77,0.0
22802,509792,177,2,7521.62,0.2
22803,509793,103,3,33485.32,0.1
22804,509794,25,4,28894.26,0.15
22805,509794,71,1,40831.91,0.15
22806,509794,45,3,19474.91,0.15
22807,509794,93,3,33594.98,0.0
22808,509795,184,2,46019.64,0.15
22809,509795,130,3,1826.9,0.1
22810,509795,109,4,20240.83,0.05
22811,509796,61,3,23045.67,0.1
22812,509796,107,2,13631.76,0.0
22813,509796,156,3,9479.93,0.0
22814,509796,3,1,2440.7,0.0
22815,509796,159,3,25532.77,0.0
22816,509797,157,2,26053.23,0.15
22817,509797,144,3,43009.16,0.15
22818,509797,131,2,935.86,0.0
22819,509797,142,2,32662.03,0.0
22820,509798,46,3,6300.09,0.1
22821,509798,87,4,3216.87,0.15
22822,509799,112,4,22042.94,0.05
22823,509799,153,2,34143.04,0.0
22824,509800,110,1,13452.58,0.1
22825,509800,20,1,27803.61,0.2
22826,509800,88,3,22349.99,0.2
22827,509800,29,4,40427.0,0.15
22828,509801,75,2,7343.48,0.1
22829,509801,146,4,4466.06,0.15
22830,509802,134,3,24171.94,0.0
22831,509802,151,3,15178.52,0.2
22832,509802,184,4,46019.64,0.05
22833,509802,56,4,31457.37,0.0
22834,509803,184,2,46019.64,0.15
22835,509803,61,4,23045.67,0.05
22836,509804,40,2,12159.56,0.0
22837,509804,139,2,36696.68,0.1
22838,509805,198,3,44779.95,0.05
22839,509805,68,1,731.88,0.0
22840,509806,49,3,33529.65,0.0
22841,509807,147,1,51028.85,0.2
22842,509807,29,1,40427.0,0.05
22843,509808,156,1,9479.93,0.1
22844,509809,38,2,33762.69,0.1
22845,509809,151,2,15178.52,0.05
22846,509810,194,4,14529.69,0.05
22847,509810,120,1,14551.18,0.1
22848,509811,19,3,21391.84,0.15
22849,509812,151,4,15178.52,0.0
22850,509812,145,2,5674.44,0.0
22851,509812,178,1,16239.3,0.05
22852,509813,36,2,32323.45,0.1
22853,509814,70,4,9185.74,0.05
22854,509814,167,4,1520.89,0.1
22855,509814,27,3,52025.44,0.1
22856,509815,193,3,1419.66,0.1
22857,509816,110,1,13452.58,0.1
22858,509816,26,3,13443.96,0.2
22859,509816,131,3,935.86,0.0
22860,509817,171,3,22643.94,0.0
22861,509817,40,1,12159.56,0.0
22862,509818,95,4,7858.6,0.1
22863,509818,99,3,51437.59,0.1
22864,509818,79,2,36534.8,0.1
22865,509819,72,1,33843.05,0.15
22866,509819,195,2,39570.05,0.05
22867,509820,35,4,3103.89,0.0
22868,509820,12,4,8809.95,0.05
22869,509821,55,1,45214.9,0.05
22870,509821,200,4,20741.6,0.2
22871,509821,110,4,13452.58,0.1
22872,509822,144,1,43009.16,0.0
22873,509822,200,2,20741.6,0.05
22874,509823,35,3,3103.89,0.1
22875,509823,76,4,1551.17,0.05
22876,509824,56,1,31457.37,0.0
22877,509824,6,1,15719.14,0.0
22878,509825,37,1,8747.32,0.1
22879,509825,50,4,37071.05,0.05
22880,509825,134,1,24171.94,0.15
22881,509826,157,2,26053.23,0.0
22882,509826,70,2,9185.74,0.15
22883,509827,134,2,24171.94,0.0
22884,509827,60,4,42396.67,0.1
22885,509827,62,3,3498.04,0.1
22886,509827,2,4,42946.4,0.1
22887,509828,44,2,23585.72,0.0
22888,509829,20,2,27803.61,0.1
22889,509830,192,2,906.98,0.0
22890,509830,156,1,9479.93,0.15
22891,509831,153,4,34143.04,0.15
22892,509831,135,3,25804.56,0.0
22893,509831,15,2,13558.11,0.0
22894,509832,194,3,14529.69,0.1
22895,509833,66,3,7626.75,0.05
22896,509834,82,2,26994.56,0.1
22897,509834,100,1,46791.69,0.05
22898,509834,63,4,14212.89,0.05
22899,509834,113,2,20936.8,0.15
22900,509834,148,3,30748.98,0.1
22901,509835,166,4,16527.13,0.05
22902,509835,60,3,42396.67,0.0
22903,509836,172,4,35356.68,0.0
22904,509836,59,3,542.46,0.1
22905,509837,158,2,17301.25,0.15
22906,509838,123,3,44154.33,0.05
22907,509839,119,1,20465.15,0.05
22908,509840,193,2,1419.66,0.15
22909,509841,64,1,23845.3,0.1
22910,509841,188,4,6070.27,0.05
22911,509842,78,3,9475.8,0.1
22912,509843,104,4,17663.08,0.0
22913,509843,70,4,9185.74,0.05
22914,509844,147,2,51028.85,0.2
22915,509845,23,1,45229.71,0.1
22916,509845,7,4,32012.11,0.0
22917,509845,90,2,42489.82,0.15
22918,509845,12,3,8809.95,0.1
22919,509846,103,4,33485.32,0.1
22920,509847,3,3,2440.7,0.15
22921,509848,26,3,13443.96,0.05
22922,509848,91,2,37325.93,0.0
22923,509848,160,3,24067.85,0.1
22924,509849,3,4,2440.7,0.0
22925,509849,91,4,37325.93,0.15
22926,509849,1,4,45769.48,0.0
22927,509850,170,3,31500.56,0.05
22928,509850,20,4,27803.61,0.1
22929,509851,192,3,906.98,0.1
22930,509851,54,2,28353.11,0.2
22931,509852,24,3,29412.47,0.1
22932,509852,198,2,44779.95,0.1
22933,509852,187,2,50291.33,0.15
22934,509852,193,4,1419.66,0.0
22935,509853,188,4,6070.27,0.05
22936,509853,33,2,15090.93,0.1
22937,509853,117,1,5573.85,0.0
22938,509854,17,4,17031.55,0.1
22939,509854,3,3,2440.7,0.05
22940,509855,22,3,20749.3,0.1
22941,509855,24,4,29412.47,0.0
22942,509856,76,1,1551.17,0.15
22943,509857,164,4,54714.33,0.2
22944,509858,147,1,51028.85,0.05
22945,509859,20,1,27803.61,0.2
22946,509860,182,1,25258.66,0.05
22947,509860,74,4,9594.57,0.15
22948,509860,90,4,42489.82,0.1
22949,509860,193,1,1419.66,0.0
22950,509861,18,4,17846.96,0.05
22951,509861,93,3,33594.98,0.2
22952,509861,28,3,34955.61,0.1
22953,509861,65,2,26891.02,0.1
22954,509862,82,4,26994.56,0.2
22955,509863,67,4,32514.47,0.1
22956,509864,188,2,6070.27,0.0
22957,509864,96,3,33785.82,0.2
22958,509865,27,2,52025.44,0.1
22959,509865,59,4,542.46,0.1
22960,509866,67,3,32514.47,0.15
22961,509866,92,3,38084.76,0.1
22962,509866,167,1,1520.89,0.05
22963,509867,125,3,41076.3,0.1
22964,509867,4,1,4600.28,0.05
22965,509867,110,1,13452.58,0.0
22966,509867,136,2,48294.58,0.05
22967,509867,191,2,39507.0,0.1
22968,509868,40,2,12159.56,0.05
22969,509868,54,2,28353.11,0.1
22970,509869,35,2,3103.89,0.05
22971,509870,132,1,47935.67,0.2
22972,509870,32,3,30436.6,0.15
22973,509870,4,1,4600.28,0.15
22974,509870,129,4,39450.63,0.1
22975,509871,162,4,16150.96,0.1
22976,509871,152,1,47494.55,0.2
22977,509872,82,3,26994.56,0.1
22978,509872,64,4,23845.3,0.1
22979,509873,8,1,16654.82,0.0
22980,509873,90,3,42489.82,0.1
22981,509873,161,1,45736.6,0.15
22982,509874,79,3,36534.8,0.05
22983,509874,84,3,26499.83,0.05
22984,509875,3,4,2440.7,0.05
22985,509876,62,2,3498.04,0.15
22986,509876,74,3,9594.57,0.15
22987,509876,11,1,10297.51,0.05
22988,509877,54,3,28353.11,0.0
22989,509878,57,4,1412.7,0.0
22990,509879,137,4,11644.84,0.1
22991,509879,125,3,41076.3,0.2
22992,509880,161,4,45736.6,0.05
22993,509881,49,3,33529.65,0.0
22994,509881,165,2,6409.81,0.1
22995,509881,120,2,14551.18,0.15
22996,509882,195,4,39570.05,0.1
22997,509882,101,1,36836.08,0.05
22998,509882,130,2,1826.9,0.1
22999,509882,184,1,46019.64,0.15
23000,509882,145,2,5674.44,0.2
23001,509883,68,1,731.88,0.0
23002,509883,93,4,33594.98,0.0
23003,509883,176,1,42034.94,0.15
23004,509883,178,4,16239.3,0.15
23005,509883,80,1,26747.7,0.05
23006,509884,100,4,46791.69,0.05
23007,509885,30,1,8599.09,0.15
23008,509885,46,3,6300.09,0.1
23009,509885,61,1,23045.67,0.15
23010,509885,88,3,22349.99,0.1
23011,509886,121,4,43178.12,0.15
23012,509887,22,4,20749.3,0.15
23013,509887,85,1,30473.88,0.1
23014,509888,113,1,20936.8,0.15
23015,509889,130,4,1826.9,0.2
23016,509889,88,3,22349.99,0.05
23017,509889,166,2,16527.13,0.05
23018,509889,196,3,8761.57,0.1
23019,509890,140,2,19515.46,0.2
23020,509891,181,2,20017.36,0.0
23021,509891,90,2,42489.82,0.1
23022,509891,177,2,7521.62,0.1
23023,509892,171,1,22643.94,0.15
23024,509892,65,4,26891.02,0.1
23025,509892,197,1,20725.99,0.1
23026,509893,18,2,17846.96,0.15
23027,509893,47,4,7728.9,0.0
23028,509894,147,2,51028.85,0.15
23029,509894,135,3,25804.56,0.0
23030,509894,151,1,15178.52,0.05
23031,509895,46,4,6300.09,0.1
23032,509895,89,1,2812.94,0.1
23033,509896,115,2,2799.41,0.1
23034,509897,14,3,28958.7,0.0
23035,509897,40,4,12159.56,0.0
23036,509898,43,2,25517.07,0.2
23037,509898,112,4,22042.94,0.15
23038,509898,66,4,7626.75,0.15
23039,509899,122,1,7953.1,0.0
23040,509900,117,3,5573.85,0.0
23041,509900,21,4,873.24,0.05
23042,509900,191,4,39507.0,0.1
23043,509901,23,3,45229.71,0.2
23044,509902,42,2,17076.73,0.05
23045,509902,164,3,54714.33,0.05
23046,509902,16,2,17752.56,0.15
23047,509903,186,2,13953.35,0.1
23048,509904,108,4,22454.46,0.2
23049,509904,46,2,6300.09,0.2
23050,509905,121,3,43178.12,0.2
23051,509905,119,1,20465.15,0.05
23052,509906,41,4,790.54,0.0
23053,509906,6,4,15719.14,0.2
23054,509907,129,4,39450.63,0.15
23055,509908,198,4,44779.95,0.2
23056,509908,103,2,33485.32,0.0
23057,509909,41,2,790.54,0.0
23058,509910,73,3,32339.91,0.0
23059,509911,174,1,3057.35,0.05
23060,509912,73,1,32339.91,0.0
23061,509912,1,1,45769.48,0.05
23062,509912,84,3,26499.83,0.15
23063,509912,7,4,32012.11,0.05
23064,509913,76,1,1551.17,0.0
23065,509914,23,2,45229.71,0.1
23066,509914,63,4,14212.89,0.15
23067,509915,165,3,6409.81,0.05
23068,509916,114,1,24883.58,0.2
23069,509916,198,3,44779.95,0.15
23070,509917,84,1,26499.83,0.0
23071,509917,92,2,38084.76,0.15
23072,509918,140,3,19515.46,0.0
23073,509919,163,1,1143.45,0.0
23074,509919,5,4,32053.9,0.2
23075,509919,167,3,1520.89,0.15
23076,509919,102,2,25753.85,0.15
23077,509919,111,2,41282.72,0.1
23078,509920,192,4,906.98,0.05
23079,509920,11,4,10297.51,0.0
23080,509920,70,2,9185.74,0.15
23081,509920,112,2,22042.94,0.2
23082,509920,67,4,32514.47,0.05
23083,509921,33,3,15090.93,0.05
23084,509922,140,4,19515.46,0.1
23085,509922,194,1,14529.69,0.1
23086,509922,116,3,16741.69,0.05
23087,509923,104,2,17663.08,0.05
23088,509923,110,1,13452.58,0.1
23089,509923,140,1,19515.46,0.15
23090,509923,163,2,1143.45,0.0
23091,509924,58,3,38058.28,0.0
23092,509924,92,3,38084.76,0.05
23093,509924,95,4,7858.6,0.15
23094,509924,105,3,28367.27,0.0
23095,509924,103,1,33485.32,0.0
23096,509925,180,1,6088.9,0.15
23097,509926,185,1,11835.89,0.05
23098,509926,107,1,13631.76,0.0
23099,509926,98,1,35512.2,0.05
23100,509927,104,1,17663.08,0.15
23101,509927,62,1,3498.04,0.05
23102,509928,174,2,3057.35,0.05
23103,509928,32,2,30436.6,0.1
23104,509928,81,4,15504.13,0.2
23105,509929,32,4,30436.6,0.0
23106,509929,67,1,32514.47,0.0
23107,509930,97,1,9014.15,0.15
23108,509930,106,2,49815.63,0.1
23109,509930,107,3,13631.76,0.2
23110,509931,101,3,36836.08,0.0
23111,509931,112,4,22042.94,0.2
23112,509931,162,4,16150.96,0.0
23113,509931,151,3,15178.52,0.15
23114,509932,139,4,36696.68,0.1
23115,509933,193,2,1419.66,0.15
23116,509934,155,4,51623.31,0.1
23117,509934,11,1,10297.51,0.1
23118,509935,113,1,20936.8,0.1
23119,509935,120,1,14551.18,0.05
23120,509936,99,3,51437.59,0.1
23121,509936,52,3,43157.07,0.1
23122,509937,65,3,26891.02,0.15
23123,509937,103,1,33485.32,0.05
23124,509937,10,3,34430.26,0.1
23125,509938,153,1,34143.04,0.2
23126,509938,109,1,20240.83,0.15
23127,509938,130,4,1826.9,0.2
23128,509939,185,2,11835.89,0.1
23129,509939,2,3,42946.4,0.05
23130,509939,40,3,12159.56,0.0
23131,509940,39,2,42117.5,0.05
23132,509941,7,1,32012.11,0.1
23133,509942,162,1,16150.96,0.1
23134,509942,88,2,22349.99,0.0
23135,509942,7,2,32012.11,0.05
23136,509942,21,2,873.24,0.1
23137,509943,160,3,24067.85,0.1
23138,509943,164,4,54714.33,0.1
23139,509944,194,2,14529.69,0.1
23140,509944,149,1,33795.66,0.15
23141,509944,40,3,12159.56,0.15
23142,509945,104,2,17663.08,0.15
23143,509946,71,2,40831.91,0.1
23144,509946,45,2,19474.91,0.05
23145,509946,124,1,16664.22,0.0
23146,509947,22,2,20749.3,0.15
23147,509948,10,4,34430.26,0.0
23148,509948,76,4,1551.17,0.0
23149,509948,35,2,3103.89,0.2
23150,509949,173,2,31442.32,0.05
23151,509950,168,3,9316.31,0.05
23152,509951,106,1,49815.63,0.15
23153,509951,49,2,33529.65,0.2
23154,509952,187,2,50291.33,0.2
23155,509953,169,3,42129.24,0.2
23156,509953,162,3,16150.96,0.0
23157,509953,155,3,51623.31,0.15
23158,509953,194,4,14529.69,0.1
23159,509953,163,4,1143.45,0.15
23160,509954,191,4,39507.0,0.0
23161,509954,71,4,40831.91,0.05
23162,509955,79,4,36534.8,0.0
23163,509955,128,1,39089.34,0.15
23164,509956,171,2,22643.94,0.1
23165,509957,133,4,18726.1,0.2
23166,509957,179,1,47254.91,0.0
23167,509958,6,4,15719.14,0.1
23168,509959,51,2,42529.03,0.1
23169,509959,132,3,47935.67,0.05
23170,509959,33,1,15090.93,0.0
23171,509960,109,3,20240.83,0.2
23172,509960,121,2,43178.12,0.05
23173,509960,25,1,28894.26,0.0
23174,509960,151,1,15178.52,0.1
23175,509960,198,2,44779.95,0.15
23176,509961,197,1,20725.99,0.0
23177,509961,34,3,15395.87,0.05
23178,509962,56,2,31457.37,0.2
23179,509962,125,2,41076.3,0.0
23180,509962,131,2,935.86,0.1
23181,509963,156,1,9479.93,0.1
23182,509963,162,2,16150.96,0.05
23183,509963,24,1,29412.47,0.05
23184,509963,147,4,51028.85,0.1
23185,509963,161,3,45736.6,0.15
23186,509964,42,4,17076.73,0.2
23187,509964,188,3,6070.27,0.15
23188,509964,5,2,32053.9,0.1
23189,509964,14,3,28958.7,0.2
23190,509964,141,3,9199.37,0.05
23191,509965,112,3,22042.94,0.0
23192,509965,171,3,22643.94,0.0
23193,509965,184,2,46019.64,0.05
23194,509966,125,1,41076.3,0.1
23195,509966,74,2,9594.57,0.1
23196,509966,118,3,47968.75,0.1
23197,509966,130,3,1826.9,0.15
23198,509967,73,2,32339.91,0.0
23199,509967,78,4,9475.8,0.0
23200,509968,171,3,22643.94,0.05
23201,509968,133,1,18726.1,0.0
23202,509969,59,4,542.46,0.05
23203,509969,14,3,28958.7,0.0
23204,509969,154,4,24420.47,0.0
23205,509970,134,2,24171.94,0.05
23206,509971,190,2,52000.43,0.15
23207,509971,150,3,23255.73,0.15
23208,509972,170,2,31500.56,0.0
23209,509972,51,2,42529.03,0.05
23210,509973,140,3,19515.46,0.0
23211,509974,63,2,14212.89,0.0
23212,509974,78,4,9475.8,0.2
23213,509975,145,3,5674.44,0.1
23214,509975,153,4,34143.04,0.1
23215,509975,58,4,38058.28,0.05
23216,509976,35,4,3103.89,0.15
23217,509976,32,2,30436.6,0.15
23218,509976,173,3,31442.32,0.1
23219,509977,194,3,14529.69,0.1
23220,509977,81,3,15504.13,0.0
23221,509977,193,1,1419.66,0.05
23222,509978,54,1,28353.11,0.0
23223,509978,49,4,33529.65,0.0
23224,509979,79,3,36534.8,0.05
23225,509980,197,4,20725.99,0.1
23226,509981,169,4,42129.24,0.1
23227,509982,175,2,7528.69,0.0
23228,509982,90,4,42489.82,0.2
23229,509982,178,3,16239.3,0.05
23230,509982,126,4,4890.52,0.0
23231,509983,22,1,20749.3,0.0
23232,509983,76,4,1551.17,0.05
23233,509983,146,1,4466.06,0.0
23234,509983,86,3,25389.28,0.15
23235,509984,4,4,4600.28,0.05
23236,509984,62,3,3498.04,0.05
23237,509985,119,4,20465.15,0.1
23238,509985,99,4,51437.59,0.2
23239,509986,135,1,25804.56,0.1
23240,509986,72,3,33843.05,0.1
23241,509986,197,2,20725.99,0.15
23242,509986,127,2,16509.71,0.05
23243,509986,149,2,33795.66,0.0
23244,509987,79,2,36534.8,0.0
23245,509988,184,1,46019.64,0.0
23246,509989,78,4,9475.8,0.05
23247,509989,72,2,33843.05,0.15
23248,509989,140,4,19515.46,0.0
23249,509990,41,1,790.54,0.1
23250,509990,191,4,39507.0,0.1
23251,509991,58,2,38058.28,0.05
23252,509991,45,3,19474.91,0.1
23253,509991,196,3,8761.57,0.1
23254,509991,86,3,25389.28,0.1
23255,509991,192,3,906.98,0.15
23256,509992,198,2,44779.95,0.0
23257,509992,109,1,20240.83,0.05
23258,509992,13,4,41294.2,0.15
23259,509993,187,4,50291.33,0.1
23260,509993,177,3,7521.62,0.05
23261,509993,72,3,33843.05,0.0
23262,509993,143,4,8499.37,0.2
23263,509994,175,3,7528.69,0.0
23264,509994,12,2,8809.95,0.05
23265,509994,158,3,17301.25,0.1
23266,509995,123,2,44154.33,0.2
23267,509995,17,1,17031.55,0.0
23268,509995,88,1,22349.99,0.0
23269,509995,155,4,51623.31,0.1
23270,509996,200,3,20741.6,0.0
23271,509996,170,1,31500.56,0.0
23272,509996,50,1,37071.05,0.05
23273,509997,89,4,2812.94,0.2
23274,509997,52,2,43157.07,0.15
23275,509998,56,4,31457.37,0.0
23276,509998,66,2,7626.75,0.15
23277,509999,2,3,42946.4,0.05
23278,509999,62,4,3498.04,0.0
23279,509999,98,2,35512.2,0.0
23280,509999,75,4,7343.48,0.1
23281,510000,145,3,5674.44,0.1
